date,suburb,cooling_risk_category,night_cooling_rate,hot_day,cooling_failure,tmax,dewpoint_mean,humidity_mean,wind_speed_mean,air_pressure_mean,precipitation_total,distance_to_coast_km,distance_to_water_km,is_coastal,tree_canopy_percent,population_density_people_per_km2,month,is_summer,actual,predicted,prob_cooling_failure
2020-04-04,Bankstown,Low risk,0.8688599,0,0,24.786133,13.454065966666667,64.69226920833334,5.528909870833334,993.3356133333333,4.049301244,18.0,5.0,0,12.4235,6471.6,4,0,0,0,0.2798246664269191
2020-11-07,Blacktown,Moderate risk,0.337319090909091,0,0,19.876678,10.797602354166665,74.483465625,3.4412867375,1014.1172745833334,0.5741119353999999,35.0,6.0,0,9.17505,3615.4,11,0,0,0,0.14713559577764487
2020-07-16,Manly,Extreme risk,0.10511479999999995,0,1,15.22345,8.064392125,69.575829125,9.505064395833333,1011.9240204166666,1.294612898,0.5,0.5,1,26.2541,3641.8,7,0,1,1,0.724393296576888
2020-03-25,Bondi,High risk,0.16961677777777753,0,1,21.133606,17.299544041666667,82.42750725,5.063652070833333,1014.62196375,8.45193859056,0.5,0.5,1,19.5728,9692.7,3,0,1,1,0.8944910178593076
2020-04-29,Bankstown,Low risk,0.42529910000000015,0,0,24.25467,16.6277745,80.78558183333332,3.3960500541666665,1006.4042920833334,1.08814239746,18.0,5.0,0,12.4235,6471.6,4,0,0,0,0.17970819029636798
2020-06-13,Penrith,Low risk,0.47152199999999994,0,0,19.39212,12.199970354166666,90.366814625,1.6419759079166667,1007.0333999999999,0.07963180562,55.0,3.0,0,11.4378,1496.4,6,0,0,0,0.21717046003222604
2020-07-09,Ryde,Low risk,0.4489288,0,0,17.821808,8.810033220833335,88.123105125,1.642454675,1021.8446049999999,0.06341934016,13.0,2.0,0,23.3227,4521.5,7,0,0,0,0.2016802595817383
2020-05-09,Bondi,Low risk,0.5967934545454546,0,0,22.959473,12.607616499999999,64.58834454166667,5.500882608333334,1007.6630825000001,0.1749992409,0.5,0.5,1,19.5728,9692.7,5,0,0,1,0.718384409667964
2020-01-14,Penrith,Low risk,0.8198519999999999,0,0,29.071533,16.453765833333332,70.31697029166666,2.079917453333333,1002.94709,0.5221366909,55.0,3.0,0,11.4378,1496.4,1,1,0,0,0.06799864755801328
2020-12-30,Cronulla,Extreme risk,0.05413545454545437,0,1,20.61142,16.887166291666666,81.82088266666666,5.925335166666667,1013.3584633333334,11.87753680316,0.5,0.5,1,18.6816,1026.8,12,1,1,1,0.8928475589036321
2020-12-10,Liverpool,Moderate risk,0.3438653333333331,0,0,25.041565,14.293097208333334,72.062105,4.41583290375,1011.4533799999999,0.5135536252,30.0,2.0,0,8.27098,5139.4,12,1,0,0,0.2294945707498872
2020-01-09,Bankstown,Moderate risk,0.251790333333333,0,0,24.728607,18.337994916666666,77.62847095833332,3.6261464500000002,1008.85845375,0.50973892186,18.0,5.0,0,12.4235,6471.6,1,1,0,0,0.22180694907680792
2020-07-14,Manly,High risk,0.10950818181818178,0,1,15.655975,10.578114833333332,80.00921604166666,11.314524,1011.6019729166666,12.8440855463,0.5,0.5,1,26.2541,3641.8,7,0,1,1,0.8290922806499118
2020-11-27,Coogee,Extreme risk,0.04365127272727259,0,1,21.406464,16.915747395833332,82.01438929166666,5.600210140416666,1011.3984483333334,0.1020431533,0.5,0.5,1,18.7764,7453.6,11,0,1,1,0.8567171455164331
2020-08-21,Blacktown,Low risk,0.49196281818181814,0,0,18.172394,3.618521383333333,56.43789525,4.114052516666667,998.8685375,0.01001358036,35.0,6.0,0,9.17505,3615.4,8,0,0,0,0.1648030526108048
2020-05-11,Cronulla,Moderate risk,0.2263904545454545,0,0,16.70816,6.926514916666666,61.181070291666664,4.931060166666667,1021.4460345833332,0.0,0.5,0.5,1,18.6816,1026.8,5,0,0,0,0.4444320571093067
2020-09-24,Bankstown,Low risk,0.7663696000000002,0,0,20.352753,4.636169420833333,51.69008541666667,3.5873759,1004.8524345833333,0.00047683716,18.0,5.0,0,12.4235,6471.6,9,0,0,0,0.12257216783385377
2020-06-13,Manly,Extreme risk,0.08319927272727283,0,1,18.190948,14.024107625,87.26122308333333,2.5877774408333334,1015.9508941666667,0.25510787986,0.5,0.5,1,26.2541,3641.8,6,0,1,1,0.8083625474366946
2020-02-14,Ryde,Low risk,0.6983253636363635,0,0,26.446991,18.210910583333334,77.0512605,2.9011966458333336,1001.1457820833333,1.2383460983,13.0,2.0,0,23.3227,4521.5,2,1,0,0,0.08125973312725382
2020-05-19,Bondi,Moderate risk,0.2166914545454544,0,0,18.868256,12.754951499999999,72.71239058333333,3.399511104166667,1022.7350754166667,0.47922134286,0.5,0.5,1,19.5728,9692.7,5,0,0,1,0.8005865987897347
2020-04-01,Liverpool,Low risk,0.39114663636363645,0,0,23.371063,18.789527875,87.26258524999999,2.7666522083333334,1010.5292008333332,3.143787369,30.0,2.0,0,8.27098,5139.4,4,0,0,0,0.39548516731322514
2020-01-20,Cronulla,Moderate risk,0.2447815454545454,0,0,24.09195,20.389536500000002,86.731564875,2.1598752241666666,997.8888391666666,12.85791414928,0.5,0.5,1,18.6816,1026.8,1,1,0,1,0.7082706739451413
2020-04-01,Campbelltown,Low risk,0.3874179090909093,0,0,23.537659,18.453509,88.74921625,2.0069182995833335,1003.77669875,3.591537485,40.0,10.0,0,10.7411,1577.7,4,0,0,0,0.31095504228230253
2020-09-12,Bankstown,Low risk,0.7133900000000001,0,0,20.836212,10.365478458333333,77.48990091666667,2.6997988416666665,1018.2388725000001,0.0,18.0,5.0,0,12.4235,6471.6,9,0,0,0,0.09267608569236276
2020-10-06,Penrith,Moderate risk,0.24021909999999985,0,0,21.700897,13.599311770833333,77.11129495833333,2.5031243375,1007.3715833333334,0.08249282886,55.0,3.0,0,11.4378,1496.4,10,0,0,0,0.10357088628975752
2020-05-14,Manly,Extreme risk,0.05625781818181818,0,1,16.152863,11.447211041666668,82.67870708333334,7.107874870833334,1021.72172,16.61777508,0.5,0.5,1,26.2541,3641.8,5,0,1,1,0.8202538042157191
2020-02-24,Ryde,Low risk,0.5150868181818182,0,0,26.539001,17.471023666666667,75.04698025,2.0963024541666666,1012.7532837499999,0.07820129381999999,13.0,2.0,0,23.3227,4521.5,2,1,0,0,0.0740510020413975
2020-01-08,Ryde,Moderate risk,0.2405590000000001,0,0,26.87857,18.963989208333334,75.05196770833334,4.0116974291666665,1007.4008108333334,0.11157989478,13.0,2.0,0,23.3227,4521.5,1,1,0,0,0.2084851035847176
2020-08-05,Blacktown,Low risk,0.6602339727272728,0,0,16.751831,-1.5175997483333334,46.76500945833333,3.5210748874999998,1006.2240645833334,0.0,35.0,6.0,0,9.17505,3615.4,8,0,0,0,0.111733697350253
2020-07-27,Campbelltown,High risk,0.1743619999999999,0,1,15.6163025,12.190108,87.57413020833333,6.576133408333334,985.5586333333334,18.642425454,40.0,10.0,0,10.7411,1577.7,7,0,1,1,0.7563151644603372
2020-07-31,Bankstown,Low risk,0.5139381818181818,0,0,15.808594,6.958821625,75.03730466666666,2.5213014483333334,1019.4086229166666,0.0,18.0,5.0,0,12.4235,6471.6,7,0,0,0,0.13725995524414678
2020-03-03,Bondi,Extreme risk,0.05975300000000061,0,1,21.426056,16.898731125,77.98865666666667,5.264350341666667,1014.2489383333333,7.7848434266,0.5,0.5,1,19.5728,9692.7,3,0,1,1,0.8810717335507442
2020-06-15,Liverpool,Low risk,0.5840981363636363,0,0,19.14035,7.326974195833333,69.41687570833334,2.6386346875,1014.0435858333334,0.0,30.0,2.0,0,8.27098,5139.4,6,0,0,0,0.09278184106451025
2020-02-14,Liverpool,Low risk,0.535505818181818,0,0,25.450897,18.41183845833333,77.94280825,3.148136191666667,1000.67910625,1.405715936,30.0,2.0,0,8.27098,5139.4,2,1,0,0,0.12263001923638298
2020-04-21,Ryde,Low risk,0.8022266363636364,0,0,25.02243,10.807380729166667,65.659040375,2.1377391833333332,1009.3567954166666,0.0,13.0,2.0,0,23.3227,4521.5,4,0,0,0,0.0615264586959989
2020-04-18,Cronulla,Moderate risk,0.3407653999999999,0,0,20.26175,10.228468525,61.145987291666664,4.6950945875,1007.4038595833334,0.112056733,0.5,0.5,1,18.6816,1026.8,4,0,0,1,0.7147050087537019
2020-12-17,Bondi,High risk,0.13134209090909107,0,1,24.059052,20.507517458333332,86.63114566666667,5.495059458333333,1001.1834195833334,1.8568038951199999,0.5,0.5,1,19.5728,9692.7,12,1,1,1,0.8377712324656524
2020-12-18,Liverpool,Low risk,0.4533858181818182,0,0,29.761047,20.466262833333335,80.36093733333333,3.181042997916667,998.8361004166667,9.555339842,30.0,2.0,0,8.27098,5139.4,12,1,0,0,0.23459424455466663
2020-09-15,Campbelltown,Low risk,0.7329740000000001,0,0,22.591827,13.150695749999999,81.54659866666667,1.7656530816666667,1012.0140979166666,0.9427070591,40.0,10.0,0,10.7411,1577.7,9,0,0,0,0.16212681572053164
2020-02-15,Bankstown,Low risk,0.3864469090909091,0,0,25.676544,18.394082375,81.79855433333334,1.6378755975,998.7766245833333,0.67853927946,18.0,5.0,0,12.4235,6471.6,2,1,0,0,0.13782411584332516
2020-10-01,Parramatta,Low risk,0.7952798181818181,0,0,25.315521,10.4845531125,66.09396470833333,3.033555625,1008.26766125,1.5001297056,20.0,1.0,0,17.0356,4087.8,10,0,0,0,0.07512377640527088
2020-01-06,Manly,High risk,0.1253050000000009,0,1,21.604462,16.661229395833335,76.88674825,4.09217375,1014.76724375,1.5263557544,0.5,0.5,1,26.2541,3641.8,1,1,1,1,0.8368173012535263
2020-09-26,Cronulla,Moderate risk,0.2714039090909091,0,0,15.6753845,4.075705195833334,55.36104529166667,8.9910140375,1005.2043941666667,0.10681152099999999,0.5,0.5,1,18.6816,1026.8,9,0,0,0,0.4400525478950427
2020-06-07,Parramatta,Moderate risk,0.24573863636363635,0,0,16.194763,8.452229820833333,87.88444783333334,2.080995533333333,1015.7249329166666,3.178596432,20.0,1.0,0,17.0356,4087.8,6,0,0,0,0.3314819020929448
2020-03-19,Bondi,Moderate risk,0.21578981818181797,0,0,24.730133,17.577237416666666,77.02804158333333,3.420416829166667,1015.5973729166667,0.0,0.5,0.5,1,19.5728,9692.7,3,0,0,1,0.5525586042503084
2020-04-07,Bankstown,Moderate risk,0.30891037499999996,0,0,20.02951,13.266024250000001,77.13527079166667,2.814394066666667,1013.3742254166667,1.8186569399199999,18.0,5.0,0,12.4235,6471.6,4,0,0,0,0.1517278959056431
2020-03-28,Bondi,Extreme risk,0.057545090909090775,0,1,21.542633,15.167338083333334,74.34083,3.2703363975,1019.0819220833333,7.1411131656,0.5,0.5,1,19.5728,9692.7,3,0,1,1,0.8641143165742093
2020-01-06,Penrith,Moderate risk,0.2327852727272728,0,0,24.208527,15.324640958333333,71.59849416666667,2.1487300208333333,1006.0393370833334,0.73766708406,55.0,3.0,0,11.4378,1496.4,1,1,0,0,0.09567227871975074
2020-01-02,Ryde,Moderate risk,0.20993881818181814,0,0,26.6221,15.9588635625,67.81774420833334,3.5835200083333336,1010.7444637499999,0.11587142922,13.0,2.0,0,23.3227,4521.5,1,1,0,0,0.12172064318665533
2020-02-15,Bondi,High risk,0.1146073636363638,0,1,22.924713,18.422728250000002,81.25992833333333,2.7879666875000004,1001.8237049999999,0.32567977918,0.5,0.5,1,19.5728,9692.7,2,1,1,1,0.8586422891839027
2020-07-08,Bankstown,Low risk,0.57944033,0,0,14.959686,10.041667895833333,85.12462829166667,1.4857310170833333,1022.0288083333334,0.4711151147,18.0,5.0,0,12.4235,6471.6,7,0,0,0,0.28629178725783494
2020-03-09,Campbelltown,Low risk,0.4079367272727273,0,0,21.451447,14.084274333333333,75.53449241666667,2.477700614166667,1006.0858066666666,1.1305809011,40.0,10.0,0,10.7411,1577.7,3,0,0,0,0.11555117874442969
2020-11-05,Bankstown,Extreme risk,0.06936268749999996,0,1,19.836884,13.5292078125,85.52607425000001,5.804923108333334,1002.7214866666667,13.180732682,18.0,5.0,0,12.4235,6471.6,11,0,1,1,0.6671415218711665
2020-09-28,Penrith,Low risk,0.5538607272727273,0,0,19.673126,5.370339704166667,66.871523125,1.4311239041666666,1012.1119129166667,0.0,55.0,3.0,0,11.4378,1496.4,9,0,0,0,0.06448617902716938
2020-05-25,Coogee,Extreme risk,0.0,0,1,16.338715,13.068202979166665,84.45954845833333,11.183434437499999,1012.03986125,15.42139055,0.5,0.5,1,18.7764,7453.6,5,0,1,1,0.8613638293734651
2020-06-11,Blacktown,Low risk,0.4295006250000002,0,0,20.03952,12.497500145833333,85.78736145833334,2.3760373820833336,1016.1920154166668,0.0739097612,35.0,6.0,0,9.17505,3615.4,6,0,0,0,0.21574146224565663
2020-05-08,Penrith,Low risk,0.8992376666666667,0,0,26.81247,10.533526083333333,69.54888179166666,2.2095068875,1003.5931304166667,0.0,55.0,3.0,0,11.4378,1496.4,5,0,0,0,0.04656257730852165
2020-05-30,Fairfield,Low risk,0.4745514,0,0,19.591095,10.652506479166666,85.84653616666667,2.171254858333333,1018.0975229166667,0.00190734862,27.0,4.0,0,13.6634,4527.0,5,0,0,0,0.17256314869864645
2020-12-22,Campbelltown,Low risk,0.9481173636363637,0,0,25.526306,13.880405320833333,67.96675979166666,3.11440894,988.5922766666666,5.94568260516,40.0,10.0,0,10.7411,1577.7,12,1,0,0,0.1493937582267757
2020-07-14,Campbelltown,High risk,0.1272639090909091,0,1,14.944183,8.692616745833334,77.72650233333333,5.773885991666667,1002.8436262499999,5.13362888236,40.0,10.0,0,10.7411,1577.7,7,0,1,1,0.5871560341176046
2020-08-07,Fairfield,High risk,0.16478663636363644,0,1,12.242889,8.585309416666666,90.16973820833334,1.6618691441666666,1012.5267120833333,14.7018432543,27.0,4.0,0,13.6634,4527.0,8,0,1,1,0.5777010596749874
2020-09-16,Cronulla,Moderate risk,0.34763690909090916,0,0,19.97293,14.156050395833333,80.07304183333333,4.9522081125,1017.27077125,0.0,0.5,0.5,1,18.6816,1026.8,9,0,0,1,0.5851752772335876
2020-11-07,Liverpool,Moderate risk,0.27002509090909077,0,0,18.51651,11.360346416666667,76.05154395833334,4.0352188,1013.5931033333333,0.9407997167,30.0,2.0,0,8.27098,5139.4,11,0,0,0,0.2621379318010301
2020-03-02,Bankstown,High risk,0.1326959999999999,1,1,34.258057,16.52881508333333,68.18088825,3.369927670833333,1002.2697483333333,0.01382827742,18.0,5.0,0,12.4235,6471.6,3,0,1,0,0.08363291680889354
2020-06-08,Coogee,Extreme risk,0.04841099999999976,0,1,16.028961,11.038374500000002,78.54338670833333,7.6826158625000005,1022.8465275,6.9980621666000005,0.5,0.5,1,18.7764,7453.6,6,0,1,1,0.8504003174020914
2020-05-18,Bankstown,Moderate risk,0.293370909090909,0,0,18.463257,12.732626645833333,85.07993658333334,1.1655583683333333,1023.8189779166668,1.1386871236,18.0,5.0,0,12.4235,6471.6,5,0,0,0,0.2769924021264021
2020-11-12,Campbelltown,Low risk,0.7739396363636363,0,0,29.242676,15.6940905,71.16371858333333,1.9523667541666667,994.10631,0.61464309982,40.0,10.0,0,10.7411,1577.7,11,0,0,0,0.06467523194918381
2020-11-06,Parramatta,Low risk,0.8127645555555554,0,0,20.26596,10.319235458333333,70.47698749999999,4.3883255708333335,1009.8851954166666,0.5817413489000001,20.0,1.0,0,17.0356,4087.8,11,0,0,0,0.2260370759652542
2020-02-11,Liverpool,Moderate risk,0.3555159090909092,0,0,28.690674,20.774410291666666,81.87429741666666,2.2710798975,1000.3835545833334,2.2616386374,30.0,2.0,0,8.27098,5139.4,2,1,0,0,0.20183685727134268
2020-03-22,Parramatta,Low risk,0.48109300000000005,0,0,29.304657,15.316411291666666,69.2553535,2.2445148375,1011.3276545833334,0.2622604341,20.0,1.0,0,17.0356,4087.8,3,0,0,0,0.07365187216706294
2020-10-13,Bondi,Moderate risk,0.31665036363636356,0,0,20.606293,15.7720019375,85.57760608333332,3.9194614541666666,1017.4450241666667,0.0834465023,0.5,0.5,1,19.5728,9692.7,10,0,0,1,0.8491692765509876
2020-06-15,Coogee,Moderate risk,0.3639276363636364,0,0,18.230316,8.127755508333333,62.455278416666665,4.0222662125,1017.1815083333332,0.0,0.5,0.5,1,18.7764,7453.6,6,0,0,0,0.45190649446266123
2020-12-12,Cronulla,Extreme risk,0.06777650000000009,0,1,19.942078,12.020991125,63.57181083333333,5.803218666666666,1023.6596416666666,1.0738372758599999,0.5,0.5,1,18.6816,1026.8,12,1,1,1,0.8127053379165967
2020-07-05,Fairfield,Low risk,0.47374097272727267,0,0,17.924316,4.451845808333333,63.99315470833333,3.697340875,1014.5913662500001,0.0,27.0,4.0,0,13.6634,4527.0,7,0,0,0,0.1233243690002012
2020-03-20,Penrith,Low risk,1.754816181818182,1,0,34.63571,14.043988583333332,57.580889125,2.4621248000000002,1000.8752308333333,0.0,55.0,3.0,0,11.4378,1496.4,3,0,0,0,0.05163774638960668
2020-05-02,Coogee,High risk,0.17955427272727273,0,1,16.40506,6.784697254166667,58.300070416666664,8.790683008333334,1000.52779375,0.098228454,0.5,0.5,1,18.7764,7453.6,5,0,1,0,0.492948722825141
2020-10-22,Campbelltown,Low risk,0.6943913636363636,0,0,25.490997,14.611715875,77.58292433333334,1.5817814516666668,999.7785375,0.1964569132,40.0,10.0,0,10.7411,1577.7,10,0,0,0,0.06761548166590754
2020-01-21,Liverpool,Low risk,0.529505,0,0,29.484894,16.0601285,66.37333037500001,2.4474098975,998.85687875,0.0,30.0,2.0,0,8.27098,5139.4,1,1,0,0,0.09091717575951985
2020-12-21,Coogee,Extreme risk,0.07259455555555563,0,1,21.297974,18.259258291666665,87.40134083333334,2.847072366666667,1005.4970654166667,13.493061082,0.5,0.5,1,18.7764,7453.6,12,1,1,1,0.8816197247388409
2020-03-26,Fairfield,Low risk,0.5065727500000001,0,0,21.515411,14.828961645833333,78.97598516666666,3.8510168208333333,1017.1644679166667,6.2227249095,27.0,4.0,0,13.6634,4527.0,3,0,0,0,0.40041995294774635
2020-10-20,Fairfield,Low risk,0.6575372727272728,0,0,21.297272,13.341270583333333,76.46163295833334,2.2708810791666667,1010.9085033333332,1.27696992446,27.0,4.0,0,13.6634,4527.0,10,0,0,0,0.12130061706856125
2020-08-12,Penrith,Low risk,0.6363636727272727,0,0,18.269379,9.016258262500001,85.31896695833333,1.3116585641666667,1001.0838766666667,0.652313235,55.0,3.0,0,11.4378,1496.4,8,0,0,0,0.18375504797003
2020-03-01,Liverpool,Low risk,0.7422873636363637,0,0,28.001312,19.18642554166667,78.49671895833333,2.8577909583333336,1003.8558416666666,0.012397766000000001,30.0,2.0,0,8.27098,5139.4,3,0,0,0,0.10357837968638169
2020-10-14,Ryde,Low risk,0.5910978181818184,0,0,21.700134,13.011627166666665,72.63846395833333,3.0364710508333332,1018.2959279166666,0.7967948876,13.0,2.0,0,23.3227,4521.5,10,0,0,0,0.11527500895018605
2020-06-13,Liverpool,Moderate risk,0.24471274999999992,0,0,18.436676,12.915709208333332,92.06300912500001,1.9503527054166667,1012.8129795833333,0.0500679012,30.0,2.0,0,8.27098,5139.4,6,0,0,0,0.2569408259439574
2020-02-16,Liverpool,High risk,0.18228427272727288,0,1,24.957306,18.869260166666667,80.90488462500001,2.491794366666667,1005.7388695833333,1.6899108853,30.0,2.0,0,8.27098,5139.4,2,1,1,0,0.23463894419589912
2020-02-21,Parramatta,Low risk,0.40368654545454546,0,0,24.517609,15.7528064375,71.83982691666667,2.0736432358333334,1008.9513720833334,1.3203620988,20.0,1.0,0,17.0356,4087.8,2,1,0,0,0.10238281392720755
2020-09-19,Coogee,Extreme risk,0.0527427272727275,0,1,18.527618,15.822195729166667,88.17233370833333,5.308685916666667,1019.5821920833333,2.05326081082,0.5,0.5,1,18.7764,7453.6,9,0,1,1,0.8687845936385599
2020-01-16,Parramatta,Low risk,0.40614454545454526,0,0,26.217255,19.817558208333335,84.16061208333333,1.7172110995833334,999.9900250000001,10.5066297845,20.0,1.0,0,17.0356,4087.8,1,1,0,0,0.2707738862520922
2020-05-28,Manly,Low risk,0.422635181818182,0,0,19.650055,11.968250333333332,77.78915024999999,2.8922613820833334,1016.0171320833333,0.341415406,0.5,0.5,1,26.2541,3641.8,5,0,0,1,0.7422931054768789
2020-10-15,Liverpool,Low risk,0.7303161111111112,0,0,25.64389,14.171844416666666,73.239706,2.874185225,1010.3580695833333,0.0486373902,30.0,2.0,0,8.27098,5139.4,10,0,0,0,0.09960308426335636
2020-03-12,Bondi,High risk,0.18524163636363608,0,1,21.973145,15.385673541666668,71.94574316666667,3.3830823958333336,1019.0660895833333,2.952575693,0.5,0.5,1,19.5728,9692.7,3,0,1,1,0.8600244408054141
2020-09-10,Liverpool,Moderate risk,0.248635090909091,0,0,16.543518,9.2443466,72.84843633333334,3.664648025,1020.6834570833333,0.6790161101,30.0,2.0,0,8.27098,5139.4,9,0,0,0,0.2536100587092337
2020-04-10,Campbelltown,Moderate risk,0.2376811111111111,0,0,21.858093,15.277631166666666,90.55081766666666,2.1618268958333333,1001.96953,8.6183548086,40.0,10.0,0,10.7411,1577.7,4,0,0,0,0.48869270005638243
2020-04-14,Bondi,Moderate risk,0.22801636363636357,0,0,20.958038,15.533515854166666,80.69704004166667,2.628394854166667,1018.34223125,0.0009536743,0.5,0.5,1,19.5728,9692.7,4,0,0,1,0.5603316999747876
2020-09-02,Campbelltown,Low risk,0.7871899090909092,0,0,23.67749,6.5103009541666665,67.85251095833333,2.2185141708333336,1004.2078845833333,0.0,40.0,10.0,0,10.7411,1577.7,9,0,0,0,0.06370219973153278
2020-08-11,Liverpool,Moderate risk,0.27866154545454547,0,0,16.047394,8.7288920375,77.53822691666666,2.39333698625,1011.9650304166667,0.05102157746,30.0,2.0,0,8.27098,5139.4,8,0,0,0,0.2193911718567934
2020-02-19,Ryde,Low risk,0.9688443636363637,0,0,27.84726,12.489112916666668,50.748413375000005,3.328418741666667,996.3483466666667,0.0,13.0,2.0,0,23.3227,4521.5,2,1,0,0,0.06388608577432735
2020-04-29,Manly,Moderate risk,0.2854701428571426,0,0,23.395294,17.416999833333332,80.74825070833333,5.918630141666667,1009.7951370833333,0.28133392345999997,0.5,0.5,1,26.2541,3641.8,4,0,0,1,0.8180454046167205
2020-02-26,Fairfield,Low risk,0.8504693636363634,1,0,31.747711,18.129250958333333,66.63803525,3.5993004625,999.5052066666667,0.9975433383,27.0,4.0,0,13.6634,4527.0,2,1,0,0,0.11979905679356173
2020-01-05,Liverpool,High risk,0.146478818181818,0,1,23.623932,14.1697069375,62.67751175,6.4700120000000005,1010.0159204166666,0.23460388100000001,30.0,2.0,0,8.27098,5139.4,1,1,1,0,0.2737826052177533
2020-06-19,Parramatta,Low risk,0.537717,0,0,19.145905,9.0740674125,83.70719187499999,1.7660479375,1022.7106945833333,0.0,20.0,1.0,0,17.0356,4087.8,6,0,0,0,0.1492200368248569
2020-02-21,Ryde,Low risk,0.40368654545454546,0,0,24.517609,15.7528064375,71.83982691666667,2.0736432358333334,1008.9513720833334,1.3203620988,13.0,2.0,0,23.3227,4521.5,2,1,0,0,0.10330036342918136
2020-03-07,Campbelltown,Low risk,0.39824890909090915,0,0,22.483185,15.376412729166667,75.374468125,3.0368220125,1004.24285375,0.9198188697,40.0,10.0,0,10.7411,1577.7,3,0,0,0,0.1195232464847389
2020-01-20,Coogee,Moderate risk,0.2447815454545454,0,0,24.09195,20.389536500000002,86.731564875,2.1598752241666666,997.8888391666666,12.85791414928,0.5,0.5,1,18.7764,7453.6,1,1,0,1,0.7186384028696847
2020-08-06,Parramatta,Moderate risk,0.2988472,0,0,15.397461,0.5665308658333333,58.74527320833334,2.42734125,1011.3218104166667,0.0,20.0,1.0,0,17.0356,4087.8,8,0,0,0,0.12537848856153214
2020-04-10,Bankstown,Moderate risk,0.32649850000000014,0,0,21.910828,15.969607041666668,88.709234375,3.188398616666667,1008.7482787499999,6.996154784,18.0,5.0,0,12.4235,6471.6,4,0,0,1,0.5112519269641818
2020-09-14,Cronulla,Extreme risk,0.06274409090909087,0,1,17.542267,12.349597791666667,79.13695525,3.466350333333333,1019.5736183333333,0.00238418582,0.5,0.5,1,18.6816,1026.8,9,0,1,0,0.4932970559020346
2020-12-06,Coogee,Low risk,0.5330255454545455,0,0,25.955536,14.7875253125,60.744190333333336,5.284742929166667,996.7801599999999,0.253677366,0.5,0.5,1,18.7764,7453.6,12,1,0,0,0.4752079049857643
2020-10-13,Cronulla,Moderate risk,0.31665036363636356,0,0,20.606293,15.7720019375,85.57760608333332,3.9194614541666666,1017.4450241666667,0.0834465023,0.5,0.5,1,18.6816,1026.8,10,0,0,1,0.8410284600486736
2020-10-04,Manly,Low risk,0.4719127272727274,0,0,23.156586,14.542144804347826,74.07799952173913,5.881428482608697,1014.4619004347826,0.0,0.5,0.5,1,26.2541,3641.8,10,0,0,1,0.5379940211183716
2020-12-05,Ryde,Low risk,0.3943703636363635,0,0,24.962616,17.166221604166665,77.35966808333333,3.2136067500000003,1001.6042583333333,9.55057150396,13.0,2.0,0,23.3227,4521.5,12,1,0,0,0.23312183519600413
2020-06-02,Cronulla,Moderate risk,0.2725447499999998,0,0,15.442291,6.750659933333334,68.65967416666666,8.8672854375,1009.6246208333333,9.0451240335,0.5,0.5,1,18.6816,1026.8,6,0,0,1,0.6841134825245228
2020-09-07,Campbelltown,Low risk,0.8468877636363636,0,0,21.222687,9.9889387375,73.63270508333333,2.447029675,1015.4048054166666,0.00762939454,40.0,10.0,0,10.7411,1577.7,9,0,0,0,0.07101273501575209
2020-01-07,Parramatta,Low risk,0.6722357272727273,1,0,31.060791,19.868101749999997,73.29280008333333,2.3952576979166667,1006.4801295833332,0.46634673406,20.0,1.0,0,17.0356,4087.8,1,1,0,0,0.08389004379806611
2020-03-27,Fairfield,Low risk,0.6301824545454544,0,0,22.142487,14.283189104166667,78.37163120833334,2.2480125291666666,1018.4779429166666,1.286983496,27.0,4.0,0,13.6634,4527.0,3,0,0,0,0.12634056955685632
2020-01-24,Cronulla,Extreme risk,0.06400363636363628,0,1,28.649994,20.021458916666667,76.73089008333334,5.014214479166667,1004.0411170833332,0.9932517947,0.5,0.5,1,18.6816,1026.8,1,1,1,1,0.8178937617737385
2020-02-17,Ryde,Moderate risk,0.3774913636363635,0,0,24.230927,19.80793,86.52754108333333,1.2666525775000002,1006.2709104166667,3.88860702826,13.0,2.0,0,23.3227,4521.5,2,1,0,0,0.30072267267975816
2020-06-26,Cronulla,High risk,0.132424090909091,0,1,16.02945,8.540547679166666,70.78319775,5.005920258333333,1018.0544704166667,0.103950499,0.5,0.5,1,18.6816,1026.8,6,0,1,1,0.7682996136985142
2020-02-05,Penrith,Low risk,0.43301945454545465,0,0,25.950562,14.022440583333333,66.21127862499999,2.2756674125000003,1006.1551966666666,0.02336502096,55.0,3.0,0,11.4378,1496.4,2,1,0,0,0.06232485430048791
2020-09-19,Campbelltown,Moderate risk,0.24929809090909105,0,0,21.905243,15.189545916666667,86.13627108333333,2.0688772408333334,1009.4388650000001,2.1886825372,40.0,10.0,0,10.7411,1577.7,9,0,0,0,0.27676594159453966
2020-08-29,Campbelltown,Low risk,1.022655181818182,0,0,21.20401,4.086640695833333,66.96576229166666,1.9138459208333334,1013.52516625,0.0,40.0,10.0,0,10.7411,1577.7,8,0,0,0,0.06589858605994127
2020-10-09,Campbelltown,Low risk,0.8003567272727273,0,0,21.782562,6.400407145833333,52.83898250000001,3.526618025,999.2492050000001,0.0009536743,40.0,10.0,0,10.7411,1577.7,10,0,0,0,0.0957369400096534
2020-05-01,Bankstown,High risk,0.12481344444444452,0,1,15.983795,5.01965585,59.042086624999996,5.297498854166666,999.3155275,0.0,18.0,5.0,0,12.4235,6471.6,5,0,1,0,0.3187936493220467
2020-05-17,Ryde,Low risk,0.43787644444444435,0,0,20.165588,9.956853245833333,81.62014654166667,1.8103500458333333,1023.3068483333333,0.11062622180000001,13.0,2.0,0,23.3227,4521.5,5,0,0,0,0.1537653106790116
2020-12-18,Cronulla,Moderate risk,0.2623346363636362,0,0,26.136688,20.736526541666667,86.22216391666666,4.70298385,1001.8469383333332,9.413719162,0.5,0.5,1,18.6816,1026.8,12,1,0,1,0.7452193364325523
2020-03-30,Coogee,Moderate risk,0.2389027272727272,0,0,23.320038,18.880062125,84.009308375,3.354295008333333,1008.5116741666667,1.235008243,0.5,0.5,1,18.7764,7453.6,3,0,0,1,0.8762579092881444
2020-05-07,Bondi,Moderate risk,0.3744311818181817,0,0,21.128021,12.876234625,74.32818825,4.389174325,1016.03949625,0.0,0.5,0.5,1,19.5728,9692.7,5,0,0,0,0.49366231338891453
2020-08-17,Bankstown,Low risk,0.7300567499999998,0,0,18.655365,6.2769025375,58.81009720833333,4.551400791666667,999.5353404166667,0.0,18.0,5.0,0,12.4235,6471.6,8,0,0,0,0.1882866153324348
2020-06-03,Penrith,Low risk,0.5442658,0,0,18.101166,4.831986729166666,63.40112795833334,3.3233102666666667,1009.0701083333333,0.0,55.0,3.0,0,11.4378,1496.4,6,0,0,0,0.07377137723982989
2020-03-20,Bondi,Low risk,0.7011940909090907,0,0,28.214508,17.858604333333336,67.853821125,4.7063333125,1009.2652395833334,0.0,0.5,0.5,1,19.5728,9692.7,3,0,0,0,0.48290286660092185
2020-10-13,Liverpool,Low risk,0.7596546363636363,0,0,26.947235,12.953723854166666,72.38478875,2.29212064,1014.2621054166666,0.0038146972,30.0,2.0,0,8.27098,5139.4,10,0,0,0,0.08462535215357656
2020-10-27,Bondi,High risk,0.1973694,0,1,17.442657,12.904271458333334,79.96991312499999,7.8866252999999995,1014.2694229166667,5.63478467846,0.5,0.5,1,19.5728,9692.7,10,0,1,1,0.862632042538126
2020-12-07,Ryde,Low risk,1.2552130000000001,0,0,29.68985,6.991901391666667,40.637974375,3.8035325458333333,997.3096291666667,0.0,13.0,2.0,0,23.3227,4521.5,12,1,0,0,0.10075224633790207
2020-05-29,Bankstown,Low risk,0.5649757500000001,0,0,16.877655,11.879207666666666,90.2086115,1.9266875166666668,1018.44520375,1.1434554989,18.0,5.0,0,12.4235,6471.6,5,0,0,0,0.24232412814304655
2020-09-22,Coogee,Low risk,0.46762363636363635,0,0,22.016266,11.519264249999999,59.25621816666666,4.580521575,1004.2365579166667,0.106334686,0.5,0.5,1,18.7764,7453.6,9,0,0,1,0.5331833571810405
2020-08-20,Bondi,Moderate risk,0.24388263636363627,0,0,16.244629,5.571833295833334,57.52998895833333,7.9246499125000005,996.6037083333334,0.0,0.5,0.5,1,19.5728,9692.7,8,0,0,0,0.3858489061733834
2020-07-25,Penrith,Moderate risk,0.2761169499999999,0,0,17.215546,9.615286504166667,92.11602599999999,1.3072724599999999,1010.8780541666666,1.8634796168999999,55.0,3.0,0,11.4378,1496.4,7,0,0,0,0.20898575806423791
2020-12-24,Blacktown,Low risk,0.6921941818181817,0,0,26.63919,15.786821916666668,71.461082375,2.4389703120833333,1007.6872924999999,0.009059906,35.0,6.0,0,9.17505,3615.4,12,1,0,0,0.05625975922208647
2020-12-09,Liverpool,Low risk,0.6287567999999997,0,0,24.384674,11.640188833333333,64.60619533333333,2.5237623562500002,1009.9184437499999,0.0009536743,30.0,2.0,0,8.27098,5139.4,12,1,0,0,0.0990811860381201
2020-11-13,Campbelltown,Low risk,0.813201909090909,0,0,27.344452,15.504678208333333,73.81811558333334,2.018482472916667,989.9736991666667,5.650520285,40.0,10.0,0,10.7411,1577.7,11,0,0,0,0.14748784376755605
2020-10-25,Ryde,Extreme risk,0.0,0,1,17.681335,12.463016416666667,87.79947333333332,5.226710570833333,1005.2693008333334,25.0263216347,13.0,2.0,0,23.3227,4521.5,10,0,1,1,0.6639493482566575
2020-10-10,Parramatta,Low risk,1.2822321818181817,0,0,25.76825,4.460760746666667,46.636346374999995,1.7721536291666666,1010.7594483333334,0.0,20.0,1.0,0,17.0356,4087.8,10,0,0,0,0.046859491413029405
2020-01-13,Liverpool,Low risk,0.5269220909090909,0,0,24.536285,15.619402583333333,72.14150866666667,2.6384690375,1010.6965629166666,2.0890235809999997,30.0,2.0,0,8.27098,5139.4,1,1,0,0,0.16720544788972636
2020-04-29,Fairfield,Low risk,0.4497131,0,0,25.862091,16.244229708333332,77.836476,3.0705359041666664,1007.1518025,0.60606003296,27.0,4.0,0,13.6634,4527.0,4,0,0,0,0.08658087396180186
2020-04-26,Bankstown,Low risk,0.6276772727272726,0,0,25.110504,12.0603078125,68.22289645833334,2.8744124625,1007.2368729166666,0.8091926540000001,18.0,5.0,0,12.4235,6471.6,4,0,0,0,0.10948699780208175
2020-03-24,Campbelltown,Low risk,0.41100518181818174,0,0,22.06839,15.125036875,81.87682458333333,1.7142722433333333,1008.1778266666666,2.68125534306,40.0,10.0,0,10.7411,1577.7,3,0,0,0,0.23410154980047462
2020-02-18,Bankstown,Low risk,0.6478937272727272,0,0,29.640747,20.800603249999998,79.98635254166666,2.598060320833333,999.2232158333333,1.2989043807,18.0,5.0,0,12.4235,6471.6,2,1,0,0,0.11458436837623483
2020-09-24,Cronulla,Moderate risk,0.3533186363636363,0,0,18.933716,5.9346720458333335,52.049553874999994,4.76544945,1007.8920212500001,0.0014305115,0.5,0.5,1,18.6816,1026.8,9,0,0,0,0.3208485126092475
2020-01-19,Ryde,Moderate risk,0.3711436363636364,0,0,23.49173,19.409768375,89.341921625,1.64883077,999.9052058333333,11.3320349113,13.0,2.0,0,23.3227,4521.5,1,1,0,0,0.46778679919363036
2020-05-23,Penrith,Extreme risk,0.0,0,1,16.873749,8.170248720833333,69.36497933333332,3.9246357416666666,994.3759770833334,3.6978721217,55.0,3.0,0,11.4378,1496.4,5,0,1,0,0.29606615835717415
2020-04-17,Fairfield,Low risk,1.0119018181818182,0,0,26.714935,9.335194945833333,52.4480935,2.7426362083333333,1003.057455,0.0,27.0,4.0,0,13.6634,4527.0,4,0,0,0,0.05494312892425735
2020-03-12,Liverpool,Low risk,0.7067260909090911,0,0,23.8143,15.264010124999999,76.19728129166667,2.092161505,1015.9677504166666,2.0613670339,30.0,2.0,0,8.27098,5139.4,3,0,0,0,0.13995564120281231
2020-11-15,Blacktown,Low risk,1.0023027272727272,0,0,29.374237,15.819048583333334,73.89746991666667,2.20855049125,1007.3506883333333,0.00143051148,35.0,6.0,0,9.17505,3615.4,11,0,0,0,0.05444446997388349
2020-06-24,Liverpool,Low risk,0.43720590909090906,0,0,17.892792,7.087370579166667,70.87026183333333,4.556715533333334,1006.3459483333332,0.18596649182,30.0,2.0,0,8.27098,5139.4,6,0,0,0,0.24111312016589131
2020-09-06,Campbelltown,Low risk,0.481878090909091,0,0,18.299896,8.7437146875,77.98411675,1.8522863208333333,1012.56564375,0.7381439163,40.0,10.0,0,10.7411,1577.7,9,0,0,0,0.1037817211180328
2020-12-19,Liverpool,Extreme risk,0.06349881818181786,0,1,19.972595,16.135097645833334,82.44007549999999,3.8320341860833333,1008.1437145833333,2.5105476254,30.0,2.0,0,8.27098,5139.4,12,1,1,0,0.43484427764451716
2020-01-08,Coogee,Extreme risk,0.08011179999999989,0,1,22.185944,19.598347999999998,88.27493675,6.695218995833334,1009.992475,5.271911533060001,0.5,0.5,1,18.7764,7453.6,1,1,1,1,0.920628895168849
2020-09-01,Bondi,High risk,0.12770499999999999,0,1,15.034515,7.287493349999999,64.25958070833333,4.75967675,1018.2857566666667,0.0476837149,0.5,0.5,1,19.5728,9692.7,9,0,1,1,0.7491343151956774
2020-03-22,Bondi,High risk,0.1723216363636362,0,1,24.68576,17.267501854166667,77.5449655,4.0093356983333335,1013.87891875,0.9040832499,0.5,0.5,1,19.5728,9692.7,3,0,1,1,0.8680480518511987
2020-08-20,Penrith,Low risk,0.5840815090909092,0,0,16.83966,3.4424387666666667,53.484890291666666,4.448827658333333,988.28579125,0.0,55.0,3.0,0,11.4378,1496.4,8,0,0,0,0.19576285343558453
2020-02-06,Parramatta,High risk,0.12088854545454518,0,1,23.268158,18.013486291666666,80.90506191666667,2.3858759541666665,1013.7642579166667,5.180835741,20.0,1.0,0,17.0356,4087.8,2,1,1,0,0.41524377476322044
2020-06-11,Bondi,Extreme risk,0.10714445454545475,0,1,17.63913,13.422874354166666,86.09985508333334,4.534791754166666,1018.5970162499999,0.4119873072,0.5,0.5,1,19.5728,9692.7,6,0,1,1,0.8589295749884992
2020-04-17,Penrith,Low risk,1.1159501636363636,0,0,26.33603,8.880849216666666,55.80380970833334,2.263179951666667,996.8795416666667,0.0,55.0,3.0,0,11.4378,1496.4,4,0,0,0,0.04631610756434507
2020-06-25,Fairfield,Low risk,0.6183943636363637,0,0,17.782715,6.576590262500001,71.96825529166667,2.4421693833333333,1011.7794704166666,0.0,27.0,4.0,0,13.6634,4527.0,6,0,0,0,0.07450059764560031
2020-07-04,Coogee,Low risk,0.6840515000000003,0,0,14.723419,5.828432754166666,65.0537275,6.004963175,1013.9737895833333,2.1581649703,0.5,0.5,1,18.7764,7453.6,7,0,0,1,0.6793375056401658
2020-11-27,Fairfield,Low risk,0.6674083636363636,0,0,27.00467,16.3558515,70.293894625,3.306894428333333,1008.7634475,0.00095367432,27.0,4.0,0,13.6634,4527.0,11,0,0,0,0.06466505554600004
2020-11-09,Fairfield,Low risk,0.8262800909090909,0,0,20.565765,11.327816,72.660964875,1.7804513866666667,1019.0379791666666,1.3799667355,27.0,4.0,0,13.6634,4527.0,11,0,0,0,0.09708051207623006
2020-08-25,Fairfield,Low risk,0.7339865727272726,0,0,15.486603,2.680203747083333,67.384259375,2.0032682333333334,1018.95089375,0.0,27.0,4.0,0,13.6634,4527.0,8,0,0,0,0.11924817060879145
2020-05-13,Cronulla,Moderate risk,0.3062854545454545,0,0,17.443573,10.032630920833332,71.24916166666667,3.8881545958333334,1017.9639016666666,0.96988678,0.5,0.5,1,18.6816,1026.8,5,0,0,1,0.7946558796794195
2020-10-04,Ryde,Low risk,1.1769908181818183,1,0,30.80893,12.650246043478262,65.1142467826087,2.9527329739130437,1011.711467826087,0.0,13.0,2.0,0,23.3227,4521.5,10,0,0,0,0.06205098331011507
2020-08-12,Blacktown,Low risk,0.5301846363636364,0,0,18.109222,9.706850791666666,85.29988733333333,1.6566184233333334,1007.5484670833333,0.7972717256,35.0,6.0,0,9.17505,3615.4,8,0,0,0,0.19140673990441207
2020-08-09,Blacktown,Extreme risk,0.0,0,1,14.38858,7.4902750791666675,77.92276608333333,3.908645754166667,1002.2803879166667,18.27526093316,35.0,6.0,0,9.17505,3615.4,8,0,1,1,0.6078057513270967
2020-11-14,Coogee,Extreme risk,0.10531054545454537,0,1,20.774963,15.537843083333334,78.592725875,3.317820825,1004.2143487499999,0.00286102296,0.5,0.5,1,18.7764,7453.6,11,0,1,1,0.5676739770769939
2020-09-08,Manly,Moderate risk,0.37273488888888906,0,0,20.418243,12.1010894375,74.26171195833334,5.2075232875,1022.6254758333333,0.0,0.5,0.5,1,26.2541,3641.8,9,0,0,0,0.45047210522184483
2020-03-08,Liverpool,Moderate risk,0.2779929090909089,0,0,21.358887,15.836995375,82.09882475,2.758106258333333,1012.3519583333333,4.8856735343,30.0,2.0,0,8.27098,5139.4,3,0,0,0,0.3803666410922976
2020-11-17,Cronulla,Extreme risk,0.09587099999999982,0,1,21.253387,14.848489229166667,78.28487137500001,6.1614541916666665,1014.3760641666667,0.79441070746,0.5,0.5,1,18.6816,1026.8,11,0,1,1,0.867756880614907
2020-04-01,Coogee,Extreme risk,0.08486109090909076,0,1,22.329163,18.648333291666667,85.13821962499999,4.5116159,1013.6391983333333,2.9449462779999998,0.5,0.5,1,18.7764,7453.6,4,0,1,1,0.8678261306772564
2020-01-11,Cronulla,High risk,0.16532137500000044,0,1,25.162384,16.5843150625,76.01780570833334,7.999488679166666,1006.5467979166666,1.64651871076,0.5,0.5,1,18.6816,1026.8,1,1,1,1,0.8936773155504958
2020-01-13,Bondi,High risk,0.16452854545454573,0,1,22.421478,15.750750229166668,71.62902958333333,4.229079954166667,1013.8348875,1.11675262726,0.5,0.5,1,19.5728,9692.7,1,1,1,1,0.8824466395665574
2020-03-17,Manly,Moderate risk,0.3266323636363637,0,0,20.838043,13.949433666666666,71.808885125,3.1036905000000004,1021.8309675,1.30271911256,0.5,0.5,1,26.2541,3641.8,3,0,0,1,0.7741345318614782
2020-05-18,Manly,High risk,0.14227018181818157,0,1,18.590668,11.460409770833332,68.90950333333333,2.2852881291666667,1026.8052333333333,1.03139877786,0.5,0.5,1,26.2541,3641.8,5,0,1,1,0.7339649518385707
2020-08-14,Cronulla,High risk,0.164659,0,1,16.893707,12.658927875000002,83.47302758333333,1.7531113683333333,1009.3816104166667,6.165504417759999,0.5,0.5,1,18.6816,1026.8,8,0,1,1,0.8241565946752829
2020-09-16,Manly,Low risk,0.41901463636363656,0,0,21.63089,13.578983270833334,76.02268933333333,4.562968554166667,1017.3303566666667,0.0,0.5,0.5,1,26.2541,3641.8,9,0,0,0,0.4936636830830896
2020-08-01,Liverpool,Low risk,0.6017733636363636,0,0,17.620514,7.6585796083333335,81.59163145833334,1.7693908624999999,1017.2162945833334,0.0,30.0,2.0,0,8.27098,5139.4,8,0,0,0,0.12743583176511053
2020-07-25,Coogee,High risk,0.16950299999999982,0,1,16.557404,11.8494174375,84.27022195833334,2.74846149625,1019.8676425,1.17206572656,0.5,0.5,1,18.7764,7453.6,7,0,1,1,0.837149237793125
2020-03-22,Liverpool,Moderate risk,0.31365690909090915,0,0,28.101776,15.747482291666666,72.27384475000001,2.7380139995833335,1010.8022579166667,0.2179145801,30.0,2.0,0,8.27098,5139.4,3,0,0,0,0.10647928142853264
2020-04-10,Cronulla,Moderate risk,0.21752654545454544,0,0,20.244812,16.31286875,84.10633233333333,5.928311791666666,1011.8499491666666,8.6908340243,0.5,0.5,1,18.6816,1026.8,4,0,0,1,0.8713139047578733
2020-07-15,Fairfield,Moderate risk,0.299166590909091,0,0,15.528961,6.516896545833333,64.93673820833332,5.777277225,1010.3368554166667,0.2174377438,27.0,4.0,0,13.6634,4527.0,7,0,0,0,0.29080897877923356
2020-09-03,Blacktown,Low risk,0.7592995454545456,0,0,29.806976,9.234654808333334,49.823106208333336,4.090624991666666,1008.0578341666666,0.0,35.0,6.0,0,9.17505,3615.4,9,0,0,0,0.12261941793911058
2020-10-29,Parramatta,Low risk,0.6134338181818181,0,0,19.725983,14.095863458333334,85.06815879166668,2.209584769166667,1004.8507379166667,14.084815967159999,20.0,1.0,0,17.0356,4087.8,10,0,0,0,0.46853798952559655
2020-03-08,Campbelltown,Moderate risk,0.2676946363636361,0,0,21.708496,14.7819010625,78.86423733333334,1.9709572416666667,1005.6069591666666,2.6655197131,40.0,10.0,0,10.7411,1577.7,3,0,0,0,0.1680237131224921
2020-06-30,Parramatta,Low risk,0.6590332000000001,0,0,17.867493,8.196824429166666,86.99883470833333,1.8439814916666668,1017.0864920833333,0.07009506376,20.0,1.0,0,17.0356,4087.8,6,0,0,0,0.17231030664452018
2020-08-28,Blacktown,Low risk,0.7802983818181818,0,0,18.189606,1.8338648341666666,49.986403583333335,2.6641672708333335,1016.7816408333333,0.0,35.0,6.0,0,9.17505,3615.4,8,0,0,0,0.06871256530317356
2020-02-28,Parramatta,Low risk,0.4774004545454544,0,0,25.451569,13.465255795833334,68.70613387499999,2.813147520833333,1004.2254045833333,0.300884254,20.0,1.0,0,17.0356,4087.8,2,1,0,0,0.07776129012366365
2020-11-19,Bondi,High risk,0.1206138181818181,0,1,20.68686,15.629904458333334,77.71348475,5.836724916666667,1016.4012129166667,0.00047683716,0.5,0.5,1,19.5728,9692.7,11,0,1,1,0.6069705073797234
2020-07-08,Bondi,High risk,0.18276069999999986,0,1,14.89743,8.963705687500001,69.91755024999999,2.2723423320833334,1025.1254999999999,0.532627107,0.5,0.5,1,19.5728,9692.7,7,0,1,1,0.7936634232089942
2020-11-03,Fairfield,Low risk,0.903092818181818,0,0,22.073029,11.625158937499998,74.83518508333333,2.0944943791666666,1017.16701375,0.023841858,27.0,4.0,0,13.6634,4527.0,11,0,0,0,0.09631191348310807
2020-11-04,Ryde,Low risk,0.8531646250000002,0,0,26.901764,12.2210108125,69.47887370833332,2.5408955166666667,1007.4825412499999,0.0,13.0,2.0,0,23.3227,4521.5,11,0,0,0,0.05632521547551486
2020-07-22,Fairfield,Low risk,0.6769742090909091,0,0,17.676483,5.337375620833334,76.05316045833334,1.7621468166666665,1018.9444729166667,0.0,27.0,4.0,0,13.6634,4527.0,7,0,0,0,0.06909106919744823
2020-08-08,Fairfield,Low risk,0.42914654545454556,0,0,16.205597,10.928410791666666,88.112621,2.0760548958333334,1005.5694562499999,2.4981498177,27.0,4.0,0,13.6634,4527.0,8,0,0,0,0.34609442769707655
2020-01-26,Liverpool,Low risk,0.7061961818181818,1,0,33.421722,22.243616791666668,73.83030408333333,2.1067181041666667,1002.8648379166666,1.2626647989,30.0,2.0,0,8.27098,5139.4,1,1,0,0,0.12374894300627248
2020-06-26,Blacktown,Moderate risk,0.3099809363636364,0,0,17.886871,5.6674194125,73.600320125,2.3072928999999998,1015.7794670833333,0.0019073486,35.0,6.0,0,9.17505,3615.4,6,0,0,0,0.06962271918183055
2020-06-15,Bondi,Moderate risk,0.3639276363636364,0,0,18.230316,8.127755508333333,62.455278416666665,4.0222662125,1017.1815083333332,0.0,0.5,0.5,1,19.5728,9692.7,6,0,0,0,0.45022556145240517
2020-12-20,Manly,High risk,0.17948899999999987,0,1,21.237213,17.32784141666667,83.55878716666666,2.902085920833333,1007.7667316666666,6.29854201572,0.5,0.5,1,26.2541,3641.8,12,1,1,1,0.8454884317876034
2020-07-15,Manly,High risk,0.18730581818181816,0,1,15.009491,8.838511141666666,72.25557458333333,10.521987666666666,1012.2847674999999,5.824565868,0.5,0.5,1,26.2541,3641.8,7,0,1,1,0.7580292817258122
2020-05-14,Blacktown,Low risk,0.394681090909091,0,0,17.143097,9.201117208333333,80.55251883333334,3.6513077541666665,1019.4683708333333,2.55298617362,35.0,6.0,0,9.17505,3615.4,5,0,0,0,0.26668321363922176
2020-05-13,Manly,Moderate risk,0.28178263636363626,0,0,17.713104,8.6869278,69.15241291666666,3.719669025,1017.9989029166667,0.754356385,0.5,0.5,1,26.2541,3641.8,5,0,0,1,0.6869565348895734
2020-09-16,Liverpool,Low risk,0.8055559090909092,0,0,25.258118,12.39465725,73.53985333333334,2.3496760041666667,1014.0070241666667,0.0061988831,30.0,2.0,0,8.27098,5139.4,9,0,0,0,0.08349340024576705
2020-04-27,Ryde,Moderate risk,0.21136472727272737,0,0,20.960236,14.147978416666668,81.40335083333333,2.2649731583333335,1015.6978308333333,2.3918151733,13.0,2.0,0,23.3227,4521.5,4,0,0,0,0.21245086090284448
2020-01-06,Cronulla,Extreme risk,0.09014799999999923,0,1,21.541962,16.739598583333333,78.28533095833333,4.174622945833334,1014.9114183333332,1.366138484,0.5,0.5,1,18.6816,1026.8,1,1,1,1,0.8906596724129398
2020-12-09,Fairfield,Low risk,0.7799988181818182,0,0,25.755768,10.9556185625,62.756026,2.4227605708333333,1010.4992770833333,0.0019073486,27.0,4.0,0,13.6634,4527.0,12,1,0,0,0.05279450738266779
2020-10-28,Fairfield,Low risk,0.3823629999999998,0,0,19.590973,12.787981666666667,81.7185585,2.0234461291666666,1010.48608875,0.94604492212,27.0,4.0,0,13.6634,4527.0,10,0,0,0,0.1742834739714345
2020-10-28,Blacktown,Low risk,0.3823629999999998,0,0,19.590973,12.787981666666667,81.7185585,2.0234461291666666,1010.48608875,0.94604492212,35.0,6.0,0,9.17505,3615.4,10,0,0,0,0.17165609699422782
2020-06-17,Coogee,Extreme risk,0.06220036363636374,0,1,16.170502,11.318965979166668,76.86343087499999,6.2234048416666665,1026.5191158333334,3.38983537,0.5,0.5,1,18.7764,7453.6,6,0,1,1,0.8401441401016956
2020-06-24,Parramatta,Low risk,0.5952315454545455,0,0,18.218964,5.95659255,68.9396375,3.6591438083333334,1007.20428125,0.0,20.0,1.0,0,17.0356,4087.8,6,0,0,0,0.13035039599700463
2020-09-10,Coogee,High risk,0.13079839999999993,0,1,15.65979,8.645550954166668,66.25281220833334,6.308675020833333,1023.67845125,1.1992454478,0.5,0.5,1,18.7764,7453.6,9,0,1,1,0.7921214315750812
2020-01-03,Manly,Moderate risk,0.23793727272727272,0,0,25.000427,20.430864958333334,84.378209625,4.538500541666667,1009.8708633333334,1.6937255825,0.5,0.5,1,26.2541,3641.8,1,1,0,1,0.8625191651252442
2020-05-13,Coogee,Moderate risk,0.3062854545454545,0,0,17.443573,10.032630920833332,71.24916166666667,3.8881545958333334,1017.9639016666666,0.96988678,0.5,0.5,1,18.7764,7453.6,5,0,0,1,0.8093782734530328
2020-10-06,Coogee,Extreme risk,0.0206568888888887,0,1,17.400421,14.506375645833332,86.29143233333333,6.927320791666666,1016.2324133333333,0.5288124071,0.5,0.5,1,18.7764,7453.6,10,0,1,1,0.878387413803147
2020-08-08,Campbelltown,Low risk,0.4493879727272727,0,0,15.706512,10.8118743125,89.48333183333334,2.1719646483333332,998.1123758333333,3.49855424,40.0,10.0,0,10.7411,1577.7,8,0,0,0,0.3719842577961451
2020-06-03,Ryde,Low risk,0.38559245454545454,0,0,18.3414,4.90278755,60.701075,4.116323441666666,1015.4671929166667,0.0,13.0,2.0,0,23.3227,4521.5,6,0,0,0,0.14998872592033988
2020-08-04,Ryde,Low risk,0.9290827272727273,0,0,21.022644,3.8138249799999997,58.84310179166667,3.1046063458333335,1004.3522479166667,0.0,13.0,2.0,0,23.3227,4521.5,8,0,0,0,0.07396362786886769
2020-05-21,Manly,Low risk,0.5962421666666667,0,0,18.247284,12.722184458333333,79.66139429166667,4.3918042250000005,1007.3317704166666,25.672912514500002,0.5,0.5,1,26.2541,3641.8,5,0,0,1,0.7941004949656567
2020-01-18,Parramatta,Moderate risk,0.27440290909090914,0,0,23.102814,18.142894791666667,81.42390358333334,3.4022126020833334,1002.0768262500001,4.8809051731,20.0,1.0,0,17.0356,4087.8,1,1,0,0,0.4049274648537741
2020-09-18,Ryde,High risk,0.17857670000000017,0,1,17.546234,13.205702395833333,83.044682,2.260536329166667,1022.9156520833334,1.3751983606,13.0,2.0,0,23.3227,4521.5,9,0,1,0,0.2541590614328162
2020-12-17,Campbelltown,Low risk,0.864119090909091,1,0,31.457367,21.029408874999998,80.17023379166666,1.4292895654166669,991.2625937500001,5.88130959312,40.0,10.0,0,10.7411,1577.7,12,1,0,0,0.16241429738772648
2020-05-24,Cronulla,High risk,0.18539950000000024,0,1,16.69339,11.129178354166667,72.057294,11.659369499999999,1006.6620158333334,2.68745421,0.5,0.5,1,18.6816,1026.8,5,0,1,1,0.8104867760605918
2020-04-17,Ryde,Low risk,1.0119018181818182,0,0,26.714935,9.335194945833333,52.4480935,2.7426362083333333,1003.057455,0.0,13.0,2.0,0,23.3227,4521.5,4,0,0,0,0.05612251803247906
2020-09-07,Fairfield,Low risk,0.842448818181818,0,0,21.74524,10.179531104166667,72.09953366666666,2.9007886708333337,1022.9760629166667,0.0,27.0,4.0,0,13.6634,4527.0,9,0,0,0,0.08968731550425893
2020-12-06,Blacktown,Low risk,1.335404818181818,1,0,30.072723,11.035653445833333,48.26952941666667,4.290104658333333,994.6235058333333,0.0262260432,35.0,6.0,0,9.17505,3615.4,12,1,0,0,0.1423981831848652
2020-02-29,Bondi,High risk,0.11081209090909089,0,1,23.024902,16.55453625,70.98052858333334,3.557886620833333,1011.0375320833333,0.6284713775,0.5,0.5,1,19.5728,9692.7,2,1,1,1,0.8793037488802143
2020-02-16,Parramatta,Moderate risk,0.23856972727272724,0,0,25.592072,18.501014708333333,78.53788362499999,2.180851145833333,1006.2659554166667,0.47159195,20.0,1.0,0,17.0356,4087.8,2,1,0,0,0.08273080057012923
2020-01-13,Manly,Moderate risk,0.21708536363636358,0,0,22.835114,15.627784624999999,70.84404033333334,4.0999694,1013.6636466666668,1.29318237576,0.5,0.5,1,26.2541,3641.8,1,1,0,1,0.8206789503754895
2020-06-23,Bondi,Moderate risk,0.3577067777777779,0,0,15.365387,6.1490758375,64.62430575,6.60373315,1006.8167283333333,0.00047683716,0.5,0.5,1,19.5728,9692.7,6,0,0,0,0.4809347671451028
2020-01-24,Campbelltown,Low risk,0.5061202727272726,0,0,28.025848,17.733047541666668,63.909260208333336,2.641459691666667,994.18902875,0.5159378112599999,40.0,10.0,0,10.7411,1577.7,1,1,0,0,0.0717063805253753
2020-12-16,Blacktown,Moderate risk,0.33542418181818173,0,0,27.83786,21.719426458333334,87.72813179166667,3.5332617083333333,1002.9622183333332,20.13254161546,35.0,6.0,0,9.17505,3615.4,12,1,0,0,0.427292799412974
2020-08-28,Bankstown,Low risk,0.6171236818181818,0,0,17.187653,3.1654892112499997,53.866357083333334,2.7971545979166668,1016.0187299999999,0.0,18.0,5.0,0,12.4235,6471.6,8,0,0,0,0.08786402558993314
2020-09-02,Fairfield,Low risk,0.5460676363636363,0,0,24.197021,6.972214979166666,66.60027616666666,2.749569741666667,1011.9462149999999,0.0,27.0,4.0,0,13.6634,4527.0,9,0,0,0,0.0651501371128796
2020-10-19,Parramatta,Moderate risk,0.33926399999999984,0,0,20.16153,12.649773854166666,75.28556370833333,3.288476375,1009.4263833333333,1.05524063872,20.0,1.0,0,17.0356,4087.8,10,0,0,0,0.12380391162856418
2020-02-17,Campbelltown,Moderate risk,0.3333496,0,0,24.72116,19.386217708333334,85.26926104166667,1.1367620091666668,998.9988304166667,4.9476624097,40.0,10.0,0,10.7411,1577.7,2,1,0,0,0.320846570651105
2020-05-07,Coogee,Moderate risk,0.3744311818181817,0,0,21.128021,12.876234625,74.32818825,4.389174325,1016.03949625,0.0,0.5,0.5,1,18.7764,7453.6,5,0,0,0,0.49537947450764314
2020-02-13,Penrith,Low risk,0.4367980909090909,0,0,24.633759,21.343892416666666,91.99049395833333,1.8993613308333333,997.6113995833333,9.2110633096,55.0,3.0,0,11.4378,1496.4,2,1,0,0,0.4356457545721849
2020-07-31,Penrith,Low risk,0.7371271454545455,0,0,16.082031,5.390869129166667,74.26895308333333,1.5435997779166666,1013.6823612500001,0.00143051146,55.0,3.0,0,11.4378,1496.4,7,0,0,0,0.12489291573001945
2020-12-30,Bondi,Extreme risk,0.05413545454545437,0,1,20.61142,16.887166291666666,81.82088266666666,5.925335166666667,1013.3584633333334,11.87753680316,0.5,0.5,1,19.5728,9692.7,12,1,1,1,0.8963403823957689
2020-12-17,Liverpool,Low risk,0.6379117272727274,0,0,29.480804,21.066192666666666,80.245520125,2.5836074,997.9650908333333,3.0155182353,30.0,2.0,0,8.27098,5139.4,12,1,0,0,0.16763138099115146
2020-08-15,Fairfield,Moderate risk,0.2496476818181817,0,0,18.240662,10.106562341666667,75.57767091666666,3.3396596375,999.7235545833333,2.76708601222,27.0,4.0,0,13.6634,4527.0,8,0,0,0,0.1754981989845982
2020-08-04,Manly,Low risk,0.8014193636363637,0,0,19.667816,6.642926545833333,60.2130325,5.512277183333333,1006.71308375,0.0,0.5,0.5,1,26.2541,3641.8,8,0,0,0,0.4187306676148739
2020-04-25,Liverpool,Low risk,0.7874311818181817,0,0,25.523254,13.233854854166667,73.18454054166666,2.3286227333333334,1011.4796045833333,0.0,30.0,2.0,0,8.27098,5139.4,4,0,0,0,0.08684385494276992
2020-03-23,Bankstown,Moderate risk,0.32212127272727287,0,0,21.177094,14.123685104166666,71.99233054166668,4.178405179166666,1016.4357441666666,2.1915435896,18.0,5.0,0,12.4235,6471.6,3,0,0,0,0.2733149989705601
2020-08-02,Cronulla,Moderate risk,0.32419936363636365,0,0,15.917755,8.8700789875,73.455753,2.3515707883333334,1018.8043899999999,0.0,0.5,0.5,1,18.6816,1026.8,8,0,0,0,0.43120844966112154
2020-09-26,Manly,Moderate risk,0.3669294545454546,0,0,16.249603,2.9816296875,51.433388666666666,8.816879816666667,1005.5981416666667,0.12207031199999999,0.5,0.5,1,26.2541,3641.8,9,0,0,0,0.4301927426550008
2020-09-18,Blacktown,High risk,0.17857670000000017,0,1,17.546234,13.205702395833333,83.044682,2.260536329166667,1022.9156520833334,1.3751983606,35.0,6.0,0,9.17505,3615.4,9,0,1,0,0.26355848815992394
2020-02-09,Ryde,Extreme risk,0.07862549999999971,0,1,22.000458,20.02575675,92.25915375,8.720497045833334,1004.6304983333333,154.5443544,13.0,2.0,0,23.3227,4521.5,2,1,1,1,0.7441552937764054
2020-02-18,Ryde,Low risk,0.8638028181818181,1,0,31.27356,20.480128,76.803844,2.3514598858333335,999.8669679166666,0.58507920226,13.0,2.0,0,23.3227,4521.5,2,1,0,0,0.08385975624304293
2020-05-31,Parramatta,Low risk,0.6576537500000001,0,0,20.803436,10.5930684375,81.03800383333333,2.5454875291666665,1010.3832245833333,0.0267028811,20.0,1.0,0,17.0356,4087.8,5,0,0,0,0.15221203745749953
2020-12-31,Blacktown,Moderate risk,0.3728822000000001,0,0,22.795837,16.38642,78.86497808333333,2.8388911958333334,1012.1082816666667,0.87928772248,35.0,6.0,0,9.17505,3615.4,12,1,0,0,0.12444278548180757
2020-04-07,Campbelltown,Low risk,0.5718139999999998,0,0,20.09201,12.30622625,76.13897974999999,1.8901509958333333,1006.6354854166666,0.9517669708,40.0,10.0,0,10.7411,1577.7,4,0,0,0,0.11381339200939071
2020-05-30,Blacktown,Low risk,0.4745514,0,0,19.591095,10.652506479166666,85.84653616666667,2.171254858333333,1018.0975229166667,0.00190734862,35.0,6.0,0,9.17505,3615.4,5,0,0,0,0.1730984002194298
2020-05-13,Fairfield,Low risk,0.7225341666666667,0,0,18.32425,6.523434975,74.62582483333334,1.7866981416666665,1015.6151541666667,0.0,27.0,4.0,0,13.6634,4527.0,5,0,0,0,0.07023108548267
2020-07-05,Manly,Moderate risk,0.37501945454545454,0,0,16.663116,6.641868612500001,65.34090808333333,6.531757770833333,1016.8221979166666,0.0,0.5,0.5,1,26.2541,3641.8,7,0,0,0,0.4472203251958199
2020-04-05,Manly,Low risk,0.40183336363636357,0,0,22.68042,8.692895291666668,52.367998166666666,4.579618,1008.0126316666666,0.0,0.5,0.5,1,26.2541,3641.8,4,0,0,0,0.33039276421100594
2020-05-12,Parramatta,Low risk,0.7266734545454545,0,0,20.104431,6.4493954874999995,74.26724583333333,2.1115246874999998,1018.21373125,0.0,20.0,1.0,0,17.0356,4087.8,5,0,0,0,0.06502853874136649
2020-11-07,Bondi,High risk,0.11892427272727266,0,1,17.059113,11.561843833333334,72.89588675,6.621048283333334,1016.6510324999999,1.3570785492600002,0.5,0.5,1,19.5728,9692.7,11,0,1,1,0.8353543630477407
2020-10-01,Penrith,Low risk,1.0241504545454545,0,0,24.7706,8.787531533333334,59.79544466666667,2.7498875875,1001.8809941666667,0.94318389746,55.0,3.0,0,11.4378,1496.4,10,0,0,0,0.07803943315833017
2020-04-20,Bondi,Moderate risk,0.27642263636363623,0,0,20.980988,12.755575854166667,71.06182295833334,3.9120154374999996,1009.5791091666666,0.0877380373,0.5,0.5,1,19.5728,9692.7,4,0,0,1,0.7680538153239245
2020-01-04,Ryde,Low risk,1.9193170909090909,1,0,45.30652,15.815968958333334,48.353283041666664,2.515926142916667,1000.6183912500001,0.0,13.0,2.0,0,23.3227,4521.5,1,1,0,0,0.058084541143589775
2020-12-12,Coogee,Extreme risk,0.06777650000000009,0,1,19.942078,12.020991125,63.57181083333333,5.803218666666666,1023.6596416666666,1.0738372758599999,0.5,0.5,1,18.7764,7453.6,12,1,1,1,0.8292645926765921
2020-05-25,Manly,Extreme risk,0.0,0,1,16.295746,12.1721255625,81.76383625,10.3443459375,1012.0315291666667,13.26513286,0.5,0.5,1,26.2541,3641.8,5,0,1,1,0.8304906500882714
2020-06-08,Parramatta,Moderate risk,0.2964033636363636,0,0,17.18988,9.043827041666667,78.46118758333334,3.541660041666667,1020.6344558333334,0.9813308856,20.0,1.0,0,17.0356,4087.8,6,0,0,0,0.15980270190264048
2020-08-19,Coogee,Moderate risk,0.22863772727272727,0,0,17.872772,7.9546864375,63.932782124999996,6.7912809958333336,991.5839220833333,0.2074241604,0.5,0.5,1,18.7764,7453.6,8,0,0,1,0.6161748387390178
2020-07-06,Bankstown,High risk,0.19073763636363641,0,1,16.94049,7.008015925,75.45271783333332,2.4365656791666668,1018.88270875,0.00381469726,18.0,5.0,0,12.4235,6471.6,7,0,1,0,0.0860319655589283
2020-05-12,Coogee,Moderate risk,0.3026678181818181,0,0,17.501587,9.6341285875,68.352674875,3.8524546500000003,1020.65039875,0.0,0.5,0.5,1,18.7764,7453.6,5,0,0,0,0.4578136381387511
2020-01-09,Manly,Extreme risk,0.10704211111111109,0,1,23.134674,19.010276791666666,83.13667141666667,4.810659666666667,1011.7692829166667,1.23310089156,0.5,0.5,1,26.2541,3641.8,1,1,1,1,0.8672740375744802
2020-02-15,Campbelltown,Low risk,0.5584994545454546,0,0,26.932404,17.884398083333334,79.95282033333334,1.1913785516666666,992.0491170833334,1.21355056114,40.0,10.0,0,10.7411,1577.7,2,1,0,0,0.07877657076799935
2020-09-23,Campbelltown,Low risk,0.7422512727272725,0,0,21.922058,4.530667608333333,46.342787625,2.8436546291666667,997.1162533333332,0.0,40.0,10.0,0,10.7411,1577.7,9,0,0,0,0.06849405507128963
2020-05-02,Fairfield,Moderate risk,0.365811409090909,0,0,17.996857,3.5220832666666664,49.178287125,5.7447316625000004,998.5057125,0.0114440916,27.0,4.0,0,13.6634,4527.0,5,0,0,0,0.20286624459164945
2020-11-16,Liverpool,Low risk,1.2684409090909092,1,0,34.56244,15.449433666666666,60.158565375,3.0905352875,1003.0720391666667,0.0,30.0,2.0,0,8.27098,5139.4,11,0,0,0,0.08473653370385444
2020-06-26,Coogee,High risk,0.132424090909091,0,1,16.02945,8.540547679166666,70.78319775,5.005920258333333,1018.0544704166667,0.103950499,0.5,0.5,1,18.7764,7453.6,6,0,1,1,0.7799972771275671
2020-10-13,Blacktown,Low risk,0.910933,0,0,28.804047,11.866972583333334,68.46178979166667,2.025077427083333,1014.7796083333333,0.00524520872,35.0,6.0,0,9.17505,3615.4,10,0,0,0,0.05715955632465858
2020-12-21,Ryde,High risk,0.15170563636363646,0,1,23.128052,18.776510833333333,91.39467175,1.3996164362499999,1002.9308129166666,10.64538959132,13.0,2.0,0,23.3227,4521.5,12,1,1,1,0.5307540374329884
2020-04-22,Ryde,Low risk,0.9620583636363637,0,0,25.324188,9.994099916666666,64.366602875,1.9287861670833335,1010.25328125,0.0,13.0,2.0,0,23.3227,4521.5,4,0,0,0,0.05337268854392004
2020-11-13,Manly,Moderate risk,0.3140897272727272,0,0,24.438202,17.216998874999998,79.51147075,4.556145187499999,999.8924545833333,4.27961355686,0.5,0.5,1,26.2541,3641.8,11,0,0,1,0.7393543224551312
2020-04-12,Ryde,Low risk,0.7365500909090908,0,0,20.75772,5.6450627833333336,54.749570166666665,2.744793634583333,1007.8347320833333,0.0,13.0,2.0,0,23.3227,4521.5,4,0,0,0,0.07195633188576016
2020-12-25,Blacktown,Moderate risk,0.2751853636363635,0,0,20.69394,14.936038937500001,75.28934341666667,4.3867211374999995,1011.4159929166667,2.5057792643,35.0,6.0,0,9.17505,3615.4,12,1,0,0,0.28751743051552153
2020-07-10,Liverpool,Moderate risk,0.23669766666666683,0,0,16.556671,11.266732458333331,91.508728625,1.2964528095833334,1017.3011133333333,3.17907328316,30.0,2.0,0,8.27098,5139.4,7,0,0,0,0.3931705991431586
2020-09-26,Ryde,Low risk,0.505601409090909,0,0,17.133331,0.8320528729166666,45.463716250000004,6.053234275,1003.2023062499999,0.0,13.0,2.0,0,23.3227,4521.5,9,0,0,0,0.1913137412506679
2020-08-07,Campbelltown,Extreme risk,0.051559333333333214,0,1,11.459686,7.813906354166666,89.66138374999998,1.7442941083333334,1005.1267129166666,19.3333626446,40.0,10.0,0,10.7411,1577.7,8,0,1,1,0.5270866161516565
2020-04-02,Campbelltown,Low risk,0.5943630909090909,0,0,22.187622,18.700784,94.60337054166666,1.75587013875,998.7611695833334,9.49621201216,40.0,10.0,0,10.7411,1577.7,4,0,0,1,0.5168083546143087
2020-06-20,Liverpool,Low risk,0.4692199999999998,0,0,19.076569,10.061857833333333,81.80866133333333,2.488613675,1014.0917229166666,0.0,30.0,2.0,0,8.27098,5139.4,6,0,0,0,0.1594593258027403
2020-09-07,Blacktown,Low risk,0.842448818181818,0,0,21.74524,10.179531104166667,72.09953366666666,2.9007886708333337,1022.9760629166667,0.0,35.0,6.0,0,9.17505,3615.4,9,0,0,0,0.08572481113260226
2020-05-27,Bondi,High risk,0.1266257272727274,0,1,17.14273,11.9709675625,75.18770575,3.144309708333333,1016.57303625,0.60176848326,0.5,0.5,1,19.5728,9692.7,5,0,1,1,0.8147346288943872
2020-01-10,Fairfield,Low risk,1.083152090909091,1,0,33.9552,19.858631,67.5906125,3.1790272487499998,1002.0226383333334,0.0171661379,27.0,4.0,0,13.6634,4527.0,1,1,0,0,0.07917290327765986
2020-08-27,Parramatta,Low risk,0.44568422727272733,0,0,21.544342,1.5249239449583334,58.83395575,2.262511208333333,1016.50630375,0.0,20.0,1.0,0,17.0356,4087.8,8,0,0,0,0.06506251717426895
2020-06-18,Ryde,Low risk,0.5515108727272726,0,0,18.098602,8.9204712,74.508413625,1.7382577504166667,1028.530775,0.58364868396,13.0,2.0,0,23.3227,4521.5,6,0,0,0,0.14879841766668542
2020-09-12,Parramatta,Low risk,0.8694624272727274,0,0,22.51004,9.840820299999999,75.3606685,2.434723425,1018.8767875,0.0,20.0,1.0,0,17.0356,4087.8,9,0,0,0,0.06801981820580362
2020-02-11,Parramatta,Low risk,0.4155300909090911,0,0,29.378174,20.630855458333333,80.92667445833334,2.005537622083333,1000.8718895833334,0.9660720844,20.0,1.0,0,17.0356,4087.8,2,1,0,0,0.11953948569622973
2020-10-28,Coogee,High risk,0.16272518181818185,0,1,17.9346,13.378557833333334,80.82460041666667,3.8043156249999996,1012.979015,0.511646274,0.5,0.5,1,18.7764,7453.6,10,0,1,1,0.8641948512763021
2020-11-30,Cronulla,High risk,0.17039499999999919,0,1,20.461517,14.269220916666667,71.82457670833334,5.867745074999999,1011.5861283333334,0.52738189628,0.5,0.5,1,18.6816,1026.8,11,0,1,1,0.8278127312748693
2020-12-23,Blacktown,Low risk,0.5960276363636364,0,0,24.462402,11.407094341666665,57.70015154166666,3.8486694,1006.0942954166667,0.0042915344,35.0,6.0,0,9.17505,3615.4,12,1,0,0,0.1290799979214391
2020-12-18,Manly,Low risk,0.38982045454545466,0,0,27.189423,20.848668416666666,84.29810745833333,4.376966235416667,1001.8556841666667,9.57345961,0.5,0.5,1,26.2541,3641.8,12,1,0,1,0.7259813383082464
2020-02-04,Liverpool,Low risk,0.3881169999999999,0,0,22.040436,11.230553958333333,56.600980541666665,4.631442570833333,1011.7916991666666,0.9646415752999999,30.0,2.0,0,8.27098,5139.4,2,1,0,0,0.2423767056710633
2020-02-27,Blacktown,Low risk,0.8579795454545455,0,0,25.151123,15.561594583333333,69.58829595833333,2.9726782625,1002.3710170833333,0.8940696729,35.0,6.0,0,9.17505,3615.4,2,1,0,0,0.08071089127549108
2020-02-18,Bondi,High risk,0.13439945454545435,0,1,25.481598,21.311263999999998,88.52421245833334,4.025581187499999,1002.4015516666667,0.78821182598,0.5,0.5,1,19.5728,9692.7,2,1,1,1,0.8872144036230842
2020-08-11,Parramatta,Moderate risk,0.33033054545454554,0,0,16.777863,8.194224058333333,77.20953429166667,2.24487706875,1012.6100245833333,0.03480911256,20.0,1.0,0,17.0356,4087.8,8,0,0,0,0.097699185802215
2020-04-08,Cronulla,Extreme risk,0.07553099999999996,0,1,19.69281,14.262036770833333,76.23732129166667,3.307232975,1017.20503875,11.332035136,0.5,0.5,1,18.6816,1026.8,4,0,1,1,0.8214011993753084
2020-02-03,Campbelltown,Low risk,0.9811900909090909,1,0,32.906525,16.656820979166667,68.474339,3.608626175,992.5223850000001,1.3208389295,40.0,10.0,0,10.7411,1577.7,2,1,0,0,0.12727618768407883
2020-08-10,Manly,Extreme risk,0.09820554545454546,0,1,15.205872,9.858713791666666,75.62409733333332,9.772095679166666,1010.6558279166667,9.8509788268,0.5,0.5,1,26.2541,3641.8,8,0,1,1,0.7866234241677533
2020-07-12,Bankstown,Moderate risk,0.2912475499999999,0,0,16.500732,9.5846557875,88.27477016666667,1.3151560804166667,1007.6075533333333,4.4622421307,18.0,5.0,0,12.4235,6471.6,7,0,0,0,0.4059516822060193
2020-08-06,Penrith,Low risk,0.447488,0,0,15.420898,0.046836855624999986,59.609788583333334,1.9466180499999999,1004.8105591666667,0.0,55.0,3.0,0,11.4378,1496.4,8,0,0,0,0.14874563520503134
2020-01-09,Cronulla,Extreme risk,0.012268100000000004,0,1,22.421783,19.308209625,86.61832929166667,5.2120280375000005,1011.8634508333333,0.8521080021,0.5,0.5,1,18.6816,1026.8,1,1,1,1,0.899649682350651
2020-06-27,Ryde,Moderate risk,0.34226685,0,0,15.511444,7.650950133333333,81.15464733333333,2.3403836666666664,1019.6495170833333,0.6422996513,13.0,2.0,0,23.3227,4521.5,6,0,0,0,0.19850486626907685
2020-09-20,Liverpool,Low risk,0.38169440909090907,0,0,19.511444,15.0396448125,86.62060958333332,3.8757212708333335,1006.5818616666667,11.520862636759999,30.0,2.0,0,8.27098,5139.4,9,0,0,1,0.6508253303815086
2020-06-12,Bankstown,Moderate risk,0.3143737999999999,0,0,16.583618,12.3170713125,89.87120979166667,2.2284989158333333,1016.8385279166667,2.2382736172,18.0,5.0,0,12.4235,6471.6,6,0,0,0,0.3687485142899611
2020-12-26,Campbelltown,Low risk,0.47482572727272737,0,0,23.596466,16.045112624999998,82.78650387500001,2.1169577983333334,1003.50242875,19.2551612747,40.0,10.0,0,10.7411,1577.7,12,1,0,0,0.40662740447089346
2020-06-06,Blacktown,Low risk,0.5584161818181818,0,0,17.846771,6.46866355,78.06572108333333,1.8348795516666667,1016.9646854166667,0.0014305115,35.0,6.0,0,9.17505,3615.4,6,0,0,0,0.06975185162537663
2020-08-08,Coogee,Moderate risk,0.30485672727272733,0,0,15.1987,11.873153625,85.19459004166667,3.22970305,1007.8707120833333,4.7731399545999995,0.5,0.5,1,18.7764,7453.6,8,0,0,1,0.8285346727219287
2020-05-17,Campbelltown,Low risk,0.8871721428571429,0,0,19.364807,9.2539723375,81.34802670833334,1.4222793008333332,1015.9372529166667,0.0557899478,40.0,10.0,0,10.7411,1577.7,5,0,0,0,0.13992645972907886
2020-06-23,Campbelltown,Low risk,0.44776747777777776,0,0,15.326538,3.8824742708333333,68.85721629166666,3.5273905125,996.9979758333334,0.0,40.0,10.0,0,10.7411,1577.7,6,0,0,0,0.20029891520575
2020-05-01,Penrith,Extreme risk,0.082712888888889,0,1,15.385986,3.5338974208333336,56.69479908333333,4.658554166666667,993.7851083333334,0.0,55.0,3.0,0,11.4378,1496.4,5,0,1,0,0.311360106018812
2020-07-28,Blacktown,Low risk,0.4985351818181819,0,0,18.003754,11.963465375,81.61907620833334,4.528410541666667,1001.3847616666667,6.97565075246,35.0,6.0,0,9.17505,3615.4,7,0,0,1,0.5529694776833786
2020-03-15,Penrith,Moderate risk,0.2722334545454545,0,0,19.12442,11.140504166666666,72.78014387500001,3.2791594625000005,1008.3119150000001,0.9880065974200001,55.0,3.0,0,11.4378,1496.4,3,0,0,0,0.11438152400223524
2020-07-14,Bondi,Extreme risk,0.09920990909090915,0,1,15.573944,11.200185249999999,81.041397375,12.270911458333332,1011.6036349999999,14.420509288,0.5,0.5,1,19.5728,9692.7,7,0,1,1,0.8630655820021993
2020-03-01,Cronulla,Moderate risk,0.202337090909091,0,0,24.672943,20.22467425,84.40258333333334,4.721534195833333,1007.03125125,0.00286102292,0.5,0.5,1,18.6816,1026.8,3,0,0,1,0.6733738535450579
2020-01-25,Blacktown,Moderate risk,0.3270096363636364,0,0,28.604126,21.037690458333334,76.57834441666667,2.4598202125,1005.8092416666667,1.6813278025,35.0,6.0,0,9.17505,3615.4,1,1,0,0,0.08498741779143762
2020-07-17,Penrith,Low risk,0.44653314285714274,0,0,16.003143,6.548189791666666,70.45456800000001,2.7944432999999997,1006.5712020833333,0.008583069,55.0,3.0,0,11.4378,1496.4,7,0,0,0,0.14278835696789302
2020-01-04,Parramatta,Low risk,1.9193170909090909,1,0,45.30652,15.815968958333334,48.353283041666664,2.515926142916667,1000.6183912500001,0.0,20.0,1.0,0,17.0356,4087.8,1,1,0,0,0.05835252212835896
2020-06-09,Bankstown,High risk,0.18305554545454553,0,1,18.034027,12.211341895833334,87.21860149999999,2.261707557083333,1023.83974,2.357006091,18.0,5.0,0,12.4235,6471.6,6,0,1,0,0.3758766078263895
2020-08-17,Coogee,Moderate risk,0.3530967272727272,0,0,17.870636,7.398159016666667,60.325143875,6.717221029166667,1002.4890879166666,0.0,0.5,0.5,1,18.7764,7453.6,8,0,0,0,0.483602138933721
2020-02-19,Bondi,Low risk,0.6062732727272727,0,0,25.039215,14.836199458333333,58.41202079166666,4.6419790375,998.6096012500001,0.0009536743,0.5,0.5,1,19.5728,9692.7,2,1,0,0,0.3777443210053746
2020-06-30,Penrith,Low risk,0.6151067818181818,0,0,17.785461,7.559942966666667,87.51304595833334,1.7988296445833332,1010.6035854166666,0.13208389494,55.0,3.0,0,11.4378,1496.4,6,0,0,0,0.1744053586761299
2020-08-24,Fairfield,Low risk,0.8128440545454545,0,0,17.809723,1.3065617916666665,50.489694541666665,3.1337743916666665,1011.31563625,0.0,27.0,4.0,0,13.6634,4527.0,8,0,0,0,0.08266328648890019
2020-09-26,Bondi,Moderate risk,0.2714039090909091,0,0,15.6753845,4.075705195833334,55.36104529166667,8.9910140375,1005.2043941666667,0.10681152099999999,0.5,0.5,1,19.5728,9692.7,9,0,0,0,0.44273451419971765
2020-01-06,Coogee,Extreme risk,0.09014799999999923,0,1,21.541962,16.739598583333333,78.28533095833333,4.174622945833334,1014.9114183333332,1.366138484,0.5,0.5,1,18.7764,7453.6,1,1,1,1,0.8990442087013646
2020-06-21,Bankstown,Low risk,0.5174394545454545,0,0,17.44934,9.8102734875,81.29348804166666,2.272202104166667,1004.2656470833334,5.7153700851,18.0,5.0,0,12.4235,6471.6,6,0,0,0,0.3621337688624393
2020-08-16,Liverpool,Moderate risk,0.2578846363636364,0,0,18.297699,7.1357930624999995,60.309423125,4.9777219875,998.0681191666666,0.74434278716,30.0,2.0,0,8.27098,5139.4,8,0,0,0,0.23595385843702107
2020-03-14,Campbelltown,High risk,0.10834572727272729,0,1,17.31427,12.348654375,83.45162520833334,3.2110315249999997,1002.2372399999999,3.9176941055,40.0,10.0,0,10.7411,1577.7,3,0,1,0,0.3633883276883021
2020-10-02,Coogee,Moderate risk,0.27085745454545446,0,0,19.013855,12.915959645833333,78.55061341666666,3.7201448291666668,1018.4300975,0.0,0.5,0.5,1,18.7764,7453.6,10,0,0,0,0.4951535961152023
2020-02-12,Manly,Extreme risk,0.046319599999999995,0,1,24.043,21.628058125,90.7864565,3.2379959541666667,1004.6984629166667,2.610206592,0.5,0.5,1,26.2541,3641.8,2,1,1,1,0.8551868775120423
2020-03-31,Cronulla,High risk,0.15924909090909073,0,1,22.4003,18.388670708333333,83.18847516666666,3.332889358333333,1010.9077375,0.6928443910600001,0.5,0.5,1,18.6816,1026.8,3,0,1,1,0.8748478789190669
2020-08-05,Penrith,Low risk,0.6815407454545455,0,0,16.332245,-1.4516003976125,52.018650083333334,2.8379503291666666,999.76198875,0.0,55.0,3.0,0,11.4378,1496.4,8,0,0,0,0.13842031824556708
2020-07-09,Coogee,High risk,0.17077918181818175,0,1,15.86087,10.656712854166667,78.72821900000001,2.370283779166667,1024.38960625,0.20503997856,0.5,0.5,1,18.7764,7453.6,7,0,1,1,0.7989725024058452
2020-10-05,Penrith,Low risk,1.4999297999999999,1,0,33.04721,10.876347895833334,54.549195875,2.4845783083333335,1002.6193199999999,0.0,55.0,3.0,0,11.4378,1496.4,10,0,0,0,0.04566782112939876
2020-06-20,Manly,Moderate risk,0.2717562727272726,0,0,18.428131,11.156828520833335,78.48768470833333,4.5020567625,1017.4013150000001,0.00286102292,0.5,0.5,1,26.2541,3641.8,6,0,0,0,0.47166801129434804
2020-03-10,Blacktown,Low risk,0.7284490000000001,0,0,23.029205,14.5770925,77.75529620833333,1.8153960400000002,1013.8773074999999,2.51674654,35.0,6.0,0,9.17505,3615.4,3,0,0,0,0.16041769358962718
2020-10-07,Cronulla,High risk,0.12207000000000079,0,1,18.475616,16.084793208333334,90.50317641666668,3.0877652166666665,1014.6245508333333,1.6164779638,0.5,0.5,1,18.6816,1026.8,10,0,1,1,0.8528624037953978
2020-10-14,Fairfield,Low risk,0.5910978181818184,0,0,21.700134,13.011627166666665,72.63846395833333,3.0364710508333332,1018.2959279166666,0.7967948876,27.0,4.0,0,13.6634,4527.0,10,0,0,0,0.1197239380125294
2020-04-25,Manly,Low risk,0.44261590909090903,0,0,23.63263,14.599577604166667,72.36431279166666,3.5503997458333334,1014.6604433333333,0.0,0.5,0.5,1,26.2541,3641.8,4,0,0,0,0.43208203516337135
2020-11-01,Parramatta,Moderate risk,0.3456329,0,0,18.954254,13.501174937499998,84.28415266666667,5.3610934875,1009.2787400000001,17.16566098676,20.0,1.0,0,17.0356,4087.8,11,0,0,1,0.6046845645403766
2020-03-26,Bankstown,Low risk,0.3913383749999997,0,0,21.654755,14.6691309375,76.49024916666666,4.7442776958333335,1016.6569858333334,3.9281845206,18.0,5.0,0,12.4235,6471.6,3,0,0,0,0.3434844339042516
2020-01-21,Coogee,High risk,0.1273387272727275,0,1,25.477325,17.70832175,72.69523720833332,3.7315531985,1001.9206066666667,0.0,0.5,0.5,1,18.7764,7453.6,1,1,1,1,0.6461134776746457
2020-04-30,Cronulla,High risk,0.13967613636363635,0,1,20.906189,13.828483458333332,78.99261395833334,6.071845870833333,1002.23606375,13.02719132016,0.5,0.5,1,18.6816,1026.8,4,0,1,1,0.8607225373637591
2020-11-10,Manly,Moderate risk,0.24382154545454557,0,0,19.644806,11.107472708333333,67.188523875,3.594903132083333,1017.7366020833333,0.0152587891,0.5,0.5,1,26.2541,3641.8,11,0,0,1,0.5509257952577093
2020-08-30,Parramatta,Low risk,0.6910928181818181,0,0,25.813385,6.1957638875,62.82580470833333,2.4802767125,1015.0174216666666,0.0,20.0,1.0,0,17.0356,4087.8,8,0,0,0,0.04710778160622636
2020-05-31,Bankstown,Low risk,0.4930541999999999,0,0,20.16867,11.089406354166668,81.14745483333333,2.6069199166666666,1009.6115462500001,0.0162124636,18.0,5.0,0,12.4235,6471.6,5,0,0,0,0.1668553706913108
2020-02-20,Blacktown,Moderate risk,0.3208119090909091,0,0,23.838043,13.770614520833334,68.75044129166666,2.3617677958333334,1003.2781512500001,0.8320808348000001,35.0,6.0,0,9.17505,3615.4,2,1,0,0,0.11074415708904739
2020-08-08,Blacktown,Low risk,0.42914654545454556,0,0,16.205597,10.928410791666666,88.112621,2.0760548958333334,1005.5694562499999,2.4981498177,35.0,6.0,0,9.17505,3615.4,8,0,0,0,0.34429608802209477
2020-07-04,Bondi,Low risk,0.6840515000000003,0,0,14.723419,5.828432754166666,65.0537275,6.004963175,1013.9737895833333,2.1581649703,0.5,0.5,1,19.5728,9692.7,7,0,0,1,0.6840549039265267
2020-05-27,Cronulla,High risk,0.1266257272727274,0,1,17.14273,11.9709675625,75.18770575,3.144309708333333,1016.57303625,0.60176848326,0.5,0.5,1,18.6816,1026.8,5,0,1,1,0.7894391832428361
2020-10-27,Campbelltown,Low risk,0.5246109999999998,0,0,19.128204,11.435114562499999,79.49416520833334,3.3690888708333335,1004.8594175,2.898216244,40.0,10.0,0,10.7411,1577.7,10,0,0,0,0.1942689621884575
2020-05-23,Coogee,Extreme risk,0.03951033333333361,0,1,16.306396,10.462566416666666,72.98225808333333,9.009330320833334,1002.3343133333333,7.4057578817,0.5,0.5,1,18.7764,7453.6,5,0,1,1,0.8198491333345779
2020-10-01,Bankstown,Low risk,0.6148820000000002,0,0,23.2706,11.1255036,70.552361875,2.9772766458333333,1007.6301595833334,1.23119356432,18.0,5.0,0,12.4235,6471.6,10,0,0,0,0.12019478599568341
2020-09-30,Ryde,Moderate risk,0.3618808333333331,0,0,20.875763,9.8521219375,73.092033125,2.837080041666667,1009.75598875,0.23031235,13.0,2.0,0,23.3227,4521.5,9,0,0,0,0.10854558726806403
2020-12-13,Cronulla,Moderate risk,0.21342450000000035,0,0,20.80893,14.896963666666666,73.008467,4.5707987375,1019.6645841666667,0.84161757846,0.5,0.5,1,18.6816,1026.8,12,1,0,1,0.8383523608183725
2020-02-25,Ryde,Low risk,0.6067393636363637,0,0,29.15033,18.772903333333335,74.64528608333333,2.1056918254166668,1007.5106970833334,0.0076293945,13.0,2.0,0,23.3227,4521.5,2,1,0,0,0.06850503378447531
2020-04-12,Blacktown,Low risk,0.7365500909090908,0,0,20.75772,5.6450627833333336,54.749570166666665,2.744793634583333,1007.8347320833333,0.0,35.0,6.0,0,9.17505,3615.4,4,0,0,0,0.0707736356015597
2020-10-15,Ryde,Low risk,0.7858249090909091,0,0,28.458344,13.491587291666667,68.34757595833334,2.31526541375,1011.00140375,0.0190734864,13.0,2.0,0,23.3227,4521.5,10,0,0,0,0.0675046186854973
2020-12-26,Cronulla,High risk,0.1713811818181816,0,1,21.28006,16.013130166666667,77.29452758333333,5.3974679875,1013.5070091666666,6.157398327299999,0.5,0.5,1,18.6816,1026.8,12,1,1,1,0.8664071161361057
2020-08-23,Bankstown,Moderate risk,0.32305354545454534,0,0,15.872467,2.5148938458333334,52.40820675,6.5001520416666665,999.5206995833333,0.0,18.0,5.0,0,12.4235,6471.6,8,0,0,0,0.3177152544520227
2020-03-27,Blacktown,Low risk,0.6301824545454544,0,0,22.142487,14.283189104166667,78.37163120833334,2.2480125291666666,1018.4779429166666,1.286983496,35.0,6.0,0,9.17505,3615.4,3,0,0,0,0.11724121430465413
2020-06-29,Parramatta,Low risk,0.5116132727272729,0,0,15.639496,9.3956095625,88.898388625,1.9191762375,1019.8326254166667,3.764629366,20.0,1.0,0,17.0356,4087.8,6,0,0,0,0.37331244453617274
2020-08-18,Manly,Low risk,0.43140754545454546,0,0,19.271118,8.428742725000001,65.41669708333333,4.7673566958333335,1000.0492008333334,4.1251182487,0.5,0.5,1,26.2541,3641.8,8,0,0,1,0.5883718285359432
2020-11-14,Bondi,Extreme risk,0.10531054545454537,0,1,20.774963,15.537843083333334,78.592725875,3.317820825,1004.2143487499999,0.00286102296,0.5,0.5,1,19.5728,9692.7,11,0,1,1,0.5666842004339832
2020-10-30,Ryde,Low risk,0.38905833333333345,0,0,21.83728,13.284833291666667,81.08401445833333,1.8560871104166665,1002.871885,0.65040588516,13.0,2.0,0,23.3227,4521.5,10,0,0,0,0.1551657352305288
2020-05-14,Bankstown,Moderate risk,0.2847733636363635,0,0,16.618073,9.7858339375,80.712123,4.315390441666667,1018.9129612500001,3.39031220146,18.0,5.0,0,12.4235,6471.6,5,0,0,0,0.4324750312226635
2020-04-28,Fairfield,Moderate risk,0.29261645454545454,0,0,22.59256,15.842732708333335,81.52179970833333,2.736205329166667,1015.2033191666666,1.39188766176,27.0,4.0,0,13.6634,4527.0,4,0,0,0,0.1867739066201032
2020-12-01,Bondi,Moderate risk,0.2601318181818183,0,0,22.515564,17.940765375,81.83255129166666,6.8094324125000005,1006.3624770833334,0.20933151206,0.5,0.5,1,19.5728,9692.7,12,1,0,1,0.8783640316069805
2020-08-11,Ryde,Moderate risk,0.33033054545454554,0,0,16.777863,8.194224058333333,77.20953429166667,2.24487706875,1012.6100245833333,0.03480911256,13.0,2.0,0,23.3227,4521.5,8,0,0,0,0.1046879490333519
2020-07-07,Cronulla,Extreme risk,0.0027160000000000296,0,1,15.239502,9.6631470625,75.47651158333333,5.2676358625,1024.2928625,2.00510023116,0.5,0.5,1,18.6816,1026.8,7,0,1,1,0.8063794948087998
2020-12-09,Penrith,Low risk,0.9516962727272726,0,0,27.674957,10.616670000000001,62.030629833333336,1.8395213804166666,1004.0409491666666,0.012397766000000001,55.0,3.0,0,11.4378,1496.4,12,1,0,0,0.04586849117780265
2020-09-01,Campbelltown,Low risk,0.77190855,0,0,17.217865,6.224667870833333,68.94883008333333,1.7345426320833333,1008.09866875,0.01764297466,40.0,10.0,0,10.7411,1577.7,9,0,0,0,0.08232292256287475
2020-10-31,Fairfield,Low risk,0.5220305999999999,0,0,22.38443,14.887858083333333,81.955292625,2.836009754166667,1001.2582333333334,34.36708456996,27.0,4.0,0,13.6634,4527.0,10,0,0,0,0.4039089610991282
2020-09-08,Parramatta,Low risk,0.757717611111111,0,0,24.680084,10.5748850375,72.67362566666667,2.6339694083333334,1019.9821400000001,0.0,20.0,1.0,0,17.0356,4087.8,9,0,0,0,0.06124067279384386
2020-11-18,Parramatta,Low risk,0.7997512499999999,0,0,22.78061,13.923854916666668,70.949497,3.3949653916666667,1016.1200891666667,1.2259483397,20.0,1.0,0,17.0356,4087.8,11,0,0,0,0.10908531479092082
2020-10-12,Fairfield,Low risk,0.9174694545454544,0,0,24.934235,13.931447354166666,73.657659375,2.724194670833333,1015.0369379166667,0.223636625,27.0,4.0,0,13.6634,4527.0,10,0,0,0,0.0884668439538936
2020-07-10,Fairfield,High risk,0.1591575454545455,0,1,16.441437,10.534229291666668,91.27357645833332,1.4273195708333333,1017.9856883333333,2.53343584,27.0,4.0,0,13.6634,4527.0,7,0,1,0,0.3705347054227673
2020-04-22,Penrith,Low risk,0.9954390363636363,0,0,25.078094,9.475952091666667,68.58138820833334,1.9100814416666667,1004.0432870833333,0.0,55.0,3.0,0,11.4378,1496.4,4,0,0,0,0.05463667151704064
2020-06-10,Liverpool,Moderate risk,0.2623347272727272,0,0,16.895844,13.6942215,93.48020229166667,1.6213780929166666,1019.8312954166666,3.8461685163,30.0,2.0,0,8.27098,5139.4,6,0,0,0,0.3712967050408351
2020-06-16,Manly,Low risk,0.4772492,0,0,19.56717,10.004290333333334,72.671375625,3.7578303041666667,1018.58918125,0.0,0.5,0.5,1,26.2541,3641.8,6,0,0,0,0.4243119840689241
2020-08-12,Liverpool,Low risk,0.5065696363636363,0,0,16.904572,10.113181979166667,86.23679375,1.8473939583333332,1006.9072258333334,0.6232261733,30.0,2.0,0,8.27098,5139.4,8,0,0,0,0.22952345046344808
2020-04-20,Bankstown,Low risk,0.5010320909090907,0,0,20.000885,11.666301708333334,76.96291833333333,2.0073501375,1006.5632708333333,0.0,18.0,5.0,0,12.4235,6471.6,4,0,0,0,0.1050724497547974
2020-08-30,Bankstown,Low risk,0.6506098181818182,0,0,24.05362,7.087121341666666,64.68208129166666,2.4360678916666667,1014.2011783333334,0.0,18.0,5.0,0,12.4235,6471.6,8,0,0,0,0.07852499174648683
2020-10-12,Bankstown,Low risk,0.6964111818181817,0,0,23.049469,14.594940166666667,77.64912233333334,2.862871179166667,1014.5790108333334,0.5264282148,18.0,5.0,0,12.4235,6471.6,10,0,0,0,0.1328110101586077
2020-05-30,Ryde,Low risk,0.4745514,0,0,19.591095,10.652506479166666,85.84653616666667,2.171254858333333,1018.0975229166667,0.00190734862,13.0,2.0,0,23.3227,4521.5,5,0,0,0,0.18240957392400564
2020-02-15,Manly,High risk,0.149231,0,1,23.510132,17.999713833333335,79.766297875,2.45066815,1001.7782879166666,0.25415420414,0.5,0.5,1,26.2541,3641.8,2,1,1,1,0.7613414599443338
2020-04-05,Fairfield,Low risk,0.6406471818181817,0,0,23.90503,8.074242925,56.022742666666666,3.0232167833333334,1005.6105479166666,0.0,27.0,4.0,0,13.6634,4527.0,4,0,0,0,0.0710340359709511
2020-03-01,Penrith,Low risk,1.2364279999999999,1,0,31.891632,17.688215916666667,71.36598641666667,1.8633025791666666,998.0925116666667,0.11491775632,55.0,3.0,0,11.4378,1496.4,3,0,0,0,0.06278652369493351
2020-09-05,Coogee,High risk,0.17208863636363636,0,1,17.868134,10.311824825,72.08750129166667,3.9539984166666664,1012.66715375,0.8392334242999999,0.5,0.5,1,18.7764,7453.6,9,0,1,1,0.8076612181300731
2020-10-24,Manly,Low risk,0.5894393750000002,0,0,21.926636,18.282648791666666,88.04622520833334,5.396094983333334,1000.2145783333334,9.120941158760001,0.5,0.5,1,26.2541,3641.8,10,0,0,1,0.7882700099123612
2020-06-16,Penrith,Low risk,0.6280045454545454,0,0,20.469116,6.738990829166667,78.94491708333334,1.8004025666666665,1009.6629333333334,0.0,55.0,3.0,0,11.4378,1496.4,6,0,0,0,0.07019003392810434
2020-01-02,Liverpool,Extreme risk,0.1021617272727275,0,1,25.164276,15.972291270833333,70.14066237499999,3.6535657208333334,1010.3253045833334,0.04863739046,30.0,2.0,0,8.27098,5139.4,1,1,1,0,0.17251079600178507
2020-06-05,Parramatta,Low risk,0.6753429090909091,0,0,18.373657,5.730543745833334,79.09633254166667,1.4829940541666666,1020.8694116666667,0.0,20.0,1.0,0,17.0356,4087.8,6,0,0,0,0.06907626775784358
2020-06-09,Liverpool,High risk,0.18305554545454553,0,1,18.034027,12.211341895833334,87.21860149999999,2.261707557083333,1023.83974,2.357006091,30.0,2.0,0,8.27098,5139.4,6,0,1,0,0.3805363280448168
2020-08-13,Bankstown,Low risk,0.5944380909090909,0,0,20.995056,10.275119820833334,81.816985375,1.4111540270833334,1005.5568045833334,0.0782012937,18.0,5.0,0,12.4235,6471.6,8,0,0,0,0.153903626286734
2020-02-25,Penrith,Low risk,0.7858942727272726,0,0,29.715546,18.082066875,73.82218004166667,1.6226297025,1001.2598733333333,0.00429153436,55.0,3.0,0,11.4378,1496.4,2,1,0,0,0.05417378297572837
2020-01-04,Campbelltown,Low risk,1.9336993636363637,1,0,44.992065,15.828420041666668,48.744154333333334,2.3818974679166667,993.45505625,0.0,40.0,10.0,0,10.7411,1577.7,1,1,0,0,0.05372133234164896
2020-07-06,Liverpool,High risk,0.19073763636363641,0,1,16.94049,7.008015925,75.45271783333332,2.4365656791666668,1018.88270875,0.00381469726,30.0,2.0,0,8.27098,5139.4,7,0,1,0,0.0873220159656551
2020-02-19,Blacktown,Low risk,0.9688443636363637,0,0,27.84726,12.489112916666668,50.748413375000005,3.328418741666667,996.3483466666667,0.0,35.0,6.0,0,9.17505,3615.4,2,1,0,0,0.061144705737034476
2020-06-03,Cronulla,High risk,0.16915054545454533,0,1,16.612885,7.888627391666667,64.28720220833334,8.942741033333332,1017.6105283333333,0.0,0.5,0.5,1,18.6816,1026.8,6,0,1,1,0.5299078867978265
2020-03-27,Cronulla,Extreme risk,0.0772704545454546,0,1,20.195099,13.631740479166666,68.49308725,4.1878904708333335,1021.0646158333334,0.822067262,0.5,0.5,1,18.6816,1026.8,3,0,1,1,0.8292892461250765
2020-05-20,Manly,Moderate risk,0.34194330000000017,0,0,22.11438,13.3115259375,74.23486220833333,5.2161732625,1013.4102133333332,0.0019073486,0.5,0.5,1,26.2541,3641.8,5,0,0,0,0.48180919939954747
2020-05-02,Penrith,Moderate risk,0.3391779090909091,0,0,16.922638,3.811634075,53.17715320833333,5.452054570833333,991.9344654166666,0.054836272,55.0,3.0,0,11.4378,1496.4,5,0,0,0,0.2072263219607988
2020-08-26,Cronulla,Moderate risk,0.2987393636363638,0,0,14.936798,6.481444033333333,66.58547820833333,3.1799932933333337,1023.3791033333333,0.041007996000000005,0.5,0.5,1,18.6816,1026.8,8,0,0,1,0.6404711066551968
2020-02-05,Parramatta,Moderate risk,0.3170749090909091,0,0,25.630463,14.388244666666667,65.4649625,2.6160372666666665,1012.4822762499999,0.01144409176,20.0,1.0,0,17.0356,4087.8,2,1,0,0,0.06021881278664561
2020-09-22,Parramatta,Low risk,0.9180852727272726,0,0,26.536957,8.873756425,48.698296416666665,3.934351233333333,1002.0002995833333,0.0033378601000000003,20.0,1.0,0,17.0356,4087.8,9,0,0,0,0.12307697048289214
2020-06-28,Blacktown,Moderate risk,0.3384260909090908,0,0,16.25476,7.603071858333333,78.879117,2.357585295833333,1020.0549858333334,0.1125335713,35.0,6.0,0,9.17505,3615.4,6,0,0,0,0.13601975215899806
2020-09-23,Bankstown,Low risk,0.6916476363636362,0,0,22.183777,5.499580395833333,48.11229720833333,2.8793799791666665,1003.92917125,0.0,18.0,5.0,0,12.4235,6471.6,9,0,0,0,0.08409207031423048
2020-09-16,Coogee,Moderate risk,0.34763690909090916,0,0,19.97293,14.156050395833333,80.07304183333333,4.9522081125,1017.27077125,0.0,0.5,0.5,1,18.7764,7453.6,9,0,0,1,0.5769092490018821
2020-10-18,Fairfield,Moderate risk,0.2915870909090908,0,0,24.826263,14.233036083333333,71.44965833333333,2.7470711458333334,1003.6142450000001,5.0287246892,27.0,4.0,0,13.6634,4527.0,10,0,0,0,0.162389785993254
2020-11-08,Campbelltown,Low risk,0.49988072727272725,0,0,19.10559,9.1833864375,65.69934383333333,1.8377060708333335,1013.1324087500001,0.01525878936,40.0,10.0,0,10.7411,1577.7,11,0,0,0,0.08211243808328032
2020-10-10,Fairfield,Low risk,1.2822321818181817,0,0,25.76825,4.460760746666667,46.636346374999995,1.7721536291666666,1010.7594483333334,0.0,27.0,4.0,0,13.6634,4527.0,10,0,0,0,0.04949474047440135
2020-02-03,Bankstown,Low risk,0.5532781818181818,1,0,31.518097,18.56901183333333,75.35881216666667,3.8164470625,999.2382170833333,1.904487607,18.0,5.0,0,12.4235,6471.6,2,1,0,0,0.1765993494451922
2020-07-01,Fairfield,Low risk,0.5046276363636363,0,0,20.840881,6.475111616666666,72.79185233333332,2.4849398416666664,1012.8161166666667,0.0,27.0,4.0,0,13.6634,4527.0,7,0,0,0,0.07388490195852278
2020-09-10,Parramatta,Moderate risk,0.3265825454545455,0,0,17.169403,9.201296525,73.60431204166666,3.524656879166667,1021.1180425000001,0.772953032,20.0,1.0,0,17.0356,4087.8,9,0,0,0,0.14959992044915885
2020-03-05,Manly,Extreme risk,0.08518009090909086,0,1,23.10202,20.547486708333334,87.40639241666668,7.469117916666666,1005.2562545833333,27.561664596099998,0.5,0.5,1,26.2541,3641.8,3,0,1,1,0.8711605509546577
2020-04-20,Coogee,Moderate risk,0.27642263636363623,0,0,20.980988,12.755575854166667,71.06182295833334,3.9120154374999996,1009.5791091666666,0.0877380373,0.5,0.5,1,18.7764,7453.6,4,0,0,1,0.7666188336275286
2020-06-18,Parramatta,Low risk,0.5515108727272726,0,0,18.098602,8.9204712,74.508413625,1.7382577504166667,1028.530775,0.58364868396,20.0,1.0,0,17.0356,4087.8,6,0,0,0,0.1461557120873443
2020-09-13,Parramatta,Low risk,0.9313909090909089,0,0,24.358124,9.185641020833334,68.72700958333333,2.4863031625,1015.0585870833334,0.0,20.0,1.0,0,17.0356,4087.8,9,0,0,0,0.058810948119226436
2020-06-27,Fairfield,Moderate risk,0.34226685,0,0,15.511444,7.650950133333333,81.15464733333333,2.3403836666666664,1019.6495170833333,0.6422996513,27.0,4.0,0,13.6634,4527.0,6,0,0,0,0.20220449855779626
2020-08-05,Manly,Low risk,0.49119986363636375,0,0,15.596954,0.95709101625,50.25671520833333,6.485334320833334,1008.5515679166666,0.0,0.5,0.5,1,26.2541,3641.8,8,0,0,0,0.3589780793253143
2020-09-29,Liverpool,Low risk,0.42967359090909096,0,0,18.124146,9.140455812499999,72.35806845833334,2.26450472875,1017.1261029166667,0.2131462096,30.0,2.0,0,8.27098,5139.4,9,0,0,0,0.11703139290659915
2020-05-21,Fairfield,Low risk,0.6780612857142856,0,0,18.340057,12.251074541666666,84.34117733333333,2.613005622083333,1004.9746833333334,31.4574242192,27.0,4.0,0,13.6634,4527.0,5,0,0,0,0.45623624298940896
2020-03-12,Fairfield,Low risk,0.9341763636363637,0,0,24.44516,14.737398895833332,76.15149254166667,1.9409222074999999,1016.4990029166667,2.7251243803,27.0,4.0,0,13.6634,4527.0,3,0,0,0,0.13459395359149737
2020-05-06,Ryde,Low risk,0.8337680000000002,0,0,22.38855,10.0605226375,80.05544104166667,1.9563179249999998,1020.0238945833333,0.0,13.0,2.0,0,23.3227,4521.5,5,0,0,0,0.07967082621980874
2020-02-22,Ryde,Moderate risk,0.23478000000000002,0,0,22.40384,16.954864458333333,80.605176125,2.2739502083333334,1015.4699783333334,7.677078246,13.0,2.0,0,23.3227,4521.5,2,1,0,0,0.29101514749889973
2020-12-30,Liverpool,Moderate risk,0.26862409090909073,0,0,21.571014,16.645467166666666,82.95609362500001,3.6220926500000004,1010.4493062500001,7.2956085268,30.0,2.0,0,8.27098,5139.4,12,1,0,1,0.5231126045751031
2020-05-18,Bondi,High risk,0.11776727272727266,0,1,18.772797,11.837037375,67.95909562499999,2.7594134041666667,1026.8548041666666,0.84638596,0.5,0.5,1,19.5728,9692.7,5,0,1,1,0.7996042681323565
2020-03-28,Campbelltown,Moderate risk,0.2516147272727274,0,0,22.180511,13.960713708333335,81.12979383333334,1.6064954879166666,1009.3194258333333,4.84323495846,40.0,10.0,0,10.7411,1577.7,3,0,0,0,0.3117396228042886
2020-08-11,Campbelltown,Moderate risk,0.3416941818181819,0,0,15.959503,7.714080820833334,77.73391225,1.91918588125,1005.0866875,0.025749206099999998,40.0,10.0,0,10.7411,1577.7,8,0,0,0,0.16016006027404955
2020-05-11,Penrith,Low risk,0.7930481199999999,0,0,18.217926,2.9384778375000002,66.29966766666666,1.8613356925,1012.7860295833334,0.0,55.0,3.0,0,11.4378,1496.4,5,0,0,0,0.07041043360627229
2020-09-22,Bankstown,Low risk,0.7682273636363637,0,0,25.208832,8.577613858333333,48.73607141666667,3.8377388291666663,1001.1673879166666,0.00524520876,18.0,5.0,0,12.4235,6471.6,9,0,0,0,0.12925414417476636
2020-04-22,Parramatta,Low risk,0.9620583636363637,0,0,25.324188,9.994099916666666,64.366602875,1.9287861670833335,1010.25328125,0.0,20.0,1.0,0,17.0356,4087.8,4,0,0,0,0.051295154956841456
2020-09-27,Bankstown,Low risk,0.5377918181818182,0,0,16.750488,4.5979919375,58.6222445,3.9967646541666664,1013.454525,0.54311751416,18.0,5.0,0,12.4235,6471.6,9,0,0,0,0.20996605850364272
2020-12-09,Blacktown,Low risk,0.7799988181818182,0,0,25.755768,10.9556185625,62.756026,2.4227605708333333,1010.4992770833333,0.0019073486,35.0,6.0,0,9.17505,3615.4,12,1,0,0,0.048852441254247606
2020-12-26,Blacktown,Low risk,0.5270275454545454,0,0,24.444855,16.35061375,79.82875725,2.98790117625,1010.8028454166666,11.7521284249,35.0,6.0,0,9.17505,3615.4,12,1,0,0,0.27361704898625666
2020-06-23,Parramatta,Low risk,0.5453380545454546,0,0,15.865601,4.12262725,68.999868875,3.041395616666667,1004.74797125,0.0,20.0,1.0,0,17.0356,4087.8,6,0,0,0,0.13648767075807616
2020-09-14,Coogee,Extreme risk,0.06274409090909087,0,1,17.542267,12.349597791666667,79.13695525,3.466350333333333,1019.5736183333333,0.00238418582,0.5,0.5,1,18.7764,7453.6,9,0,1,0,0.4961588185158664
2020-04-05,Bondi,Moderate risk,0.3045320909090909,0,0,21.99292,9.159203958333334,53.368634500000006,4.701233883333333,1007.8472179166666,0.0,0.5,0.5,1,19.5728,9692.7,4,0,0,0,0.3716156885783182
2020-01-27,Coogee,Extreme risk,0.055763909090909246,0,1,25.169495,21.832183833333332,87.30352020833334,5.3593093125,1008.1384079166668,0.45156478812,0.5,0.5,1,18.7764,7453.6,1,1,1,1,0.9037431273675348
2020-03-23,Fairfield,Moderate risk,0.3494650909090909,0,0,21.548187,13.886950166666667,70.91615945833333,3.4744695416666667,1016.98574125,2.4175643921,27.0,4.0,0,13.6634,4527.0,3,0,0,0,0.19940387298170886
2020-06-27,Liverpool,Moderate risk,0.24238172727272733,0,0,15.392303,8.153310179166667,80.14734716666666,2.8615773499999997,1019.0149358333333,0.8349418599,30.0,2.0,0,8.27098,5139.4,6,0,0,0,0.21965808295135233
2020-04-24,Penrith,Low risk,1.0091885454545455,0,0,27.38977,10.393962958333333,63.37305416666667,1.9578780458333334,1003.6259770833334,0.0,55.0,3.0,0,11.4378,1496.4,4,0,0,0,0.04536767198305402
2020-11-10,Fairfield,Low risk,0.7445318181818184,0,0,22.736603,11.133677229166667,71.69078329166666,2.287900373333333,1015.10869625,0.0,27.0,4.0,0,13.6634,4527.0,11,0,0,0,0.06995325062307312
2020-02-10,Campbelltown,Low risk,0.4525147272727272,0,0,28.11081,20.412994458333333,86.146462875,2.1627571441666666,993.9878108333334,29.36410912112,40.0,10.0,0,10.7411,1577.7,2,1,0,0,0.3427063816840637
2020-09-21,Bondi,Moderate risk,0.24734218181818204,0,0,22.763824,15.979136166666665,80.1701235,5.116435845833333,1004.6791979166666,0.10347366329999999,0.5,0.5,1,19.5728,9692.7,9,0,0,1,0.8281177291424144
2020-04-21,Coogee,Moderate risk,0.2644070909090908,0,0,21.602509,13.575691291666667,68.40222787500001,3.974168891666667,1011.7038716666666,0.0,0.5,0.5,1,18.7764,7453.6,4,0,0,0,0.48609841264051373
2020-10-29,Ryde,Low risk,0.6134338181818181,0,0,19.725983,14.095863458333334,85.06815879166668,2.209584769166667,1004.8507379166667,14.084815967159999,13.0,2.0,0,23.3227,4521.5,10,0,0,0,0.4546290403665033
2020-11-08,Bankstown,Moderate risk,0.36049863636363627,0,0,19.013824,9.630407941666666,63.852760749999995,2.7527101333333337,1020.0111608333333,0.01144409176,18.0,5.0,0,12.4235,6471.6,11,0,0,0,0.0911341252231239
2020-09-18,Coogee,Extreme risk,0.0,0,1,16.92453,13.593316375,84.26804354166667,3.91853225,1025.42191875,3.1328201189,0.5,0.5,1,18.7764,7453.6,9,0,1,1,0.8528865080623667
2020-06-22,Blacktown,Low risk,0.5541048636363636,0,0,15.402435,5.071211508333334,71.11571754166667,2.8420453291666665,1002.7653449999999,0.24890899896,35.0,6.0,0,9.17505,3615.4,6,0,0,0,0.1811216633355029
2020-01-15,Coogee,Extreme risk,0.06251654545454567,0,1,23.146515,19.114392625,83.74385829166667,3.2564002529166665,1007.5801858333333,0.03385543822,0.5,0.5,1,18.7764,7453.6,1,1,1,1,0.8747233920114528
2020-01-21,Manly,Moderate risk,0.22144381818181813,0,0,26.143341,17.537748895833335,71.45167666666667,3.55551528625,1001.9235254166666,0.0,0.5,0.5,1,26.2541,3641.8,1,1,0,0,0.4827972615381719
2020-12-11,Cronulla,Extreme risk,0.01805809090909091,0,1,19.089813,11.442462895833332,64.64258658333334,7.2566721916666665,1022.7069158333334,0.6847381553,0.5,0.5,1,18.6816,1026.8,12,1,1,1,0.8166934155542193
2020-10-17,Blacktown,Low risk,0.6992132727272726,0,0,29.510895,13.738812875,65.23021129166666,2.3073206991666666,1005.2519491666667,0.30779838856,35.0,6.0,0,9.17505,3615.4,10,0,0,0,0.06998002947033825
2020-01-23,Blacktown,Low risk,1.0630659090909094,1,0,41.11862,15.014280895833332,43.51550525,4.207933720833333,994.69354625,0.70524216,35.0,6.0,0,9.17505,3615.4,1,1,0,0,0.15853479652228028
2020-02-04,Manly,High risk,0.11450200000000005,0,1,21.577545,11.924564333333334,58.05691770833334,6.744120741666666,1014.6858675,0.5464553800999999,0.5,0.5,1,26.2541,3641.8,2,1,1,1,0.6483604306754398
2020-03-31,Bondi,High risk,0.15924909090909073,0,1,22.4003,18.388670708333333,83.18847516666666,3.332889358333333,1010.9077375,0.6928443910600001,0.5,0.5,1,19.5728,9692.7,3,0,1,1,0.885153434283201
2020-02-17,Bondi,High risk,0.10938063636363635,0,1,22.922333,19.953763249999998,87.015234,1.7814649095833335,1008.7534099999999,2.08568573306,0.5,0.5,1,19.5728,9692.7,2,1,1,1,0.9045784469142685
2020-04-07,Coogee,Extreme risk,0.04079918181818181,0,1,18.908722,13.355949291666667,72.89943225,4.905019529166666,1016.3234025,2.1772384735,0.5,0.5,1,18.7764,7453.6,4,0,1,1,0.8277561257211066
2020-08-19,Cronulla,Moderate risk,0.22863772727272727,0,0,17.872772,7.9546864375,63.932782124999996,6.7912809958333336,991.5839220833333,0.2074241604,0.5,0.5,1,18.6816,1026.8,8,0,0,1,0.59923523580612
2020-01-10,Cronulla,Moderate risk,0.3475341818181819,0,0,25.3013,20.887439833333335,85.86332808333333,5.10145697125,1004.8001375,0.01096725466,0.5,0.5,1,18.6816,1026.8,1,1,0,1,0.7299113501162334
2020-11-20,Blacktown,Low risk,1.1796070909090908,1,0,34.511383,17.314647541666666,67.69906054166667,2.667055470833333,1009.1053425,1.974582702,35.0,6.0,0,9.17505,3615.4,11,0,0,0,0.07398630389495862
2020-10-02,Penrith,Low risk,1.245644272727273,0,0,27.166199,7.318954466666667,60.47546566666667,1.45791309,1009.4555120833334,0.0,55.0,3.0,0,11.4378,1496.4,10,0,0,0,0.04351929382268957
2020-11-19,Coogee,High risk,0.1206138181818181,0,1,20.68686,15.629904458333334,77.71348475,5.836724916666667,1016.4012129166667,0.00047683716,0.5,0.5,1,18.7764,7453.6,11,0,1,1,0.6062172792039116
2020-12-24,Bondi,Moderate risk,0.2967751818181819,0,0,22.151947,16.14245352083333,75.20492783333333,4.0818715375000005,1010.3935466666667,0.18453598116,0.5,0.5,1,19.5728,9692.7,12,1,0,1,0.8423336381321112
2020-01-11,Parramatta,Moderate risk,0.28674045454545455,0,0,27.987976,15.259689375,67.56509904166667,4.467870641666667,1004.0834620833333,1.1844635042,20.0,1.0,0,17.0356,4087.8,1,1,0,0,0.17170533030556343
2020-05-19,Manly,Moderate risk,0.26356645454545474,0,0,19.225677,12.339017208333333,72.64799741666667,3.066951583333333,1022.7342466666668,0.5044937136,0.5,0.5,1,26.2541,3641.8,5,0,0,1,0.7202632521386316
2020-10-31,Penrith,Low risk,0.5635985555555555,0,0,22.312164,14.048746833333333,81.76135095833332,2.3336617416666665,995.1623987500001,51.18227001036,55.0,3.0,0,11.4378,1496.4,10,0,0,0,0.36605361705395445
2020-01-10,Bankstown,Low risk,0.7962201818181818,1,0,31.160278,20.200427916666666,73.449797625,3.4876027541666663,1001.4872158333333,0.010490417299999999,18.0,5.0,0,12.4235,6471.6,1,1,0,0,0.1165591257279495
2020-08-04,Bondi,Low risk,0.6844093636363635,0,0,19.040863,7.413352995833333,64.15479858333333,5.29598025,1006.5385016666668,0.0,0.5,0.5,1,19.5728,9692.7,8,0,0,0,0.46040518913680656
2020-04-11,Penrith,Low risk,0.8383456363636363,0,0,25.180725,8.353846270833333,57.006569791666664,4.382057387500001,992.1491529166666,0.0,55.0,3.0,0,11.4378,1496.4,4,0,0,0,0.14734299134269507
2020-03-08,Fairfield,Moderate risk,0.31332681818181835,0,0,21.978027,15.882324229166665,82.290931875,2.2713048125,1012.9065416666667,3.7193298610000003,27.0,4.0,0,13.6634,4527.0,3,0,0,0,0.2836206378924043
2020-11-11,Penrith,Low risk,0.9329500909090908,0,0,27.151154,14.077633,75.48042316666667,1.8685984283333334,1003.07934375,0.0009536743,55.0,3.0,0,11.4378,1496.4,11,0,0,0,0.05018526069639413
2020-01-26,Bankstown,Low risk,0.7061961818181818,1,0,33.421722,22.243616791666668,73.83030408333333,2.1067181041666667,1002.8648379166666,1.2626647989,18.0,5.0,0,12.4235,6471.6,1,1,0,0,0.11172064908793032
2020-03-23,Parramatta,Moderate risk,0.3494650909090909,0,0,21.548187,13.886950166666667,70.91615945833333,3.4744695416666667,1016.98574125,2.4175643921,20.0,1.0,0,17.0356,4087.8,3,0,0,0,0.20000452400703786
2020-11-16,Parramatta,Low risk,1.4745844545454545,1,0,38.26947,14.329642041666666,55.99943295833333,3.1483194458333332,1003.6457983333333,0.04720688,20.0,1.0,0,17.0356,4087.8,11,0,0,0,0.06811999351925853
2020-12-23,Parramatta,Low risk,0.5960276363636364,0,0,24.462402,11.407094341666665,57.70015154166666,3.8486694,1006.0942954166667,0.0042915344,20.0,1.0,0,17.0356,4087.8,12,1,0,0,0.12740762465995764
2020-09-26,Penrith,Low risk,0.53138123,0,0,16.299347,1.1355196555833333,49.30964658333334,5.7486232458333335,996.7310629166667,0.0,55.0,3.0,0,11.4378,1496.4,9,0,0,0,0.2818085721353505
2020-01-15,Ryde,Low risk,0.6578827500000002,0,0,28.494476,17.857068354166667,73.48666004166667,2.1400104208333333,1004.8868554166667,0.00238418576,13.0,2.0,0,23.3227,4521.5,1,1,0,0,0.059135665450366595
2020-02-14,Penrith,Low risk,0.7862160000000002,0,0,26.848541,17.995904333333332,77.270550625,2.3678976916666667,995.0507841666666,1.9659996020000001,55.0,3.0,0,11.4378,1496.4,2,1,0,0,0.07626552060148216
2020-02-20,Ryde,Moderate risk,0.3208119090909091,0,0,23.838043,13.770614520833334,68.75044129166666,2.3617677958333334,1003.2781512500001,0.8320808348000001,13.0,2.0,0,23.3227,4521.5,2,1,0,0,0.11408887733344061
2020-04-12,Penrith,Low risk,0.8105912727272727,0,0,21.092804,5.3433049708333336,55.958197625,2.2137144,1001.47015875,0.0,55.0,3.0,0,11.4378,1496.4,4,0,0,0,0.06416924485630028
2020-02-04,Coogee,Extreme risk,0.04916109090909063,0,1,21.153717,12.513757020833333,60.678650125,7.134722129166668,1014.79837125,0.8707046506,0.5,0.5,1,18.7764,7453.6,2,1,1,1,0.838675895545843
2020-05-08,Bankstown,Low risk,0.7733459,0,0,26.174652,11.184730625,65.96606241666667,2.764029366666667,1009.13687625,0.0,18.0,5.0,0,12.4235,6471.6,5,0,0,0,0.06897186998832815
2020-01-03,Campbelltown,Low risk,0.8451815454545456,1,0,32.163788,18.345741333333333,66.82213579166667,2.6021488416666667,1000.0500220833334,0.7667541563,40.0,10.0,0,10.7411,1577.7,1,1,0,0,0.07387519891566835
2020-01-20,Ryde,Low risk,0.8300088181818182,0,0,28.564667,19.996388791666664,81.16439658333333,1.49061013625,995.3996695833333,16.7341232838,13.0,2.0,0,23.3227,4521.5,1,1,0,0,0.23592668354954024
2020-11-18,Liverpool,Low risk,0.5124955454545455,0,0,21.882172,14.183132125,72.94013341666667,3.5624079166666665,1015.6159225,1.24597551116,30.0,2.0,0,8.27098,5139.4,11,0,0,0,0.18544797347611727
2020-09-01,Bankstown,Low risk,0.5604109090909092,0,0,16.868256,6.793678291666667,66.66156395833333,2.4972687816666665,1015.0911649999999,0.0095367432,18.0,5.0,0,12.4235,6471.6,9,0,0,0,0.08765037681897248
2020-01-07,Penrith,Low risk,0.7024202727272727,1,0,33.325348,19.31300729166667,71.33540037499999,2.1350123983333336,1000.2184658333334,2.2001266255000003,55.0,3.0,0,11.4378,1496.4,1,1,0,0,0.09773601659453757
2020-01-26,Blacktown,Low risk,0.6852444545454546,1,0,35.210785,21.766972874999997,70.12201608333334,1.98011596,1003.4035920833334,1.2340545442000002,35.0,6.0,0,9.17505,3615.4,1,1,0,0,0.08053298187951227
2020-06-24,Bondi,Moderate risk,0.22893181818181818,0,0,17.203339,8.865202591666666,71.171247875,7.522832254166667,1009.2088716666667,1.197338104,0.5,0.5,1,19.5728,9692.7,6,0,0,1,0.7767845455869616
2020-08-07,Blacktown,High risk,0.16478663636363644,0,1,12.242889,8.585309416666666,90.16973820833334,1.6618691441666666,1012.5267120833333,14.7018432543,35.0,6.0,0,9.17505,3615.4,8,0,1,1,0.5790614929562663
2020-12-08,Liverpool,Low risk,0.6043063636363637,0,0,20.89273,8.229568491666667,53.47283720833334,4.5087360625,1004.6176270833333,0.43153762939999996,30.0,2.0,0,8.27098,5139.4,12,1,0,0,0.22589763690786616
2020-04-03,Blacktown,High risk,0.1338152857142855,0,1,25.123138,17.970668833333335,86.76333558333333,2.5828951333333334,1000.4349045833333,9.44614420558,35.0,6.0,0,9.17505,3615.4,4,0,1,0,0.4421167979322599
2020-12-10,Cronulla,High risk,0.16023118181818188,0,1,21.624603,15.550421395833332,77.49183920833333,6.447675465,1014.5067166666666,0.7276535005,0.5,0.5,1,18.6816,1026.8,12,1,1,1,0.8716335813884349
2020-11-24,Cronulla,Extreme risk,0.0909978181818183,0,1,19.6846,15.221463541666667,78.73873258333333,6.6808252125,1006.4334320833333,0.27322769676,0.5,0.5,1,18.6816,1026.8,11,0,1,1,0.8626352613289677
2020-10-07,Penrith,Moderate risk,0.22973081818181837,0,0,20.00888,15.5753529375,86.13705095833335,0.949069555,1005.8408008333332,4.43410873086,55.0,3.0,0,11.4378,1496.4,10,0,0,0,0.3512068758023028
2020-09-06,Cronulla,Extreme risk,0.08361809090909102,0,1,16.57724,10.41266,72.198526875,4.025675970833333,1022.6393833333333,0.747680665,0.5,0.5,1,18.6816,1026.8,9,0,1,1,0.79726681300056
2020-01-26,Ryde,Low risk,0.6852444545454546,1,0,35.210785,21.766972874999997,70.12201608333334,1.98011596,1003.4035920833334,1.2340545442000002,13.0,2.0,0,23.3227,4521.5,1,1,0,0,0.0847555537522974
2020-06-04,Bankstown,Low risk,0.5335887545454545,0,0,15.83902,6.1764361,69.53478683333333,3.5465465666666667,1023.1866808333333,0.0,18.0,5.0,0,12.4235,6471.6,6,0,0,0,0.17309416352354318
2020-08-23,Fairfield,Low risk,0.3788063909090909,0,0,16.263092,1.3310559641666666,48.85813329166667,5.8346359083333335,1000.6361149999999,0.0,27.0,4.0,0,13.6634,4527.0,8,0,0,0,0.28604285801009693
2020-10-19,Penrith,Moderate risk,0.3650452000000001,0,0,19.915436,12.382846770833332,77.092810375,2.3690194666666664,1003.0842908333334,1.2469291631000001,55.0,3.0,0,11.4378,1496.4,10,0,0,0,0.11537999651991865
2020-04-15,Bondi,Moderate risk,0.2468994000000002,0,0,22.208282,17.043721583333333,84.011159,3.3690396166666665,1015.8029358333333,0.00619888296,0.5,0.5,1,19.5728,9692.7,4,0,0,1,0.5879440418599541
2020-01-15,Bankstown,Moderate risk,0.3451870909090909,0,0,27.238617,18.014620541666666,75.74516529166667,2.2812696754166666,1004.36602875,0.00667572022,18.0,5.0,0,12.4235,6471.6,1,1,0,0,0.08504745956045114
2020-01-22,Bondi,High risk,0.14012563636363656,0,1,25.450592,20.80869291666667,83.29463329166667,3.785404692083333,1004.0363166666666,0.0,0.5,0.5,1,19.5728,9692.7,1,1,1,1,0.7247150779611096
2020-09-11,Liverpool,Low risk,0.5681901363636364,0,0,17.995636,10.131289104166667,76.937967375,2.6312554041666667,1022.09224375,0.2388954173,30.0,2.0,0,8.27098,5139.4,9,0,0,0,0.1240232053536683
2020-05-01,Blacktown,High risk,0.11309466666666662,0,1,16.348877,3.4599227875,54.10533270833333,5.3255903625,1000.4755254166666,0.00143051146,35.0,6.0,0,9.17505,3615.4,5,0,1,0,0.31910787116513295
2020-10-26,Manly,Extreme risk,0.0017700000000004934,0,1,16.17154,12.516421125,83.60998475000001,11.879090854166668,1012.16267,37.983894219999996,0.5,0.5,1,26.2541,3641.8,10,0,1,1,0.8322341861860058
2020-09-02,Manly,Low risk,0.4445901666666667,0,0,20.463806,10.1478334375,70.349016125,4.856834708333333,1014.5424729166666,0.0,0.5,0.5,1,26.2541,3641.8,9,0,0,0,0.43920941872310765
2020-06-28,Bankstown,Moderate risk,0.37656860000000003,0,0,15.700073,8.322798375,79.30308358333333,2.8479865416666663,1019.42706125,0.30708312996,18.0,5.0,0,12.4235,6471.6,6,0,0,0,0.19680001564273514
2020-07-31,Ryde,Low risk,0.6408913272727272,0,0,16.261719,6.163574175,73.346064875,2.2486042058333333,1020.0586125,0.0,13.0,2.0,0,23.3227,4521.5,7,0,0,0,0.11499355233369418
2020-09-26,Liverpool,Low risk,0.3946283636363636,0,0,16.33554,2.2518933666666667,50.06626529166667,6.299948375,1002.1464754166667,0.0,30.0,2.0,0,8.27098,5139.4,9,0,0,0,0.3108490900233627
2020-08-21,Bondi,Moderate risk,0.3682057272727274,0,0,16.710938,5.934276595833334,59.49684441666667,6.7263062666666675,1000.97646,0.33617019502,0.5,0.5,1,19.5728,9692.7,8,0,0,0,0.4563984909201207
2020-08-21,Fairfield,Low risk,0.49196281818181814,0,0,18.172394,3.618521383333333,56.43789525,4.114052516666667,998.8685375,0.01001358036,27.0,4.0,0,13.6634,4527.0,8,0,0,0,0.1691681061922419
2020-10-18,Liverpool,Moderate risk,0.2226950909090907,0,0,23.40628,14.500858291666667,75.38815241666667,2.6010152333333334,1003.1354979166667,8.5320472636,30.0,2.0,0,8.27098,5139.4,10,0,0,0,0.29670341415641877
2020-07-22,Penrith,Low risk,0.7485295909090909,0,0,17.670624,4.724175783333333,78.99883799999999,1.5791653125,1012.4819754166666,0.0,55.0,3.0,0,11.4378,1496.4,7,0,0,0,0.07091267715502995
2020-06-27,Blacktown,Moderate risk,0.34226685,0,0,15.511444,7.650950133333333,81.15464733333333,2.3403836666666664,1019.6495170833333,0.6422996513,35.0,6.0,0,9.17505,3615.4,6,0,0,0,0.20161428350092994
2020-09-09,Ryde,High risk,0.12126162500000004,0,1,15.802582,12.235276604166666,88.43114287499999,3.519360766666667,1019.4574833333332,13.1187439052,13.0,2.0,0,23.3227,4521.5,9,0,1,1,0.6172557572857402
2020-04-19,Ryde,Low risk,0.6963466666666664,0,0,21.757599,11.913738270833333,81.56662675,1.6222250708333332,1006.4823716666666,2.24637984266,13.0,2.0,0,23.3227,4521.5,4,0,0,0,0.2024120741728589
2020-08-08,Cronulla,Moderate risk,0.30485672727272733,0,0,15.1987,11.873153625,85.19459004166667,3.22970305,1007.8707120833333,4.7731399545999995,0.5,0.5,1,18.6816,1026.8,8,0,0,1,0.8209993706871412
2020-10-27,Bankstown,Low risk,0.5137871111111111,0,0,18.743439,12.508844916666668,80.92913262500001,4.82484735,1011.5027624999999,3.3454895083,18.0,5.0,0,12.4235,6471.6,10,0,0,0,0.4351101546894211
2020-08-11,Manly,High risk,0.18384618181818188,0,1,15.670441,7.7733256125,66.19911979166666,3.7336269583333332,1015.0066870833333,0.21839141641999998,0.5,0.5,1,26.2541,3641.8,8,0,1,1,0.6744977907246471
2020-06-06,Parramatta,Low risk,0.5584161818181818,0,0,17.846771,6.46866355,78.06572108333333,1.8348795516666667,1016.9646854166667,0.0014305115,20.0,1.0,0,17.0356,4087.8,6,0,0,0,0.06941884741437399
2020-07-22,Ryde,Low risk,0.6769742090909091,0,0,17.676483,5.337375620833334,76.05316045833334,1.7621468166666665,1018.9444729166667,0.0,13.0,2.0,0,23.3227,4521.5,7,0,0,0,0.06746289095726378
2020-08-25,Manly,Moderate risk,0.32968972727272733,0,0,13.698029,4.866808545833334,65.94242737500001,3.915635275,1021.3967208333333,0.0009536743,0.5,0.5,1,26.2541,3641.8,8,0,0,0,0.3996793417307993
2020-07-11,Campbelltown,Low risk,0.709967,0,0,15.865997,10.452414166666665,92.52295245833334,1.145339935,1001.9933833333333,7.18164439458,40.0,10.0,0,10.7411,1577.7,7,0,0,1,0.5248163089511858
2020-05-07,Ryde,Low risk,0.5763133636363634,0,0,23.606537,9.717136404166666,74.50751745833334,2.500144370833333,1013.7099170833334,0.0,13.0,2.0,0,23.3227,4521.5,5,0,0,0,0.075796591396333
2020-05-04,Penrith,Moderate risk,0.269767090909091,0,0,18.466797,6.1239623708333335,75.37175595833334,1.8685598541666666,1011.7214412499999,0.0,55.0,3.0,0,11.4378,1496.4,5,0,0,0,0.0674806438256304
2020-02-24,Coogee,High risk,0.12321890909090914,0,1,23.906189,18.169753958333335,75.24172995833334,3.6562813333333337,1015.3166200000001,0.06771087798,0.5,0.5,1,18.7764,7453.6,2,1,1,1,0.8633157992025395
2020-09-04,Parramatta,Low risk,0.6596402727272729,0,0,20.863617,12.130504583333334,69.22405141666667,2.1227929291666667,1008.11148625,4.2500496430000005,20.0,1.0,0,17.0356,4087.8,9,0,0,0,0.17380183034749144
2020-02-19,Penrith,Low risk,1.2736740000000002,0,0,27.41867,12.161231979166667,51.54125825,3.2829613500000003,990.3141833333334,0.0,55.0,3.0,0,11.4378,1496.4,2,1,0,0,0.055832078002182504
2020-03-14,Fairfield,Extreme risk,0.03359427272727267,0,1,17.59555,13.324891375,84.36811941666666,4.003532465416667,1009.3784925,3.8304328807999997,27.0,4.0,0,13.6634,4527.0,3,0,1,1,0.5312953176291922
2020-11-27,Liverpool,Low risk,0.5571455454545454,0,0,25.289032,16.401749979166667,73.068555875,3.5036162312499997,1008.2513666666667,0.00190734862,30.0,2.0,0,8.27098,5139.4,11,0,0,0,0.12027276392968973
2020-06-17,Parramatta,High risk,0.17778981818181822,0,1,15.972107,9.408565525,84.85592016666666,2.947760520833333,1024.1712025,2.071380611,20.0,1.0,0,17.0356,4087.8,6,0,1,0,0.43490068356736467
2020-05-03,Liverpool,Low risk,0.5433239090909091,0,0,18.563263,5.9433873625,59.97258925,4.360103954166667,1008.91708375,0.0,30.0,2.0,0,8.27098,5139.4,5,0,0,0,0.19704373585083332
2020-04-22,Campbelltown,Low risk,0.8542813636363635,0,0,24.694305,9.2870686875,67.383943625,2.1521541166666665,1002.8503716666668,0.0,40.0,10.0,0,10.7411,1577.7,4,0,0,0,0.058195926724233786
2020-12-07,Blacktown,Low risk,1.2552130000000001,0,0,29.68985,6.991901391666667,40.637974375,3.8035325458333333,997.3096291666667,0.0,35.0,6.0,0,9.17505,3615.4,12,1,0,0,0.09899201418583442
2020-01-17,Ryde,High risk,0.12097727272727289,0,1,22.100891,18.538258916666667,85.36793383333332,4.2438012625,1001.6020212499999,6.397247286,13.0,2.0,0,23.3227,4521.5,1,1,1,1,0.658180630369586
2020-10-17,Coogee,High risk,0.12446172727272721,0,1,20.555817,16.016075104166667,83.70714241666667,5.0712635,1007.9440354166667,0.6499290417,0.5,0.5,1,18.7764,7453.6,10,0,1,1,0.8630531615354036
2020-11-26,Cronulla,Moderate risk,0.35763272727272716,0,0,22.789703,17.199831791666664,80.74833808333334,4.7941402958333335,1007.2124679166667,0.00095367432,0.5,0.5,1,18.6816,1026.8,11,0,0,1,0.6570590199121247
2020-07-12,Campbelltown,Moderate risk,0.28649349999999996,0,0,16.627686,8.300150529166666,89.83456245833334,1.26039702375,1000.76546875,7.06624974346,40.0,10.0,0,10.7411,1577.7,7,0,0,0,0.45298204086776617
2020-11-30,Liverpool,Moderate risk,0.24707863636363633,0,0,22.33847,13.955825854166667,68.16274004166667,4.065355704166667,1008.4457033333333,0.60415268386,30.0,2.0,0,8.27098,5139.4,11,0,0,0,0.2464065758893481
2020-08-25,Penrith,Low risk,0.8449596090909091,0,0,15.967407,2.1272252340833333,69.346509875,1.5831680704166666,1012.4088091666666,0.0,55.0,3.0,0,11.4378,1496.4,8,0,0,0,0.11449623264855098
2020-11-03,Cronulla,High risk,0.17830590909090915,0,1,18.157074,11.736243041666667,70.17529520833334,3.4438721375,1019.7386845833333,0.0829696645,0.5,0.5,1,18.6816,1026.8,11,0,1,1,0.7675285003496407
2020-07-25,Parramatta,Moderate risk,0.2587341500000001,0,0,17.207733,10.1038932875,92.27165979166666,1.5647244833333334,1017.28014625,1.29604339336,20.0,1.0,0,17.0356,4087.8,7,0,0,0,0.2054241838415409
2020-08-30,Liverpool,Low risk,0.6506098181818182,0,0,24.05362,7.087121341666666,64.68208129166666,2.4360678916666667,1014.2011783333334,0.0,30.0,2.0,0,8.27098,5139.4,8,0,0,0,0.08573237317663894
2020-03-17,Blacktown,Low risk,0.7708795454545456,0,0,21.951324,14.411266333333332,80.73473812499999,2.0289038875,1019.4867891666667,2.065181728,35.0,6.0,0,9.17505,3615.4,3,0,0,0,0.13562707000975766
2020-02-16,Bondi,Extreme risk,0.052667818181818274,0,1,22.758087,19.075884541666667,82.73302158333333,4.2126589125,1008.7692941666666,1.3155937023,0.5,0.5,1,19.5728,9692.7,2,1,1,1,0.9073872764826015
2020-08-10,Coogee,Extreme risk,0.06162881818181809,0,1,14.957825,9.950510770833334,74.715674625,10.538432420833333,1010.9224833333333,10.070800787,0.5,0.5,1,18.7764,7453.6,8,0,1,1,0.836004157684566
2020-01-28,Cronulla,Extreme risk,0.08882281818181813,0,1,25.191132,22.457602166666664,89.08252195833334,3.6111891158333336,1007.0148545833334,0.86975098218,0.5,0.5,1,18.6816,1026.8,1,1,1,1,0.8943425186994556
2020-06-16,Coogee,Low risk,0.38135069999999993,0,0,19.131622,10.446347520833333,70.69922058333333,3.9461357416666663,1018.3600120833333,0.0,0.5,0.5,1,18.7764,7453.6,6,0,0,0,0.4807905409814753
2020-03-06,Blacktown,Moderate risk,0.32506209090909105,0,0,27.466461,19.769861916666667,83.84127716666667,2.7666365658333336,1001.65903375,1.2936592067800001,35.0,6.0,0,9.17505,3615.4,3,0,0,0,0.17630662361774538
2020-08-06,Bankstown,Moderate risk,0.22804650000000004,0,0,15.079102,1.78210703375,59.245683125,3.1772149958333333,1010.5309829166667,0.0,18.0,5.0,0,12.4235,6471.6,8,0,0,0,0.17151948727003125
2020-03-02,Penrith,Low risk,0.6973266363636363,1,0,37.176117,13.9380761125,60.021345249999996,2.5774981833333332,996.6868291666666,0.0691413875,55.0,3.0,0,11.4378,1496.4,3,0,0,0,0.06490083557617536
2020-04-20,Campbelltown,Low risk,0.7180115,0,0,20.208344,10.936239854166667,79.31916254166667,1.41955977125,999.8307791666666,0.0,40.0,10.0,0,10.7411,1577.7,4,0,0,0,0.08193896770597768
2020-10-03,Bondi,Moderate risk,0.20882345454545453,0,0,20.02475,14.624088354166666,81.46479000000001,5.532103175,1018.9521670833333,0.0,0.5,0.5,1,19.5728,9692.7,10,0,0,1,0.6184959170486987
2020-03-01,Coogee,Moderate risk,0.202337090909091,0,0,24.672943,20.22467425,84.40258333333334,4.721534195833333,1007.03125125,0.00286102292,0.5,0.5,1,18.7764,7453.6,3,0,0,1,0.6679269003609949
2020-12-31,Parramatta,Moderate risk,0.3728822000000001,0,0,22.795837,16.38642,78.86497808333333,2.8388911958333334,1012.1082816666667,0.87928772248,20.0,1.0,0,17.0356,4087.8,12,1,0,0,0.1280931223909208
2020-04-30,Fairfield,Moderate risk,0.27581170000000005,0,0,19.825287,12.436475141666667,80.906466625,3.529333683333333,999.9935708333334,8.520603196,27.0,4.0,0,13.6634,4527.0,4,0,0,0,0.44072352033850154
2020-11-18,Blacktown,Low risk,0.7997512499999999,0,0,22.78061,13.923854916666668,70.949497,3.3949653916666667,1016.1200891666667,1.2259483397,35.0,6.0,0,9.17505,3615.4,11,0,0,0,0.10844456557525967
2020-03-24,Liverpool,Low risk,0.4028376363636361,0,0,22.023468,15.596309666666668,80.24028429166667,1.9659734879166668,1014.9970016666666,2.1824836711,30.0,2.0,0,8.27098,5139.4,3,0,0,0,0.19852284148474642
2020-10-15,Fairfield,Low risk,0.7858249090909091,0,0,28.458344,13.491587291666667,68.34757595833334,2.31526541375,1011.00140375,0.0190734864,27.0,4.0,0,13.6634,4527.0,10,0,0,0,0.06856485175098277
2020-10-15,Penrith,Low risk,0.9855762727272729,0,0,29.622406,12.951629708333334,66.5181325,1.5909024391666666,1004.5663929166667,0.023841858,55.0,3.0,0,11.4378,1496.4,10,0,0,0,0.06194738356084938
2020-03-19,Bankstown,Low risk,0.9050652727272724,0,0,29.95279,15.592211458333333,70.3647745,1.974511125,1012.4836283333334,0.0,18.0,5.0,0,12.4235,6471.6,3,0,0,0,0.07610719282275032
2020-06-29,Bondi,High risk,0.18988036363636354,0,1,14.077789,11.255228666666667,89.23273612499999,2.902935116666667,1022.254715,6.83355335,0.5,0.5,1,19.5728,9692.7,6,0,1,1,0.8310649216096528
2020-12-01,Penrith,Low risk,1.047241181818182,1,0,37.06369,17.32756547916667,66.20615429166666,2.3517813958333336,997.2370604166666,0.13828277412,55.0,3.0,0,11.4378,1496.4,12,1,0,0,0.06357515346466511
2020-02-13,Bondi,High risk,0.1773377,0,1,23.883759,21.178772041666665,88.44003579166667,4.2163329625,1006.3680675,7.5650215192,0.5,0.5,1,19.5728,9692.7,2,1,1,1,0.9069622799457017
2020-04-05,Coogee,Moderate risk,0.3045320909090909,0,0,21.99292,9.159203958333334,53.368634500000006,4.701233883333333,1007.8472179166666,0.0,0.5,0.5,1,18.7764,7453.6,4,0,0,0,0.37181308459238066
2020-11-02,Bondi,High risk,0.18738072727272723,0,1,18.301056,12.2084756875,71.05816308333333,7.3240620375,1021.0549579166667,0.061035155880000004,0.5,0.5,1,19.5728,9692.7,11,0,1,1,0.8204569712696127
2020-04-10,Coogee,Moderate risk,0.21752654545454544,0,0,20.244812,16.31286875,84.10633233333333,5.928311791666666,1011.8499491666666,8.6908340243,0.5,0.5,1,18.7764,7453.6,4,0,0,1,0.8747742383872886
2020-02-05,Manly,High risk,0.1375649999999999,0,1,23.848969,14.174540208333333,61.53337354166666,4.490644658333333,1015.0468691666666,0.2937316876,0.5,0.5,1,26.2541,3641.8,2,1,1,1,0.7235493378659906
2020-11-02,Cronulla,High risk,0.18738072727272723,0,1,18.301056,12.2084756875,71.05816308333333,7.3240620375,1021.0549579166667,0.061035155880000004,0.5,0.5,1,18.6816,1026.8,11,0,1,1,0.8037538827005299
2020-06-20,Blacktown,Low risk,0.44890749999999996,0,0,19.7211,9.233651404166666,82.18161933333333,2.2548330808333334,1014.8467287499999,0.00047683716,35.0,6.0,0,9.17505,3615.4,6,0,0,0,0.13787574008268774
2020-12-29,Bankstown,High risk,0.17769554545454563,0,1,20.083405,16.38045875,87.784501125,3.5790238166666666,1006.3024008333333,3.757476831,18.0,5.0,0,12.4235,6471.6,12,1,1,0,0.47396380717479347
2020-09-23,Ryde,Low risk,0.7717257272727274,0,0,23.27362,4.861478170833333,46.81202016666666,3.109157145833333,1004.6958325,0.0,13.0,2.0,0,23.3227,4521.5,9,0,0,0,0.07036334595179729
2020-08-07,Penrith,Extreme risk,0.05754227272727277,0,1,11.061676,7.326438908333333,89.93132725,1.6303847083333334,1006.195875,16.45326615,55.0,3.0,0,11.4378,1496.4,8,0,1,1,0.5188347599924795
2020-03-19,Campbelltown,Low risk,1.1914645454545456,1,0,32.134308,13.55729925,64.797418875,1.7353984445833335,1005.7777858333334,0.0,40.0,10.0,0,10.7411,1577.7,3,0,0,0,0.052332357554721785
2020-08-22,Penrith,High risk,0.10968935000000002,0,1,13.363037,1.6576690804166665,57.333481541666664,4.5705393625,991.1316045833333,0.1502037076,55.0,3.0,0,11.4378,1496.4,8,0,1,0,0.34336393324142267
2020-07-07,Liverpool,High risk,0.18471454545454546,0,1,16.040283,8.5671183625,78.52920045833334,2.9140149416666667,1021.30702375,0.7510185136,30.0,2.0,0,8.27098,5139.4,7,0,1,0,0.23845414133559728
2020-07-09,Penrith,Low risk,0.40355609090909095,0,0,17.632355,8.042292295833333,88.39211270833334,1.48868543375,1015.3487658333333,0.3771782004,55.0,3.0,0,11.4378,1496.4,7,0,0,0,0.17768355884211703
2020-02-09,Bankstown,Extreme risk,0.04701090909090895,0,1,22.165558,19.621785416666665,89.98988125,9.300785408333335,1004.9288375,145.63846605,18.0,5.0,0,12.4235,6471.6,2,1,1,1,0.7616126517085745
2020-09-05,Manly,Moderate risk,0.28146363636363636,0,0,18.899384,10.508520779166666,71.92004829166667,3.771328525,1012.63756875,1.5082359399999998,0.5,0.5,1,26.2541,3641.8,9,0,0,1,0.7335789315062796
2020-05-11,Liverpool,Low risk,0.5220225454545454,0,0,17.905426,4.975505820833333,66.02503958333334,2.8988371458333333,1018.4639433333333,0.0,30.0,2.0,0,8.27098,5139.4,5,0,0,0,0.0881378040426472
2020-05-23,Bankstown,Extreme risk,0.01902800000000049,0,1,16.117188,9.233806666666666,71.24614258333334,5.436902066666666,999.6030675000001,6.659507706,18.0,5.0,0,12.4235,6471.6,5,0,1,1,0.5788942533645544
2020-03-04,Campbelltown,Low risk,0.38040166666666647,0,0,22.379242,18.893761916666666,92.37726908333333,1.4846613345833333,1003.4812270833332,18.3482170616,40.0,10.0,0,10.7411,1577.7,3,0,0,1,0.5598677350186348
2020-02-14,Coogee,High risk,0.18074736363636357,0,1,22.988007,18.47718675,79.10180066666666,5.0515321166666665,1003.6241008333333,1.05094910076,0.5,0.5,1,18.7764,7453.6,2,1,1,1,0.9043875529242547
2020-10-31,Coogee,Moderate risk,0.30448411111111123,0,0,19.40982,15.4179688125,84.41740516666667,5.073532018333333,1003.7794854166667,42.2172546449,0.5,0.5,1,18.7764,7453.6,10,0,0,1,0.860065369075267
2020-01-13,Cronulla,High risk,0.16452854545454573,0,1,22.421478,15.750750229166668,71.62902958333333,4.229079954166667,1013.8348875,1.11675262726,0.5,0.5,1,18.6816,1026.8,1,1,1,1,0.8708064917043841
2020-08-29,Bondi,Moderate risk,0.2632446363636363,0,0,17.023346,8.176402995833334,68.12419616666666,3.8534923875,1023.7105866666666,0.0,0.5,0.5,1,19.5728,9692.7,8,0,0,0,0.44919035454112793
2020-08-23,Parramatta,Low risk,0.3788063909090909,0,0,16.263092,1.3310559641666666,48.85813329166667,5.8346359083333335,1000.6361149999999,0.0,20.0,1.0,0,17.0356,4087.8,8,0,0,0,0.27721540325458677
2020-03-09,Blacktown,Low risk,0.39976918181818183,0,0,21.648712,15.330123958333333,80.05079941666666,2.880265595833333,1013.3828941666667,1.7852783191000001,35.0,6.0,0,9.17505,3615.4,3,0,0,0,0.13914219686817847
2020-05-04,Fairfield,Moderate risk,0.24189063636363642,0,0,18.865234,6.675883,70.73730175,2.4411531958333335,1018.0576945833333,0.0,27.0,4.0,0,13.6634,4527.0,5,0,0,0,0.07123867790102223
2020-08-15,Coogee,Moderate risk,0.33573700000000023,0,0,16.87915,10.588007479166667,75.1018445,4.759248539166666,1001.8435395833334,4.7845841036,0.5,0.5,1,18.7764,7453.6,8,0,0,1,0.7617148955626163
2020-05-24,Liverpool,Moderate risk,0.3465322500000001,0,0,16.994171,8.650255879166666,64.03380241666666,6.5869066875,1004.0553450000001,0.52213668106,30.0,2.0,0,8.27098,5139.4,5,0,0,0,0.26015513845016836
2020-07-11,Ryde,Low risk,0.5485285454545454,0,0,16.045685,11.5003471875,92.90858387499999,1.2649082720833333,1009.5621358333333,7.0133209589800005,13.0,2.0,0,23.3227,4521.5,7,0,0,0,0.4878215934728963
2020-05-17,Blacktown,Low risk,0.43787644444444435,0,0,20.165588,9.956853245833333,81.62014654166667,1.8103500458333333,1023.3068483333333,0.11062622180000001,35.0,6.0,0,9.17505,3615.4,5,0,0,0,0.15581973500788024
2020-08-11,Cronulla,High risk,0.13519563636363638,0,1,15.250641,8.053436254166668,66.067191875,3.7685352125,1015.0087741666666,0.2522468612,0.5,0.5,1,18.6816,1026.8,8,0,1,1,0.7460980817978821
2020-08-20,Blacktown,Low risk,0.5217590272727274,0,0,17.472809,3.346410104166667,51.107300124999995,4.830927725,994.7316345833333,0.0,35.0,6.0,0,9.17505,3615.4,8,0,0,0,0.17322380747950636
2020-07-01,Manly,Moderate risk,0.34337160000000005,0,0,19.141663,8.697116891666667,69.07988058333333,4.7468652375,1015.3652808333333,0.0,0.5,0.5,1,26.2541,3641.8,7,0,0,0,0.415146579280778
2020-07-15,Cronulla,High risk,0.1244507272727272,0,1,14.544647,9.981577541666667,77.35853066666667,11.413017041666668,1012.2318645833334,7.071971912,0.5,0.5,1,18.6816,1026.8,7,0,1,1,0.8363600404384965
2020-02-29,Fairfield,Low risk,0.598383181818182,0,0,25.825684,15.973074541666668,72.57209254166666,2.306208520833333,1008.4912733333334,0.5822181715,27.0,4.0,0,13.6634,4527.0,2,1,0,0,0.0781134260273392
2020-03-16,Campbelltown,Low risk,0.4907725454545453,0,0,20.958954,13.426441166666665,78.387564625,3.3372599083333334,1010.3347404166667,2.7637481795,40.0,10.0,0,10.7411,1577.7,3,0,0,0,0.19259391013134736
2020-07-16,Bankstown,High risk,0.1955539090909092,0,1,15.653137,6.598571775,65.83675895833333,5.8169608749999995,1009.1940220833334,0.10204315112,18.0,5.0,0,12.4235,6471.6,7,0,1,0,0.32363154126161264
2020-10-25,Cronulla,Extreme risk,0.0,0,1,16.94696,13.143924770833332,84.84430479166666,10.702735291666668,1007.4572170833334,31.80217748,0.5,0.5,1,18.6816,1026.8,10,0,1,1,0.8641003894224909
2020-08-28,Coogee,Moderate risk,0.2611222727272727,0,0,15.125153,5.256716458333334,56.250124416666665,4.891102345833334,1019.1129008333334,0.0,0.5,0.5,1,18.7764,7453.6,8,0,0,0,0.3448754800580934
2020-01-23,Bankstown,Low risk,1.042646818181818,1,0,39.4487,15.954140958333333,47.96968366666667,3.825747943333333,993.9331258333333,0.0071525574,18.0,5.0,0,12.4235,6471.6,1,1,0,0,0.1347847451341802
2020-03-06,Ryde,Moderate risk,0.32506209090909105,0,0,27.466461,19.769861916666667,83.84127716666667,2.7666365658333336,1001.65903375,1.2936592067800001,13.0,2.0,0,23.3227,4521.5,3,0,0,0,0.16685598851205768
2020-02-01,Coogee,High risk,0.13413700000000048,0,1,28.783234,22.746147166666663,80.79488258333333,6.575913533333334,1004.0730970833333,0.0,0.5,0.5,1,18.7764,7453.6,2,1,1,1,0.7424896365267353
2020-08-22,Blacktown,Moderate risk,0.20740178571428558,0,0,14.256226,1.68655904125,54.28348358333333,4.981321191666667,997.5966158333334,0.43630599529999997,35.0,6.0,0,9.17505,3615.4,8,0,0,0,0.3367571827243376
2020-12-16,Penrith,Moderate risk,0.30239863636363623,0,0,28.587982,21.574976625,89.95016691666666,1.9302692333333333,996.7193016666666,27.251720259,55.0,3.0,0,11.4378,1496.4,12,1,0,0,0.35535193539301707
2020-07-05,Bondi,Moderate risk,0.27274672727272725,0,0,16.358429,7.401796995833333,66.584321375,7.072415645833334,1016.6771937499999,0.0,0.5,0.5,1,19.5728,9692.7,7,0,0,1,0.5133741639982898
2020-06-26,Campbelltown,Low risk,0.45060590909090903,0,0,17.783356,5.052347845833333,71.17102712500001,2.20819769,1008.27239,0.206470488,40.0,10.0,0,10.7411,1577.7,6,0,0,0,0.09059253526036022
2020-08-12,Ryde,Low risk,0.5301846363636364,0,0,18.109222,9.706850791666666,85.29988733333333,1.6566184233333334,1007.5484670833333,0.7972717256,13.0,2.0,0,23.3227,4521.5,8,0,0,0,0.20336543734112916
2020-11-21,Coogee,Extreme risk,0.05969527272727246,0,1,19.803772,15.841035208333333,81.10070366666666,6.180848370833334,1015.9925475,0.01907348646,0.5,0.5,1,18.7764,7453.6,11,0,1,1,0.8372618995347068
2020-08-25,Coogee,Moderate risk,0.21782900000000005,0,0,13.190216,6.015083320833334,68.425482125,4.2255182583333335,1021.3900620833333,0.136375426,0.5,0.5,1,18.7764,7453.6,8,0,0,1,0.6813256260062177
2020-01-28,Manly,High risk,0.19269345454545475,0,1,26.380798,22.253012333333334,85.90506191666667,3.45182930625,1006.7685995833334,1.08289720778,0.5,0.5,1,26.2541,3641.8,1,1,1,1,0.7671219423949149
2020-12-26,Liverpool,Low risk,0.46790109090909093,0,0,23.31717,16.387641875,81.10819566666667,3.2002504083333334,1010.3191029166666,11.1074449542,30.0,2.0,0,8.27098,5139.4,12,1,0,0,0.4229493127066298
2020-07-16,Campbelltown,Moderate risk,0.33014190909090907,0,0,16.118256,5.013041195833334,62.780610833333334,4.140435833333333,1002.5686020833333,0.020503997819999998,40.0,10.0,0,10.7411,1577.7,7,0,0,0,0.2716817249515293
2020-10-16,Penrith,High risk,0.19153439999999974,0,1,20.71402,12.763200125,74.39807879166666,2.7075459083333335,1003.9415783333334,0.4920959441,55.0,3.0,0,11.4378,1496.4,10,0,1,0,0.11240998500638401
2020-09-24,Fairfield,Low risk,0.8757446600000002,0,0,21.235565,3.6725464079166668,49.238213124999994,3.546392075,1005.69994375,0.0,27.0,4.0,0,13.6634,4527.0,9,0,0,0,0.09817696207113993
2020-04-07,Blacktown,Moderate risk,0.3256957999999999,0,0,20.332245,13.153719541666668,77.767012125,2.536556158333333,1013.9429870833334,1.2912750112,35.0,6.0,0,9.17505,3615.4,4,0,0,0,0.11846331758063645
2020-10-10,Ryde,Low risk,1.2822321818181817,0,0,25.76825,4.460760746666667,46.636346374999995,1.7721536291666666,1010.7594483333334,0.0,13.0,2.0,0,23.3227,4521.5,10,0,0,0,0.050769298622990816
2020-07-03,Penrith,Low risk,0.40862727000000004,0,0,17.49591,4.767733233333334,68.83520895833333,2.1754798183333333,1005.1265233333334,0.0,55.0,3.0,0,11.4378,1496.4,7,0,0,0,0.0665141004664595
2020-09-05,Fairfield,Low risk,0.735298909090909,0,0,21.954407,9.164933504166667,71.38428529166667,2.4184374766666665,1010.2129904166667,0.58078768,27.0,4.0,0,13.6634,4527.0,9,0,0,0,0.10186327108893796
2020-02-11,Manly,Moderate risk,0.20317218181818186,0,0,25.887604,21.229081416666666,85.462009375,4.4615776125,1003.3660525,1.80673599452,0.5,0.5,1,26.2541,3641.8,2,1,0,1,0.7922975178991202
2020-03-19,Liverpool,Low risk,0.9050652727272724,0,0,29.95279,15.592211458333333,70.3647745,1.974511125,1012.4836283333334,0.0,30.0,2.0,0,8.27098,5139.4,3,0,0,0,0.08576908513670116
2020-07-07,Blacktown,Moderate risk,0.2472146363636363,0,0,16.510986,7.923238133333332,77.59498020833333,2.3850830958333336,1021.9174370833333,0.5774498057599999,35.0,6.0,0,9.17505,3615.4,7,0,0,0,0.1303483600112868
2020-02-04,Bondi,Extreme risk,0.04916109090909063,0,1,21.153717,12.513757020833333,60.678650125,7.134722129166668,1014.79837125,0.8707046506,0.5,0.5,1,19.5728,9692.7,2,1,1,1,0.8372533200296561
2020-06-25,Coogee,Low risk,0.3996825999999999,0,0,16.989532,8.5498974375,68.22315666666667,5.7600358541666665,1013.9523779166666,0.01478195216,0.5,0.5,1,18.7764,7453.6,6,0,0,1,0.6153952953606098
2020-12-02,Liverpool,Moderate risk,0.24122400000000002,0,0,22.179108,16.2811013125,80.11440625,4.285880254166667,1010.1661258333334,0.52499770396,30.0,2.0,0,8.27098,5139.4,12,1,0,0,0.31726403026131017
2020-05-25,Blacktown,Extreme risk,0.052262727272727266,0,1,16.251312,9.955491454166667,76.53389116666666,5.759310883333334,1010.1581916666668,5.8374404753,35.0,6.0,0,9.17505,3615.4,5,0,1,1,0.5829451257240053
2020-07-27,Cronulla,High risk,0.13871749999999983,0,1,16.90091,14.046797416666665,89.104868125,6.708526545833333,994.02072125,20.47491073,0.5,0.5,1,18.6816,1026.8,7,0,1,1,0.7798247110161745
2020-05-25,Cronulla,Extreme risk,0.0,0,1,16.338715,13.068202979166665,84.45954845833333,11.183434437499999,1012.03986125,15.42139055,0.5,0.5,1,18.6816,1026.8,5,0,1,1,0.8549138046786091
2020-05-22,Coogee,Moderate risk,0.25347899999999995,0,0,15.667175,9.923727666666666,75.13629995833334,11.613875520833334,1004.3640004166667,30.6730269662,0.5,0.5,1,18.7764,7453.6,5,0,0,1,0.8208228428239113
2020-06-18,Bankstown,Low risk,0.5352081000000001,0,0,17.5654,8.749003158333332,72.804462125,1.6464531958333335,1027.9557666666667,0.10299682655999999,18.0,5.0,0,12.4235,6471.6,6,0,0,0,0.14506670592422116
2020-07-15,Ryde,Moderate risk,0.299166590909091,0,0,15.528961,6.516896545833333,64.93673820833332,5.777277225,1010.3368554166667,0.2174377438,13.0,2.0,0,23.3227,4521.5,7,0,0,0,0.2942142513171925
2020-05-23,Bondi,Extreme risk,0.03951033333333361,0,1,16.306396,10.462566416666666,72.98225808333333,9.009330320833334,1002.3343133333333,7.4057578817,0.5,0.5,1,19.5728,9692.7,5,0,1,1,0.8203015006411082
2020-09-08,Fairfield,Low risk,0.757717611111111,0,0,24.680084,10.5748850375,72.67362566666667,2.6339694083333334,1019.9821400000001,0.0,27.0,4.0,0,13.6634,4527.0,9,0,0,0,0.06524888400785678
2020-10-30,Manly,Extreme risk,0.05986199999999976,0,1,18.71814,13.781415375,82.37755187500001,2.678067458333333,1005.4168866666668,0.5297660913,0.5,0.5,1,26.2541,3641.8,10,0,1,1,0.8013197527806534
2020-09-17,Campbelltown,Moderate risk,0.2722806363636362,0,0,29.33371,10.874100895833335,68.248930625,2.6477448291666668,1007.7367875,0.9307861277,40.0,10.0,0,10.7411,1577.7,9,0,0,0,0.06815387580230486
2020-10-04,Fairfield,Low risk,1.1769908181818183,1,0,30.80893,12.650246043478262,65.1142467826087,2.9527329739130437,1011.711467826087,0.0,27.0,4.0,0,13.6634,4527.0,10,0,0,0,0.06649657704099815
2020-01-16,Fairfield,Low risk,0.40614454545454526,0,0,26.217255,19.817558208333335,84.16061208333333,1.7172110995833334,999.9900250000001,10.5066297845,27.0,4.0,0,13.6634,4527.0,1,1,0,0,0.2729245627300589
2020-09-26,Blacktown,Low risk,0.505601409090909,0,0,17.133331,0.8320528729166666,45.463716250000004,6.053234275,1003.2023062499999,0.0,35.0,6.0,0,9.17505,3615.4,9,0,0,0,0.17738528398264042
2020-10-04,Bankstown,Low risk,0.9003573636363638,0,0,27.754333,13.590548347826086,70.98121643478261,3.3952070695652172,1011.1145078260869,0.0,18.0,5.0,0,12.4235,6471.6,10,0,0,0,0.08521283278370362
2020-05-15,Coogee,Extreme risk,0.0,0,1,16.368195,10.233854966666668,69.90185929166667,6.127798608333333,1023.9914408333334,2.54678727932,0.5,0.5,1,18.7764,7453.6,5,0,1,1,0.8292042871583221
2020-05-16,Campbelltown,Low risk,0.7078064000000001,0,0,18.35147,10.186553833333333,83.17527145833334,1.4318532583333334,1015.6449770833333,0.5860328607199999,40.0,10.0,0,10.7411,1577.7,5,0,0,0,0.17864972823191774
2020-09-25,Fairfield,Low risk,0.4659146363636362,0,0,22.392487,4.320106498333334,55.203536875,5.357415083333334,998.8351375000001,0.9722709659,27.0,4.0,0,13.6634,4527.0,9,0,0,0,0.19650644469781034
2020-04-13,Bankstown,Low risk,0.5213234545454545,0,0,20.772552,11.216205583333334,77.518275625,1.7671220229166666,1012.5303983333333,0.0,18.0,5.0,0,12.4235,6471.6,4,0,0,0,0.09555807907444867
2020-08-25,Campbelltown,Low risk,0.7760675636363636,0,0,15.730743,2.5868606708333335,68.5775785,1.8000914000000001,1011.2625545833333,0.010967255,40.0,10.0,0,10.7411,1577.7,8,0,0,0,0.1228528679865495
2020-05-27,Ryde,Low risk,0.46043254545454554,0,0,18.508331,11.5932820625,84.85604754166667,1.8086978929166666,1014.2267875000001,0.2899169943,13.0,2.0,0,23.3227,4521.5,5,0,0,0,0.21189831537887738
2020-04-22,Bondi,Moderate risk,0.367598090909091,0,0,22.361969,12.812215145833333,65.03586425,3.6646515625,1012.52535875,0.0,0.5,0.5,1,19.5728,9692.7,4,0,0,0,0.43484125554972247
2020-12-03,Ryde,Moderate risk,0.29846189999999984,0,0,21.678925,16.238460541666665,80.76550925,2.9003955083333337,1013.4508054166666,0.71191788336,13.0,2.0,0,23.3227,4521.5,12,1,0,0,0.14906326715377236
2020-08-02,Ryde,Low risk,0.7783897,0,0,18.929108,5.831179258333333,77.84489462500001,1.4257039674999998,1016.3402333333333,0.0,13.0,2.0,0,23.3227,4521.5,8,0,0,0,0.06961612596270339
2020-09-12,Penrith,Low risk,0.9056839999999998,0,0,23.183868,9.508463625,75.15840904166667,1.6245077629166669,1012.3147020833334,0.0,55.0,3.0,0,11.4378,1496.4,9,0,0,0,0.06853144851871096
2020-01-28,Bankstown,Moderate risk,0.316805818181818,0,0,29.773926,22.021485583333334,80.34216883333333,2.689417154166667,1003.8756775,0.92077252756,18.0,5.0,0,12.4235,6471.6,1,1,0,0,0.12590857555384272
2020-04-22,Cronulla,Moderate risk,0.367598090909091,0,0,22.361969,12.812215145833333,65.03586425,3.6646515625,1012.52535875,0.0,0.5,0.5,1,18.6816,1026.8,4,0,0,0,0.430936264792684
2020-03-06,Bankstown,Moderate risk,0.2396573636363635,0,0,25.891754,19.713953458333332,85.97038683333334,3.288278920833333,1001.1340441666666,1.09958648518,18.0,5.0,0,12.4235,6471.6,3,0,0,0,0.22101784590854937
2020-08-03,Manly,Low risk,0.5102650909090911,0,0,18.73349,7.954301241666666,70.10691833333333,3.1062604750000005,1012.97285875,0.0,0.5,0.5,1,26.2541,3641.8,8,0,0,0,0.3763253900366377
2020-09-30,Manly,Moderate risk,0.2915683333333335,0,0,19.272247,11.136871416666667,71.802324625,5.213949041666667,1012.3847425,0.0195503233,0.5,0.5,1,26.2541,3641.8,9,0,0,1,0.674169581148517
2020-06-24,Campbelltown,Low risk,0.5171064545454546,0,0,17.57248,5.9848315125000004,70.29643920833333,3.9725491749999997,999.6188645833332,0.036239624059999996,40.0,10.0,0,10.7411,1577.7,6,0,0,0,0.19968566879970936
2020-04-05,Ryde,Low risk,0.6406471818181817,0,0,23.90503,8.074242925,56.022742666666666,3.0232167833333334,1005.6105479166666,0.0,13.0,2.0,0,23.3227,4521.5,4,0,0,0,0.06919265576520493
2020-09-24,Penrith,Low risk,0.9026978,0,0,20.456268,4.101745616666666,55.694153666666665,2.8015095083333335,999.4195195833332,0.0,55.0,3.0,0,11.4378,1496.4,9,0,0,0,0.06787771790439474
2020-10-07,Campbelltown,Moderate risk,0.2185446363636365,0,0,20.104584,15.705398583333334,87.65006979166667,1.2602118525000001,1004.7337191666667,4.7259329674,40.0,10.0,0,10.7411,1577.7,10,0,0,0,0.3767431312486278
2020-05-19,Bankstown,Low risk,0.4237227272727274,0,0,20.274017,12.91706075,83.77605712500001,1.7723281,1019.5734170833333,0.1502037053,18.0,5.0,0,12.4235,6471.6,5,0,0,0,0.216823872785016
2020-09-23,Bondi,Low risk,0.4650850909090909,0,0,20.443542,7.491686470833333,51.27457320833333,3.5501070041666662,1006.9970875,0.9946822999999999,0.5,0.5,1,19.5728,9692.7,9,0,0,1,0.5200249498004306
2020-05-16,Bankstown,Low risk,0.44159550000000003,0,0,18.660492,11.654897,85.85309941666667,1.7209183541666666,1022.451645,0.73289871122,18.0,5.0,0,12.4235,6471.6,5,0,0,0,0.2248207660511108
2020-12-05,Blacktown,Low risk,0.3943703636363635,0,0,24.962616,17.166221604166665,77.35966808333333,3.2136067500000003,1001.6042583333333,9.55057150396,35.0,6.0,0,9.17505,3615.4,12,1,0,0,0.24082441291392975
2020-09-16,Ryde,Low risk,0.9044549999999998,0,0,27.476593,11.719933854166667,70.40010191666667,2.1018933541666667,1014.6970225,0.0066757202,13.0,2.0,0,23.3227,4521.5,9,0,0,0,0.05383581191810791
2020-02-12,Parramatta,Moderate risk,0.22756959999999998,0,0,26.003937,21.745327,88.947116,2.3751207541666663,1002.2459629166666,4.3582916263,20.0,1.0,0,17.0356,4087.8,2,1,0,0,0.2482843006273492
2020-04-09,Cronulla,High risk,0.11077124999999999,0,1,19.620087,15.135686208333333,78.35334158333333,3.7287021708333334,1020.3690741666666,2.0194053656,0.5,0.5,1,18.6816,1026.8,4,0,1,1,0.8477775272226556
2020-12-02,Parramatta,Moderate risk,0.3023290000000003,0,0,22.355255,16.452081,77.85194104166668,3.9908460541666666,1010.5578,0.771045689,20.0,1.0,0,17.0356,4087.8,12,1,0,0,0.24994453423713484
2020-09-14,Bondi,Extreme risk,0.06274409090909087,0,1,17.542267,12.349597791666667,79.13695525,3.466350333333333,1019.5736183333333,0.00238418582,0.5,0.5,1,19.5728,9692.7,9,0,1,0,0.49413150455114185
2020-10-12,Parramatta,Low risk,0.9174694545454544,0,0,24.934235,13.931447354166666,73.657659375,2.724194670833333,1015.0369379166667,0.223636625,20.0,1.0,0,17.0356,4087.8,10,0,0,0,0.08422187387326817
2020-07-26,Liverpool,Moderate risk,0.22169499999999953,0,0,16.079315,13.8263180625,96.23259295833333,2.934996461666666,1006.9324841666667,63.031196676,30.0,2.0,0,8.27098,5139.4,7,0,0,1,0.5837875932202322
2020-11-28,Manly,Low risk,0.8247908750000001,1,0,32.098175,16.973964833333334,59.29839479166666,5.077594258333334,1002.9006329166667,0.0,0.5,0.5,1,26.2541,3641.8,11,0,0,0,0.3585000456409362
2020-10-30,Cronulla,Extreme risk,0.024054666666666533,0,1,18.407867,14.096356666666667,83.007022375,2.9362806708333333,1005.4997995833334,0.27084350758,0.5,0.5,1,18.6816,1026.8,10,0,1,1,0.8384359051905719
2020-04-17,Cronulla,Low risk,0.5310779999999998,0,0,23.390717,12.024159770833334,58.59482833333333,4.74727515,1005.2778845833333,0.0019073486,0.5,0.5,1,18.6816,1026.8,4,0,0,0,0.39389285880571984
2020-02-23,Coogee,High risk,0.11056509090909117,0,1,22.994476,17.064539625,73.63704820833333,3.8135153583333334,1018.6027304166668,3.515720342,0.5,0.5,1,18.7764,7453.6,2,1,1,1,0.8881322473388384
2020-07-21,Fairfield,Low risk,0.5174754545454545,0,0,16.261688,3.2638295416666665,65.72149491666666,2.762999704166667,1018.5844141666666,0.0,27.0,4.0,0,13.6634,4527.0,7,0,0,0,0.11630926845836324
2020-07-29,Ryde,Low risk,0.4612343636363636,0,0,18.902985,9.651978791666666,79.97129395833333,1.9371471333333332,1008.9458991666667,0.051498412959999997,13.0,2.0,0,23.3227,4521.5,7,0,0,0,0.11338349040596059
2020-09-16,Penrith,Low risk,0.9855984545454546,0,0,27.656555,11.127404624999999,70.99488649999999,1.7075337308333334,1008.2586916666666,0.030994415060000002,55.0,3.0,0,11.4378,1496.4,9,0,0,0,0.05690338831143538
2020-07-31,Coogee,High risk,0.18954190909090907,0,1,14.611328,7.832763670833334,67.93316983333334,4.738379014583333,1022.41529,0.0014305115,0.5,0.5,1,18.7764,7453.6,7,0,1,1,0.5092416837162284
2020-06-29,Liverpool,Low risk,0.515625,0,0,15.5816345,10.169535354166667,90.73470025,2.0287946291666668,1019.22804,3.540992705,30.0,2.0,0,8.27098,5139.4,6,0,0,0,0.4120134536773484
2020-12-25,Liverpool,Moderate risk,0.2423248000000001,0,0,20.481018,14.980472520833333,76.08614558333333,4.777996070833333,1011.0060016666666,1.3022422728,30.0,2.0,0,8.27098,5139.4,12,1,0,0,0.29197865142985496
2020-07-12,Liverpool,Moderate risk,0.2912475499999999,0,0,16.500732,9.5846557875,88.27477016666667,1.3151560804166667,1007.6075533333333,4.4622421307,30.0,2.0,0,8.27098,5139.4,7,0,0,0,0.412558175466162
2020-12-19,Fairfield,High risk,0.13822175000000003,0,1,19.923767,16.050136479166667,81.90333725,3.3967668608333335,1008.6195391666666,2.422809599,27.0,4.0,0,13.6634,4527.0,12,1,1,0,0.33837184362861045
2020-03-08,Ryde,Moderate risk,0.31332681818181835,0,0,21.978027,15.882324229166665,82.290931875,2.2713048125,1012.9065416666667,3.7193298610000003,13.0,2.0,0,23.3227,4521.5,3,0,0,0,0.27055120796973386
2020-08-27,Liverpool,Low risk,0.459178590909091,0,0,20.33731,3.499207783916667,61.68817016666667,2.3762022333333332,1015.6833775,0.0,30.0,2.0,0,8.27098,5139.4,8,0,0,0,0.08421788288747942
2020-08-10,Penrith,High risk,0.18733909090909087,0,1,15.045715,9.323476191666666,82.43011433333334,5.1239430125,1002.7633225,6.11877440536,55.0,3.0,0,11.4378,1496.4,8,0,1,1,0.6613153743871103
2020-08-13,Liverpool,Low risk,0.5944380909090909,0,0,20.995056,10.275119820833334,81.816985375,1.4111540270833334,1005.5568045833334,0.0782012937,30.0,2.0,0,8.27098,5139.4,8,0,0,0,0.16153408901461866
2020-10-16,Fairfield,High risk,0.1356644545454546,0,1,20.018707,12.853532229166667,72.29406725,3.4874661125,1010.2449095833334,0.23365021092000002,27.0,4.0,0,13.6634,4527.0,10,0,1,0,0.1738463249700578
2020-02-15,Ryde,Low risk,0.43403209090909106,0,0,26.418732,17.805052458333332,79.686930125,1.5149013675,999.3353804166667,0.6108283998999999,13.0,2.0,0,23.3227,4521.5,2,1,0,0,0.08752032669861767
2020-11-17,Ryde,Moderate risk,0.25927044444444447,0,0,22.83551,14.390237291666667,70.21469283333333,4.085965341666666,1011.65065125,1.06716155942,13.0,2.0,0,23.3227,4521.5,11,0,0,0,0.2283672970923575
2020-05-18,Liverpool,Moderate risk,0.293370909090909,0,0,18.463257,12.732626645833333,85.07993658333334,1.1655583683333333,1023.8189779166668,1.1386871236,30.0,2.0,0,8.27098,5139.4,5,0,0,0,0.28051047632410986
2020-04-17,Coogee,Low risk,0.5310779999999998,0,0,23.390717,12.024159770833334,58.59482833333333,4.74727515,1005.2778845833333,0.0019073486,0.5,0.5,1,18.7764,7453.6,4,0,0,0,0.39035351908080207
2020-10-30,Bondi,Extreme risk,0.024054666666666533,0,1,18.407867,14.096356666666667,83.007022375,2.9362806708333333,1005.4997995833334,0.27084350758,0.5,0.5,1,19.5728,9692.7,10,0,1,1,0.8528568451224744
2020-02-17,Manly,Moderate risk,0.21520436363636364,0,0,23.11679,19.913887125,87.470460375,1.7075878433333334,1008.7221625000001,2.57015224656,0.5,0.5,1,26.2541,3641.8,2,1,0,1,0.8595658573174234
2020-03-24,Ryde,Low risk,0.5461259090909091,0,0,22.537628,15.332393625,78.41844533333334,1.8884978245833333,1015.5349112499999,1.69086456806,13.0,2.0,0,23.3227,4521.5,3,0,0,0,0.12624477111237314
2020-07-24,Blacktown,Low risk,0.6035322727272727,0,0,17.80246,7.845335662499999,86.99629745833333,1.6445254991666667,1018.8739662500001,0.0,35.0,6.0,0,9.17505,3615.4,7,0,0,0,0.15818559068160512
2020-12-04,Ryde,Low risk,1.186601090909091,1,0,33.180725,14.248757499999998,62.617911,1.8434152704166664,1005.8266270833333,0.00047683716,13.0,2.0,0,23.3227,4521.5,12,1,0,0,0.05626100041515777
2020-08-21,Cronulla,Moderate risk,0.3682057272727274,0,0,16.710938,5.934276595833334,59.49684441666667,6.7263062666666675,1000.97646,0.33617019502,0.5,0.5,1,18.6816,1026.8,8,0,0,0,0.44955122887721677
2020-09-15,Penrith,Low risk,0.7889043636363635,0,0,23.267609,13.118794770833333,80.33912483333333,1.6614535029166666,1013.0632587499999,0.9088516177,55.0,3.0,0,11.4378,1496.4,9,0,0,0,0.11241258683092624
2020-12-14,Penrith,Low risk,0.591056875,0,0,23.833282,16.440012624999998,81.34059524999999,1.8870742624999999,1006.2485320833333,6.0930252414,55.0,3.0,0,11.4378,1496.4,12,1,0,0,0.33272575454414766
2020-12-04,Manly,Low risk,0.48773745454545453,0,0,25.024628,17.267556541666668,77.389071625,2.7024580099999995,1008.4220408333334,0.00238418578,0.5,0.5,1,26.2541,3641.8,12,1,0,1,0.531128073914346
2020-07-04,Penrith,Moderate risk,0.22385472727272734,0,0,15.790375,2.7104314125,63.27369633333333,2.88066050125,1005.43129125,1.33895876046,55.0,3.0,0,11.4378,1496.4,7,0,0,0,0.166628089141772
2020-12-05,Bondi,Extreme risk,0.033227600000000024,0,1,22.74704,18.077435791666666,85.65279541666666,5.578472495833334,1004.0480191666667,12.21227658142,0.5,0.5,1,19.5728,9692.7,12,1,1,1,0.8918241211606517
2020-08-25,Parramatta,Low risk,0.7339865727272726,0,0,15.486603,2.680203747083333,67.384259375,2.0032682333333334,1018.95089375,0.0,20.0,1.0,0,17.0356,4087.8,8,0,0,0,0.11058788857763224
2020-04-05,Campbelltown,Low risk,0.6315918181818181,0,0,22.804749,7.773949975,58.17960541666667,2.6307349041666668,998.0397125,0.0,40.0,10.0,0,10.7411,1577.7,4,0,0,0,0.06666374935534024
2020-09-22,Ryde,Low risk,0.9180852727272726,0,0,26.536957,8.873756425,48.698296416666665,3.934351233333333,1002.0002995833333,0.0033378601000000003,13.0,2.0,0,23.3227,4521.5,9,0,0,0,0.12883969326406888
2020-01-16,Penrith,Low risk,0.4201715454545452,0,0,25.480927,19.66090125,85.80327754166666,1.6279482445833333,993.9479491666666,15.80333715,55.0,3.0,0,11.4378,1496.4,1,1,0,0,0.31796280230261975
2020-08-10,Parramatta,Moderate risk,0.34770700000000004,0,0,15.875793,9.712799104166667,79.90078395833334,6.0793424625000005,1008.7108270833334,5.0234794453000005,20.0,1.0,0,17.0356,4087.8,8,0,0,1,0.5607625648182859
2020-03-21,Bankstown,Moderate risk,0.3454978181818182,0,0,23.469147,16.52298475,79.66998124999999,2.553260745833333,1011.14906625,2.46429442306,18.0,5.0,0,12.4235,6471.6,3,0,0,0,0.20507868635652113
2020-03-29,Manly,Moderate risk,0.2261445000000002,0,0,22.401215,18.192950041666666,85.91812987499999,5.422805154166667,1014.0053758333333,5.68246841,0.5,0.5,1,26.2541,3641.8,3,0,0,1,0.8654846237064401
2020-06-11,Ryde,Low risk,0.4295006250000002,0,0,20.03952,12.497500145833333,85.78736145833334,2.3760373820833336,1016.1920154166668,0.0739097612,13.0,2.0,0,23.3227,4521.5,6,0,0,0,0.22031046584711164
2020-03-29,Liverpool,Moderate risk,0.37354345454545457,0,0,23.65512,18.070065833333334,85.6671185,3.0223595833333334,1010.9378812499999,3.2277107123,30.0,2.0,0,8.27098,5139.4,3,0,0,0,0.3980314708992646
2020-04-08,Blacktown,High risk,0.12524690909090938,0,1,18.452057,14.507642145833332,87.7858,2.1403549791666667,1014.7846316666668,9.987354226499999,35.0,6.0,0,9.17505,3615.4,4,0,1,0,0.4847601238373311
2020-07-05,Ryde,Low risk,0.47374097272727267,0,0,17.924316,4.451845808333333,63.99315470833333,3.697340875,1014.5913662500001,0.0,13.0,2.0,0,23.3227,4521.5,7,0,0,0,0.12294915684034889
2020-10-12,Cronulla,High risk,0.1941029090909093,0,1,19.549469,15.9640809375,84.21142970833334,4.8209445749999995,1017.6681866666667,1.2784004167999998,0.5,0.5,1,18.6816,1026.8,10,0,1,1,0.8622675899917109
2020-02-01,Manly,High risk,0.19411462499999965,1,1,31.63681,21.857149708333335,70.05246662500001,5.933326841666666,1004.0189433333334,0.0,0.5,0.5,1,26.2541,3641.8,2,1,1,1,0.5704579120466324
2020-06-06,Bankstown,Low risk,0.4701704272727273,0,0,17.538177,7.743891329166666,79.394341625,1.9788242333333335,1016.3080179166667,0.00762939432,18.0,5.0,0,12.4235,6471.6,6,0,0,0,0.09368021207797379
2020-10-24,Liverpool,Low risk,0.727867125,0,0,22.706085,18.488622083333333,90.32741479166667,2.9898351833333336,996.9237520833334,10.0717544706,30.0,2.0,0,8.27098,5139.4,10,0,0,1,0.5712079909604525
2020-06-27,Coogee,Extreme risk,0.07938449999999991,0,1,14.804657,8.874827166666666,71.37781829166666,5.7270883999999995,1021.9928429166666,1.3499259947,0.5,0.5,1,18.7764,7453.6,6,0,1,1,0.8180382391235278
2020-10-18,Campbelltown,Moderate risk,0.28839109090909076,0,0,24.910248,13.921756729166667,74.16267154166667,1.9703395404166668,996.3925725,4.280090339,40.0,10.0,0,10.7411,1577.7,10,0,0,0,0.13048396308646257
2020-10-08,Fairfield,Low risk,1.2917397272727271,0,0,27.39627,14.411998729166667,69.37332979166666,2.902373491666667,1004.1336216666667,7.1072578786000005,27.0,4.0,0,13.6634,4527.0,10,0,0,0,0.16821840732983034
2020-10-01,Blacktown,Low risk,0.7952798181818181,0,0,25.315521,10.4845531125,66.09396470833333,3.033555625,1008.26766125,1.5001297056,35.0,6.0,0,9.17505,3615.4,10,0,0,0,0.0729795178095606
2020-09-17,Blacktown,Moderate risk,0.37668409090909094,1,0,30.378632,11.228511770833334,64.05141529166667,3.358100725,1015.1534433333333,0.4100799558,35.0,6.0,0,9.17505,3615.4,9,0,0,0,0.07831494346206072
2020-04-03,Bondi,High risk,0.12125775000000028,0,1,22.839935,18.46253075,87.50257508333334,4.485091845833334,1002.8678241666667,11.10649115632,0.5,0.5,1,19.5728,9692.7,4,0,1,1,0.862198458406587
2020-06-10,Cronulla,Moderate risk,0.23925227272727267,0,0,16.835297,14.092821833333334,89.48921374999999,4.505498225,1022.9487962500001,18.90993116,0.5,0.5,1,18.6816,1026.8,6,0,0,1,0.8488849342297138
2020-11-05,Parramatta,Extreme risk,0.061531727272727176,0,1,19.055511,13.3187585625,84.91149187500001,4.558455429166666,1003.2860766666666,11.463165277,20.0,1.0,0,17.0356,4087.8,11,0,1,1,0.6232683018678626
2020-01-11,Ryde,Moderate risk,0.28674045454545455,0,0,27.987976,15.259689375,67.56509904166667,4.467870641666667,1004.0834620833333,1.1844635042,13.0,2.0,0,23.3227,4521.5,1,1,0,0,0.1723570682603232
2020-09-15,Coogee,High risk,0.17828645454545447,0,1,18.334015,13.779439291666668,81.90676558333332,4.49720328875,1022.25118875,1.728534708,0.5,0.5,1,18.7764,7453.6,9,0,1,1,0.8530553647380614
2020-12-24,Parramatta,Low risk,0.6921941818181817,0,0,26.63919,15.786821916666668,71.461082375,2.4389703120833333,1007.6872924999999,0.009059906,20.0,1.0,0,17.0356,4087.8,12,1,0,0,0.05706752508779423
2020-06-06,Bondi,Moderate risk,0.23632818181818183,0,0,16.481537,9.358637583333334,71.24201225,2.8431338333333334,1019.2963545833333,0.07534027086,0.5,0.5,1,19.5728,9692.7,6,0,0,1,0.7750902322658659
2020-06-08,Ryde,Moderate risk,0.2964033636363636,0,0,17.18988,9.043827041666667,78.46118758333334,3.541660041666667,1020.6344558333334,0.9813308856,13.0,2.0,0,23.3227,4521.5,6,0,0,0,0.16872565606977624
2020-08-27,Bankstown,Low risk,0.459178590909091,0,0,20.33731,3.499207783916667,61.68817016666667,2.3762022333333332,1015.6833775,0.0,18.0,5.0,0,12.4235,6471.6,8,0,0,0,0.08095379613058658
2020-06-25,Ryde,Low risk,0.6183943636363637,0,0,17.782715,6.576590262500001,71.96825529166667,2.4421693833333333,1011.7794704166666,0.0,13.0,2.0,0,23.3227,4521.5,6,0,0,0,0.07150793775801016
2020-07-16,Ryde,Moderate risk,0.2761646363636363,0,0,16.24884,5.243916841666667,60.994831874999996,4.934929141666667,1009.9015266666667,0.0,13.0,2.0,0,23.3227,4521.5,7,0,0,0,0.25430246214097285
2020-12-29,Bondi,Extreme risk,0.07435745454545445,0,1,20.222076,16.768805145833333,83.953210625,5.140491337499999,1009.1982312499999,5.387783064,0.5,0.5,1,19.5728,9692.7,12,1,1,1,0.8881619345056337
2020-10-19,Ryde,Moderate risk,0.33926399999999984,0,0,20.16153,12.649773854166666,75.28556370833333,3.288476375,1009.4263833333333,1.05524063872,13.0,2.0,0,23.3227,4521.5,10,0,0,0,0.12636932181589353
2020-11-05,Bondi,High risk,0.1168518333333332,0,1,20.174774,14.3088303125,85.62850133333332,9.396837016666668,1005.38356625,13.4720802705,0.5,0.5,1,19.5728,9692.7,11,0,1,1,0.879717086393356
2020-10-08,Bondi,Low risk,0.5339272727272728,0,0,22.449005,15.319306666666668,76.94714204166667,4.6207602,1006.6761266666667,6.1674118027,0.5,0.5,1,19.5728,9692.7,10,0,0,1,0.8444579874022985
2020-01-12,Parramatta,Moderate risk,0.3610687499999998,0,0,21.045807,14.449965145833334,71.54374683333333,3.609953191666667,1010.73822875,2.500534066,20.0,1.0,0,17.0356,4087.8,1,1,0,0,0.2404095651243435
2020-01-29,Parramatta,Low risk,0.6790494545454545,0,0,27.878204,19.561552541666668,73.45734729166666,3.4468125625,1008.4538141666667,0.5002021726,20.0,1.0,0,17.0356,4087.8,1,1,0,0,0.1311967519448318
2020-06-11,Bankstown,Low risk,0.379486,0,0,19.271942,12.667666062499999,86.63680900000001,2.6542496041666666,1015.6011870833332,0.12016296375999999,18.0,5.0,0,12.4235,6471.6,6,0,0,0,0.25410922388084
2020-03-04,Bankstown,Extreme risk,0.018013124999999963,0,1,23.189789,19.30578995833333,87.89948700000001,2.8874678166666663,1010.1503920833334,18.23902124146,18.0,5.0,0,12.4235,6471.6,3,0,1,1,0.5873715370814097
2020-08-21,Parramatta,Low risk,0.49196281818181814,0,0,18.172394,3.618521383333333,56.43789525,4.114052516666667,998.8685375,0.01001358036,20.0,1.0,0,17.0356,4087.8,8,0,0,0,0.1655901990198107
2020-04-01,Manly,High risk,0.12090499999999983,0,1,22.617737,18.730608625,85.04096079166668,4.052222983333333,1013.4896116666667,2.5300979580000003,0.5,0.5,1,26.2541,3641.8,4,0,1,1,0.8367882690586765
2020-01-07,Liverpool,Low risk,0.5289472727272727,0,0,28.642822,20.068215791666667,78.671412125,2.8637356625,1005.9584704166667,1.80864334786,30.0,2.0,0,8.27098,5139.4,1,1,0,0,0.13403702131134548
2020-08-05,Parramatta,Low risk,0.6602339727272728,0,0,16.751831,-1.5175997483333334,46.76500945833333,3.5210748874999998,1006.2240645833334,0.0,20.0,1.0,0,17.0356,4087.8,8,0,0,0,0.11321923285559414
2020-05-05,Cronulla,Moderate risk,0.2682300909090909,0,0,17.913055,13.281211958333332,79.59901599999999,5.203900391666667,1024.4162987500001,5.159378095,0.5,0.5,1,18.6816,1026.8,5,0,0,1,0.8433444035012111
2020-11-26,Campbelltown,Low risk,1.227306090909091,1,0,34.377533,15.069135041666668,64.667937625,2.0557367691666664,997.1466279166666,0.00047683716,40.0,10.0,0,10.7411,1577.7,11,0,0,0,0.0505969238973161
2020-03-27,Liverpool,Low risk,0.4737549090909091,0,0,21.474518,14.435126041666665,77.27585541666666,2.4348337375,1018.01627625,1.1181831425,30.0,2.0,0,8.27098,5139.4,3,0,0,0,0.14388450617526616
2020-10-07,Parramatta,Moderate risk,0.20380745454545457,0,0,20.747711,15.717524375000002,84.18255633333334,1.5038036879166665,1012.1362195833334,2.04038616272,20.0,1.0,0,17.0356,4087.8,10,0,0,0,0.2132466092276208
2020-12-30,Blacktown,Moderate risk,0.36592509090909076,0,0,22.068207,16.815388979166666,83.68880058333333,3.5078820375,1010.8363779166666,8.1481933054,35.0,6.0,0,9.17505,3615.4,12,1,0,0,0.47395357360079854
2020-08-05,Fairfield,Low risk,0.6602339727272728,0,0,16.751831,-1.5175997483333334,46.76500945833333,3.5210748874999998,1006.2240645833334,0.0,27.0,4.0,0,13.6634,4527.0,8,0,0,0,0.11714282337306317
2020-04-08,Parramatta,High risk,0.12524690909090938,0,1,18.452057,14.507642145833332,87.7858,2.1403549791666667,1014.7846316666668,9.987354226499999,20.0,1.0,0,17.0356,4087.8,4,0,1,0,0.4836353483137453
2020-05-15,Fairfield,Moderate risk,0.3184723,0,0,16.741516,9.688119325,80.78210416666667,3.2922398666666663,1021.7201920833332,2.25162507076,27.0,4.0,0,13.6634,4527.0,5,0,0,0,0.19565426335002667
2020-01-26,Fairfield,Low risk,0.6852444545454546,1,0,35.210785,21.766972874999997,70.12201608333334,1.98011596,1003.4035920833334,1.2340545442000002,27.0,4.0,0,13.6634,4527.0,1,1,0,0,0.09176637352424578
2020-01-03,Bankstown,Low risk,0.5461759090909091,0,0,29.523865,19.334999083333333,72.20186879166667,3.2956028933333332,1006.8450212500001,0.9756088124,18.0,5.0,0,12.4235,6471.6,1,1,0,0,0.11496777102768595
2020-03-20,Coogee,Low risk,0.7011940909090907,0,0,28.214508,17.858604333333336,67.853821125,4.7063333125,1009.2652395833334,0.0,0.5,0.5,1,18.7764,7453.6,3,0,0,0,0.48381630466963826
2020-02-24,Liverpool,Low risk,0.46803418181818174,0,0,26.445251,17.805333416666667,74.77438358333333,2.4822181208333336,1012.1549533333333,0.11825561232,30.0,2.0,0,8.27098,5139.4,2,1,0,0,0.10663110803333384
2020-08-02,Penrith,Low risk,0.8273953818181817,0,0,19.132233,4.7961858125,75.76616258333333,1.3944465579166667,1009.8810675,0.0,55.0,3.0,0,11.4378,1496.4,8,0,0,0,0.06716411961048055
2020-08-26,Bankstown,Low risk,0.731622909090909,0,0,16.985626,4.902912133333333,71.48859758333333,1.8568322124999999,1020.2086783333334,0.0,18.0,5.0,0,12.4235,6471.6,8,0,0,0,0.083987813811808
2020-10-19,Campbelltown,Moderate risk,0.2908379999999999,0,0,19.362885,12.152459375,76.552988875,2.5864317166666666,1002.0538695833334,0.7886886535,40.0,10.0,0,10.7411,1577.7,10,0,0,0,0.11909234645632609
2020-07-22,Bankstown,Low risk,0.5407881272727273,0,0,17.198883,6.485975916666667,76.67256058333334,2.002128625,1018.2323854166666,0.0,18.0,5.0,0,12.4235,6471.6,7,0,0,0,0.0809371538736743
2020-09-13,Campbelltown,Low risk,0.8687134181818184,0,0,23.10617,9.260510829166668,75.46629691666666,1.8937408233333333,1007.46317375,0.0996589695,40.0,10.0,0,10.7411,1577.7,9,0,0,0,0.08740575689385886
2020-12-15,Blacktown,High risk,0.1427069999999999,0,1,24.458862,19.885996541666668,90.16990012500001,2.6161847145833335,1008.15214125,10.3321075364,35.0,6.0,0,9.17505,3615.4,12,1,1,1,0.5298568456860115
2020-02-24,Cronulla,High risk,0.12321890909090914,0,1,23.906189,18.169753958333335,75.24172995833334,3.6562813333333337,1015.3166200000001,0.06771087798,0.5,0.5,1,18.6816,1026.8,2,1,1,1,0.8467549630802984
2020-10-21,Parramatta,Low risk,0.6869506,0,0,24.694641,13.377363854166667,74.97205641666666,2.989774666666667,1008.2922983333333,0.0185966491,20.0,1.0,0,17.0356,4087.8,10,0,0,0,0.08212672123370642
2020-11-25,Bondi,High risk,0.155073727272727,0,1,20.261597,15.243019041666665,77.14988612500001,4.040352625,1008.7173579166666,0.6537437467,0.5,0.5,1,19.5728,9692.7,11,0,1,1,0.8459492953111796
2020-11-12,Fairfield,Low risk,0.8266740909090909,1,0,30.652832,15.143716083333333,65.06888375,2.9263946750000005,1001.5296341666667,0.2398490906,27.0,4.0,0,13.6634,4527.0,11,0,0,0,0.07506605122595714
2020-11-28,Blacktown,Low risk,1.5050116666666666,1,0,40.949738,15.151617625,50.987825854166665,3.573456429166667,1000.3618875000001,0.0,35.0,6.0,0,9.17505,3615.4,11,0,0,0,0.08762991718268416
2020-07-17,Manly,Extreme risk,0.0901761111111112,0,1,15.370453,9.825126729166668,75.41914775,8.324047920833333,1014.8912016666667,2.55155563996,0.5,0.5,1,26.2541,3641.8,7,0,1,1,0.7937584952915457
2020-06-20,Parramatta,Low risk,0.44890749999999996,0,0,19.7211,9.233651404166666,82.18161933333333,2.2548330808333334,1014.8467287499999,0.00047683716,20.0,1.0,0,17.0356,4087.8,6,0,0,0,0.1324010735172597
2020-12-08,Bondi,High risk,0.1257906363636365,0,1,20.663757,9.97802225,60.62111620833334,6.859378195833333,1007.7022208333333,0.3743171721,0.5,0.5,1,19.5728,9692.7,12,1,1,1,0.7856126836011879
2020-10-08,Cronulla,Low risk,0.5339272727272728,0,0,22.449005,15.319306666666668,76.94714204166667,4.6207602,1006.6761266666667,6.1674118027,0.5,0.5,1,18.6816,1026.8,10,0,0,1,0.8338679881050323
2020-06-03,Liverpool,Moderate risk,0.32593336363636366,0,0,17.763275,5.748653399999999,61.80744783333333,5.059020275,1014.7021883333333,0.0,30.0,2.0,0,8.27098,5139.4,6,0,0,0,0.1892303986313783
2020-05-24,Penrith,Moderate risk,0.34776609999999997,0,0,17.78128,7.028918016666666,60.864448333333335,4.232711195833334,998.7432629166666,0.1368522646,55.0,3.0,0,11.4378,1496.4,5,0,0,0,0.1901727339409091
2020-12-15,Fairfield,High risk,0.1427069999999999,0,1,24.458862,19.885996541666668,90.16990012500001,2.6161847145833335,1008.15214125,10.3321075364,27.0,4.0,0,13.6634,4527.0,12,1,1,1,0.5307111318177231
2020-03-11,Bankstown,Low risk,0.5196089090909091,0,0,23.59903,15.120029458333333,76.47226683333334,2.07033112375,1014.94016875,1.0514259377,18.0,5.0,0,12.4235,6471.6,3,0,0,0,0.1295096780592645
2020-04-22,Coogee,Moderate risk,0.367598090909091,0,0,22.361969,12.812215145833333,65.03586425,3.6646515625,1012.52535875,0.0,0.5,0.5,1,18.7764,7453.6,4,0,0,0,0.438053404023419
2020-12-25,Cronulla,Extreme risk,0.09400937499999973,0,1,20.528656,15.1879106875,76.763360625,6.666614883333334,1013.9364258333334,1.36804580476,0.5,0.5,1,18.6816,1026.8,12,1,1,1,0.8727551759874567
2020-08-10,Campbelltown,High risk,0.18005927272727282,0,1,15.014465,9.262034116666667,80.88178458333333,5.417464729166666,1001.8304016666666,6.0367584286,40.0,10.0,0,10.7411,1577.7,8,0,1,1,0.657944324269665
2020-09-27,Penrith,Low risk,0.6819679999999999,0,0,18.282257,3.6667582291666663,58.704284666666666,2.7701373212500005,1007.6878533333334,0.16021728456,55.0,3.0,0,11.4378,1496.4,9,0,0,0,0.08875463240046122
2020-04-13,Bondi,High risk,0.1731344545454544,0,1,19.514801,12.208799937499998,70.094375125,2.327150745,1015.6449837499999,0.0,0.5,0.5,1,19.5728,9692.7,4,0,1,0,0.4898869065035494
2020-12-15,Coogee,Extreme risk,0.047210625000000395,0,1,22.667847,19.516367499999998,88.363459375,4.893510429166667,1010.8563016666667,8.53013989916,0.5,0.5,1,18.7764,7453.6,12,1,1,1,0.8892273659438635
2020-01-11,Penrith,Low risk,0.4341125454545456,0,0,28.181335,14.573328604166667,66.55342029166667,3.175094058333333,997.9759704166667,1.0285377457,55.0,3.0,0,11.4378,1496.4,1,1,0,0,0.07484576755538568
2020-02-16,Fairfield,Moderate risk,0.23856972727272724,0,0,25.592072,18.501014708333333,78.53788362499999,2.180851145833333,1006.2659554166667,0.47159195,27.0,4.0,0,13.6634,4527.0,2,1,0,0,0.08881968027881466
2020-12-29,Fairfield,Moderate risk,0.20645972727272718,0,0,20.53653,16.134283625,86.77654891666667,2.914270866666667,1006.7873920833334,2.6760101568,27.0,4.0,0,13.6634,4527.0,12,1,0,0,0.349793927783506
2020-11-09,Coogee,High risk,0.1844122727272727,0,1,18.00772,11.482763833333335,70.41032970833334,2.5669243204166667,1021.6904741666667,0.7939338723,0.5,0.5,1,18.7764,7453.6,11,0,1,1,0.8090700298748685
2020-02-27,Liverpool,Low risk,0.6539667272727272,0,0,24.887451,15.707346604166666,69.74195458333334,3.4305588541666663,1001.76308875,0.7076263475,30.0,2.0,0,8.27098,5139.4,2,1,0,0,0.1650890402867644
2020-01-28,Coogee,Extreme risk,0.08882281818181813,0,1,25.191132,22.457602166666664,89.08252195833334,3.6111891158333336,1007.0148545833334,0.86975098218,0.5,0.5,1,18.7764,7453.6,1,1,1,1,0.9027342405389114
2020-08-14,Coogee,High risk,0.164659,0,1,16.893707,12.658927875000002,83.47302758333333,1.7531113683333333,1009.3816104166667,6.165504417759999,0.5,0.5,1,18.7764,7453.6,8,0,1,1,0.8351503928878639
2020-05-29,Manly,Moderate risk,0.271093181818182,0,0,17.303436,12.812313041666668,84.021201,3.472383016666667,1021.3997766666666,2.012252803,0.5,0.5,1,26.2541,3641.8,5,0,0,1,0.7781705523292574
2020-02-28,Bankstown,Moderate risk,0.36802536363636373,0,0,24.154907,14.090581395833333,68.2657035,3.2758161749999997,1003.7116604166667,0.44345856899999997,18.0,5.0,0,12.4235,6471.6,2,1,0,0,0.12646435874281012
2020-05-10,Bondi,Low risk,0.42271199999999987,0,0,16.94226,5.18334835,54.458096000000005,6.880159316666667,1014.8758795833334,0.0,0.5,0.5,1,19.5728,9692.7,5,0,0,0,0.36208659166437357
2020-11-26,Penrith,Low risk,1.284656909090909,1,0,34.5748,14.959922812499999,63.28072783333334,1.9785085583333333,998.18247125,0.00143051146,55.0,3.0,0,11.4378,1496.4,11,0,0,0,0.05054149815973411
2020-05-21,Campbelltown,Low risk,0.5441328571428569,0,0,17.149628,11.875993179166665,90.24438379166666,1.8587512124999999,997.5596883333333,39.9632456873,40.0,10.0,0,10.7411,1577.7,5,0,0,0,0.485559948222877
2020-11-02,Fairfield,Low risk,0.7603565454545457,0,0,21.181763,11.767395,71.59859629166667,3.9263162416666666,1018.6662070833332,0.00047683716,27.0,4.0,0,13.6634,4527.0,11,0,0,0,0.16423829153258152
2020-10-21,Bankstown,Low risk,0.5023803999999998,0,0,23.05011,13.718347,77.25249508333333,3.5078793125,1007.7598020833334,0.016689300599999998,18.0,5.0,0,12.4235,6471.6,10,0,0,0,0.16162945582419724
2020-11-20,Bondi,Low risk,0.4774261000000003,0,0,23.835846,18.034455625,82.64780704166667,5.810857250000001,1011.8495004166666,0.549316405,0.5,0.5,1,19.5728,9692.7,11,0,0,1,0.8594619708361455
2020-03-11,Parramatta,Low risk,0.6534867727272726,0,0,24.065826,14.718499541666667,77.06934666666666,2.1373556775,1015.4868291666667,0.72908400896,20.0,1.0,0,17.0356,4087.8,3,0,0,0,0.09713431941309318
2020-12-28,Bondi,High risk,0.13187666666666686,0,1,24.138885,17.5341873125,79.10275591666667,6.496316575000001,1003.3099029166666,2.83241268936,0.5,0.5,1,19.5728,9692.7,12,1,1,1,0.8819938906191283
2020-01-22,Manly,Moderate risk,0.34581499999999976,0,0,26.482788,20.08123525,78.07528558333333,3.6959438554166666,1003.9533883333334,0.0,0.5,0.5,1,26.2541,3641.8,1,1,0,1,0.5497798141722378
2020-02-02,Cronulla,Extreme risk,0.04350700000000012,0,1,27.304138,22.004116041666666,84.64181704166667,5.866487958333334,1001.7173941666666,6.78491586896,0.5,0.5,1,18.6816,1026.8,2,1,1,1,0.7797240991467735
2020-05-14,Fairfield,Low risk,0.394681090909091,0,0,17.143097,9.201117208333333,80.55251883333334,3.6513077541666665,1019.4683708333333,2.55298617362,27.0,4.0,0,13.6634,4527.0,5,0,0,0,0.2680788669081658
2020-01-10,Coogee,Moderate risk,0.3475341818181819,0,0,25.3013,20.887439833333335,85.86332808333333,5.10145697125,1004.8001375,0.01096725466,0.5,0.5,1,18.7764,7453.6,1,1,0,1,0.7307757312925449
2020-08-19,Penrith,Moderate risk,0.22118027272727273,0,0,19.320038,5.187596633333333,64.060306875,4.011412333333333,983.23725625,0.16641617016000002,55.0,3.0,0,11.4378,1496.4,8,0,0,0,0.21145607101703712
2020-07-14,Bankstown,Extreme risk,0.08891163636363637,0,1,15.245819,9.9977925625,80.69613191666666,7.686800025,1009.2215474999999,9.2282295555,18.0,5.0,0,12.4235,6471.6,7,0,1,1,0.6740861482689213
2020-07-30,Manly,Moderate risk,0.2376764545454545,0,0,16.104156,9.591621454166667,74.76809166666666,5.8557979625,1017.9879824999999,0.04816055346,0.5,0.5,1,26.2541,3641.8,7,0,0,1,0.747491024406728
2020-10-04,Liverpool,Low risk,0.9003573636363638,0,0,27.754333,13.590548347826086,70.98121643478261,3.3952070695652172,1011.1145078260869,0.0,30.0,2.0,0,8.27098,5139.4,10,0,0,0,0.0942698637554667
2020-04-27,Penrith,Moderate risk,0.23249400000000006,0,0,21.038177,13.048369000000001,81.718756,1.6771099125,1009.4065766666666,1.96266173188,55.0,3.0,0,11.4378,1496.4,4,0,0,0,0.16378012043654766
2020-11-06,Bankstown,Low risk,0.5523477777777779,0,0,18.853851,10.7909965625,73.21137091666667,4.945257945833333,1009.3056141666666,1.4853477365,18.0,5.0,0,12.4235,6471.6,11,0,0,0,0.2605208667379004
2020-03-26,Manly,High risk,0.14502299999999993,0,1,20.898224,15.474876458333334,78.05779700000001,6.846678904166667,1019.39656,8.202075858,0.5,0.5,1,26.2541,3641.8,3,0,1,1,0.8511082504856918
2020-05-22,Fairfield,Moderate risk,0.2420731250000001,0,0,15.615875,7.184307083333334,69.29200641666667,5.9776788041666675,1002.9231666666666,26.5111925858,27.0,4.0,0,13.6634,4527.0,5,0,0,1,0.5225185962249642
2020-11-20,Ryde,Low risk,1.1796070909090908,1,0,34.511383,17.314647541666666,67.69906054166667,2.667055470833333,1009.1053425,1.974582702,13.0,2.0,0,23.3227,4521.5,11,0,0,0,0.08158929913443062
2020-05-11,Coogee,Moderate risk,0.2263904545454545,0,0,16.70816,6.926514916666666,61.181070291666664,4.931060166666667,1021.4460345833332,0.0,0.5,0.5,1,18.7764,7453.6,5,0,0,0,0.44723954252169457
2020-08-22,Manly,Extreme risk,0.10226749999999996,0,1,13.338257,3.643102016666667,58.23776408333333,7.960171029166666,999.9816091666667,0.61655044626,0.5,0.5,1,26.2541,3641.8,8,0,1,0,0.45218278989850047
2020-01-22,Coogee,High risk,0.14012563636363656,0,1,25.450592,20.80869291666667,83.29463329166667,3.785404692083333,1004.0363166666666,0.0,0.5,0.5,1,18.7764,7453.6,1,1,1,1,0.7240984697093945
2020-07-12,Blacktown,Moderate risk,0.3786454545454545,0,0,17.104248,8.88730875,88.4809555,1.2842156016666666,1008.2458933333334,3.62253191406,35.0,6.0,0,9.17505,3615.4,7,0,0,0,0.2900168323834825
2020-04-05,Penrith,Low risk,0.6880549090909089,0,0,23.428741,7.8037350708333335,58.10495608333333,2.499039729166667,999.2776333333333,0.0,55.0,3.0,0,11.4378,1496.4,4,0,0,0,0.06310564922253176
2020-05-12,Bankstown,Low risk,0.5961691818181817,0,0,19.416931,7.841078408333334,75.325945,2.2843003708333334,1017.5183245833333,0.0,18.0,5.0,0,12.4235,6471.6,5,0,0,0,0.08303272392641523
2020-10-10,Coogee,Moderate risk,0.2884465454545456,0,0,19.59845,9.15623605,58.86548787500001,3.929722502083333,1013.1536070833334,0.0,0.5,0.5,1,18.7764,7453.6,10,0,0,0,0.39254046639627
2020-02-14,Fairfield,Low risk,0.6983253636363635,0,0,26.446991,18.210910583333334,77.0512605,2.9011966458333336,1001.1457820833333,1.2383460983,27.0,4.0,0,13.6634,4527.0,2,1,0,0,0.08260347375802611
2020-10-30,Campbelltown,Low risk,0.4427838571428571,0,0,22.30017,12.551841770833333,80.595195375,1.7259361183333333,995.4810545833334,0.45251846945999996,40.0,10.0,0,10.7411,1577.7,10,0,0,0,0.11404398666048317
2020-04-24,Fairfield,Low risk,0.9301757272727275,0,0,27.606567,10.852052041666667,62.17639354166667,2.014093627083333,1009.8234741666666,0.0,27.0,4.0,0,13.6634,4527.0,4,0,0,0,0.05347601060443386
2020-08-28,Fairfield,Low risk,0.7802983818181818,0,0,18.189606,1.8338648341666666,49.986403583333335,2.6641672708333335,1016.7816408333333,0.0,27.0,4.0,0,13.6634,4527.0,8,0,0,0,0.07394152235450513
2020-08-31,Liverpool,Moderate risk,0.3434864545454546,0,0,19.796661,8.205568966666666,64.90477066666666,3.9299220541666666,1010.7022891666667,0.1621246365,30.0,2.0,0,8.27098,5139.4,8,0,0,0,0.2149688628100222
2020-06-25,Manly,Low risk,0.46622809090909084,0,0,17.202423,8.114432025000001,69.56337254166667,4.8469907999999995,1014.0803066666667,0.00333786,0.5,0.5,1,26.2541,3641.8,6,0,0,0,0.4324368819643285
2020-11-15,Parramatta,Low risk,1.0023027272727272,0,0,29.374237,15.819048583333334,73.89746991666667,2.20855049125,1007.3506883333333,0.00143051148,20.0,1.0,0,17.0356,4087.8,11,0,0,0,0.05525223583959125
2020-07-27,Bondi,High risk,0.13871749999999983,0,1,16.90091,14.046797416666665,89.104868125,6.708526545833333,994.02072125,20.47491073,0.5,0.5,1,19.5728,9692.7,7,0,1,1,0.792129822508091
2020-01-22,Fairfield,Low risk,0.8716597272727274,1,0,31.838257,18.805844583333332,68.9915645,2.71932830125,1001.41797375,0.0,27.0,4.0,0,13.6634,4527.0,1,1,0,0,0.07175725325818819
2020-07-27,Liverpool,High risk,0.1680147500000002,0,1,16.241302,13.198164645833332,89.24137629166667,6.051101995833334,991.6236308333333,24.884223993,30.0,2.0,0,8.27098,5139.4,7,0,1,1,0.7315015893111257
2020-03-22,Blacktown,Low risk,0.48109300000000005,0,0,29.304657,15.316411291666666,69.2553535,2.2445148375,1011.3276545833334,0.2622604341,35.0,6.0,0,9.17505,3615.4,3,0,0,0,0.07093284181863216
2020-08-13,Coogee,Moderate risk,0.2203257727272727,0,0,18.149353,11.6079649375,81.18455462499999,2.61234344,1008.6788766666667,0.0205039976,0.5,0.5,1,18.7764,7453.6,8,0,0,1,0.7382983958836278
2020-11-06,Manly,Moderate risk,0.2841575454545453,0,0,17.990936,10.934063041666667,70.63039675,7.791443404166667,1012.1185254166667,1.849174511,0.5,0.5,1,26.2541,3641.8,11,0,0,1,0.7791149462728177
2020-10-30,Coogee,Extreme risk,0.024054666666666533,0,1,18.407867,14.096356666666667,83.007022375,2.9362806708333333,1005.4997995833334,0.27084350758,0.5,0.5,1,18.7764,7453.6,10,0,1,1,0.8528114087330048
2020-09-13,Blacktown,Low risk,0.9313909090909089,0,0,24.358124,9.185641020833334,68.72700958333333,2.4863031625,1015.0585870833334,0.0,35.0,6.0,0,9.17505,3615.4,9,0,0,0,0.059308650741254396
2020-12-23,Ryde,Low risk,0.5960276363636364,0,0,24.462402,11.407094341666665,57.70015154166666,3.8486694,1006.0942954166667,0.0042915344,13.0,2.0,0,23.3227,4521.5,12,1,0,0,0.13185258241279854
2020-12-18,Bankstown,Low risk,0.4533858181818182,0,0,29.761047,20.466262833333335,80.36093733333333,3.181042997916667,998.8361004166667,9.555339842,18.0,5.0,0,12.4235,6471.6,12,1,0,0,0.22241826650539687
2020-05-10,Ryde,Low risk,0.5570678454545455,0,0,17.707489,1.4338366208333333,48.342924583333335,3.5382575791666664,1012.8029654166667,0.0,13.0,2.0,0,23.3227,4521.5,5,0,0,0,0.1123112969438687
2020-05-07,Manly,Low risk,0.40301790909090907,0,0,22.215912,12.024835041666668,71.70458958333333,4.459784225,1016.2328241666668,0.0,0.5,0.5,1,26.2541,3641.8,5,0,0,0,0.43138214489264093
2020-06-09,Cronulla,High risk,0.16193229999999997,0,1,17.347168,12.243080125,76.81590445833334,3.2694259750000003,1026.7705708333333,1.8873214678,0.5,0.5,1,18.6816,1026.8,6,0,1,1,0.79650948553362
2020-06-03,Blacktown,Low risk,0.38559245454545454,0,0,18.3414,4.90278755,60.701075,4.116323441666666,1015.4671929166667,0.0,35.0,6.0,0,9.17505,3615.4,6,0,0,0,0.14421436308170935
2020-03-26,Penrith,Low risk,0.5844536250000001,0,0,20.650177,14.0420964375,80.13119316666668,2.800797020833333,1011.0815641666667,10.1494789165,55.0,3.0,0,11.4378,1496.4,3,0,0,0,0.323244127114992
2020-04-28,Liverpool,Moderate risk,0.25284372727272725,0,0,21.662872,15.887084916666666,82.46836125,3.1048304791666665,1014.6154016666666,1.8410682735,30.0,2.0,0,8.27098,5139.4,4,0,0,0,0.24322680017723786
2020-04-26,Coogee,Moderate risk,0.3577909090909088,0,0,23.964905,13.867273958333334,67.5466225,5.1306872750000005,1010.2577170833333,0.8754730230000001,0.5,0.5,1,18.7764,7453.6,4,0,0,1,0.7315893106596282
2020-10-02,Parramatta,Low risk,1.0439397272727273,0,0,26.31073,9.026555320833333,66.1126725,1.8348937641666667,1015.8800958333333,0.0,20.0,1.0,0,17.0356,4087.8,10,0,0,0,0.04668772630545513
2020-07-18,Campbelltown,Low risk,0.5965243181818182,0,0,15.716522,7.114536304166666,76.48598933333334,1.5201840537500002,1005.9032891666667,0.099658965,40.0,10.0,0,10.7411,1577.7,7,0,0,0,0.15663346243415777
2020-07-07,Penrith,Moderate risk,0.29408954545454546,0,0,16.181366,7.347473183333334,78.99626758333333,1.7054302375,1015.5503558333334,0.37717818305999995,55.0,3.0,0,11.4378,1496.4,7,0,0,0,0.13979013832257
2020-04-23,Coogee,Moderate risk,0.22233999999999973,0,0,21.061493,12.684532249999998,67.06583408333333,4.0572889625,1013.7258004166666,0.0,0.5,0.5,1,18.7764,7453.6,4,0,0,0,0.4722729364767296
2020-02-09,Blacktown,Extreme risk,0.07862549999999971,0,1,22.000458,20.02575675,92.25915375,8.720497045833334,1004.6304983333333,154.5443544,35.0,6.0,0,9.17505,3615.4,2,1,1,1,0.7585251599390682
2020-08-19,Fairfield,Moderate risk,0.23645018181818192,0,0,20.198944,5.410008745833333,60.52365504166667,4.8297469458333335,989.519335,0.1502037016,27.0,4.0,0,13.6634,4527.0,8,0,0,0,0.2078247335140628
2020-06-12,Penrith,Moderate risk,0.3085881818181818,0,0,16.81604,10.656101333333334,85.48519449999999,1.8712183166666667,1011.172705,0.76675415736,55.0,3.0,0,11.4378,1496.4,6,0,0,0,0.1950167237026635
2020-12-25,Manly,Extreme risk,0.08946090909090901,0,1,20.645844,15.295251145833333,76.96117483333333,6.392224275,1013.71975625,2.404689791,0.5,0.5,1,26.2541,3641.8,12,1,1,1,0.8409361498022198
2020-09-09,Penrith,High risk,0.18693537500000001,0,1,14.771271,11.961025270833334,92.0956415,2.470078583333333,1013.1683204166667,12.886047234,55.0,3.0,0,11.4378,1496.4,9,0,1,1,0.5830736400212864
2020-12-24,Liverpool,Low risk,0.6110506363636364,0,0,25.42044,16.184527104166666,74.94084595833333,2.8882522191666666,1007.1785450000001,0.17261505600000002,30.0,2.0,0,8.27098,5139.4,12,1,0,0,0.10835676242636018
2020-03-25,Penrith,Moderate risk,0.2625843636363637,0,0,24.366028,16.549869708333333,87.557941125,1.7248116570833334,1005.82029375,21.9035145619,55.0,3.0,0,11.4378,1496.4,3,0,0,0,0.4345517264573912
2020-03-29,Coogee,High risk,0.12833754545454568,0,1,21.950043,18.24836983333333,86.63021658333334,6.067440154166667,1014.1128870833332,6.5855979952,0.5,0.5,1,18.7764,7453.6,3,0,1,1,0.9056653398538095
2020-11-21,Ryde,Low risk,0.39332445454545445,0,0,24.12851,14.691865333333332,69.71881666666667,3.4274566291666666,1013.4683866666666,0.0,13.0,2.0,0,23.3227,4521.5,11,0,0,0,0.11158448474277796
2020-08-12,Bondi,Low risk,0.3954190909090911,0,0,16.890472,11.555564833333333,80.86683216666667,3.679664079166667,1010.0813858333332,0.9984969833,0.5,0.5,1,19.5728,9692.7,8,0,0,1,0.8257757108471374
2020-11-29,Manly,Low risk,0.6366577272727273,1,0,34.341766,14.406298416666667,47.58096054166666,8.308373125000001,998.57937,0.020980835,0.5,0.5,1,26.2541,3641.8,11,0,0,0,0.29449117122734914
2020-08-27,Cronulla,Moderate risk,0.3432339999999999,0,0,17.658722,6.645041129166667,63.2954705,3.3760475125,1018.7733841666667,0.0,0.5,0.5,1,18.6816,1026.8,8,0,0,0,0.3868466594130568
2020-09-19,Ryde,Moderate risk,0.20295572727272704,0,0,22.814331,15.4346631875,83.02290633333332,2.884385174166667,1016.7780316666667,2.2053718609999997,13.0,2.0,0,23.3227,4521.5,9,0,0,0,0.25391284028288236
2020-04-14,Penrith,Low risk,0.7431085454545453,0,0,25.249054,11.04189815,74.71560795833334,1.1652427308333333,1009.4664008333333,0.0,55.0,3.0,0,11.4378,1496.4,4,0,0,0,0.04849044319307105
2020-04-24,Coogee,Low risk,0.38649681818181814,0,0,23.975708,14.465089166666667,68.65519954166668,2.9249437375,1012.1318112499999,0.0,0.5,0.5,1,18.7764,7453.6,4,0,0,0,0.4484040046830623
2020-03-28,Penrith,Moderate risk,0.25481072727272713,0,0,21.73404,13.983255999999999,82.55911020833334,1.7257608066666668,1010.3660808333334,5.7702063919,55.0,3.0,0,11.4378,1496.4,3,0,0,0,0.40050708608579844
2020-08-01,Bondi,Moderate risk,0.3222989090909092,0,0,16.203583,9.2432963625,74.80613591666666,3.0600747333333334,1020.4021320833334,0.0,0.5,0.5,1,19.5728,9692.7,8,0,0,0,0.43857448546573147
2020-10-03,Bankstown,Low risk,0.6425948181818182,0,0,26.103882,11.941633895833334,71.16763120833333,2.92179746875,1015.6380125000001,0.0,18.0,5.0,0,12.4235,6471.6,10,0,0,0,0.07759866753549557
2020-02-12,Bondi,Extreme risk,0.021710200000000058,0,1,23.750488,21.7640445,92.03706970833333,3.3269514375,1004.95721625,4.98437884,0.5,0.5,1,19.5728,9692.7,2,1,1,1,0.9000639594217422
2020-11-28,Cronulla,Low risk,0.6116562500000002,1,0,30.488464,17.945563,66.58279733333333,4.9464668125,1002.7456308333334,0.0,0.5,0.5,1,18.6816,1026.8,11,0,0,0,0.4442936799585687
2020-11-11,Bankstown,Low risk,0.5270552727272727,0,0,23.987091,15.008052854166666,78.85517725,3.1711995125,1009.0047620833334,0.0,18.0,5.0,0,12.4235,6471.6,11,0,0,0,0.10643789375979203
2020-07-25,Cronulla,High risk,0.16950299999999982,0,1,16.557404,11.8494174375,84.27022195833334,2.74846149625,1019.8676425,1.17206572656,0.5,0.5,1,18.6816,1026.8,7,0,1,1,0.8232769819311061
2020-07-30,Parramatta,Low risk,0.5764548545454544,0,0,17.420563,8.180488683333333,76.53732725,2.7191980250000003,1015.6621520833334,0.03004074106,20.0,1.0,0,17.0356,4087.8,7,0,0,0,0.08981792773225956
2020-01-20,Blacktown,Low risk,0.8300088181818182,0,0,28.564667,19.996388791666664,81.16439658333333,1.49061013625,995.3996695833333,16.7341232838,35.0,6.0,0,9.17505,3615.4,1,1,0,0,0.24629988934252223
2020-12-08,Fairfield,Low risk,0.7341003636363638,0,0,23.141937,6.895909620833334,48.49298662499999,4.133602570833333,1005.1751395833334,0.053405761999999996,27.0,4.0,0,13.6634,4527.0,12,1,0,0,0.16871670122358456
2020-01-27,Blacktown,Low risk,0.5321488181818181,1,0,30.1055,21.009267166666667,73.630446375,3.2143917583333335,1005.4684112499999,0.06723403936,35.0,6.0,0,9.17505,3615.4,1,1,0,0,0.07986629727496301
2020-09-14,Manly,Extreme risk,0.09831540000000008,0,1,18.470001,12.017648062500001,77.53138258333333,3.40672475,1019.5131879166667,0.00286102292,0.5,0.5,1,26.2541,3641.8,9,0,1,0,0.41756399681658835
2020-04-27,Blacktown,Moderate risk,0.21136472727272737,0,0,20.960236,14.147978416666668,81.40335083333333,2.2649731583333335,1015.6978308333333,2.3918151733,35.0,6.0,0,9.17505,3615.4,4,0,0,0,0.22028009062268009
2020-12-04,Blacktown,Low risk,1.186601090909091,1,0,33.180725,14.248757499999998,62.617911,1.8434152704166664,1005.8266270833333,0.00047683716,35.0,6.0,0,9.17505,3615.4,12,1,0,0,0.05317026513241837
2020-02-21,Manly,Moderate risk,0.21527720000000022,0,0,22.015656,15.495563604166668,70.84345675,3.111977195833333,1011.4192937500001,1.1587142937000001,0.5,0.5,1,26.2541,3641.8,2,1,0,1,0.8021111388906256
2020-01-15,Fairfield,Low risk,0.6578827500000002,0,0,28.494476,17.857068354166667,73.48666004166667,2.1400104208333333,1004.8868554166667,0.00238418576,27.0,4.0,0,13.6634,4527.0,1,1,0,0,0.06476417150658535
2020-02-03,Manly,Low risk,0.4563320909090907,0,0,27.4505,20.431641895833334,81.70658870833334,4.4886065295833335,1002.1686395833334,8.1729888377,0.5,0.5,1,26.2541,3641.8,2,1,0,1,0.763087704046284
2020-06-17,Cronulla,Extreme risk,0.06220036363636374,0,1,16.170502,11.318965979166668,76.86343087499999,6.2234048416666665,1026.5191158333334,3.38983537,0.5,0.5,1,18.6816,1026.8,6,0,1,1,0.8290325651247611
2020-10-30,Fairfield,Low risk,0.38905833333333345,0,0,21.83728,13.284833291666667,81.08401445833333,1.8560871104166665,1002.871885,0.65040588516,27.0,4.0,0,13.6634,4527.0,10,0,0,0,0.16311277679026914
2020-11-06,Cronulla,High risk,0.12204818181818165,0,1,17.29892,11.272116333333335,72.74039475,8.308066483333333,1012.1747783333334,2.242565169,0.5,0.5,1,18.6816,1026.8,11,0,1,1,0.8241991228515438
2020-03-24,Fairfield,Low risk,0.5461259090909091,0,0,22.537628,15.332393625,78.41844533333334,1.8884978245833333,1015.5349112499999,1.69086456806,27.0,4.0,0,13.6634,4527.0,3,0,0,0,0.13017023748179832
2020-04-15,Coogee,Moderate risk,0.2468994000000002,0,0,22.208282,17.043721583333333,84.011159,3.3690396166666665,1015.8029358333333,0.00619888296,0.5,0.5,1,18.7764,7453.6,4,0,0,1,0.5890994556833679
2020-09-18,Penrith,High risk,0.1619751000000001,0,1,17.257172,12.562473229166665,83.33908545833333,1.72230041,1016.6056666666667,1.7924309151,55.0,3.0,0,11.4378,1496.4,9,0,1,0,0.21175615253805496
2020-01-07,Bankstown,Low risk,0.5289472727272727,0,0,28.642822,20.068215791666667,78.671412125,2.8637356625,1005.9584704166667,1.80864334786,18.0,5.0,0,12.4235,6471.6,1,1,0,0,0.12204796076313233
2020-05-15,Cronulla,Extreme risk,0.0,0,1,16.368195,10.233854966666668,69.90185929166667,6.127798608333333,1023.9914408333334,2.54678727932,0.5,0.5,1,18.6816,1026.8,5,0,1,1,0.8171250083832432
2020-05-25,Ryde,Extreme risk,0.052262727272727266,0,1,16.251312,9.955491454166667,76.53389116666666,5.759310883333334,1010.1581916666668,5.8374404753,13.0,2.0,0,23.3227,4521.5,5,0,1,1,0.5681063014636163
2020-08-12,Bankstown,Low risk,0.5065696363636363,0,0,16.904572,10.113181979166667,86.23679375,1.8473939583333332,1006.9072258333334,0.6232261733,18.0,5.0,0,12.4235,6471.6,8,0,0,0,0.21940037717095937
2020-07-30,Blacktown,Low risk,0.5764548545454544,0,0,17.420563,8.180488683333333,76.53732725,2.7191980250000003,1015.6621520833334,0.03004074106,35.0,6.0,0,9.17505,3615.4,7,0,0,0,0.0892586867184937
2020-01-05,Blacktown,Moderate risk,0.2728992727272729,0,0,26.9216,13.635934145833334,56.75923025,5.750492887499999,1010.3984179166667,0.270366666,35.0,6.0,0,9.17505,3615.4,1,1,0,0,0.16490286696331946
2020-10-19,Fairfield,Moderate risk,0.33926399999999984,0,0,20.16153,12.649773854166666,75.28556370833333,3.288476375,1009.4263833333333,1.05524063872,27.0,4.0,0,13.6634,4527.0,10,0,0,0,0.13002327540187894
2020-07-18,Cronulla,Moderate risk,0.208385090909091,0,0,15.612213,8.6495298,67.00176116666667,3.453926419583333,1015.7841308333333,0.16403198260000001,0.5,0.5,1,18.6816,1026.8,7,0,0,1,0.7360024856815619
2020-01-01,Coogee,Extreme risk,0.09193009090909111,0,1,21.51651,17.15940030769231,78.69835923076923,5.513414469230769,1010.3648153846153,0.041961669,0.5,0.5,1,18.7764,7453.6,1,1,1,1,0.8843530404259571
2020-10-29,Bankstown,Low risk,0.5383272727272725,0,0,19.624115,14.134274833333334,84.39882933333332,2.49143423,1004.314495,9.3832015876,18.0,5.0,0,12.4235,6471.6,10,0,0,0,0.4667782449339747
2020-06-03,Bankstown,Moderate risk,0.32593336363636366,0,0,17.763275,5.748653399999999,61.80744783333333,5.059020275,1014.7021883333333,0.0,18.0,5.0,0,12.4235,6471.6,6,0,0,0,0.1762087429411783
2020-03-21,Parramatta,Low risk,0.39255036363636364,0,0,24.455475,16.26557925,78.42127245833333,2.4184906779166666,1011.69531125,1.37758254006,20.0,1.0,0,17.0356,4087.8,3,0,0,0,0.10678420689017147
2020-05-01,Cronulla,High risk,0.16132900000000003,0,1,15.950592,6.7555771,60.704157083333335,8.469176566666667,1002.4938587500001,0.0066757203,0.5,0.5,1,18.6816,1026.8,5,0,1,1,0.5372962330635294
2020-12-08,Parramatta,Low risk,0.7341003636363638,0,0,23.141937,6.895909620833334,48.49298662499999,4.133602570833333,1005.1751395833334,0.053405761999999996,20.0,1.0,0,17.0356,4087.8,12,1,0,0,0.16464332355464414
2020-09-29,Parramatta,Low risk,0.5452631818181818,0,0,18.908752,8.463860808333333,71.615802,2.2095389187500003,1017.7356974999999,0.45347214199999997,20.0,1.0,0,17.0356,4087.8,9,0,0,0,0.09357162905965438
2020-12-01,Ryde,Low risk,0.8389670909090909,1,0,32.542206,17.618418395833334,69.33176929166667,3.1567140499999997,1003.602065,0.1044273369,13.0,2.0,0,23.3227,4521.5,12,1,0,0,0.07744310847698996
2020-02-07,Blacktown,Extreme risk,0.049545249999999985,0,1,21.657928,19.156756166666668,91.02343320833334,4.178290916666667,1012.5901054166667,27.272701174999998,35.0,6.0,0,9.17505,3615.4,2,1,1,1,0.7362419493925573
2020-04-03,Bankstown,High risk,0.19352337500000028,0,1,24.607513,18.072312541666665,88.71380225,2.4611263833333332,999.7161495833334,9.02795787692,18.0,5.0,0,12.4235,6471.6,4,0,1,0,0.46682643071985586
2020-11-12,Blacktown,Low risk,0.8266740909090909,1,0,30.652832,15.143716083333333,65.06888375,2.9263946750000005,1001.5296341666667,0.2398490906,35.0,6.0,0,9.17505,3615.4,11,0,0,0,0.06902452412641401
2020-12-18,Parramatta,Low risk,0.617980909090909,1,0,30.179016,20.58581033333333,78.215315625,2.8633895566666667,999.46151875,10.143756801,20.0,1.0,0,17.0356,4087.8,12,1,0,0,0.19321904023065092
2020-10-19,Manly,High risk,0.13984979999999983,0,1,17.757233,12.928094208333334,77.78795087499999,5.5082535375,1011.8855429166666,1.57880782606,0.5,0.5,1,26.2541,3641.8,10,0,1,1,0.7832527172052204
2020-03-13,Coogee,High risk,0.18514410000000012,0,1,22.050568,14.813081104166665,69.12944466666666,3.8339133616666667,1013.65922625,0.0,0.5,0.5,1,18.7764,7453.6,3,0,1,1,0.5338766985757218
2020-06-16,Fairfield,Low risk,0.6061554000000001,0,0,20.70935,7.341285725,76.632776875,2.2403315,1016.1516820833334,0.0,27.0,4.0,0,13.6634,4527.0,6,0,0,0,0.07047784192014164
2020-06-13,Fairfield,Moderate risk,0.27596287500000005,0,0,19.435547,12.7967313125,90.09496529166667,1.8399892416666666,1013.4609,0.037670135699999996,27.0,4.0,0,13.6634,4527.0,6,0,0,0,0.21462792390191524
2020-12-17,Parramatta,Low risk,0.7156816363636364,1,0,31.351898,21.120147624999998,77.85151295833333,2.2958423458333335,998.5480070833333,5.06830209076,20.0,1.0,0,17.0356,4087.8,12,1,0,0,0.1365143920884993
2020-10-28,Manly,Moderate risk,0.21279627272727292,0,0,18.09671,13.154843625,79.91436275,3.5553231625,1012.9252683333333,0.80966949112,0.5,0.5,1,26.2541,3641.8,10,0,0,1,0.787895547392361
2020-01-12,Penrith,Low risk,0.403305,0,0,20.7294,14.264336895833333,74.47402929166667,2.984121658333333,1004.53864375,2.959251422,55.0,3.0,0,11.4378,1496.4,1,1,0,0,0.1797315999349809
2020-11-11,Liverpool,Low risk,0.5270552727272727,0,0,23.987091,15.008052854166666,78.85517725,3.1711995125,1009.0047620833334,0.0,30.0,2.0,0,8.27098,5139.4,11,0,0,0,0.11473881291234513
2020-10-20,Parramatta,Low risk,0.6575372727272728,0,0,21.297272,13.341270583333333,76.46163295833334,2.2708810791666667,1010.9085033333332,1.27696992446,20.0,1.0,0,17.0356,4087.8,10,0,0,0,0.11508125329524646
2020-04-21,Bankstown,Low risk,0.6576953636363636,0,0,24.079071,12.055346208333333,69.21470404166666,2.2114151625000003,1008.64178875,0.0,18.0,5.0,0,12.4235,6471.6,4,0,0,0,0.08932433567687281
2020-01-22,Cronulla,High risk,0.14012563636363656,0,1,25.450592,20.80869291666667,83.29463329166667,3.785404692083333,1004.0363166666666,0.0,0.5,0.5,1,18.6816,1026.8,1,1,1,1,0.7120865510053459
2020-11-08,Ryde,Low risk,0.49242336363636385,0,0,19.619293,9.490027125,63.543405416666666,2.3922550166666667,1020.5399166666666,0.0910758972,13.0,2.0,0,23.3227,4521.5,11,0,0,0,0.10294724269442726
2020-12-19,Coogee,Extreme risk,0.0,0,1,20.142517,16.003994145833335,80.15925820833333,5.946539433333334,1011.0991224999999,3.643989564,0.5,0.5,1,18.7764,7453.6,12,1,1,1,0.8951236191409943
2020-01-12,Ryde,Moderate risk,0.3610687499999998,0,0,21.045807,14.449965145833334,71.54374683333333,3.609953191666667,1010.73822875,2.500534066,13.0,2.0,0,23.3227,4521.5,1,1,0,0,0.24379449522732932
2020-12-17,Bankstown,Low risk,0.6379117272727274,0,0,29.480804,21.066192666666666,80.245520125,2.5836074,997.9650908333333,3.0155182353,18.0,5.0,0,12.4235,6471.6,12,1,0,0,0.15714339310922673
2020-03-08,Coogee,High risk,0.1540582727272728,0,1,19.964203,15.807129020833335,79.912830375,4.439527754166667,1015.33529125,6.3576698349,0.5,0.5,1,18.7764,7453.6,3,0,1,1,0.8925796443817303
2020-11-06,Coogee,High risk,0.12204818181818165,0,1,17.29892,11.272116333333335,72.74039475,8.308066483333333,1012.1747783333334,2.242565169,0.5,0.5,1,18.7764,7453.6,11,0,1,1,0.8348216749754864
2020-07-07,Campbelltown,Moderate risk,0.2770441363636364,0,0,16.200897,7.433980304166667,77.17812933333333,2.0911335583333335,1014.4341008333334,0.5593299925599999,40.0,10.0,0,10.7411,1577.7,7,0,0,0,0.13642925622486712
2020-01-31,Cronulla,High risk,0.15564527272727283,0,1,26.29538,22.731291499999998,87.96674429166667,5.333433745833333,1008.5965150000001,0.0157356261,0.5,0.5,1,18.6816,1026.8,1,1,1,1,0.7722602947921309
2020-02-08,Parramatta,Extreme risk,0.05750345454545457,0,1,22.570099,19.327089833333336,88.909066625,5.03511255,1010.6144045833333,49.203396569999995,20.0,1.0,0,17.0356,4087.8,2,1,1,1,0.7327496854750365
2020-07-09,Bondi,High risk,0.17077918181818175,0,1,15.86087,10.656712854166667,78.72821900000001,2.370283779166667,1024.38960625,0.20503997856,0.5,0.5,1,19.5728,9692.7,7,0,1,1,0.8004074841022412
2020-09-27,Parramatta,Low risk,0.7034523636363637,0,0,18.051575,3.673675558333333,56.29882491666667,3.4082579791666667,1014.1928608333333,0.28896332232,20.0,1.0,0,17.0356,4087.8,9,0,0,0,0.12450517896668177
2020-05-04,Bondi,High risk,0.10839849999999984,0,1,17.183594,9.811218354166668,68.70212054166667,5.7323656125,1020.3851958333333,0.1091957076,0.5,0.5,1,19.5728,9692.7,5,0,1,1,0.7898069359096489
2020-10-17,Bankstown,Low risk,0.571905,0,0,26.366364,14.343304958333334,71.89205916666667,2.785210128333333,1004.7411233333333,0.22101402142,18.0,5.0,0,12.4235,6471.6,10,0,0,0,0.09289297442838526
2020-08-24,Cronulla,Low risk,0.3799605000000001,0,0,15.255463,3.9021021416666666,56.65224220833333,5.909032766666667,1013.5372954166668,0.029563904,0.5,0.5,1,18.6816,1026.8,8,0,0,0,0.4848255230692182
2020-03-06,Cronulla,High risk,0.11465736363636352,0,1,23.86441,19.895268791666666,87.15291516666667,5.505896445833333,1004.1157083333334,1.2664794898,0.5,0.5,1,18.6816,1026.8,3,0,1,1,0.8825764764082592
2020-11-03,Bankstown,Low risk,0.7186113181818182,0,0,20.881622,12.162756541666667,77.0536065,2.0863105125,1016.5749404166667,0.058174133600000004,18.0,5.0,0,12.4235,6471.6,11,0,0,0,0.11881426752754813
2020-12-25,Bondi,Extreme risk,0.09400937499999973,0,1,20.528656,15.1879106875,76.763360625,6.666614883333334,1013.9364258333334,1.36804580476,0.5,0.5,1,19.5728,9692.7,12,1,1,1,0.8845842453609252
2020-10-02,Manly,Low risk,0.4058006363636363,0,0,20.488464,12.294052041666667,74.514160125,3.4152578000000005,1018.4771754166667,0.0,0.5,0.5,1,26.2541,3641.8,10,0,0,0,0.4277932417692763
2020-09-02,Blacktown,Low risk,0.5460676363636363,0,0,24.197021,6.972214979166666,66.60027616666666,2.749569741666667,1011.9462149999999,0.0,35.0,6.0,0,9.17505,3615.4,9,0,0,0,0.06324713013723972
2020-12-16,Bondi,Extreme risk,0.07707909090909061,0,1,23.379364,20.677352958333334,90.15431095833333,7.600861516666666,1005.8101383333333,17.7764893571,0.5,0.5,1,19.5728,9692.7,12,1,1,1,0.8929619497933436
2020-07-23,Bondi,Moderate risk,0.30086172727272725,0,0,15.817261,9.6664835,76.958460125,2.053162625,1020.3556866666667,0.0,0.5,0.5,1,19.5728,9692.7,7,0,0,0,0.44981871520329636
2020-10-03,Penrith,Low risk,0.980662909090909,0,0,29.622528,8.599185958333333,58.75137158333333,1.9476862295833335,1009.7263308333332,0.0,55.0,3.0,0,11.4378,1496.4,10,0,0,0,0.04555995995360454
2020-03-24,Penrith,Low risk,0.5518077272727272,0,0,22.26419,15.226029645833334,82.09093704166666,1.6751943133333331,1009.2157475,2.75468824716,55.0,3.0,0,11.4378,1496.4,3,0,0,0,0.2464843337189526
2020-02-01,Campbelltown,Low risk,1.3746975454545451,1,0,43.021576,20.629610833333334,57.745395,1.7319218129166665,994.0901941666666,0.00047683716,40.0,10.0,0,10.7411,1577.7,2,1,0,0,0.056683765261183856
2020-07-03,Cronulla,Low risk,0.41917420000000016,0,0,16.562012,6.6906662,60.77863854166667,5.272146916666666,1013.7311083333334,0.0095367432,0.5,0.5,1,18.6816,1026.8,7,0,0,0,0.4672526012204927
2020-11-29,Liverpool,Low risk,0.5240867272727272,1,0,37.402313,14.441291666666666,47.307917874999994,6.7501515375,995.3452025,0.0009536743,30.0,2.0,0,8.27098,5139.4,11,0,0,0,0.20539498142057208
2020-10-06,Manly,Extreme risk,0.07078733333333334,0,1,18.47754,14.46283725,83.41310475,6.3389425875,1016.1274075,0.48112869342,0.5,0.5,1,26.2541,3641.8,10,0,1,1,0.8374211848042163
2020-02-07,Manly,Extreme risk,0.01675411111111084,0,1,21.965698,18.905779541666668,85.73940291666666,7.768910079166666,1014.9351129166666,36.457538803,0.5,0.5,1,26.2541,3641.8,2,1,1,1,0.8915391297589816
2020-06-27,Campbelltown,Moderate risk,0.3508605499999999,0,0,15.075897,6.5132547999999995,77.30397291666667,1.7428037020833334,1012.1549304166666,0.2837181058,40.0,10.0,0,10.7411,1577.7,6,0,0,0,0.16867686361587747
2020-06-24,Penrith,Low risk,0.6172485090909091,0,0,17.709198,5.616423283333333,71.04309233333333,3.3159208875000004,1000.8971991666667,0.0,55.0,3.0,0,11.4378,1496.4,6,0,0,0,0.07446819644205882
2020-08-02,Parramatta,Low risk,0.7783897,0,0,18.929108,5.831179258333333,77.84489462500001,1.4257039674999998,1016.3402333333333,0.0,20.0,1.0,0,17.0356,4087.8,8,0,0,0,0.06699628986317566
2020-08-17,Cronulla,Moderate risk,0.3530967272727272,0,0,17.870636,7.398159016666667,60.325143875,6.717221029166667,1002.4890879166666,0.0,0.5,0.5,1,18.6816,1026.8,8,0,0,0,0.47535280288954596
2020-08-20,Fairfield,Low risk,0.5217590272727274,0,0,17.472809,3.346410104166667,51.107300124999995,4.830927725,994.7316345833333,0.0,27.0,4.0,0,13.6634,4527.0,8,0,0,0,0.18254335016561712
2020-04-03,Campbelltown,Moderate risk,0.21329874999999987,0,0,24.146576,17.190151166666666,90.60926270833333,1.6639222716666666,992.95281875,8.626937913779999,40.0,10.0,0,10.7411,1577.7,4,0,0,0,0.44414992290249083
2020-01-25,Liverpool,Moderate risk,0.2410721818181817,0,0,27.563263,21.0644645,78.65850466666667,2.910520066666667,1005.3217370833332,1.1887550269,30.0,2.0,0,8.27098,5139.4,1,1,0,0,0.1289217917757891
2020-10-08,Ryde,Low risk,1.2917397272727271,0,0,27.39627,14.411998729166667,69.37332979166666,2.902373491666667,1004.1336216666667,7.1072578786000005,13.0,2.0,0,23.3227,4521.5,10,0,0,0,0.16309852749103895
2020-04-23,Bankstown,Low risk,0.44783718181818166,0,0,23.53415,10.5704370625,67.97141579166667,2.5042495375000002,1010.6424791666667,0.0,18.0,5.0,0,12.4235,6471.6,4,0,0,0,0.08653428584238398
2020-07-06,Manly,High risk,0.1555813636363636,0,1,16.020477,7.861694370833334,71.789608,4.111368912500001,1021.9202120833334,0.0,0.5,0.5,1,26.2541,3641.8,7,0,1,0,0.4332900679706344
2020-04-13,Liverpool,Low risk,0.5213234545454545,0,0,20.772552,11.216205583333334,77.518275625,1.7671220229166666,1012.5303983333333,0.0,30.0,2.0,0,8.27098,5139.4,4,0,0,0,0.10229088802722494
2020-12-18,Blacktown,Low risk,0.617980909090909,1,0,30.179016,20.58581033333333,78.215315625,2.8633895566666667,999.46151875,10.143756801,35.0,6.0,0,9.17505,3615.4,12,1,0,0,0.1925238149286675
2020-03-05,Parramatta,High risk,0.13667154545454546,0,1,22.600067,20.716106541666665,91.15220408333333,3.8648059458333335,1002.74583875,23.8041878066,20.0,1.0,0,17.0356,4087.8,3,0,1,1,0.7194186833761224
2020-07-24,Bondi,Moderate risk,0.31766572727272724,0,0,15.872772,11.299355770833335,85.071888,2.5436447891666667,1021.3752108333333,0.0061988830000000005,0.5,0.5,1,19.5728,9692.7,7,0,0,1,0.5089219199253922
2020-12-16,Ryde,Moderate risk,0.33542418181818173,0,0,27.83786,21.719426458333334,87.72813179166667,3.5332617083333333,1002.9622183333332,20.13254161546,13.0,2.0,0,23.3227,4521.5,12,1,0,0,0.4271736098169483
2020-10-16,Bankstown,High risk,0.1189235555555557,0,1,18.720917,13.358984666666666,77.47074670833334,3.7781891974999997,1009.7361629166667,0.10156631538000001,18.0,5.0,0,12.4235,6471.6,10,0,1,0,0.2531750725222089
2020-05-20,Bondi,Moderate risk,0.326357727272727,0,0,21.657349,13.663983583333334,74.816519625,5.424348570833334,1013.2235491666667,0.0,0.5,0.5,1,19.5728,9692.7,5,0,0,1,0.5417796015907573
2020-03-01,Manly,Low risk,0.38451036363636343,0,0,25.928741,19.645898208333332,80.48619645833334,4.388399608333333,1006.9641700000001,0.02670288132,0.5,0.5,1,26.2541,3641.8,3,0,0,1,0.7388861123838489
2020-06-25,Campbelltown,Low risk,0.5486144999999999,0,0,17.290527,6.119233479166667,72.26350291666667,2.957740616666667,1004.2219720833333,0.0,40.0,10.0,0,10.7411,1577.7,6,0,0,0,0.07586914136146602
2020-09-15,Ryde,Low risk,0.697640090909091,0,0,22.527374,13.498270562499998,79.87349400000001,2.3877111083333333,1019.5495075,1.4972686800000001,13.0,2.0,0,23.3227,4521.5,9,0,0,0,0.12183474050953111
2020-06-06,Liverpool,Low risk,0.4701704272727273,0,0,17.538177,7.743891329166666,79.394341625,1.9788242333333335,1016.3080179166667,0.00762939432,30.0,2.0,0,8.27098,5139.4,6,0,0,0,0.09497026248470058
2020-02-22,Bankstown,Moderate risk,0.215604,0,0,21.907684,16.763132708333334,79.683651875,2.60784655,1014.9758133333333,5.783081094,18.0,5.0,0,12.4235,6471.6,2,1,0,0,0.3213402884263782
2020-11-25,Manly,Moderate risk,0.2813165454545454,0,0,21.07608,14.969500166666668,75.30573783333334,3.895525608333333,1008.66693625,0.4296302802,0.5,0.5,1,26.2541,3641.8,11,0,0,1,0.7676957797804721
2020-05-12,Ryde,Low risk,0.7266734545454545,0,0,20.104431,6.4493954874999995,74.26724583333333,2.1115246874999998,1018.21373125,0.0,13.0,2.0,0,23.3227,4521.5,5,0,0,0,0.06508225952619685
2020-05-09,Manly,Low risk,0.6362110000000001,0,0,23.316895,12.266389187500002,63.202813125,5.6187320375,1007.87808,0.2036094646,0.5,0.5,1,26.2541,3641.8,5,0,0,1,0.6392238386829168
2020-01-03,Liverpool,Low risk,0.5461759090909091,0,0,29.523865,19.334999083333333,72.20186879166667,3.2956028933333332,1006.8450212500001,0.9756088124,30.0,2.0,0,8.27098,5139.4,1,1,0,0,0.12699606494602814
2020-08-04,Coogee,Low risk,0.6844093636363635,0,0,19.040863,7.413352995833333,64.15479858333333,5.29598025,1006.5385016666668,0.0,0.5,0.5,1,18.7764,7453.6,8,0,0,0,0.46232741588372006
2020-10-21,Campbelltown,Low risk,0.9277082857142859,0,0,24.272766,13.237471333333334,76.32028091666668,2.4399707999999998,1000.8289625000001,0.07295608346,40.0,10.0,0,10.7411,1577.7,10,0,0,0,0.08372814426632821
2020-02-03,Liverpool,Low risk,0.5532781818181818,1,0,31.518097,18.56901183333333,75.35881216666667,3.8164470625,999.2382170833333,1.904487607,30.0,2.0,0,8.27098,5139.4,2,1,0,0,0.18420960734501476
2020-03-30,Blacktown,Low risk,0.8342507272727274,0,0,24.512299,18.021419583333333,85.22732233333333,2.019781876666667,1006.1833441666666,3.364086153,35.0,6.0,0,9.17505,3615.4,3,0,0,0,0.27498816015570443
2020-09-05,Blacktown,Low risk,0.735298909090909,0,0,21.954407,9.164933504166667,71.38428529166667,2.4184374766666665,1010.2129904166667,0.58078768,35.0,6.0,0,9.17505,3615.4,9,0,0,0,0.09719820222899658
2020-02-17,Bankstown,Moderate risk,0.24911772727272757,0,0,24.197723,19.923896875,86.54466316666667,1.40968099875,1005.6796545833334,3.5834312743,18.0,5.0,0,12.4235,6471.6,2,1,0,0,0.3206326273066513
2020-10-13,Coogee,Moderate risk,0.31665036363636356,0,0,20.606293,15.7720019375,85.57760608333332,3.9194614541666666,1017.4450241666667,0.0834465023,0.5,0.5,1,18.7764,7453.6,10,0,0,1,0.8464554637962205
2020-06-12,Cronulla,High risk,0.17667840000000012,0,1,16.519165,13.368991833333334,85.39412058333333,4.0530079,1019.7543670833334,3.641605363,0.5,0.5,1,18.6816,1026.8,6,0,1,1,0.8556509951296569
2020-06-30,Campbelltown,Low risk,0.5996592727272727,0,0,17.056946,7.950812029166666,89.09388262499999,1.7860182125000001,1009.4573329166666,0.11301040752,40.0,10.0,0,10.7411,1577.7,6,0,0,0,0.17939818845504277
2020-04-24,Parramatta,Low risk,0.9301757272727275,0,0,27.606567,10.852052041666667,62.17639354166667,2.014093627083333,1009.8234741666666,0.0,20.0,1.0,0,17.0356,4087.8,4,0,0,0,0.050498952147939084
2020-09-01,Ryde,Low risk,0.7164833636363636,0,0,17.487946,6.5958429999999995,65.86406704166667,2.2228767358333332,1015.7361695833333,0.0567436215,13.0,2.0,0,23.3227,4521.5,9,0,0,0,0.09507531506065148
2020-06-29,Coogee,High risk,0.18988036363636354,0,1,14.077789,11.255228666666667,89.23273612499999,2.902935116666667,1022.254715,6.83355335,0.5,0.5,1,18.7764,7453.6,6,0,1,1,0.8310194852201832
2020-09-22,Fairfield,Low risk,0.9180852727272726,0,0,26.536957,8.873756425,48.698296416666665,3.934351233333333,1002.0002995833333,0.0033378601000000003,27.0,4.0,0,13.6634,4527.0,9,0,0,0,0.12535225157426827
2020-03-21,Manly,Extreme risk,0.08235863636363629,0,1,22.074432,17.053665125,78.46516654166668,4.172590531666667,1014.0903087500001,1.200675961,0.5,0.5,1,26.2541,3641.8,3,0,1,1,0.8440887524580074
2020-03-31,Fairfield,Low risk,0.40587545454545454,0,0,26.751373,17.095946041666668,82.36456704166666,1.6350543616666666,1008.446495,0.5230903606,27.0,4.0,0,13.6634,4527.0,3,0,0,0,0.12676561094614341
2020-10-20,Bankstown,Low risk,0.5185102727272727,0,0,20.312897,13.533409104166667,78.91159466666666,2.623696820833333,1010.4018425,1.53255463536,18.0,5.0,0,12.4235,6471.6,10,0,0,0,0.14832252660487039
2020-04-30,Penrith,Moderate risk,0.23421020000000006,0,0,18.125397,11.844108575,84.24305529166666,2.8366675266666666,993.6744041666667,7.88402555716,55.0,3.0,0,11.4378,1496.4,4,0,0,0,0.4277122729996552
2020-02-25,Fairfield,Low risk,0.6067393636363637,0,0,29.15033,18.772903333333335,74.64528608333333,2.1056918254166668,1007.5106970833334,0.0076293945,27.0,4.0,0,13.6634,4527.0,2,1,0,0,0.0722764326294094
2020-08-21,Ryde,Low risk,0.49196281818181814,0,0,18.172394,3.618521383333333,56.43789525,4.114052516666667,998.8685375,0.01001358036,13.0,2.0,0,23.3227,4521.5,8,0,0,0,0.1672626420428937
2020-09-06,Parramatta,Low risk,0.5850386363636364,0,0,18.869873,9.528545366666666,77.85302429166667,2.135857393333333,1020.0739733333334,0.96178055976,20.0,1.0,0,17.0356,4087.8,9,0,0,0,0.10150872911448784
2020-09-18,Liverpool,Extreme risk,0.09365013636363641,0,1,17.138031,13.123345833333333,84.5342525,2.127211291666667,1022.3689870833333,2.1772384678,30.0,2.0,0,8.27098,5139.4,9,0,1,0,0.33341230298167907
2020-01-25,Cronulla,Extreme risk,0.047890363636363856,0,1,25.07846,21.452241333333333,84.66845583333334,4.071294858333333,1008.4850725,1.0328292838,0.5,0.5,1,18.6816,1026.8,1,1,1,1,0.8955095732381314
2020-11-19,Penrith,Low risk,0.815571181818182,0,0,26.932953,14.699891333333333,73.16703120833334,2.00760906375,1007.1562108333333,0.0,55.0,3.0,0,11.4378,1496.4,11,0,0,0,0.05018526069639413
2020-11-02,Parramatta,Low risk,0.7603565454545457,0,0,21.181763,11.767395,71.59859629166667,3.9263162416666666,1018.6662070833332,0.00047683716,20.0,1.0,0,17.0356,4087.8,11,0,0,0,0.1656204778644004
2020-11-12,Bankstown,Low risk,0.7018515454545454,0,0,28.973145,15.881916020833332,69.201650125,3.198132320833333,1000.91838875,0.2117156996,18.0,5.0,0,12.4235,6471.6,11,0,0,0,0.09169038863448932
2020-01-02,Cronulla,Extreme risk,0.0,0,1,22.018158,16.996217083333335,78.13702229166667,5.388210320833333,1013.4611254166666,0.34713744788,0.5,0.5,1,18.6816,1026.8,1,1,1,1,0.8864529575781743
2020-12-30,Campbelltown,Moderate risk,0.36762699999999987,0,0,21.408905,16.087280291666666,83.72901424999999,2.5570604375,1003.8167916666666,4.0440559501,40.0,10.0,0,10.7411,1577.7,12,1,0,0,0.33201994076178887
2020-11-29,Bankstown,Low risk,0.5240867272727272,1,0,37.402313,14.441291666666666,47.307917874999994,6.7501515375,995.3452025,0.0009536743,18.0,5.0,0,12.4235,6471.6,11,0,0,0,0.18952714313747449
2020-03-17,Coogee,High risk,0.17251309090909087,0,1,20.727356,14.352184208333334,72.19071754166667,3.14164665,1021.8701312500001,1.846313478,0.5,0.5,1,18.7764,7453.6,3,0,1,1,0.8590101816163498
2020-02-20,Manly,Extreme risk,0.08075509090909092,0,1,21.428864,14.333684312499999,69.24329866666666,4.848914016666667,1005.7252379166666,1.18827819966,0.5,0.5,1,26.2541,3641.8,2,1,1,1,0.793143189826537
2020-01-29,Penrith,Low risk,0.7779485454545455,0,0,29.109741,19.001901041666667,71.67409675,2.638831816666667,1002.2583987500001,1.10816955886,55.0,3.0,0,11.4378,1496.4,1,1,0,0,0.07980045076926107
2020-03-16,Fairfield,Low risk,0.47337209090909094,0,0,20.88092,14.978931479166667,83.31683054166668,3.7604574083333335,1017.4593258333333,7.0633888189,27.0,4.0,0,13.6634,4527.0,3,0,0,1,0.5373291476365615
2020-10-24,Bondi,Low risk,0.6404768571428571,0,0,20.649292,18.214614916666665,90.16539612499999,5.5222730250000005,1000.1150016666667,9.778022689,0.5,0.5,1,19.5728,9692.7,10,0,0,1,0.8162872435632841
2020-04-25,Penrith,Low risk,0.9035532727272728,0,0,27.077942,11.210987041666668,72.483720625,1.78481531375,1005.8212720833334,0.0,55.0,3.0,0,11.4378,1496.4,4,0,0,0,0.046564984096093276
2020-03-05,Bondi,Extreme risk,0.0830494545454547,0,1,23.342255,20.596559083333332,86.92914145833333,8.265582766666666,1005.3487545833333,26.3199805373,0.5,0.5,1,19.5728,9692.7,3,0,1,1,0.8998209658782552
2020-11-14,Cronulla,Extreme risk,0.10531054545454537,0,1,20.774963,15.537843083333334,78.592725875,3.317820825,1004.2143487499999,0.00286102296,0.5,0.5,1,18.6816,1026.8,11,0,1,1,0.5586749562876573
2020-06-19,Blacktown,Low risk,0.537717,0,0,19.145905,9.0740674125,83.70719187499999,1.7660479375,1022.7106945833333,0.0,35.0,6.0,0,9.17505,3615.4,6,0,0,0,0.1541305691633471
2020-01-17,Penrith,High risk,0.1925326363636363,0,1,22.333313,17.780039416666668,83.53765258333333,3.2009462749999997,995.6107666666667,5.318164804,55.0,3.0,0,11.4378,1496.4,1,1,1,0,0.4593954733079793
2020-06-01,Campbelltown,Low risk,0.7025316333333333,0,0,20.940155,6.3567022374999995,66.67771379166668,2.9722408416666664,995.1428883333333,0.01001358026,40.0,10.0,0,10.7411,1577.7,6,0,0,0,0.07711466896388655
2020-12-17,Ryde,Low risk,0.7156816363636364,1,0,31.351898,21.120147624999998,77.85151295833333,2.2958423458333335,998.5480070833333,5.06830209076,13.0,2.0,0,23.3227,4521.5,12,1,0,0,0.13903426378993092
2020-06-19,Fairfield,Low risk,0.537717,0,0,19.145905,9.0740674125,83.70719187499999,1.7660479375,1022.7106945833333,0.0,27.0,4.0,0,13.6634,4527.0,6,0,0,0,0.1533243106907143
2020-11-11,Manly,Moderate risk,0.26764454545454536,0,0,21.647247,15.609127041666667,80.193625,5.0885980375,1012.1422616666667,0.0,0.5,0.5,1,26.2541,3641.8,11,0,0,1,0.5761118021754897
2020-05-19,Coogee,Moderate risk,0.2166914545454544,0,0,18.868256,12.754951499999999,72.71239058333333,3.399511104166667,1022.7350754166667,0.47922134286,0.5,0.5,1,18.7764,7453.6,5,0,0,1,0.8004443843292002
2020-04-09,Blacktown,Low risk,0.39235433333333347,0,0,21.65866,15.310572395833333,83.13876641666667,2.056057425,1017.9236629166667,1.3251304558,35.0,6.0,0,9.17505,3615.4,4,0,0,0,0.19582945620574782
2020-08-23,Manly,Moderate risk,0.2712069090909091,0,0,15.526764,3.386068975,54.86801754166667,8.924702141666666,1002.8644420833333,0.21171569429999998,0.5,0.5,1,26.2541,3641.8,8,0,0,0,0.4316697667076548
2020-11-19,Cronulla,High risk,0.1206138181818181,0,1,20.68686,15.629904458333334,77.71348475,5.836724916666667,1016.4012129166667,0.00047683716,0.5,0.5,1,18.6816,1026.8,11,0,1,1,0.6077100088018789
2020-01-10,Liverpool,Low risk,0.7962201818181818,1,0,31.160278,20.200427916666666,73.449797625,3.4876027541666663,1001.4872158333333,0.010490417299999999,30.0,2.0,0,8.27098,5139.4,1,1,0,0,0.1275461922668287
2020-03-28,Parramatta,Moderate risk,0.219121727272727,0,0,22.429352,15.120463104166667,84.30383991666666,1.9183919458333334,1016.5702570833333,6.6909789890999996,20.0,1.0,0,17.0356,4087.8,3,0,0,0,0.40870966252227875
2020-03-02,Liverpool,High risk,0.1326959999999999,1,1,34.258057,16.52881508333333,68.18088825,3.369927670833333,1002.2697483333333,0.01382827742,30.0,2.0,0,8.27098,5139.4,3,0,1,0,0.09279874291099477
2020-10-23,Ryde,Low risk,0.4394031818181816,0,0,27.334259,16.290233604166666,76.258917125,2.9542918691666666,1004.3090733333333,0.00381469728,13.0,2.0,0,23.3227,4521.5,10,0,0,0,0.06363576007723493
2020-10-27,Ryde,Low risk,0.5001082272727274,0,0,19.468048,12.131078083333334,79.63832370833333,4.335206783333333,1012.052335,1.693248761,13.0,2.0,0,23.3227,4521.5,10,0,0,0,0.31182995582786277
2020-09-27,Ryde,Low risk,0.7034523636363637,0,0,18.051575,3.673675558333333,56.29882491666667,3.4082579791666667,1014.1928608333333,0.28896332232,13.0,2.0,0,23.3227,4521.5,9,0,0,0,0.12832620158516542
2020-09-05,Campbelltown,Low risk,0.8889374,0,0,21.595032,7.795792879166666,69.87199,2.1578096125,1002.7700658333333,0.0,40.0,10.0,0,10.7411,1577.7,9,0,0,0,0.06599023006197641
2020-03-28,Cronulla,Extreme risk,0.057545090909090775,0,1,21.542633,15.167338083333334,74.34083,3.2703363975,1019.0819220833333,7.1411131656,0.5,0.5,1,18.6816,1026.8,3,0,1,1,0.848376037067884
2020-10-11,Fairfield,Low risk,0.7980818181818182,0,0,26.613281,7.305133791666666,54.229729166666665,2.235395308333333,1012.8917533333333,0.0014305115,27.0,4.0,0,13.6634,4527.0,10,0,0,0,0.053025471978631104
2020-07-19,Liverpool,Low risk,0.547660090909091,0,0,19.071747,7.195960954166666,74.32206079166666,2.1735779416666667,1007.8900479166667,0.0,30.0,2.0,0,8.27098,5139.4,7,0,0,0,0.091981274175715
2020-07-07,Manly,Extreme risk,0.0472472999999999,0,1,15.577393,9.196106016666667,74.72349808333333,4.767717525,1024.2507708333335,1.93500518066,0.5,0.5,1,26.2541,3641.8,7,0,1,1,0.7501231128745637
2020-03-28,Manly,Extreme risk,0.0786742727272728,0,1,21.25711,14.837829666666666,74.756607625,2.9577446745833336,1018.971085,8.860111334800001,0.5,0.5,1,26.2541,3641.8,3,0,1,1,0.7975802726942441
2020-01-12,Cronulla,Extreme risk,0.0519186363636363,0,1,20.473053,15.068210583333332,73.63946420833334,5.749382037499999,1013.31697625,1.7657279821,0.5,0.5,1,18.6816,1026.8,1,1,1,1,0.8948353007064378
2020-12-13,Liverpool,Moderate risk,0.34842472727272716,0,0,23.383148,14.822012520833333,73.89504241666667,2.895862370833333,1016.4666595833334,1.26791000266,30.0,2.0,0,8.27098,5139.4,12,1,0,0,0.13286346588578224
2020-06-15,Campbelltown,Low risk,0.6996875909090909,0,0,19.050262,6.370349875,70.98187275,2.6273026083333333,1007.0535933333334,0.0,40.0,10.0,0,10.7411,1577.7,6,0,0,0,0.0710481143556414
2020-09-03,Penrith,Low risk,0.8711602727272727,0,0,29.492523,8.9658558625,52.09337316666667,3.3578269874999997,1001.6011675,0.0,55.0,3.0,0,11.4378,1496.4,9,0,0,0,0.05168048596830964
2020-07-09,Cronulla,High risk,0.17077918181818175,0,1,15.86087,10.656712854166667,78.72821900000001,2.370283779166667,1024.38960625,0.20503997856,0.5,0.5,1,18.6816,1026.8,7,0,1,1,0.7798265917804921
2020-08-10,Ryde,Moderate risk,0.34770700000000004,0,0,15.875793,9.712799104166667,79.90078395833334,6.0793424625000005,1008.7108270833334,5.0234794453000005,13.0,2.0,0,23.3227,4521.5,8,0,0,1,0.5558041898957058
2020-10-16,Ryde,High risk,0.1356644545454546,0,1,20.018707,12.853532229166667,72.29406725,3.4874661125,1010.2449095833334,0.23365021092000002,13.0,2.0,0,23.3227,4521.5,10,0,1,0,0.17598305135528974
2020-10-09,Ryde,Low risk,1.0388155454545454,0,0,22.567719,6.301367445833333,49.981596375,3.7646493666666667,1006.7287995833334,0.0,13.0,2.0,0,23.3227,4521.5,10,0,0,0,0.11755026432702755
2020-05-31,Liverpool,Low risk,0.4930541999999999,0,0,20.16867,11.089406354166668,81.14745483333333,2.6069199166666666,1009.6115462500001,0.0162124636,30.0,2.0,0,8.27098,5139.4,5,0,0,0,0.17367560275424107
2020-04-15,Liverpool,Low risk,0.6176026,0,0,26.022736,15.298441645833334,78.01341225,1.9603424333333335,1012.6358720833333,0.0009536743,30.0,2.0,0,8.27098,5139.4,4,0,0,0,0.08857436061696389
2020-03-29,Blacktown,Low risk,0.4781244545454545,0,0,24.43277,17.993161458333333,84.55304270833334,2.329692066666667,1011.4612083333333,2.3136138933,35.0,6.0,0,9.17505,3615.4,3,0,0,0,0.26053386190147604
2020-06-08,Manly,Extreme risk,0.041609363636363514,0,1,16.34732,10.7089475,78.38680658333332,7.0511910916666665,1022.7986233333332,6.1583519026,0.5,0.5,1,26.2541,3641.8,6,0,1,1,0.8104040799992237
2020-02-19,Campbelltown,Low risk,0.867992,0,0,26.615936,11.988868833333333,51.61822908333334,3.7605104,989.1591866666666,0.0,40.0,10.0,0,10.7411,1577.7,2,1,0,0,0.10480505247978447
2020-05-07,Fairfield,Low risk,0.5763133636363634,0,0,23.606537,9.717136404166666,74.50751745833334,2.500144370833333,1013.7099170833334,0.0,27.0,4.0,0,13.6634,4527.0,5,0,0,0,0.07675484930009074
2020-04-05,Blacktown,Low risk,0.6406471818181817,0,0,23.90503,8.074242925,56.022742666666666,3.0232167833333334,1005.6105479166666,0.0,35.0,6.0,0,9.17505,3615.4,4,0,0,0,0.06704768756837079
2020-10-18,Cronulla,High risk,0.11643070000000008,0,1,20.01175,15.362593375000001,81.646118875,3.9998934666666663,1006.1754970833334,11.466503071,0.5,0.5,1,18.6816,1026.8,10,0,1,1,0.8599034398665053
2020-06-02,Manly,Moderate risk,0.3257676250000001,0,0,15.370026,5.725838954166666,65.87835308333334,8.317433483333334,1009.9679487499999,5.8436393145,0.5,0.5,1,26.2541,3641.8,6,0,0,1,0.6469937516376659
2020-02-09,Coogee,Extreme risk,0.04425050000000006,0,1,22.96048,19.835245833333335,86.2929425,14.054092166666665,1007.8955066666667,122.9114528,0.5,0.5,1,18.7764,7453.6,2,1,1,1,0.920381007953763
2020-06-16,Bondi,Low risk,0.38135069999999993,0,0,19.131622,10.446347520833333,70.69922058333333,3.9461357416666663,1018.3600120833333,0.0,0.5,0.5,1,19.5728,9692.7,6,0,0,0,0.48108023897904695
2020-06-27,Manly,High risk,0.13140872727272715,0,1,14.839569,8.5799052375,72.321352125,5.143020833333334,1021.9761912499999,1.3890266326,0.5,0.5,1,26.2541,3641.8,6,0,1,1,0.7248129293428593
2020-03-15,Manly,High risk,0.1411965454545455,0,1,19.43106,12.851034854166665,70.062049625,7.754175379166667,1016.5569154166666,2.7441978393,0.5,0.5,1,26.2541,3641.8,3,0,1,1,0.8118296628164517
2020-05-28,Cronulla,Moderate risk,0.2841409090909093,0,0,19.144196,12.627755479166666,78.56212279166667,3.24309077625,1015.9787991666667,0.31232834,0.5,0.5,1,18.6816,1026.8,5,0,0,1,0.8019141313219847
2020-12-26,Parramatta,Low risk,0.5270275454545454,0,0,24.444855,16.35061375,79.82875725,2.98790117625,1010.8028454166666,11.7521284249,20.0,1.0,0,17.0356,4087.8,12,1,0,0,0.27592523265163704
2020-06-07,Ryde,Moderate risk,0.24573863636363635,0,0,16.194763,8.452229820833333,87.88444783333334,2.080995533333333,1015.7249329166666,3.178596432,13.0,2.0,0,23.3227,4521.5,6,0,0,0,0.3361889768949474
2020-07-16,Penrith,Moderate risk,0.375418909090909,0,0,16.172668,4.7005411624999995,62.007143291666665,3.6633703291666664,1003.7736091666667,0.00047683716,55.0,3.0,0,11.4378,1496.4,7,0,0,0,0.19541013095743265
2020-04-02,Blacktown,Low risk,0.40633036363636355,0,0,23.750122,18.625425916666668,89.14621512500001,2.3550552208333335,1006.1495016666667,7.95030591066,35.0,6.0,0,9.17505,3615.4,4,0,0,0,0.48883895452789994
2020-03-19,Coogee,Moderate risk,0.21578981818181797,0,0,24.730133,17.577237416666666,77.02804158333333,3.420416829166667,1015.5973729166667,0.0,0.5,0.5,1,18.7764,7453.6,3,0,0,1,0.5548666025431818
2020-06-15,Fairfield,Low risk,0.6991549090909092,0,0,19.699066,6.918038645833334,72.9677315,1.8655827183333333,1014.8940045833333,0.0,27.0,4.0,0,13.6634,4527.0,6,0,0,0,0.069429905911962
2020-02-06,Penrith,High risk,0.11733727272727279,0,1,21.940063,17.962460833333335,87.11121891666666,1.5590528541666666,1007.6363370833333,9.076118464,55.0,3.0,0,11.4378,1496.4,2,1,1,1,0.5081780263892562
2020-07-12,Fairfield,Moderate risk,0.3786454545454545,0,0,17.104248,8.88730875,88.4809555,1.2842156016666666,1008.2458933333334,3.62253191406,27.0,4.0,0,13.6634,4527.0,7,0,0,0,0.2914581799948098
2020-06-06,Coogee,Moderate risk,0.23632818181818183,0,0,16.481537,9.358637583333334,71.24201225,2.8431338333333334,1019.2963545833333,0.07534027086,0.5,0.5,1,18.7764,7453.6,6,0,0,1,0.77365525056947
2020-06-12,Manly,High risk,0.1644120909090908,0,1,16.91565,13.0719540625,84.26276025,3.6988151041666666,1019.6914404166668,3.368377655,0.5,0.5,1,26.2541,3641.8,6,0,1,1,0.8001899452881702
2020-01-09,Liverpool,Moderate risk,0.251790333333333,0,0,24.728607,18.337994916666666,77.62847095833332,3.6261464500000002,1008.85845375,0.50973892186,30.0,2.0,0,8.27098,5139.4,1,1,0,0,0.2322428332901469
2020-03-08,Penrith,Moderate risk,0.2891790909090911,0,0,21.808105,15.044026729166667,80.51459566666666,1.8594671833333332,1006.6832083333334,2.984523802,55.0,3.0,0,11.4378,1496.4,3,0,0,0,0.17528805620079294
2020-07-13,Ryde,Moderate risk,0.32425700000000024,0,0,16.443695,8.011622108333333,84.31029037500001,1.8735600541666668,1010.2233520833333,2.2816657997,13.0,2.0,0,23.3227,4521.5,7,0,0,0,0.2668743050762987
2020-03-09,Fairfield,Low risk,0.39976918181818183,0,0,21.648712,15.330123958333333,80.05079941666666,2.880265595833333,1013.3828941666667,1.7852783191000001,27.0,4.0,0,13.6634,4527.0,3,0,0,0,0.14867310965681585
2020-06-22,Liverpool,Low risk,0.5064911000000001,0,0,15.242279,5.926110566666666,72.78687645833334,2.7944195250000003,1001.9003445833333,0.3089904776,30.0,2.0,0,8.27098,5139.4,6,0,0,0,0.20831495059422217
2020-01-12,Campbelltown,Moderate risk,0.2495394545454546,0,0,20.451874,14.02157975,73.20700179166667,3.2654079416666666,1003.5332283333333,2.0422935565,40.0,10.0,0,10.7411,1577.7,1,1,0,0,0.14275302348796765
2020-03-03,Ryde,High risk,0.12615999999999872,0,1,21.69754,16.494190166666666,80.87779616666667,2.84531,1011.8443666666667,7.3761939523999995,13.0,2.0,0,23.3227,4521.5,3,0,1,0,0.382927082729651
2020-04-21,Fairfield,Low risk,0.8022266363636364,0,0,25.02243,10.807380729166667,65.659040375,2.1377391833333332,1009.3567954166666,0.0,27.0,4.0,0,13.6634,4527.0,4,0,0,0,0.06516071015734612
2020-07-20,Manly,Low risk,0.40947870000000003,0,0,16.376373,4.193702733333334,54.059970666666665,5.436326524999999,1013.2315520833332,0.0,0.5,0.5,1,26.2541,3641.8,7,0,0,0,0.33937109287052647
2020-05-21,Bankstown,Low risk,0.4576530000000001,0,0,17.263885,12.768734041666667,87.87153416666666,2.494474475,1004.2871795833333,33.271312607300004,18.0,5.0,0,12.4235,6471.6,5,0,0,1,0.5251969231473943
2020-01-07,Manly,Moderate risk,0.2771717272727275,0,0,24.705322,20.472268375000002,85.30681025,3.428957780833333,1009.0859679166666,0.48398971457999995,0.5,0.5,1,26.2541,3641.8,1,1,0,1,0.8376311895837333
2020-04-01,Bondi,Extreme risk,0.08486109090909076,0,1,22.329163,18.648333291666667,85.13821962499999,4.5116159,1013.6391983333333,2.9449462779999998,0.5,0.5,1,19.5728,9692.7,4,0,1,1,0.8682784979837866
2020-09-25,Coogee,Low risk,0.5087059090909091,0,0,19.906403,7.2195205583333335,58.07196908333333,7.6935415875,1001.0188970833333,1.117229464,0.5,0.5,1,18.7764,7453.6,9,0,0,0,0.4725057682818444
2020-04-22,Fairfield,Low risk,0.9620583636363637,0,0,25.324188,9.994099916666666,64.366602875,1.9287861670833335,1010.25328125,0.0,27.0,4.0,0,13.6634,4527.0,4,0,0,0,0.05427221341333625
2020-01-18,Bankstown,Moderate risk,0.2170520909090909,0,0,22.749115,18.251211666666666,82.024070125,4.5314389791666665,1001.4501595833334,3.5243034536,18.0,5.0,0,12.4235,6471.6,1,1,0,0,0.4557349336200192
2020-07-24,Coogee,Moderate risk,0.31766572727272724,0,0,15.872772,11.299355770833335,85.071888,2.5436447891666667,1021.3752108333333,0.0061988830000000005,0.5,0.5,1,18.7764,7453.6,7,0,0,1,0.509039152844881
2020-11-10,Campbelltown,Low risk,0.894744909090909,0,0,23.22293,10.831919354166667,70.62203783333334,2.0744786,1007.5220183333334,0.0,40.0,10.0,0,10.7411,1577.7,11,0,0,0,0.06778681830512528
2020-06-12,Liverpool,Moderate risk,0.3143737999999999,0,0,16.583618,12.3170713125,89.87120979166667,2.2284989158333333,1016.8385279166667,2.2382736172,30.0,2.0,0,8.27098,5139.4,6,0,0,0,0.3737154021977224
2020-02-19,Cronulla,Low risk,0.6062732727272727,0,0,25.039215,14.836199458333333,58.41202079166666,4.6419790375,998.6096012500001,0.0009536743,0.5,0.5,1,18.6816,1026.8,2,1,0,0,0.3745569501703666
2020-12-08,Bankstown,Low risk,0.6043063636363637,0,0,20.89273,8.229568491666667,53.47283720833334,4.5087360625,1004.6176270833333,0.43153762939999996,18.0,5.0,0,12.4235,6471.6,12,1,0,0,0.2113615063878864
2020-06-19,Cronulla,Moderate risk,0.20976954545454551,0,0,17.24115,10.464855166666666,72.635251,3.2337038000000002,1025.2223608333334,0.0162124636,0.5,0.5,1,18.6816,1026.8,6,0,0,1,0.6032416599483506
2020-07-17,Blacktown,Moderate risk,0.33707270000000006,0,0,15.962128,7.572603845833334,70.64290375,4.161213441666667,1012.7766145833333,0.01859664876,35.0,6.0,0,9.17505,3615.4,7,0,0,0,0.2845774594576905
2020-05-14,Ryde,Low risk,0.394681090909091,0,0,17.143097,9.201117208333333,80.55251883333334,3.6513077541666665,1019.4683708333333,2.55298617362,13.0,2.0,0,23.3227,4521.5,5,0,0,0,0.26999369555310715
2020-07-22,Manly,Low risk,0.4005181818181818,0,0,16.027008,7.3523496,69.41900945833333,2.9418643125,1021.4215541666667,0.0,0.5,0.5,1,26.2541,3641.8,7,0,0,0,0.3903920575418986
2020-01-08,Blacktown,Moderate risk,0.2405590000000001,0,0,26.87857,18.963989208333334,75.05196770833334,4.0116974291666665,1007.4008108333334,0.11157989478,35.0,6.0,0,9.17505,3615.4,1,1,0,0,0.19534280717235578
2020-09-30,Blacktown,Moderate risk,0.3618808333333331,0,0,20.875763,9.8521219375,73.092033125,2.837080041666667,1009.75598875,0.23031235,35.0,6.0,0,9.17505,3615.4,9,0,0,0,0.10192346703526332
2020-02-06,Manly,High risk,0.12864687500000027,0,1,23.283783,17.895078041666668,76.47699529166667,5.301650616666667,1016.1571683333333,4.697799693,0.5,0.5,1,26.2541,3641.8,2,1,1,1,0.8472814654003193
2020-04-15,Ryde,Low risk,0.6748291000000002,0,0,27.782501,13.931579541666666,74.07520579166668,1.8599252766666667,1013.3183574999999,0.0009536743,13.0,2.0,0,23.3227,4521.5,4,0,0,0,0.05656743207083609
2020-02-02,Bondi,Extreme risk,0.04350700000000012,0,1,27.304138,22.004116041666666,84.64181704166667,5.866487958333334,1001.7173941666666,6.78491586896,0.5,0.5,1,19.5728,9692.7,2,1,1,1,0.7919109561289335
2020-11-26,Coogee,Moderate risk,0.35763272727272716,0,0,22.789703,17.199831791666664,80.74833808333334,4.7941402958333335,1007.2124679166667,0.00095367432,0.5,0.5,1,18.7764,7453.6,11,0,0,1,0.6531913448452734
2020-06-12,Coogee,High risk,0.17667840000000012,0,1,16.519165,13.368991833333334,85.39412058333333,4.0530079,1019.7543670833334,3.641605363,0.5,0.5,1,18.7764,7453.6,6,0,1,1,0.8593882183124798
2020-06-20,Fairfield,Low risk,0.44890749999999996,0,0,19.7211,9.233651404166666,82.18161933333333,2.2548330808333334,1014.8467287499999,0.00047683716,27.0,4.0,0,13.6634,4527.0,6,0,0,0,0.1372675032717115
2020-09-29,Fairfield,Low risk,0.5452631818181818,0,0,18.908752,8.463860808333333,71.615802,2.2095389187500003,1017.7356974999999,0.45347214199999997,27.0,4.0,0,13.6634,4527.0,9,0,0,0,0.0966403924755817
2020-12-15,Ryde,High risk,0.1427069999999999,0,1,24.458862,19.885996541666668,90.16990012500001,2.6161847145833335,1008.15214125,10.3321075364,13.0,2.0,0,23.3227,4521.5,12,1,1,1,0.5181438611741785
2020-04-22,Manly,Low risk,0.506625090909091,0,0,23.10025,12.265665729166665,64.72221366666666,3.4619672041666667,1012.6166120833333,0.0,0.5,0.5,1,26.2541,3641.8,4,0,0,0,0.3969095683027339
2020-03-03,Coogee,Extreme risk,0.05975300000000061,0,1,21.426056,16.898731125,77.98865666666667,5.264350341666667,1014.2489383333333,7.7848434266,0.5,0.5,1,18.7764,7453.6,3,0,1,1,0.8806193662442138
2020-05-02,Cronulla,High risk,0.17955427272727273,0,1,16.40506,6.784697254166667,58.300070416666664,8.790683008333334,1000.52779375,0.098228454,0.5,0.5,1,18.6816,1026.8,5,0,1,0,0.4953870433983179
2020-09-03,Bondi,Low risk,0.43827681818181835,0,0,23.541656,11.635045312499999,60.67318508333333,6.288594754166667,1010.4324208333334,0.0,0.5,0.5,1,19.5728,9692.7,9,0,0,0,0.45140650753049877
2020-08-16,Manly,Moderate risk,0.2609031363636363,0,0,17.881927,7.6670430375,60.96832970833333,6.7282197749999995,1001.3922879166666,0.770092015,0.5,0.5,1,26.2541,3641.8,8,0,0,1,0.5989405333147299
2020-01-03,Bondi,High risk,0.11098409090909103,0,1,23.984802,20.494748458333333,86.52596412499999,4.69698761875,1010.0566958333334,1.5687942481000001,0.5,0.5,1,19.5728,9692.7,1,1,1,1,0.9069530669012241
2020-08-28,Penrith,Low risk,0.888963209090909,0,0,18.410309,1.5779240866666668,52.23303466666667,2.0199836566666667,1010.2724775,0.0,55.0,3.0,0,11.4378,1496.4,8,0,0,0,0.06759140706711156
2020-10-12,Bondi,High risk,0.1941029090909093,0,1,19.549469,15.9640809375,84.21142970833334,4.8209445749999995,1017.6681866666667,1.2784004167999998,0.5,0.5,1,19.5728,9692.7,10,0,1,1,0.8691644063344652
2020-05-29,Penrith,Low risk,0.5015619636363637,0,0,17.576813,9.891821566666666,86.44068295833334,1.1684128945833334,1012.6918683333333,0.15115737932,55.0,3.0,0,11.4378,1496.4,5,0,0,0,0.18316576473137908
2020-11-23,Campbelltown,Low risk,0.7362559999999999,0,0,25.70755,17.3565381875,80.08476962499999,2.549337920833333,992.9636854166666,2.2764206075,40.0,10.0,0,10.7411,1577.7,11,0,0,0,0.11003571507648995
2020-08-17,Manly,Low risk,0.4159517727272728,0,0,18.43338,6.969692233333333,59.041871625,5.970339554166666,1002.7336733333333,0.0,0.5,0.5,1,26.2541,3641.8,8,0,0,0,0.38267530227718133
2020-01-19,Cronulla,Extreme risk,0.03840218181818177,0,1,22.733795,19.421649916666667,87.28550775000001,3.797645470833333,1002.26895375,11.51084897866,0.5,0.5,1,18.6816,1026.8,1,1,1,1,0.8949620049481036
2020-04-11,Ryde,Low risk,0.7849010909090908,0,0,25.460022,8.6212616375,56.663154416666664,4.961870595833333,998.4758125,0.0071525574,13.0,2.0,0,23.3227,4521.5,4,0,0,0,0.15347663861125796
2020-02-24,Bankstown,Low risk,0.46803418181818174,0,0,26.445251,17.805333416666667,74.77438358333333,2.4822181208333336,1012.1549533333333,0.11825561232,18.0,5.0,0,12.4235,6471.6,2,1,0,0,0.09460281411499168
2020-10-09,Bondi,Low risk,0.4608681818181818,0,0,20.320312,8.704280825,55.197454625,5.762855666666667,1008.8212954166667,0.0,0.5,0.5,1,19.5728,9692.7,10,0,0,0,0.39913199726957294
2020-08-14,Blacktown,Moderate risk,0.21828113636363644,0,0,17.295135,11.007560733333333,90.18336545833334,1.0859454029166666,1006.88451875,6.7763328683,35.0,6.0,0,9.17505,3615.4,8,0,0,0,0.4440041218599174
2020-04-30,Liverpool,Moderate risk,0.22737429999999997,0,0,18.86612,12.692578745833332,83.19273316666667,3.538364134583333,999.2173116666667,11.9147300098,30.0,2.0,0,8.27098,5139.4,4,0,0,1,0.5070281029937689
2020-06-10,Ryde,Moderate risk,0.264642909090909,0,0,17.347015,13.588915395833332,93.08195275000001,1.1638119925000001,1020.42088375,3.3388138009,13.0,2.0,0,23.3227,4521.5,6,0,0,0,0.3419953707272657
2020-04-06,Bankstown,High risk,0.1758118181818182,0,1,22.167572,11.844832083333335,71.18022595833334,2.9767123041666665,1009.81809875,0.8468627831,18.0,5.0,0,12.4235,6471.6,4,0,1,0,0.13634700720418988
2020-11-03,Penrith,Low risk,1.0550814545454543,0,0,23.028107,11.390783916666665,74.67466362500001,1.5759135404166666,1010.7311854166666,0.0,55.0,3.0,0,11.4378,1496.4,11,0,0,0,0.06676007166903894
2020-04-19,Parramatta,Low risk,0.6963466666666664,0,0,21.757599,11.913738270833333,81.56662675,1.6222250708333332,1006.4823716666666,2.24637984266,20.0,1.0,0,17.0356,4087.8,4,0,0,0,0.20669403281746757
2020-01-27,Liverpool,Moderate risk,0.3673761818181818,0,0,28.322784,21.096832333333335,77.34842375000001,3.7574374458333337,1005.0159070833333,0.14925002768,30.0,2.0,0,8.27098,5139.4,1,1,0,0,0.18916925029842172
2020-05-28,Blacktown,Low risk,0.5344960000000001,0,0,21.151642,10.450021066666666,82.36642795833333,1.6194126625,1013.6188033333333,0.0,35.0,6.0,0,9.17505,3615.4,5,0,0,0,0.12904723220597314
2020-03-29,Cronulla,High risk,0.12833754545454568,0,1,21.950043,18.24836983333333,86.63021658333334,6.067440154166667,1014.1128870833332,6.5855979952,0.5,0.5,1,18.6816,1026.8,3,0,1,1,0.9027965839895714
2020-09-24,Ryde,Low risk,0.8757446600000002,0,0,21.235565,3.6725464079166668,49.238213124999994,3.546392075,1005.69994375,0.0,13.0,2.0,0,23.3227,4521.5,9,0,0,0,0.09818914268005426
2020-06-29,Bankstown,Low risk,0.515625,0,0,15.5816345,10.169535354166667,90.73470025,2.0287946291666668,1019.22804,3.540992705,18.0,5.0,0,12.4235,6471.6,6,0,0,0,0.40593770046675
2020-07-26,Campbelltown,Extreme risk,0.024482749999999776,0,1,14.559784,12.579980270833333,98.18047904166667,2.8697037,1000.41622625,51.556110033,40.0,10.0,0,10.7411,1577.7,7,0,1,1,0.5897216626375797
2020-08-16,Parramatta,Moderate risk,0.2941062727272728,0,0,19.084808,6.3462422583333336,56.71864920833334,4.5956062625,999.085205,0.365257257,20.0,1.0,0,17.0356,4087.8,8,0,0,0,0.20029369512110176
2020-06-06,Penrith,Low risk,0.7258522545454545,0,0,17.411224,5.428868609999999,81.454460125,1.5385570529166666,1010.5817645833334,0.025272369359999998,55.0,3.0,0,11.4378,1496.4,6,0,0,0,0.13111064832357772
2020-08-04,Campbelltown,Low risk,0.8898426363636364,0,0,20.112488,3.5566635316666666,64.47765141666666,2.4524120750000002,996.7276645833334,0.0,40.0,10.0,0,10.7411,1577.7,8,0,0,0,0.06836046107997623
2020-09-21,Ryde,Low risk,0.5007157272727273,0,0,28.997284,15.562550833333333,72.75326295833334,3.2315687458333335,1002.2566845833334,0.1497268659,13.0,2.0,0,23.3227,4521.5,9,0,0,0,0.07678286295595221
2020-07-21,Campbelltown,Low risk,0.5842368181818182,0,0,15.9062195,3.1000111875,67.14025991666666,2.3481215445833334,1011.0381712499999,0.0,40.0,10.0,0,10.7411,1577.7,7,0,0,0,0.11892574272986234
2020-07-13,Liverpool,High risk,0.13529199999999975,0,1,15.910492,9.144190516666667,86.12089895833333,2.2844956308333333,1009.5733491666666,2.68316270296,30.0,2.0,0,8.27098,5139.4,7,0,1,0,0.40669010499888086
2020-12-05,Penrith,Low risk,0.6474609000000001,0,0,26.142822,16.775596708333335,77.572823875,2.6015613125,995.3217549999999,10.57243339152,55.0,3.0,0,11.4378,1496.4,12,1,0,0,0.17446254905164024
2020-04-26,Parramatta,Low risk,0.7462851818181817,0,0,27.010498,10.599533062499999,62.19444933333333,2.9073682124999998,1008.0335437499999,0.0548362735,20.0,1.0,0,17.0356,4087.8,4,0,0,0,0.06337771703028432
2020-12-14,Bondi,High risk,0.11608890000000009,0,1,21.909698,16.92495741666667,78.185030375,4.2607292333333335,1015.0901954166667,1.87444687392,0.5,0.5,1,19.5728,9692.7,12,1,1,1,0.8814859600158091
2020-10-08,Blacktown,Low risk,1.2917397272727271,0,0,27.39627,14.411998729166667,69.37332979166666,2.902373491666667,1004.1336216666667,7.1072578786000005,35.0,6.0,0,9.17505,3615.4,10,0,0,0,0.16619111706089715
2020-04-03,Fairfield,High risk,0.1338152857142855,0,1,25.123138,17.970668833333335,86.76333558333333,2.5828951333333334,1000.4349045833333,9.44614420558,27.0,4.0,0,13.6634,4527.0,4,0,1,0,0.44553853858955095
2020-09-08,Bondi,High risk,0.1811115555555555,0,1,18.539337,12.5120595,76.889146125,5.473787833333333,1022.6175679166666,0.0,0.5,0.5,1,19.5728,9692.7,9,0,1,1,0.5393077613797845
2020-03-09,Manly,High risk,0.1673472727272728,0,1,20.26175,15.537562083333334,80.30778404166666,4.081113583333333,1015.7903920833334,6.793975886,0.5,0.5,1,26.2541,3641.8,3,0,1,1,0.8565866429487464
2020-02-22,Liverpool,Moderate risk,0.215604,0,0,21.907684,16.763132708333334,79.683651875,2.60784655,1014.9758133333333,5.783081094,30.0,2.0,0,8.27098,5139.4,2,1,0,0,0.32828889129164857
2020-09-20,Parramatta,Low risk,0.43922281818181796,0,0,20.673553,15.085543333333334,84.96937604166668,3.4942421333333336,1007.2081133333332,11.87896726656,20.0,1.0,0,17.0356,4087.8,9,0,0,0,0.49943370464916437
2020-03-05,Cronulla,Extreme risk,0.0830494545454547,0,1,23.342255,20.596559083333332,86.92914145833333,8.265582766666666,1005.3487545833333,26.3199805373,0.5,0.5,1,18.6816,1026.8,3,0,1,1,0.8956304134445697
2020-05-03,Cronulla,Moderate risk,0.31890870000000004,0,0,17.668732,7.765083279166667,60.83954566666666,7.369835479166667,1011.8195716666668,0.0,0.5,0.5,1,18.6816,1026.8,5,0,0,0,0.48588201686708077
2020-04-17,Parramatta,Low risk,1.0119018181818182,0,0,26.714935,9.335194945833333,52.4480935,2.7426362083333333,1003.057455,0.0,20.0,1.0,0,17.0356,4087.8,4,0,0,0,0.05120391457916813
2020-01-09,Blacktown,Low risk,0.401095888888889,0,0,25.79483,17.912620625,73.09841270833333,3.2165797499999997,1009.3730379166667,0.96082687366,35.0,6.0,0,9.17505,3615.4,1,1,0,0,0.07962069148285268
2020-02-28,Campbelltown,Low risk,0.47775545454545437,0,0,25.709381,12.172856675,65.168131375,2.5485683166666666,996.9649804166667,0.1235008239,40.0,10.0,0,10.7411,1577.7,2,1,0,0,0.06624118202009673
2020-09-29,Bondi,High risk,0.14532133333333322,0,1,16.063324,9.2598406625,68.17272591666666,3.8130899583333338,1020.3736020833334,0.08106231826,0.5,0.5,1,19.5728,9692.7,9,0,1,1,0.7735714843548697
2020-02-16,Bankstown,High risk,0.18228427272727288,0,1,24.957306,18.869260166666667,80.90488462500001,2.491794366666667,1005.7388695833333,1.6899108853,18.0,5.0,0,12.4235,6471.6,2,1,1,0,0.22306602614080406
2020-11-07,Campbelltown,Moderate risk,0.3715875454545456,0,0,19.6091,10.506423916666668,75.8500465,2.543489306666667,1006.6735158333332,0.47159195118,40.0,10.0,0,10.7411,1577.7,11,0,0,0,0.10212813125658075
2020-08-26,Fairfield,Low risk,0.9093572272727272,0,0,18.078766,3.468748741666667,69.24070745833333,1.5723993345833334,1020.868685,0.0,27.0,4.0,0,13.6634,4527.0,8,0,0,0,0.06957711955976051
2020-02-08,Fairfield,Extreme risk,0.05750345454545457,0,1,22.570099,19.327089833333336,88.909066625,5.03511255,1010.6144045833333,49.203396569999995,27.0,4.0,0,13.6634,4527.0,2,1,1,1,0.7340976205501208
2020-11-25,Bankstown,Low risk,0.6520552727272726,0,0,23.072174,15.702410270833333,77.80337666666667,2.6479169520833334,1005.5061083333334,1.48248672526,18.0,5.0,0,12.4235,6471.6,11,0,0,0,0.13608181703930713
2020-02-10,Cronulla,Extreme risk,0.1037929999999999,0,1,24.083893,21.19489545833333,88.29300612499999,6.231863691666667,1003.76155625,21.57402027532,0.5,0.5,1,18.6816,1026.8,2,1,1,1,0.9112715126049643
2020-06-29,Campbelltown,Low risk,0.5703846636363636,0,0,15.276215,8.6132203,86.0999715,1.6856126195833332,1012.31596875,1.0061264122,40.0,10.0,0,10.7411,1577.7,6,0,0,0,0.28518994727318225
2020-04-25,Campbelltown,Low risk,0.9404851818181817,0,0,26.300598,11.760059416666666,73.69853520833333,1.805421235,1004.6850216666667,0.0,40.0,10.0,0,10.7411,1577.7,4,0,0,0,0.052825049976562254
2020-07-18,Penrith,Low risk,0.6449973272727273,0,0,16.05832,6.990105983333333,76.42113433333334,1.45840419625,1007.0932829166667,0.1306533823,55.0,3.0,0,11.4378,1496.4,7,0,0,0,0.1552961495055524
2020-02-03,Bondi,Moderate risk,0.2874755454545456,0,0,26.17215,20.271648333333335,83.707826375,4.9759812125,1002.3257291666667,6.2146186172,0.5,0.5,1,19.5728,9692.7,2,1,0,1,0.8243921500683148
2020-08-13,Manly,Low risk,0.39291099999999995,0,0,18.627472,11.426324229166667,79.01248404166667,2.7400078720833334,1008.74930375,0.023841858,0.5,0.5,1,26.2541,3641.8,8,0,0,1,0.6906863895150075
2020-04-28,Parramatta,Moderate risk,0.29261645454545454,0,0,22.59256,15.842732708333335,81.52179970833333,2.736205329166667,1015.2033191666666,1.39188766176,20.0,1.0,0,17.0356,4087.8,4,0,0,0,0.17882018463724664
2020-09-25,Bondi,Low risk,0.5087059090909091,0,0,19.906403,7.2195205583333335,58.07196908333333,7.6935415875,1001.0188970833333,1.117229464,0.5,0.5,1,19.5728,9692.7,9,0,0,0,0.47223669166053833
2020-03-24,Coogee,Extreme risk,0.07897390909090905,0,1,21.539398,15.377559625000002,75.56225070833334,3.8455307083333334,1018.1328308333333,2.0942687799,0.5,0.5,1,18.7764,7453.6,3,0,1,1,0.8765181372127234
2020-04-15,Cronulla,Moderate risk,0.2468994000000002,0,0,22.208282,17.043721583333333,84.011159,3.3690396166666665,1015.8029358333333,0.00619888296,0.5,0.5,1,18.6816,1026.8,4,0,0,1,0.6008548124598179
2020-03-06,Campbelltown,Moderate risk,0.31778236363636353,0,0,27.357086,19.393559749999998,85.90255266666667,2.3068158,994.4469608333334,2.72750854676,40.0,10.0,0,10.7411,1577.7,3,0,0,0,0.2199415446026873
2020-09-09,Bondi,Moderate risk,0.2221219999999997,0,0,16.789703,12.483567416666666,83.77911508333334,6.726112795833333,1021.8912354166667,14.17064663,0.5,0.5,1,19.5728,9692.7,9,0,0,1,0.8496579395420631
2020-01-23,Parramatta,Low risk,1.0630659090909094,1,0,41.11862,15.014280895833332,43.51550525,4.207933720833333,994.69354625,0.70524216,20.0,1.0,0,17.0356,4087.8,1,1,0,0,0.16573040456476862
2020-09-27,Liverpool,Low risk,0.5377918181818182,0,0,16.750488,4.5979919375,58.6222445,3.9967646541666664,1013.454525,0.54311751416,30.0,2.0,0,8.27098,5139.4,9,0,0,0,0.21518806388694994
2020-05-15,Campbelltown,Moderate risk,0.31925349999999997,0,0,16.786407,8.385628979166666,77.96357754166667,2.7564682208333333,1014.3922699999999,1.14345551212,40.0,10.0,0,10.7411,1577.7,5,0,0,0,0.10968677605351985
2020-10-18,Parramatta,Moderate risk,0.2915870909090908,0,0,24.826263,14.233036083333333,71.44965833333333,2.7470711458333334,1003.6142450000001,5.0287246892,20.0,1.0,0,17.0356,4087.8,10,0,0,0,0.15867016378703036
2020-11-05,Manly,Extreme risk,0.07390485714285713,0,1,19.127777,14.121004666666666,85.13037254166666,8.2800453875,1005.32148125,11.728763604600001,0.5,0.5,1,26.2541,3641.8,11,0,1,1,0.8461418634799535
2020-08-13,Ryde,Low risk,0.800403909090909,0,0,21.930206,10.084283258333334,79.00958808333333,1.6105881816666667,1006.2584633333335,0.0877380376,13.0,2.0,0,23.3227,4521.5,8,0,0,0,0.1001436389844268
2020-03-20,Ryde,Low risk,1.5651854545454542,1,0,34.80136,14.2935816875,56.93033716666667,2.938560879166667,1006.9960695833333,0.0,13.0,2.0,0,23.3227,4521.5,3,0,0,0,0.06161139881405244
2020-02-22,Blacktown,Moderate risk,0.23478000000000002,0,0,22.40384,16.954864458333333,80.605176125,2.2739502083333334,1015.4699783333334,7.677078246,35.0,6.0,0,9.17505,3615.4,2,1,0,0,0.31077863517367543
2020-02-07,Penrith,High risk,0.1152784444444441,0,1,20.993866,18.818621333333333,94.161921875,3.070766395833333,1006.45635875,25.75492857,55.0,3.0,0,11.4378,1496.4,2,1,1,1,0.5985694158866053
2020-05-05,Bankstown,Low risk,0.5221363636363637,0,0,18.77353,11.743776979166666,81.61436779166667,2.8272739016666666,1021.47172,0.7820129368000001,18.0,5.0,0,12.4235,6471.6,5,0,0,0,0.19657580461273588
2020-05-27,Penrith,Low risk,0.6612493,0,0,18.203644,10.664489833333333,83.31142458333333,1.504493272916667,1007.9347041666666,0.03910064662,55.0,3.0,0,11.4378,1496.4,5,0,0,0,0.17245303548670066
2020-07-11,Blacktown,Low risk,0.5485285454545454,0,0,16.045685,11.5003471875,92.90858387499999,1.2649082720833333,1009.5621358333333,7.0133209589800005,35.0,6.0,0,9.17505,3615.4,7,0,0,1,0.5024954380836586
2020-12-02,Campbelltown,Moderate risk,0.3698512857142856,0,0,23.058258,15.805677958333334,75.92095570833334,3.2034231374999997,1003.2573779166668,1.18684769308,40.0,10.0,0,10.7411,1577.7,12,1,0,0,0.11606034450489554
2020-07-06,Penrith,Moderate risk,0.2578541545454545,0,0,17.49704,5.461629229166667,78.19384529166668,1.6315385358333334,1013.1431341666666,0.01907348626,55.0,3.0,0,11.4378,1496.4,7,0,0,0,0.08491700897223592
2020-07-02,Ryde,Low risk,0.7595492727272727,0,0,23.235413,7.9405390874999995,63.43600270833334,3.5975231500000002,1008.6228229166667,0.0,13.0,2.0,0,23.3227,4521.5,7,0,0,0,0.10673823850624657
2020-03-26,Blacktown,Low risk,0.5065727500000001,0,0,21.515411,14.828961645833333,78.97598516666666,3.8510168208333333,1017.1644679166667,6.2227249095,35.0,6.0,0,9.17505,3615.4,3,0,0,0,0.40069072490505797
2020-07-23,Fairfield,Low risk,0.6641429454545453,0,0,18.20398,6.307352695833333,79.99884616666667,1.3783206954166667,1017.9006916666667,0.0,27.0,4.0,0,13.6634,4527.0,7,0,0,0,0.0803429760425698
2020-10-13,Bankstown,Low risk,0.7596546363636363,0,0,26.947235,12.953723854166666,72.38478875,2.29212064,1014.2621054166666,0.0038146972,18.0,5.0,0,12.4235,6471.6,10,0,0,0,0.07683036870897016
2020-01-06,Parramatta,High risk,0.12305518181818184,0,1,23.83548,15.7965646875,71.71767150000001,2.7466033625,1012.26974875,0.6842613223,20.0,1.0,0,17.0356,4087.8,1,1,1,0,0.12984942535747246
2020-01-28,Fairfield,Low risk,0.4659534545454546,1,0,32.123535,21.722576125,76.41661220833333,2.5468516729166666,1004.23235875,1.000881186,27.0,4.0,0,13.6634,4527.0,1,1,0,0,0.09255020203272901
2020-10-03,Campbelltown,Low risk,0.8888660909090909,0,0,28.551147,9.358626025,62.164157375,1.9225671675000002,1008.6679945833333,0.0,40.0,10.0,0,10.7411,1577.7,10,0,0,0,0.04633999717053152
2020-03-15,Fairfield,Moderate risk,0.27329881818181806,0,0,19.804108,12.0916760625,72.17873154166666,4.459637833333333,1014.3890029166668,1.4066696167,27.0,4.0,0,13.6634,4527.0,3,0,0,0,0.24295024954876465
2020-07-20,Cronulla,Low risk,0.42231971428571413,0,0,16.079498,5.10573065,56.27290358333334,5.871727745833333,1013.0348866666667,0.0,0.5,0.5,1,18.6816,1026.8,7,0,0,0,0.3809385532242755
2020-01-29,Ryde,Low risk,0.6790494545454545,0,0,27.878204,19.561552541666668,73.45734729166666,3.4468125625,1008.4538141666667,0.5002021726,13.0,2.0,0,23.3227,4521.5,1,1,0,0,0.13488580042577927
2020-07-31,Cronulla,High risk,0.18954190909090907,0,1,14.611328,7.832763670833334,67.93316983333334,4.738379014583333,1022.41529,0.0014305115,0.5,0.5,1,18.6816,1026.8,7,0,1,0,0.4997530737494141
2020-01-10,Bondi,Moderate risk,0.3475341818181819,0,0,25.3013,20.887439833333335,85.86332808333333,5.10145697125,1004.8001375,0.01096725466,0.5,0.5,1,19.5728,9692.7,1,1,0,1,0.7328688468457162
2020-03-13,Cronulla,High risk,0.18514410000000012,0,1,22.050568,14.813081104166665,69.12944466666666,3.8339133616666667,1013.65922625,0.0,0.5,0.5,1,18.6816,1026.8,3,0,1,1,0.5395722266159765
2020-06-23,Cronulla,Moderate risk,0.3577067777777779,0,0,15.365387,6.1490758375,64.62430575,6.60373315,1006.8167283333333,0.00047683716,0.5,0.5,1,18.6816,1026.8,6,0,0,0,0.4798997590600885
2020-01-29,Bondi,High risk,0.16466736363636353,0,1,24.078766,20.278675166666666,82.481102,5.848029391666667,1011.0042404166667,0.4577636697,0.5,0.5,1,19.5728,9692.7,1,1,1,1,0.912028815352315
2020-05-11,Manly,Moderate risk,0.326355,0,0,17.028473,5.482830070833334,58.53388845833334,4.610741166666666,1021.485205,0.0,0.5,0.5,1,26.2541,3641.8,5,0,0,0,0.3468717337216098
2020-05-04,Liverpool,Moderate risk,0.22460939999999993,0,0,18.210938,8.054382354166666,72.650551375,3.0382020916666668,1017.4260233333333,0.0038146973,30.0,2.0,0,8.27098,5139.4,5,0,0,0,0.09433661797395977
2020-02-14,Bondi,High risk,0.18074736363636357,0,1,22.988007,18.47718675,79.10180066666666,5.0515321166666665,1003.6241008333333,1.05094910076,0.5,0.5,1,19.5728,9692.7,2,1,1,1,0.9049356084158956
2020-01-20,Manly,Moderate risk,0.31225299999999995,0,0,24.558777,20.44381725,87.01707045833332,1.9862605875000001,997.8438354166666,15.50483743024,0.5,0.5,1,26.2541,3641.8,1,1,0,1,0.6849009089162902
2020-02-06,Bondi,High risk,0.13890075000000035,0,1,23.172455,17.928281208333335,75.90605475,5.4750126625,1016.392585,3.8714408959999997,0.5,0.5,1,19.5728,9692.7,2,1,1,1,0.9002989125985107
2020-01-19,Bondi,Extreme risk,0.03840218181818177,0,1,22.733795,19.421649916666667,87.28550775000001,3.797645470833333,1002.26895375,11.51084897866,0.5,0.5,1,19.5728,9692.7,1,1,1,1,0.9053343046237784
2020-05-26,Bankstown,Moderate risk,0.3121920909090909,0,0,18.524292,12.724891729166666,83.010117,4.459454370833334,1014.12892,2.9020309595000002,18.0,5.0,0,12.4235,6471.6,5,0,0,0,0.45193788435794724
2020-12-02,Coogee,Extreme risk,0.10529083333333311,0,1,22.513092,16.318047875,81.057375625,6.276070591666667,1013.2836341666666,0.5946159425,0.5,0.5,1,18.7764,7453.6,12,1,1,1,0.8957447529845726
2020-07-10,Ryde,High risk,0.1591575454545455,0,1,16.441437,10.534229291666668,91.27357645833332,1.4273195708333333,1017.9856883333333,2.53343584,13.0,2.0,0,23.3227,4521.5,7,0,1,0,0.3733769707019984
2020-10-24,Campbelltown,Low risk,0.8489608750000002,0,0,24.045776,18.17595916666667,91.16852562499999,1.7935301620833333,990.17125,10.51950445366,40.0,10.0,0,10.7411,1577.7,10,0,0,0,0.4852921303243221
2020-08-15,Manly,Moderate risk,0.3212281428571429,0,0,17.27948,10.4707386875,73.96916379166667,4.773161579166667,1002.0127145833334,3.60202791366,0.5,0.5,1,26.2541,3641.8,8,0,0,1,0.7156003148507972
2020-10-14,Bondi,Extreme risk,0.0825750909090908,0,1,18.088806,14.460113625,82.57099291666667,5.300554745833334,1020.8542691666667,0.6060600296,0.5,0.5,1,19.5728,9692.7,10,0,1,1,0.8583843174628253
2020-05-05,Penrith,Low risk,0.7293451272727274,0,0,19.442902,9.488405879166667,78.56152258333333,1.7687851708333333,1015.8338054166667,0.042915343939999996,55.0,3.0,0,11.4378,1496.4,5,0,0,0,0.0921366980300938
2020-04-14,Coogee,Moderate risk,0.22801636363636357,0,0,20.958038,15.533515854166666,80.69704004166667,2.628394854166667,1018.34223125,0.0009536743,0.5,0.5,1,18.7764,7453.6,4,0,0,1,0.5607700300351448
2020-04-21,Blacktown,Low risk,0.8022266363636364,0,0,25.02243,10.807380729166667,65.659040375,2.1377391833333332,1009.3567954166666,0.0,35.0,6.0,0,9.17505,3615.4,4,0,0,0,0.06056516756833656
2020-02-12,Campbelltown,Moderate risk,0.2558899,0,0,25.433624,21.565558083333332,91.78960495833333,2.3121632045833334,995.2543000000001,8.642673541999999,40.0,10.0,0,10.7411,1577.7,2,1,0,0,0.35389467992688173
2020-04-04,Blacktown,Low risk,0.9074373636363636,0,0,25.684967,12.862920125,62.051764999999996,5.367298266666666,994.3301979166666,5.7249068725,35.0,6.0,0,9.17505,3615.4,4,0,0,0,0.3087062020937445
2020-04-26,Blacktown,Low risk,0.7462851818181817,0,0,27.010498,10.599533062499999,62.19444933333333,2.9073682124999998,1008.0335437499999,0.0548362735,35.0,6.0,0,9.17505,3615.4,4,0,0,0,0.06252138878636399
2020-10-26,Parramatta,Extreme risk,0.07167812500000004,0,1,14.9756775,12.39060725,87.88019770833334,6.965858066666667,1010.230175,27.944565,20.0,1.0,0,17.0356,4087.8,10,0,1,1,0.7675163424914893
2020-02-20,Coogee,Extreme risk,0.007246545454545516,0,1,21.453278,14.678329354166666,71.27037358333332,5.274317575,1005.8148158333333,1.698017129,0.5,0.5,1,18.7764,7453.6,2,1,1,1,0.883915146641763
2020-03-14,Cronulla,Extreme risk,0.0,0,1,20.499176,15.064881708333333,79.97972491666667,8.529882720833333,1011.6155720833334,7.7881813966,0.5,0.5,1,18.6816,1026.8,3,0,1,1,0.8998930288030329
2020-08-03,Campbelltown,Low risk,0.9001797909090908,0,0,20.360443,4.659867616666667,72.61128820833333,1.5148674916666665,1002.9095170833334,0.0,40.0,10.0,0,10.7411,1577.7,8,0,0,0,0.06759781663765457
2020-12-31,Fairfield,Moderate risk,0.3728822000000001,0,0,22.795837,16.38642,78.86497808333333,2.8388911958333334,1012.1082816666667,0.87928772248,27.0,4.0,0,13.6634,4527.0,12,1,0,0,0.1333202218098556
2020-08-22,Campbelltown,Extreme risk,0.1014861999999999,0,1,13.257568,1.6876983745833334,58.07954625,4.695837875,989.6195195833334,0.12063979996,40.0,10.0,0,10.7411,1577.7,8,0,1,0,0.34227966977398366
2020-10-11,Liverpool,Low risk,0.6377480909090909,0,0,25.893158,8.949746424999999,58.91696875,2.2792847375,1012.30884375,0.0014305115,30.0,2.0,0,8.27098,5139.4,10,0,0,0,0.07614624561646109
2020-09-21,Liverpool,Low risk,0.5005381818181818,0,0,27.050018,15.198537166666668,74.7286595,2.986227616666667,1001.4517008333333,0.0438690181,30.0,2.0,0,8.27098,5139.4,9,0,0,0,0.09993969423114712
2020-03-26,Campbelltown,Low risk,0.5702933749999999,0,0,21.210724,13.581891458333333,75.90968470833333,3.225450241666667,1010.0182304166666,3.8661956894,40.0,10.0,0,10.7411,1577.7,3,0,0,0,0.19204841278404414
2020-07-28,Liverpool,Low risk,0.44065163636363636,0,0,17.454926,12.445643083333332,83.11398283333334,5.3858369999999995,1000.63142125,6.80398944356,30.0,2.0,0,8.27098,5139.4,7,0,0,1,0.6106992736180871
2020-06-25,Parramatta,Low risk,0.6183943636363637,0,0,17.782715,6.576590262500001,71.96825529166667,2.4421693833333333,1011.7794704166666,0.0,20.0,1.0,0,17.0356,4087.8,6,0,0,0,0.06896328672294685
2020-12-23,Campbelltown,Low risk,0.6091669999999998,0,0,24.858887,11.305531854166667,58.68384154166667,3.5938846833333336,998.627215,0.0,40.0,10.0,0,10.7411,1577.7,12,1,0,0,0.09965575136486224
2020-01-01,Cronulla,Extreme risk,0.09193009090909111,0,1,21.51651,17.15940030769231,78.69835923076923,5.513414469230769,1010.3648153846153,0.041961669,0.5,0.5,1,18.6816,1026.8,1,1,1,1,0.8745419030063607
2020-03-17,Bankstown,Low risk,0.5764548181818182,0,0,21.595856,14.987194083333334,81.78183841666667,2.0346031,1018.8884608333333,2.829551699,18.0,5.0,0,12.4235,6471.6,3,0,0,0,0.264166785322863
2020-01-05,Campbelltown,Moderate risk,0.2723666363636364,0,0,26.171875,12.316435529166666,54.24719954166667,4.769337416666667,1003.2100875,0.061988829999999995,40.0,10.0,0,10.7411,1577.7,1,1,0,0,0.15304237685263916
2020-04-27,Campbelltown,Moderate risk,0.266229818181818,0,0,21.042267,13.056018833333333,80.59400083333334,1.7221883833333334,1008.3390787499999,1.7333030782,40.0,10.0,0,10.7411,1577.7,4,0,0,0,0.12421652153551198
2020-01-31,Bondi,High risk,0.15564527272727283,0,1,26.29538,22.731291499999998,87.96674429166667,5.333433745833333,1008.5965150000001,0.0157356261,0.5,0.5,1,19.5728,9692.7,1,1,1,1,0.7969021778586705
2020-02-20,Bankstown,Moderate risk,0.2153431818181821,0,0,22.900543,14.271265708333333,71.354572125,2.7437066958333336,1002.7510695833333,1.3771057223,18.0,5.0,0,12.4235,6471.6,2,1,0,0,0.14665163535646808
2020-09-08,Penrith,Low risk,0.9554487142857143,0,0,25.840118,10.382013904166667,74.82697333333333,1.88897224875,1013.42464625,0.0,55.0,3.0,0,11.4378,1496.4,9,0,0,0,0.04757442859064702
2020-11-04,Bondi,High risk,0.11716536363636365,0,1,20.009491,13.961570729166667,75.71060170833333,5.007169495833334,1010.0996258333333,0.0,0.5,0.5,1,19.5728,9692.7,11,0,1,1,0.5929251783028254
2020-07-26,Parramatta,Moderate risk,0.3621419999999998,0,0,16.305878,13.461572041666665,97.52042645833335,3.242628629166667,1007.21372875,86.263179235,20.0,1.0,0,17.0356,4087.8,7,0,0,1,0.5691298392677681
2020-09-20,Penrith,Low risk,0.6348904545454545,0,0,20.64621,14.825045333333334,87.882770375,2.3422239291666664,1000.70186625,14.0352248819,55.0,3.0,0,11.4378,1496.4,9,0,0,0,0.4817054786668347
2020-03-25,Coogee,High risk,0.16961677777777753,0,1,21.133606,17.299544041666667,82.42750725,5.063652070833333,1014.62196375,8.45193859056,0.5,0.5,1,18.7764,7453.6,3,0,1,1,0.8940386505527773
2020-05-05,Coogee,Moderate risk,0.2682300909090909,0,0,17.913055,13.281211958333332,79.59901599999999,5.203900391666667,1024.4162987500001,5.159378095,0.5,0.5,1,18.7764,7453.6,5,0,0,1,0.8456936339103275
2020-10-01,Liverpool,Low risk,0.6148820000000002,0,0,23.2706,11.1255036,70.552361875,2.9772766458333333,1007.6301595833334,1.23119356432,30.0,2.0,0,8.27098,5139.4,10,0,0,0,0.12964395278318017
2020-06-14,Manly,Low risk,0.41297490909090906,0,0,19.8219,10.407618208333334,68.33561895833334,5.2026109,1010.6485608333332,7.7924729344,0.5,0.5,1,26.2541,3641.8,6,0,0,1,0.7133304310690721
2020-04-18,Fairfield,Low risk,0.6708434999999999,0,0,23.138702,7.928989358333333,64.20766858333333,1.8917123041666668,1005.09927,0.0,27.0,4.0,0,13.6634,4527.0,4,0,0,0,0.07019885628633654
2020-09-13,Penrith,Low risk,0.9003184545454546,0,0,23.703827,9.011812804166667,72.513327375,2.0874865875,1008.6873466666666,0.0028610229000000003,55.0,3.0,0,11.4378,1496.4,9,0,0,0,0.06837125441269247
2020-09-26,Campbelltown,Low risk,0.4013754545454545,0,0,15.89505,1.3445854129166666,50.14380175,5.912370966666667,995.2310591666666,0.0,40.0,10.0,0,10.7411,1577.7,9,0,0,0,0.29050962231094274
2020-04-24,Bondi,Low risk,0.38649681818181814,0,0,23.975708,14.465089166666667,68.65519954166668,2.9249437375,1012.1318112499999,0.0,0.5,0.5,1,19.5728,9692.7,4,0,0,0,0.44340720008968476
2020-06-17,Ryde,High risk,0.17778981818181822,0,1,15.972107,9.408565525,84.85592016666666,2.947760520833333,1024.1712025,2.071380611,13.0,2.0,0,23.3227,4521.5,6,0,1,0,0.4292174703192345
2020-03-11,Bondi,Moderate risk,0.20249245454545448,0,0,21.84903,14.6373635,68.33106691666667,2.9206548333333333,1018.0126745833333,0.5550384511,0.5,0.5,1,19.5728,9692.7,3,0,0,1,0.8122368989111248
2020-07-21,Blacktown,Low risk,0.5174754545454545,0,0,16.261688,3.2638295416666665,65.72149491666666,2.762999704166667,1018.5844141666666,0.0,35.0,6.0,0,9.17505,3615.4,7,0,0,0,0.10663981496550237
2020-03-20,Fairfield,Low risk,1.5651854545454542,1,0,34.80136,14.2935816875,56.93033716666667,2.938560879166667,1006.9960695833333,0.0,27.0,4.0,0,13.6634,4527.0,3,0,0,0,0.0650271799060747
2020-09-06,Blacktown,Low risk,0.5850386363636364,0,0,18.869873,9.528545366666666,77.85302429166667,2.135857393333333,1020.0739733333334,0.96178055976,35.0,6.0,0,9.17505,3615.4,9,0,0,0,0.10034398120690899
2020-02-20,Fairfield,Moderate risk,0.3208119090909091,0,0,23.838043,13.770614520833334,68.75044129166666,2.3617677958333334,1003.2781512500001,0.8320808348000001,27.0,4.0,0,13.6634,4527.0,2,1,0,0,0.11624588353150439
2020-11-24,Fairfield,Low risk,0.4314148999999997,0,0,23.115936,14.280464145833333,71.846962875,3.2634072041666666,1003.9192666666667,0.51212310496,27.0,4.0,0,13.6634,4527.0,11,0,0,0,0.1154549527798253
2020-06-05,Bondi,Moderate risk,0.2505279999999999,0,0,16.23108,8.537835508333332,69.901952125,2.740711150833333,1023.2790033333334,0.0,0.5,0.5,1,19.5728,9692.7,6,0,0,0,0.4445697147979066
2020-07-01,Bondi,Moderate risk,0.3137540000000001,0,0,18.297913,9.632419604166666,71.40671350000001,4.6681121249999995,1015.1744504166667,0.0,0.5,0.5,1,19.5728,9692.7,7,0,0,0,0.47616617975958403
2020-06-04,Manly,Moderate risk,0.3288657272727273,0,0,15.678864,7.869225770833334,67.92818133333334,6.7622166041666665,1026.0716791666666,0.3581047013,0.5,0.5,1,26.2541,3641.8,6,0,0,1,0.7099028237652835
2020-07-05,Bankstown,Moderate risk,0.3648986363636363,0,0,17.406738,5.417421929166667,65.562512125,4.316479283333334,1013.8021975,0.0,18.0,5.0,0,12.4235,6471.6,7,0,0,0,0.18065106491112765
2020-07-17,Cronulla,Extreme risk,0.05176550000000013,0,1,15.1145935,10.60800425,78.24696120833333,9.058035245833333,1014.8812020833334,2.9020309345,0.5,0.5,1,18.6816,1026.8,7,0,1,1,0.8513719573961194
2020-02-10,Penrith,Low risk,0.46529872727272736,0,0,28.794403,20.365468416666666,85.60994687499999,1.9615725279166665,994.8990466666668,19.28567901116,55.0,3.0,0,11.4378,1496.4,2,1,0,0,0.32711310711941394
2020-01-01,Penrith,Low risk,0.4424272727272729,0,0,28.80069,15.506756192307693,57.95085815384615,3.552316623076923,1000.9502046153847,0.0019073486,55.0,3.0,0,11.4378,1496.4,1,1,0,0,0.08871380195706532
2020-01-23,Fairfield,Low risk,1.0630659090909094,1,0,41.11862,15.014280895833332,43.51550525,4.207933720833333,994.69354625,0.70524216,27.0,4.0,0,13.6634,4527.0,1,1,0,0,0.16774697402624802
2020-04-21,Campbelltown,Low risk,0.8915376363636365,0,0,24.868134,10.9130935625,71.125316,1.6602931916666668,1001.8792875,0.0,40.0,10.0,0,10.7411,1577.7,4,0,0,0,0.05913016604579958
2020-10-04,Parramatta,Low risk,1.1769908181818183,1,0,30.80893,12.650246043478262,65.1142467826087,2.9527329739130437,1011.711467826087,0.0,20.0,1.0,0,17.0356,4087.8,10,0,0,0,0.0612628158071628
2020-10-27,Coogee,High risk,0.1973694,0,1,17.442657,12.904271458333334,79.96991312499999,7.8866252999999995,1014.2694229166667,5.63478467846,0.5,0.5,1,18.7764,7453.6,10,0,1,1,0.8621796752315958
2020-08-03,Cronulla,Low risk,0.5239368181818181,0,0,17.740509,9.271114420833333,72.35049925,2.9770902375,1012.8332783333334,0.0,0.5,0.5,1,18.6816,1026.8,8,0,0,0,0.4267952298916442
2020-06-23,Blacktown,Low risk,0.5453380545454546,0,0,15.865601,4.12262725,68.999868875,3.041395616666667,1004.74797125,0.0,35.0,6.0,0,9.17505,3615.4,6,0,0,0,0.14196609462278714
2020-02-08,Coogee,Extreme risk,0.04116818181818196,0,1,22.668,19.267275541666667,83.95501795833333,8.9282476,1013.5214745833333,47.57356669,0.5,0.5,1,18.7764,7453.6,2,1,1,1,0.9207913258303593
2020-09-18,Campbelltown,High risk,0.11105072727272726,0,1,16.958344,12.575901,84.39324133333334,1.53473320625,1015.5123341666667,3.1456947119,40.0,10.0,0,10.7411,1577.7,9,0,1,0,0.3085630193422891
2020-03-16,Blacktown,Low risk,0.47337209090909094,0,0,20.88092,14.978931479166667,83.31683054166668,3.7604574083333335,1017.4593258333333,7.0633888189,35.0,6.0,0,9.17505,3615.4,3,0,0,1,0.5385335165601542
2020-06-04,Coogee,High risk,0.19534300000000002,0,1,15.425201,8.668135354166667,69.36916920833333,7.350268179166666,1026.0291916666667,0.4367828325,0.5,0.5,1,18.7764,7453.6,6,0,1,1,0.8034498071849447
2020-01-23,Campbelltown,Low risk,1.3448486363636365,1,0,40.464325,14.7501208125,47.009712,3.402602882083333,987.3864595833334,0.0014305115,40.0,10.0,0,10.7411,1577.7,1,1,0,0,0.09424418051740323
2020-04-13,Blacktown,Low risk,0.720187090909091,0,0,21.350677,10.221251204166666,77.368071875,1.6927347358333333,1013.1337316666667,0.0,35.0,6.0,0,9.17505,3615.4,4,0,0,0,0.07567629864379821
2020-05-14,Penrith,Low risk,0.4692549090909091,0,0,16.58255,7.2377383,76.472281375,2.5794775333333333,1013.1875462500001,1.6188621604,55.0,3.0,0,11.4378,1496.4,5,0,0,0,0.1509991732383657
2020-02-29,Bankstown,Low risk,0.43716163636363636,0,0,25.224121,16.446056375,73.823431625,2.4305093608333332,1007.9296066666666,0.9956359925,18.0,5.0,0,12.4235,6471.6,2,1,0,0,0.10224246030207575
2020-12-24,Penrith,Low risk,0.8365479090909088,0,0,27.717316,15.1785863125,69.654203875,1.9254734845833335,1001.3118795833334,0.12540816829999998,55.0,3.0,0,11.4378,1496.4,12,1,0,0,0.06166330838161142
2020-07-25,Ryde,Moderate risk,0.2587341500000001,0,0,17.207733,10.1038932875,92.27165979166666,1.5647244833333334,1017.28014625,1.29604339336,13.0,2.0,0,23.3227,4521.5,7,0,0,0,0.2269065508547808
2020-04-20,Liverpool,Low risk,0.5010320909090907,0,0,20.000885,11.666301708333334,76.96291833333333,2.0073501375,1006.5632708333333,0.0,30.0,2.0,0,8.27098,5139.4,4,0,0,0,0.11109027983348688
2020-04-16,Parramatta,Low risk,0.7627501999999999,0,0,26.757782,13.409236833333333,62.555743666666665,3.261632216666667,1004.7901808333332,0.021457672,20.0,1.0,0,17.0356,4087.8,4,0,0,0,0.06717777649069732
2020-04-03,Penrith,High risk,0.118190285714286,0,1,24.09549,17.4529279375,89.20963029166667,1.91588581125,994.0794908333334,9.4113350304,55.0,3.0,0,11.4378,1496.4,4,0,1,0,0.4149493190278079
2020-04-29,Liverpool,Low risk,0.42529910000000015,0,0,24.25467,16.6277745,80.78558183333332,3.3960500541666665,1006.4042920833334,1.08814239746,30.0,2.0,0,8.27098,5139.4,4,0,0,0,0.19286271014201328
2020-07-26,Bondi,Extreme risk,0.0409767272727273,0,1,16.942719,14.129296645833334,88.82532720833332,4.50496724625,1009.68998,62.4585149885,0.5,0.5,1,19.5728,9692.7,7,0,1,1,0.8661048324653922
2020-04-29,Penrith,Low risk,0.5352599999999998,0,0,26.647247,15.9284745,78.65020166666666,2.3529099458333333,1000.6905512500001,1.3899803040999998,55.0,3.0,0,11.4378,1496.4,4,0,0,0,0.07283127284974734
2020-04-06,Bondi,Extreme risk,0.03339299999999983,0,1,20.593353,12.296573583333334,68.393377125,5.037883283333334,1012.8822541666667,1.0805129986,0.5,0.5,1,19.5728,9692.7,4,0,1,1,0.7921460692868948
2020-03-23,Manly,Extreme risk,0.0928954545454546,0,1,20.302216,14.937080395833334,76.10943345833333,6.107755720833333,1019.33116125,4.63819502,0.5,0.5,1,26.2541,3641.8,3,0,1,1,0.8443186979419606
2020-07-26,Coogee,Extreme risk,0.0409767272727273,0,1,16.942719,14.129296645833334,88.82532720833332,4.50496724625,1009.68998,62.4585149885,0.5,0.5,1,18.7764,7453.6,7,0,1,1,0.8656524651588619
2020-08-18,Coogee,Low risk,0.4028210000000001,0,0,18.900024,8.679393804166667,65.46866620833333,4.707955470833333,999.8200350000001,3.27777863306,0.5,0.5,1,18.7764,7453.6,8,0,0,1,0.6497481019229542
2020-03-18,Manly,Low risk,0.38098136363636376,0,0,22.535645,14.914419791666667,75.34312229166666,2.901485441666667,1019.6723125,0.0042915344599999995,0.5,0.5,1,26.2541,3641.8,3,0,0,0,0.4772489812575473
2020-09-10,Cronulla,High risk,0.13079839999999993,0,1,15.65979,8.645550954166668,66.25281220833334,6.308675020833333,1023.67845125,1.1992454478,0.5,0.5,1,18.6816,1026.8,9,0,1,1,0.7767707775693694
2020-05-27,Campbelltown,Low risk,0.6787749999999999,0,0,18.047394,10.77687575,83.10218979166667,1.5459593141666668,1006.8076258333334,0.03862380986,40.0,10.0,0,10.7411,1577.7,5,0,0,0,0.17427647466563598
2020-10-20,Blacktown,Low risk,0.6575372727272728,0,0,21.297272,13.341270583333333,76.46163295833334,2.2708810791666667,1010.9085033333332,1.27696992446,35.0,6.0,0,9.17505,3615.4,10,0,0,0,0.1147991919247509
2020-04-02,Bankstown,Low risk,0.43598245454545453,0,0,23.233643,18.815448875,90.35843645833334,2.9936084583333336,1005.5007587499999,8.90445700886,18.0,5.0,0,12.4235,6471.6,4,0,0,1,0.5693837594624804
2020-06-15,Cronulla,Moderate risk,0.3639276363636364,0,0,18.230316,8.127755508333333,62.455278416666665,4.0222662125,1017.1815083333332,0.0,0.5,0.5,1,18.6816,1026.8,6,0,0,0,0.44670987828166914
2020-09-27,Blacktown,Low risk,0.7034523636363637,0,0,18.051575,3.673675558333333,56.29882491666667,3.4082579791666667,1014.1928608333333,0.28896332232,35.0,6.0,0,9.17505,3615.4,9,0,0,0,0.12387779119572077
2020-09-11,Manly,Moderate risk,0.33541318181818175,0,0,17.380768,9.818870545833333,69.56272854166667,4.298668579166667,1025.1576520833332,0.3471374528,0.5,0.5,1,26.2541,3641.8,9,0,0,1,0.7282389339536175
2020-12-11,Bondi,Extreme risk,0.01805809090909091,0,1,19.089813,11.442462895833332,64.64258658333334,7.2566721916666665,1022.7069158333334,0.6847381553,0.5,0.5,1,19.5728,9692.7,12,1,1,1,0.8320092557951306
2020-11-20,Fairfield,Low risk,1.1796070909090908,1,0,34.511383,17.314647541666666,67.69906054166667,2.667055470833333,1009.1053425,1.974582702,27.0,4.0,0,13.6634,4527.0,11,0,0,0,0.08002783099450177
2020-07-19,Penrith,Low risk,0.67376407,0,0,19.930023,5.7027155291666665,75.62676170833333,1.9601011666666668,1002.2338004166667,0.0,55.0,3.0,0,11.4378,1496.4,7,0,0,0,0.06586948971175731
2020-11-05,Blacktown,Extreme risk,0.061531727272727176,0,1,19.055511,13.3187585625,84.91149187500001,4.558455429166666,1003.2860766666666,11.463165277,35.0,6.0,0,9.17505,3615.4,11,0,1,1,0.6322799265384578
2020-10-24,Coogee,Low risk,0.6404768571428571,0,0,20.649292,18.214614916666665,90.16539612499999,5.5222730250000005,1000.1150016666667,9.778022689,0.5,0.5,1,18.7764,7453.6,10,0,0,1,0.8158348762567538
2020-04-02,Liverpool,Low risk,0.43598245454545453,0,0,23.233643,18.815448875,90.35843645833334,2.9936084583333336,1005.5007587499999,8.90445700886,30.0,2.0,0,8.27098,5139.4,4,0,0,1,0.5833435057968485
2020-01-21,Fairfield,Low risk,0.6664012727272728,1,0,31.041351,15.622791270833334,63.991061083333335,2.234549435,999.4668704166667,0.0,27.0,4.0,0,13.6634,4527.0,1,1,0,0,0.06392809275731716
2020-10-20,Ryde,Low risk,0.6575372727272728,0,0,21.297272,13.341270583333333,76.46163295833334,2.2708810791666667,1010.9085033333332,1.27696992446,13.0,2.0,0,23.3227,4521.5,10,0,0,0,0.11688636206411938
2020-12-03,Penrith,Low risk,0.40385854545454564,0,0,21.40158,16.197363625,84.71631683333334,2.282591716666667,1007.13956625,2.06995010812,55.0,3.0,0,11.4378,1496.4,12,1,0,0,0.2731927135876465
2020-03-07,Manly,High risk,0.1802090909090908,0,1,20.980438,16.733102125,79.30458583333333,6.7550920625,1013.7349433333334,3.803730013,0.5,0.5,1,26.2541,3641.8,3,0,1,1,0.8685586866542688
2020-03-18,Penrith,Low risk,1.1341774545454546,0,0,26.344238,13.234650979166666,76.39600275,1.3508058829166665,1010.7239683333333,0.00095367432,55.0,3.0,0,11.4378,1496.4,3,0,0,0,0.05396664279277981
2020-10-08,Coogee,Low risk,0.5339272727272728,0,0,22.449005,15.319306666666668,76.94714204166667,4.6207602,1006.6761266666667,6.1674118027,0.5,0.5,1,18.7764,7453.6,10,0,0,1,0.8440056200957681
2020-10-10,Penrith,Low risk,1.4056340909090907,0,0,25.563171,4.444484739166667,48.23882270833334,2.4222245499999997,1004.4077758333333,0.0,55.0,3.0,0,11.4378,1496.4,10,0,0,0,0.044426226624881285
2020-02-06,Cronulla,High risk,0.13890075000000035,0,1,23.172455,17.928281208333335,75.90605475,5.4750126625,1016.392585,3.8714408959999997,0.5,0.5,1,18.6816,1026.8,2,1,1,1,0.8945985016470577
2020-03-12,Blacktown,Low risk,0.9341763636363637,0,0,24.44516,14.737398895833332,76.15149254166667,1.9409222074999999,1016.4990029166667,2.7251243803,35.0,6.0,0,9.17505,3615.4,3,0,0,0,0.12961400651047014
2020-09-14,Fairfield,Low risk,0.4607238571428573,0,0,21.854828,10.8730354375,77.57242470833333,2.19356075,1017.0031895833334,0.0090599058,27.0,4.0,0,13.6634,4527.0,9,0,0,0,0.077429200820772
2020-01-02,Bankstown,Extreme risk,0.1021617272727275,0,1,25.164276,15.972291270833333,70.14066237499999,3.6535657208333334,1010.3253045833334,0.04863739046,18.0,5.0,0,12.4235,6471.6,1,1,1,0,0.16394476926346319
2020-05-02,Bondi,High risk,0.17955427272727273,0,1,16.40506,6.784697254166667,58.300070416666664,8.790683008333334,1000.52779375,0.098228454,0.5,0.5,1,19.5728,9692.7,5,0,1,0,0.4991109123282297
2020-05-09,Ryde,Low risk,0.8599326363636365,0,0,25.118408,9.984081270833334,60.84727508333333,3.4349870166666663,1005.3734929166667,0.20551681300000002,13.0,2.0,0,23.3227,4521.5,5,0,0,0,0.11262881797090044
2020-04-18,Liverpool,Low risk,0.5983825999999999,0,0,22.418,8.978143045833333,63.88001691666667,2.7560642266666666,1004.3817666666667,0.0076293945,30.0,2.0,0,8.27098,5139.4,4,0,0,0,0.10017521107232596
