date,suburb,night_heat_health_risk,cooling_failure,night_cooling_rate,night_min_temp,hot_day,tmax,dewpoint_mean,humidity_mean,wind_speed_mean,air_pressure_mean,precipitation_total,distance_to_coast_km,distance_to_water_km,is_coastal,tree_canopy_percent,population_density_people_per_km2,month,is_summer,actual,predicted,prob_night_heat_health_risk
2020-01-11,Cronulla,0,1,0.1653213750000004,19.416779,0,25.162384,16.5843150625,76.01780570833334,7.999488679166666,1006.5467979166666,1.64651871076,0.5,0.5,1,18.6816,1026.8,1,1,0,1,0.9192204948573748
2020-09-23,Ryde,0,0,0.7717257272727274,9.694672,0,23.27362,4.861478170833333,46.81202016666666,3.109157145833333,1004.6958325,0.0,13.0,2.0,0,23.3227,4521.5,9,0,0,0,0.025056607177855534
2020-05-30,Campbelltown,0,0,0.6005279,7.933838,0,18.870392,9.7958985625,86.71879791666667,2.062546858333333,1010.4937745833334,0.0085830688999999,40.0,10.0,0,10.7411,1577.7,5,0,0,0,0.006059178755807205
2020-02-11,Coogee,1,1,0.1610911818181819,22.871277,0,25.211823,21.328283833333337,86.11056595833332,4.7671314208333335,1003.4902233333332,3.1318663874,0.5,0.5,1,18.7764,7453.6,2,1,1,1,0.9494267349140025
2020-08-07,Coogee,0,1,0.0648221363636363,13.8559265,0,14.79483,10.403180441666668,80.95343045833333,4.862130116666667,1014.98546375,20.3123092426,0.5,0.5,1,18.7764,7453.6,8,0,0,0,0.04602247819097309
2020-10-09,Fairfield,0,0,1.0388155454545454,9.915039,0,22.567719,6.301367445833333,49.981596375,3.7646493666666663,1006.7287995833334,0.0,27.0,4.0,0,13.6634,4527.0,10,0,0,0,0.018663899302050365
2020-02-04,Ryde,0,0,0.4788485454545456,16.528412,0,22.63028,10.3291867,52.96372591666667,4.159794125,1012.3033633333332,0.4997253352999999,13.0,2.0,0,23.3227,4521.5,2,1,0,0,0.29587430452071173
2020-06-14,Bondi,0,0,0.3117675454545454,13.251068,0,19.09729,10.761784825,69.60939483333333,5.365177491666667,1010.4985608333332,6.2060356087,0.5,0.5,1,19.5728,9692.7,6,0,0,0,0.02924746727002221
2020-04-26,Blacktown,0,0,0.7462851818181817,13.526184,0,27.010498,10.5995330625,62.19444933333333,2.9073682125,1008.03354375,0.0548362735,35.0,6.0,0,9.17505,3615.4,4,0,0,0,0.022362124929811756
2020-02-16,Blacktown,0,0,0.2385697272727272,20.69162,0,25.592072,18.501014708333333,78.53788362499999,2.180851145833333,1006.2659554166668,0.47159195,35.0,6.0,0,9.17505,3615.4,2,1,0,0,0.205208421313603
2020-06-02,Manly,0,0,0.3257676250000001,11.4210205,0,15.370026,5.725838954166666,65.87835308333334,8.317433483333334,1009.96794875,5.8436393145,0.5,0.5,1,26.2541,3641.8,6,0,0,0,0.03618702625063042
2020-12-17,Bankstown,0,0,0.6379117272727274,21.016693,0,29.480804,21.066192666666662,80.245520125,2.5836074,997.9650908333332,3.0155182353,18.0,5.0,0,12.4235,6471.6,12,1,0,0,0.21949950940438598
2020-06-03,Manly,0,0,0.2270340909090909,12.747345,0,17.064056,7.1959190375,63.289386291666666,8.042525841666667,1017.728855,0.0,0.5,0.5,1,26.2541,3641.8,6,0,0,0,0.02388987549328056
2020-09-04,Bondi,0,0,0.2833973636363636,13.655243,0,18.75824,13.2515983125,78.62469775000001,3.4368897041666666,1010.6839841666666,5.61809543916,0.5,0.5,1,19.5728,9692.7,9,0,0,0,0.03855260006282851
2020-10-29,Penrith,0,0,0.7616938181818184,9.690277,0,20.407318,13.224525479166669,82.32881695833333,1.7099218720833331,998.5928279166666,8.990287767,55.0,3.0,0,11.4378,1496.4,10,0,0,0,0.01622687354124715
2020-09-27,Coogee,0,1,0.1425503636363636,12.157196,0,15.131348,5.820892337499999,60.641654708333334,6.6138592208333336,1016.5586970833332,0.2598762531,0.5,0.5,1,18.7764,7453.6,9,0,0,0,0.028830819775367306
2020-04-09,Coogee,0,1,0.1107712499999999,18.242584,0,19.620087,15.135686208333333,78.35334158333333,3.7287021708333334,1020.3690741666666,2.0194053656,0.5,0.5,1,18.7764,7453.6,4,0,0,0,0.05166556381478049
2020-07-05,Liverpool,0,0,0.3648986363636363,7.93396,0,17.406738,5.417421929166667,65.562512125,4.316479283333334,1013.8021975,0.0,30.0,2.0,0,8.27098,5139.4,7,0,0,0,0.004879386982191396
2020-05-07,Campbelltown,0,0,0.6748573636363635,10.052521,0,22.860443,9.8349749375,79.88534508333333,1.9060731441666665,1006.0107416666666,0.0,40.0,10.0,0,10.7411,1577.7,5,0,0,0,0.019997389880143747
2020-11-10,Fairfield,0,0,0.7445318181818184,12.541077,0,22.736603,11.133677229166668,71.69078329166666,2.287900373333333,1015.10869625,0.0,27.0,4.0,0,13.6634,4527.0,11,0,0,0,0.013754120919070871
2020-08-19,Manly,0,0,0.2739146363636364,12.231171,0,18.611053,7.318618729166666,61.312216916666664,7.328203958333333,991.9014191666666,0.2546310445999999,0.5,0.5,1,26.2541,3641.8,8,0,0,0,0.021305485499864905
2020-03-28,Parramatta,0,0,0.219121727272727,17.814392,0,22.429352,15.120463104166667,84.30383991666666,1.9183919458333336,1016.5702570833332,6.6909789891,20.0,1.0,0,17.0356,4087.8,3,0,0,0,0.13668244734548185
2020-04-03,Bondi,1,1,0.1212577500000002,20.931458,0,22.839935,18.46253075,87.50257508333334,4.485091845833334,1002.8678241666668,11.10649115632,0.5,0.5,1,19.5728,9692.7,4,0,1,1,0.8670644796118266
2020-06-29,Campbelltown,0,0,0.5703846636363636,6.0298157,0,15.276215,8.6132203,86.0999715,1.6856126195833332,1012.31596875,1.0061264122,40.0,10.0,0,10.7411,1577.7,6,0,0,0,0.005138133298647453
2020-07-17,Blacktown,0,0,0.3370727,10.56308,0,15.962128,7.572603845833334,70.64290375,4.161213441666667,1012.7766145833332,0.01859664876,35.0,6.0,0,9.17505,3615.4,7,0,0,0,0.0005313777385676057
2020-03-31,Blacktown,0,0,0.4058754545454545,18.725891,0,26.751373,17.095946041666668,82.36456704166666,1.6350543616666666,1008.446495,0.5230903606,35.0,6.0,0,9.17505,3615.4,3,0,0,0,0.12037774743975353
2020-02-11,Ryde,0,0,0.4155300909090911,22.263855,0,29.378174,20.630855458333333,80.92667445833334,2.005537622083333,1000.8718895833334,0.9660720844,13.0,2.0,0,23.3227,4521.5,2,1,0,0,0.2242560736437081
2020-07-05,Coogee,0,0,0.2727467272727272,12.207397,0,16.358429,7.401796995833333,66.584321375,7.072415645833334,1016.67719375,0.0,0.5,0.5,1,18.7764,7453.6,7,0,0,0,0.021078037968818193
2020-03-11,Bondi,0,0,0.2024924545454544,19.282806,0,21.84903,14.6373635,68.33106691666667,2.9206548333333333,1018.0126745833333,0.5550384511,0.5,0.5,1,19.5728,9692.7,3,0,0,0,0.41143847504221187
2020-03-06,Coogee,1,1,0.1146573636363635,20.38388,0,23.86441,19.895268791666663,87.15291516666667,5.505896445833333,1004.1157083333334,1.2664794898,0.5,0.5,1,18.7764,7453.6,3,0,1,1,0.8995105708225744
2020-03-03,Penrith,0,1,0.0679495714285712,17.941925,0,20.412384,15.88481525,82.54826495833333,1.9188944666666667,1005.7210208333336,9.5858573756,55.0,3.0,0,11.4378,1496.4,3,0,0,0,0.16362340606754489
2020-09-21,Liverpool,0,0,0.5005381818181818,18.759552,0,27.050018,15.198537166666668,74.7286595,2.986227616666667,1001.4517008333332,0.0438690181,30.0,2.0,0,8.27098,5139.4,9,0,0,0,0.02235468686140619
2020-07-29,Cronulla,0,1,0.1682655454545454,13.674988,0,16.692108,10.563599979166666,73.41830283333333,5.173107783333333,1011.3058979166668,0.2293586798,0.5,0.5,1,18.6816,1026.8,7,0,0,0,0.04524550803621537
2020-05-10,Ryde,0,0,0.5570678454545455,5.1774597,0,17.707489,1.4338366208333333,48.342924583333335,3.5382575791666664,1012.8029654166668,0.0,13.0,2.0,0,23.3227,4521.5,5,0,0,0,0.002456739584983099
2020-09-09,Bondi,0,0,0.2221219999999997,13.77359,0,16.789703,12.483567416666666,83.77911508333334,6.726112795833333,1021.8912354166667,14.17064663,0.5,0.5,1,19.5728,9692.7,9,0,0,0,0.036531369195820826
2020-05-30,Liverpool,0,0,0.3596551818181819,11.383301,0,18.958282,11.110026083333333,86.413554375,2.446924408333333,1017.4141875,0.00190734864,30.0,2.0,0,8.27098,5139.4,5,0,0,0,0.006703664789673753
2020-02-10,Bondi,1,1,0.1037929999999999,22.734772,0,24.083893,21.19489545833333,88.29300612499999,6.231863691666667,1003.76155625,21.57402027532,0.5,0.5,1,19.5728,9692.7,2,1,1,1,0.9499503930098068
2020-01-11,Ryde,0,0,0.2867404545454545,18.528564,0,27.987976,15.259689375,67.56509904166667,4.467870641666667,1004.0834620833332,1.1844635042,13.0,2.0,0,23.3227,4521.5,1,1,0,0,0.19187644615952654
2020-08-03,Blacktown,0,0,0.7439297272727271,5.627228,0,20.813568,5.147497779166667,71.81023841666666,1.8258990625,1010.5186866666668,0.0,35.0,6.0,0,9.17505,3615.4,8,0,0,0,0.00040423773287576203
2020-09-03,Liverpool,0,0,0.8035111818181817,15.241913,0,28.412445,9.461624125,52.798436875,3.7222237625,1007.1195045833332,0.0,30.0,2.0,0,8.27098,5139.4,9,0,0,0,0.018893851705715673
2020-01-11,Coogee,0,1,0.1653213750000004,19.416779,0,25.162384,16.5843150625,76.01780570833334,7.999488679166666,1006.5467979166666,1.64651871076,0.5,0.5,1,18.7764,7453.6,1,1,0,1,0.9174556339834891
2020-02-14,Bankstown,0,0,0.535505818181818,18.206451,0,25.450897,18.41183845833333,77.94280825,3.148136191666667,1000.67910625,1.405715936,18.0,5.0,0,12.4235,6471.6,2,1,0,0,0.3668665099071293
2020-07-21,Bondi,0,1,0.142653,12.254425,0,15.031342,6.9337514125,65.94913741666666,5.969234841666666,1020.8477620833334,0.0143051147,0.5,0.5,1,19.5728,9692.7,7,0,0,0,0.015184596378056504
2020-09-18,Coogee,0,1,0.0,16.688995,0,16.92453,13.593316375,84.26804354166667,3.91853225,1025.42191875,3.1328201189,0.5,0.5,1,18.7764,7453.6,9,0,0,0,0.039939574942754304
2020-06-11,Cronulla,0,1,0.1071444545454547,15.413483,0,17.63913,13.422874354166666,86.09985508333334,4.534791754166666,1018.59701625,0.4119873072,0.5,0.5,1,18.6816,1026.8,6,0,0,0,0.07122176090570831
2020-06-05,Fairfield,0,0,0.6753429090909091,4.612549,0,18.373657,5.730543745833334,79.09633254166667,1.4829940541666666,1020.8694116666668,0.0,27.0,4.0,0,13.6634,4527.0,6,0,0,0,0.00024211994096113242
2020-04-15,Bankstown,0,0,0.6176026,15.905731,0,26.022736,15.298441645833334,78.01341225,1.9603424333333337,1012.6358720833332,0.0009536743,18.0,5.0,0,12.4235,6471.6,4,0,0,0,0.027999980467347484
2020-04-23,Parramatta,0,0,0.4853016363636364,13.723785,0,24.526337,9.210166916666669,67.34494225,2.0458395916666667,1011.3387241666666,0.0,20.0,1.0,0,17.0356,4087.8,4,0,0,0,0.018917815182561727
2020-08-18,Cronulla,0,0,0.4028210000000001,13.310638,0,18.900024,8.679393804166667,65.46866620833333,4.707955470833333,999.820035,3.27777863306,0.5,0.5,1,18.6816,1026.8,8,0,0,0,0.026438202850261036
2020-04-16,Parramatta,0,0,0.7627501999999999,16.988678,0,26.757782,13.409236833333331,62.555743666666665,3.261632216666667,1004.7901808333332,0.021457672,20.0,1.0,0,17.0356,4087.8,4,0,0,0,0.028669753342797945
2020-11-25,Coogee,0,1,0.155073727272727,18.555786,0,20.261597,15.243019041666663,77.14988612500001,4.040352625,1008.7173579166666,0.6537437467,0.5,0.5,1,18.7764,7453.6,11,0,0,0,0.05851241082740632
2020-04-28,Ryde,0,0,0.2926164545454545,16.724365,0,22.59256,15.842732708333337,81.52179970833333,2.736205329166667,1015.2033191666666,1.39188766176,13.0,2.0,0,23.3227,4521.5,4,0,0,0,0.23493461502344282
2020-07-08,Fairfield,0,0,0.6284318454545456,5.7096252,0,15.497864,9.851482395833331,85.286991625,1.4537050758333334,1022.6521433333334,0.7162094133,27.0,4.0,0,13.6634,4527.0,7,0,0,0,0.004745617091772371
2020-12-28,Cronulla,0,1,0.1318766666666668,18.86081,0,24.138885,17.5341873125,79.10275591666667,6.496316575000001,1003.3099029166666,2.83241268936,0.5,0.5,1,18.6816,1026.8,12,1,0,1,0.843977412566247
2020-01-06,Cronulla,1,1,0.0901479999999992,20.915192,0,21.541962,16.739598583333333,78.28533095833333,4.174622945833334,1014.9114183333332,1.366138484,0.5,0.5,1,18.6816,1026.8,1,1,1,1,0.9354520936968899
2020-04-19,Fairfield,0,0,0.6963466666666664,11.278015,0,21.757599,11.913738270833331,81.56662675,1.6222250708333332,1006.4823716666666,2.24637984266,27.0,4.0,0,13.6634,4527.0,4,0,0,0,0.042069363373433984
2020-08-05,Manly,0,0,0.4911998636363637,7.9877625,0,15.596954,0.95709101625,50.25671520833333,6.485334320833334,1008.5515679166666,0.0,0.5,0.5,1,26.2541,3641.8,8,0,0,0,0.029761946818028826
2020-04-25,Fairfield,0,0,0.8826017272727271,11.840118,0,26.896301,11.812631,70.306556375,2.051527092916667,1012.157515,0.0,27.0,4.0,0,13.6634,4527.0,4,0,0,0,0.016516184909564618
2020-04-11,Manly,0,0,0.5166127272727272,13.584747,0,23.946747,10.4737192375,59.223134458333334,7.6026553125,1000.7720583333332,0.19598007166,0.5,0.5,1,26.2541,3641.8,4,0,0,0,0.1319524245203666
2020-05-04,Coogee,0,1,0.1083984999999998,15.566223,0,17.183594,9.811218354166668,68.70212054166667,5.7323656125,1020.3851958333332,0.1091957076,0.5,0.5,1,18.7764,7453.6,5,0,0,0,0.014846099975841836
2020-03-26,Cronulla,0,1,0.0705871111111113,19.107819,0,21.22116,15.297386166666668,75.721816375,7.569161895833333,1019.5311441666666,5.4879188543,0.5,0.5,1,18.6816,1026.8,3,0,0,0,0.3352492662367234
2020-06-14,Parramatta,0,0,0.5800559090909091,7.217865,0,20.870758,9.3468272,72.00918754166666,2.9773223916666667,1008.2577183333332,5.9223174116,20.0,1.0,0,17.0356,4087.8,6,0,0,0,0.009351673094927355
2020-05-10,Liverpool,0,0,0.4615422727272726,7.179413,0,17.357697,2.9007962460833334,52.132769375,4.0819996708333335,1012.0596283333332,0.0,30.0,2.0,0,8.27098,5139.4,5,0,0,0,0.0012881364130868716
2020-09-26,Cronulla,0,0,0.2714039090909091,11.479462,0,15.6753845,4.075705195833334,55.36104529166667,8.9910140375,1005.2043941666668,0.1068115209999999,0.5,0.5,1,18.6816,1026.8,9,0,0,0,0.034551913390362045
2020-03-10,Coogee,0,1,0.1849475454545454,19.363617,0,21.480988,14.225529979166666,70.47698433333333,2.931750708333333,1016.36563375,2.43616101956,0.5,0.5,1,18.7764,7453.6,3,0,0,0,0.3446693998333161
2020-08-15,Bondi,0,0,0.3357370000000002,13.847534,0,16.87915,10.588007479166668,75.1018445,4.759248539166666,1001.8435395833334,4.7845841036,0.5,0.5,1,19.5728,9692.7,8,0,0,0,0.04261137780956546
2020-02-12,Fairfield,0,0,0.2275695999999999,22.094269,0,26.003937,21.745327,88.947116,2.3751207541666663,1002.2459629166666,4.3582916263,27.0,4.0,0,13.6634,4527.0,2,1,0,0,0.2857863463768902
2020-05-29,Cronulla,0,0,0.2258161818181818,13.908234,0,16.727234,13.370174375,86.03001533333334,3.5492015,1021.4385379166666,2.4809837425,0.5,0.5,1,18.6816,1026.8,5,0,0,0,0.05831086353168733
2020-11-26,Manly,0,0,0.4815673636363636,18.646759,0,24.445953,16.5996525,75.18892433333333,4.306013995833333,1007.0991291666666,0.00143051146,0.5,0.5,1,26.2541,3641.8,11,0,0,0,0.4644913380035278
2020-11-12,Blacktown,0,0,0.8266740909090909,19.082245,1,30.652832,15.143716083333333,65.06888375,2.9263946750000005,1001.5296341666668,0.2398490906,35.0,6.0,0,9.17505,3615.4,11,0,0,0,0.018402845281784656
2020-05-05,Ryde,0,0,0.6453607909090908,7.8954163,0,19.570404,10.673383170833333,78.55756108333334,2.450723404166667,1022.1292295833332,0.2336502069,13.0,2.0,0,23.3227,4521.5,5,0,0,0,0.002167481787376626
2020-09-24,Liverpool,0,0,0.7663696000000002,9.090729,0,20.352753,4.636169420833333,51.69008541666667,3.5873759,1004.8524345833332,0.00047683716,30.0,2.0,0,8.27098,5139.4,9,0,0,0,0.0017105461089043624
2020-02-12,Bondi,1,1,0.0217102,22.699738,0,23.750488,21.7640445,92.03706970833332,3.3269514375,1004.95721625,4.98437884,0.5,0.5,1,19.5728,9692.7,2,1,1,1,0.935349757752568
2020-11-11,Ryde,0,0,0.7284046363636364,15.981781,0,26.012482,14.7201295625,76.55792575,2.68175999875,1009.5143379166668,0.0,13.0,2.0,0,23.3227,4521.5,11,0,0,0,0.035318626154593406
2020-04-22,Manly,0,0,0.506625090909091,14.496246,0,23.10025,12.265665729166663,64.72221366666666,3.4619672041666667,1012.6166120833332,0.0,0.5,0.5,1,26.2541,3641.8,4,0,0,0,0.12609255066504813
2020-02-24,Blacktown,0,0,0.5150868181818182,19.625061,0,26.539001,17.471023666666667,75.04698025,2.0963024541666666,1012.75328375,0.0782012938199999,35.0,6.0,0,9.17505,3615.4,2,1,0,0,0.14877339072635892
2020-05-18,Bankstown,0,0,0.293370909090909,13.52887,0,18.463257,12.732626645833331,85.07993658333334,1.1655583683333333,1023.8189779166668,1.1386871236,18.0,5.0,0,12.4235,6471.6,5,0,0,0,0.0035744595653032446
2020-08-28,Campbelltown,0,0,0.8129688363636363,3.5499878,0,18.203278,1.9806747482083331,54.356609291666665,2.0782871025,1009.0554029166666,0.0,40.0,10.0,0,10.7411,1577.7,8,0,0,0,0.00040423773287576203
2020-12-03,Liverpool,0,0,0.2025635000000001,18.273895,0,20.880096,16.2387046875,81.93203070833333,3.2992329708333332,1012.9287175,0.7910728421000001,30.0,2.0,0,8.27098,5139.4,12,1,0,0,0.2779927469125771
2020-09-01,Fairfield,0,0,0.7164833636363636,5.641083,0,17.487946,6.5958429999999995,65.86406704166667,2.2228767358333332,1015.7361695833332,0.0567436215,27.0,4.0,0,13.6634,4527.0,9,0,0,0,0.00024211994096113242
2020-05-06,Blacktown,0,0,0.8337680000000002,7.42099,0,22.38855,10.0605226375,80.05544104166667,1.956317925,1020.0238945833332,0.0,35.0,6.0,0,9.17505,3615.4,5,0,0,0,0.023441366099507182
2020-07-06,Ryde,0,0,0.2203896363636364,8.340973,0,17.620087,6.0442301375000005,76.03094312500001,1.9558675266666663,1019.5502129166666,0.00381469726,13.0,2.0,0,23.3227,4521.5,7,0,0,0,0.002167481787376626
2020-10-27,Ryde,0,0,0.5001082272727274,12.4748535,0,19.468048,12.131078083333334,79.63832370833333,4.335206783333333,1012.052335,1.693248761,13.0,2.0,0,23.3227,4521.5,10,0,0,0,0.010050330732325924
2020-03-14,Campbelltown,0,1,0.1083457272727272,13.145264,0,17.31427,12.348654375,83.45162520833334,3.2110315249999997,1002.23724,3.9176941055,40.0,10.0,0,10.7411,1577.7,3,0,0,0,0.0858863820516916
2020-10-14,Cronulla,0,1,0.0825750909090908,16.907867,0,18.088806,14.460113625,82.57099291666667,5.300554745833334,1020.8542691666668,0.6060600296,0.5,0.5,1,18.6816,1026.8,10,0,0,0,0.03884736663879258
2020-09-22,Coogee,0,0,0.4676236363636363,16.207489,0,22.016266,11.51926425,59.25621816666666,4.580521575,1004.2365579166668,0.106334686,0.5,0.5,1,18.7764,7453.6,9,0,0,0,0.14091043032031314
2020-07-10,Ryde,0,1,0.1591575454545455,11.522186,0,16.441437,10.534229291666668,91.27357645833332,1.4273195708333333,1017.9856883333332,2.53343584,13.0,2.0,0,23.3227,4521.5,7,0,0,0,0.013291847834490736
2020-05-12,Bankstown,0,0,0.5961691818181817,8.615265,0,19.416931,7.841078408333334,75.325945,2.284300370833334,1017.5183245833332,0.0,18.0,5.0,0,12.4235,6471.6,5,0,0,0,0.00024211994096113242
2020-03-17,Penrith,0,0,0.9116821818181816,10.838684,0,21.713043,13.724661458333332,78.99970066666667,1.7678334937499998,1013.2484541666666,0.9965896612,55.0,3.0,0,11.4378,1496.4,3,0,0,0,0.06985548747028902
2020-05-21,Ryde,0,0,0.6780612857142856,9.64151,0,18.340057,12.251074541666666,84.34117733333333,2.613005622083333,1004.9746833333334,31.4574242192,13.0,2.0,0,23.3227,4521.5,5,0,0,0,0.02893736150097002
2020-04-01,Bankstown,0,0,0.3911466363636364,18.371002,0,23.371063,18.789527875,87.26258524999999,2.766652208333334,1010.5292008333332,3.143787369,18.0,5.0,0,12.4235,6471.6,4,0,0,1,0.6122398540294287
2020-11-06,Blacktown,0,0,0.8127645555555554,11.247711,0,20.26596,10.319235458333331,70.47698749999999,4.3883255708333335,1009.8851954166666,0.5817413489000001,35.0,6.0,0,9.17505,3615.4,11,0,0,0,0.009775417794726833
2020-11-08,Penrith,0,0,0.588304,11.628326,0,19.127075,9.3207562625,66.63486583333334,1.8488435541666668,1014.2169925,0.03957748412,55.0,3.0,0,11.4378,1496.4,11,0,0,0,0.00383124972472007
2020-02-28,Parramatta,0,0,0.4774004545454544,17.358215,0,25.451569,13.465255795833334,68.70613387499999,2.813147520833333,1004.2254045833332,0.300884254,20.0,1.0,0,17.0356,4087.8,2,1,0,0,0.16219947550405145
2020-08-01,Cronulla,0,0,0.3222989090909092,11.705231,0,16.203583,9.2432963625,74.80613591666666,3.060074733333334,1020.4021320833334,0.0,0.5,0.5,1,18.6816,1026.8,8,0,0,0,0.018425304026504236
2020-05-07,Blacktown,0,0,0.5763133636363634,12.443146,0,23.606537,9.717136404166666,74.50751745833334,2.500144370833333,1013.7099170833334,0.0,35.0,6.0,0,9.17505,3615.4,5,0,0,0,0.02124216443884417
2020-02-14,Fairfield,0,0,0.6983253636363635,17.038483,0,26.446991,18.210910583333337,77.0512605,2.9011966458333336,1001.1457820833332,1.2383460983,27.0,4.0,0,13.6634,4527.0,2,1,0,0,0.2374634951338991
2020-07-25,Penrith,0,0,0.2761169499999999,10.0208435,0,17.215546,9.615286504166669,92.116026,1.30727246,1010.8780541666666,1.8634796169,55.0,3.0,0,11.4378,1496.4,7,0,0,0,0.011928007503041783
2020-03-11,Liverpool,0,0,0.5196089090909091,16.819916,0,23.59903,15.120029458333333,76.47226683333334,2.07033112375,1014.94016875,1.0514259377,30.0,2.0,0,8.27098,5139.4,3,0,0,0,0.07046310061285727
2020-03-06,Parramatta,0,0,0.325062090909091,19.495209,0,27.466461,19.769861916666667,83.84127716666667,2.7666365658333336,1001.65903375,1.29365920678,20.0,1.0,0,17.0356,4087.8,3,0,0,0,0.3772090408576962
2020-03-03,Ryde,0,1,0.1261599999999987,18.988678,0,21.69754,16.494190166666666,80.87779616666667,2.84531,1011.8443666666668,7.3761939524,13.0,2.0,0,23.3227,4521.5,3,0,0,0,0.4202683137100676
2020-02-20,Cronulla,1,1,0.0072465454545455,20.48764,0,21.453278,14.678329354166666,71.27037358333332,5.274317575,1005.8148158333332,1.698017129,0.5,0.5,1,18.6816,1026.8,2,1,1,1,0.7761917821600913
2020-08-23,Bondi,0,0,0.2269952727272727,10.699158,0,15.263092,4.319662725,57.913777708333335,9.4892347625,1002.4048666666666,0.315666194,0.5,0.5,1,19.5728,9692.7,8,0,0,0,0.01984419654931755
2020-06-08,Blacktown,0,0,0.2964033636363636,10.917572,0,17.18988,9.043827041666669,78.46118758333334,3.541660041666667,1020.6344558333334,0.9813308856,35.0,6.0,0,9.17505,3615.4,6,0,0,0,0.0031921702724693134
2020-04-02,Ryde,0,0,0.4063303636363635,16.560486,0,23.750122,18.625425916666668,89.14621512500001,2.3550552208333335,1006.1495016666668,7.95030591066,13.0,2.0,0,23.3227,4521.5,4,0,0,1,0.5596335479756894
2020-11-08,Ryde,0,0,0.4924233636363638,12.985748,0,19.619293,9.490027125,63.543405416666666,2.3922550166666667,1020.5399166666666,0.0910758972,13.0,2.0,0,23.3227,4521.5,11,0,0,0,0.00807453608068557
2020-04-02,Penrith,0,0,0.4910249999999998,15.447205,0,22.701294,18.542255333333333,92.735641,1.406775695,999.8553458333334,8.99744028176,55.0,3.0,0,11.4378,1496.4,4,0,0,1,0.5302859250197058
2020-05-05,Bankstown,0,0,0.5221363636363637,9.694244,0,18.77353,11.743776979166666,81.61436779166667,2.8272739016666666,1021.47172,0.7820129368000001,18.0,5.0,0,12.4235,6471.6,5,0,0,0,0.004509580139750986
2020-12-19,Fairfield,0,1,0.13822175,17.974762,0,19.923767,16.050136479166667,81.90333725,3.3967668608333335,1008.6195391666666,2.422809599,27.0,4.0,0,13.6634,4527.0,12,1,0,0,0.23017873127872046
2020-03-18,Parramatta,0,0,0.9182683636363638,14.154022,0,25.518066,13.8693351875,76.22595295833334,1.7605612187500002,1017.1243883333332,0.0014305115,20.0,1.0,0,17.0356,4087.8,3,0,0,0,0.04419195584159121
2020-02-15,Ryde,0,0,0.434032090909091,20.589813,0,26.418732,17.805052458333332,79.686930125,1.5149013675,999.3353804166668,0.6108283998999999,13.0,2.0,0,23.3227,4521.5,2,1,0,0,0.16330814900143548
2020-01-16,Campbelltown,0,0,0.4441417272727273,19.691467,0,26.053192,19.60035458333333,84.87261625000001,1.86303295,992.8616904166666,14.40858837332,40.0,10.0,0,10.7411,1577.7,1,1,0,0,0.20529703803072316
2020-01-28,Manly,1,1,0.1926934545454547,23.278412,0,26.380798,22.253012333333334,85.90506191666667,3.45182930625,1006.7685995833334,1.08289720778,0.5,0.5,1,26.2541,3641.8,1,1,1,1,0.8431071674410545
2020-09-07,Bondi,0,0,0.242661909090909,14.215942,0,17.772583,11.402024604166668,72.24576804166666,5.2873549791666665,1025.6673083333333,0.0,0.5,0.5,1,19.5728,9692.7,9,0,0,0,0.013133021302298067
2020-09-26,Penrith,0,0,0.53138123,7.1217957,0,16.299347,1.1355196555833331,49.30964658333334,5.7486232458333335,996.7310629166668,0.0,55.0,3.0,0,11.4378,1496.4,9,0,0,0,0.009555190237677312
2020-03-23,Coogee,0,1,0.128069142857143,18.389374,0,20.231903,15.1121293125,76.85291058333333,6.746301229166666,1019.4149154166666,4.135608675,0.5,0.5,1,18.7764,7453.6,3,0,0,0,0.1733059814552357
2020-03-10,Parramatta,0,0,0.7284490000000001,14.129242,0,23.029205,14.5770925,77.75529620833333,1.81539604,1013.8773075,2.51674654,20.0,1.0,0,17.0356,4087.8,3,0,0,0,0.0836557641151198
2020-08-08,Fairfield,0,0,0.4291465454545455,8.596893,0,16.205597,10.928410791666666,88.112621,2.076054895833334,1005.56945625,2.4981498177,27.0,4.0,0,13.6634,4527.0,8,0,0,0,0.011617113409746931
2020-10-04,Bankstown,0,0,0.9003573636363638,14.333649,0,27.754333,13.590548347826086,70.98121643478261,3.3952070695652172,1011.1145078260868,0.0,18.0,5.0,0,12.4235,6471.6,10,0,0,0,0.01664683196302786
2020-02-22,Manly,1,1,0.0549087499999996,20.827667,0,21.530914,17.31269325,80.70588687499999,3.7896056166666665,1017.8274783333331,7.604598964,0.5,0.5,1,26.2541,3641.8,2,1,1,1,0.935983927461751
2020-02-23,Blacktown,0,0,0.5152171818181818,18.080841,0,24.039154,16.997400833333334,75.795148,1.8930731558333336,1016.0414895833334,2.8705596924,35.0,6.0,0,9.17505,3615.4,2,1,0,0,0.31546525335676284
2020-09-11,Penrith,0,0,0.6855552181818182,7.4897156,0,19.114777,9.4017155625,77.40950470833333,2.0545644166666666,1016.2618408333332,0.6275176917999999,55.0,3.0,0,11.4378,1496.4,9,0,0,0,0.001326340162484997
2020-09-27,Bondi,0,1,0.1425503636363636,12.157196,0,15.131348,5.820892337499999,60.641654708333334,6.6138592208333336,1016.5586970833332,0.2598762531,0.5,0.5,1,19.5728,9692.7,9,0,0,0,0.02771817196416661
2020-01-31,Parramatta,0,0,0.7854391818181816,24.008942,1,35.334076,21.794686708333337,72.891988875,2.52290879625,1005.8215183333332,0.0,20.0,1.0,0,17.0356,4087.8,1,1,0,0,0.23937305627289132
2020-07-01,Fairfield,0,0,0.5046276363636363,8.983978,0,20.840881,6.475111616666666,72.79185233333332,2.4849398416666664,1012.8161166666667,0.0,27.0,4.0,0,13.6634,4527.0,7,0,0,0,0.00040423773287576203
2020-08-02,Campbelltown,0,0,0.8062660909090908,3.183197,0,18.804108,4.971071895833334,74.744610375,1.4941253333333335,1008.75065125,0.0,40.0,10.0,0,10.7411,1577.7,8,0,0,0,0.00040423773287576203
2020-09-10,Campbelltown,0,0,0.2443737272727273,10.279205,0,16.346252,8.654909729166667,75.16120616666667,2.7110418499999995,1013.83179375,0.6346702572,40.0,10.0,0,10.7411,1577.7,9,0,0,0,0.00043350383851360877
2020-09-12,Ryde,0,0,0.8694624272727274,7.9927673,0,22.51004,9.8408203,75.3606685,2.434723425,1018.8767875,0.0,13.0,2.0,0,23.3227,4521.5,9,0,0,0,0.02721850333099112
2020-02-21,Ryde,0,0,0.4036865454545454,18.477875,0,24.517609,15.7528064375,71.83982691666667,2.0736432358333334,1008.9513720833334,1.3203620988,13.0,2.0,0,23.3227,4521.5,2,1,0,0,0.26247374659843425
2020-01-30,Penrith,0,0,0.8330016999999998,21.862335,1,31.698761,18.688551625,71.79463970833334,1.9676740783333333,1002.16006125,0.03528594976,55.0,3.0,0,11.4378,1496.4,1,1,0,0,0.1195334737887061
2020-03-19,Penrith,0,0,1.2214715454545455,16.664124,1,32.155914,13.236172958333334,65.15118670833333,1.6351441624999998,1006.9581979166666,0.0,55.0,3.0,0,11.4378,1496.4,3,0,0,0,0.024732286784864846
2020-12-16,Penrith,0,0,0.3023986363636362,20.6521,0,28.587982,21.574976625,89.95016691666666,1.9302692333333331,996.7193016666666,27.251720259,55.0,3.0,0,11.4378,1496.4,12,1,0,0,0.3178724456733364
2020-11-21,Coogee,0,1,0.0596952727272724,18.47293,0,19.803772,15.841035208333333,81.10070366666666,6.180848370833334,1015.9925475,0.01907348646,0.5,0.5,1,18.7764,7453.6,11,0,0,0,0.15814536614546737
2020-03-28,Coogee,0,1,0.0575450909090907,18.91986,0,21.542633,15.167338083333334,74.34083,3.2703363975,1019.0819220833332,7.1411131656,0.5,0.5,1,18.7764,7453.6,3,0,0,0,0.41217142282034525
2020-05-23,Liverpool,0,1,0.0190280000000004,14.369995,0,16.117188,9.233806666666666,71.24614258333334,5.436902066666666,999.6030675,6.659507706,30.0,2.0,0,8.27098,5139.4,5,0,0,0,0.009143562834582813
2020-07-21,Parramatta,0,0,0.5174754545454545,4.313019,0,16.261688,3.2638295416666665,65.72149491666666,2.762999704166667,1018.5844141666666,0.0,20.0,1.0,0,17.0356,4087.8,7,0,0,0,0.0016359371706127542
2020-10-07,Coogee,0,1,0.1220700000000007,18.05014,0,18.475616,16.084793208333334,90.50317641666668,3.0877652166666665,1014.6245508333332,1.6164779638,0.5,0.5,1,18.7764,7453.6,10,0,0,0,0.1649213485889311
2020-06-30,Campbelltown,0,0,0.5996592727272727,4.406952,0,17.056946,7.950812029166666,89.09388262499999,1.7860182125,1009.4573329166666,0.11301040752,40.0,10.0,0,10.7411,1577.7,6,0,0,0,0.009376482738287421
2020-04-16,Coogee,0,0,0.4242220909090907,19.455597,0,24.395355,15.8324954375,69.05638241666666,5.06879805,1006.9922695833334,0.0,0.5,0.5,1,18.7764,7453.6,4,0,0,0,0.3296954588464169
2020-03-17,Bankstown,0,0,0.5764548181818182,14.787903,0,21.595856,14.987194083333334,81.78183841666667,2.0346031,1018.8884608333332,2.829551699,18.0,5.0,0,12.4235,6471.6,3,0,0,0,0.09918356045903769
2020-08-21,Bondi,0,0,0.3682057272727274,11.144775,0,16.710938,5.934276595833334,59.49684441666667,6.7263062666666675,1000.97646,0.33617019502,0.5,0.5,1,19.5728,9692.7,8,0,0,0,0.015098306792521794
2020-05-24,Ryde,0,0,0.2706176000000001,12.834351,0,17.558624,7.650093054166667,60.77335887500001,5.364974758333333,1004.76075625,0.76341629,13.0,2.0,0,23.3227,4521.5,5,0,0,0,0.00901545801664175
2020-05-18,Parramatta,0,0,0.3091735454545455,12.356995,0,18.557007,12.149049145833333,86.164995125,1.1281233670833333,1024.4214675,1.39808655006,20.0,1.0,0,17.0356,4087.8,5,0,0,0,0.008473263804456304
2020-12-23,Blacktown,0,0,0.5960276363636364,16.436646,0,24.462402,11.407094341666664,57.70015154166666,3.8486694,1006.0942954166668,0.0042915344,35.0,6.0,0,9.17505,3615.4,12,1,0,0,0.11422778620637214
2020-06-25,Parramatta,0,0,0.6183943636363637,5.892761,0,17.782715,6.576590262500001,71.96825529166667,2.4421693833333333,1011.7794704166666,0.0,20.0,1.0,0,17.0356,4087.8,6,0,0,0,0.0016709149568355402
2020-09-06,Ryde,0,0,0.5850386363636364,9.373749,0,18.869873,9.528545366666666,77.85302429166667,2.135857393333333,1020.0739733333334,0.96178055976,13.0,2.0,0,23.3227,4521.5,9,0,0,0,0.0034271622527186625
2020-12-24,Parramatta,0,0,0.6921941818181817,18.381561,0,26.63919,15.786821916666668,71.461082375,2.4389703120833333,1007.6872925,0.009059906,20.0,1.0,0,17.0356,4087.8,12,1,0,0,0.08815622560595907
2020-08-07,Bankstown,0,1,0.0772510909090909,11.60202,0,12.601471,9.534365329166668,90.84208741666669,2.1261302416666665,1011.957535,18.5561179805,18.0,5.0,0,12.4235,6471.6,8,0,0,0,0.02916601622579002
2020-05-31,Campbelltown,0,0,0.5715698,8.961334,0,20.49289,9.481089270833332,81.83811200000001,1.7707061,1002.687805,0.04720688,40.0,10.0,0,10.7411,1577.7,5,0,0,0,0.004479567125967103
2020-12-05,Manly,1,1,0.1836182000000001,21.829681,0,23.026337,18.123741125,83.93823808333333,5.017998091666667,1004.1425925,7.32326498374,0.5,0.5,1,26.2541,3641.8,12,1,1,1,0.8746193625712465
2020-05-26,Bondi,0,1,0.0588184545454543,16.083313,0,17.875854,13.46455625,80.82623558333333,7.342222175,1016.8459970833331,5.7306289494,0.5,0.5,1,19.5728,9692.7,5,0,0,0,0.047810102389625415
2020-03-07,Ryde,0,0,0.3810258181818181,17.132294,0,22.93631,16.402210208333333,77.06390479166667,3.838110908333333,1011.4432779166668,0.8139610289,13.0,2.0,0,23.3227,4521.5,3,0,0,0,0.36826834236697714
2020-06-07,Manly,0,1,0.1451263124999999,12.5746155,0,15.507263,10.662109333333332,85.30837895833334,3.152017366666667,1018.0874425,7.9417228506,0.5,0.5,1,26.2541,3641.8,6,0,0,0,0.052095106713694744
2020-01-10,Liverpool,0,0,0.7962201818181818,20.01529,1,31.160278,20.200427916666666,73.449797625,3.4876027541666663,1001.4872158333332,0.0104904172999999,30.0,2.0,0,8.27098,5139.4,1,1,0,0,0.23278047071413563
2020-12-25,Fairfield,0,0,0.2751853636363635,16.877136,0,20.69394,14.9360389375,75.28934341666667,4.3867211374999995,1011.4159929166668,2.5057792643,27.0,4.0,0,13.6634,4527.0,12,1,0,0,0.10531737236629944
2020-04-26,Penrith,0,0,0.851753909090909,10.869934,0,26.455383,10.861577354166668,68.425562375,2.3767645833333333,1001.7364595833332,0.0019073486,55.0,3.0,0,11.4378,1496.4,4,0,0,0,0.0112569563658899
2020-05-08,Liverpool,0,0,0.7733459,13.092316,0,26.174652,11.184730625,65.96606241666667,2.764029366666667,1009.13687625,0.0,30.0,2.0,0,8.27098,5139.4,5,0,0,0,0.01710692628011603
2020-08-08,Blacktown,0,0,0.4291465454545455,8.596893,0,16.205597,10.928410791666666,88.112621,2.076054895833334,1005.56945625,2.4981498177,35.0,6.0,0,9.17505,3615.4,8,0,0,0,0.009923622647897257
2020-10-09,Blacktown,0,0,1.0388155454545454,9.915039,0,22.567719,6.301367445833333,49.981596375,3.7646493666666663,1006.7287995833334,0.0,35.0,6.0,0,9.17505,3615.4,10,0,0,0,0.018663899302050365
2020-11-02,Bankstown,0,0,0.6270113636363637,11.925751,0,20.052856,12.008768666666668,72.47374545833334,4.286291458333333,1018.1208008333332,0.00190734862,18.0,5.0,0,12.4235,6471.6,11,0,0,0,0.004846221320330372
2020-08-04,Manly,0,0,0.8014193636363637,8.251373,0,19.667816,6.642926545833333,60.2130325,5.512277183333333,1006.71308375,0.0,0.5,0.5,1,26.2541,3641.8,8,0,0,0,0.029099750673854476
2020-07-16,Penrith,0,0,0.375418909090909,8.862427,0,16.172668,4.7005411624999995,62.007143291666665,3.6633703291666664,1003.7736091666668,0.00047683716,55.0,3.0,0,11.4378,1496.4,7,0,0,0,0.0005313777385676057
2020-08-04,Blacktown,0,0,0.9290827272727272,4.856842,0,21.022644,3.81382498,58.84310179166667,3.1046063458333335,1004.3522479166668,0.0,35.0,6.0,0,9.17505,3615.4,8,0,0,0,0.0005313777385676057
2020-09-16,Campbelltown,0,0,1.0315857272727271,10.100555,0,27.131165,11.379032041666669,72.11101641666666,1.5687890225,1007.0745179166668,0.02908706606,40.0,10.0,0,10.7411,1577.7,9,0,0,0,0.00810153890032532
2020-09-22,Blacktown,0,0,0.9180852727272726,11.941864,0,26.536957,8.873756425,48.698296416666665,3.934351233333333,1002.0002995833332,0.0033378601,35.0,6.0,0,9.17505,3615.4,9,0,0,0,0.016438159852965005
2020-12-09,Campbelltown,0,0,0.8311350909090909,14.778107,0,27.249176,10.709768895833331,61.809962041666665,1.89452975875,1002.9705266666666,0.0143051145,40.0,10.0,0,10.7411,1577.7,12,1,0,0,0.025109389713020826
2020-11-26,Liverpool,0,0,0.8684637272727271,18.230743,0,29.876892,16.2995224375,70.52624229166666,3.0032230374999997,1004.003305,0.00047683716,30.0,2.0,0,8.27098,5139.4,11,0,0,0,0.06437526778276008
2020-06-12,Campbelltown,0,0,0.353154909090909,9.310883,0,16.548462,10.768812791666669,86.40090754166665,1.7884918345833334,1010.0872783333332,0.9131431627,40.0,10.0,0,10.7411,1577.7,6,0,0,0,0.006781778909235214
2020-01-04,Coogee,0,0,0.6059293636363634,21.213287,1,30.218658,19.780324208333333,71.97384433333333,5.898231758333334,1003.35297125,0.0,0.5,0.5,1,18.7764,7453.6,1,1,0,1,0.8248985053989744
2020-01-16,Manly,1,1,0.1735450909090907,20.976624,0,23.248505,20.195813541666663,88.12487129166668,2.430655225,1002.35586,5.2466392066,0.5,0.5,1,26.2541,3641.8,1,1,1,1,0.9045591253934154
2020-12-29,Manly,0,1,0.0889171818181815,19.481781,0,20.575958,16.562424979166668,83.24546683333334,4.4613829375,1009.06115,3.992080686,0.5,0.5,1,26.2541,3641.8,12,1,0,0,0.40083776906173313
2020-01-20,Blacktown,0,0,0.8300088181818182,17.728912,0,28.564667,19.996388791666664,81.16439658333333,1.49061013625,995.3996695833332,16.7341232838,35.0,6.0,0,9.17505,3615.4,1,1,0,0,0.2296869776018318
2020-08-19,Coogee,0,0,0.2286377272727272,12.555389,0,17.872772,7.9546864375,63.932782125,6.7912809958333336,991.5839220833332,0.2074241604,0.5,0.5,1,18.7764,7453.6,8,0,0,0,0.016605841409585657
2020-07-26,Blacktown,0,0,0.3621419999999998,14.922638,0,16.305878,13.461572041666663,97.52042645833336,3.242628629166667,1007.21372875,86.263179235,35.0,6.0,0,9.17505,3615.4,7,0,0,0,0.03808055256953557
2020-10-20,Bankstown,0,0,0.5185102727272727,13.349274,0,20.312897,13.533409104166669,78.91159466666666,2.623696820833333,1010.4018425,1.53255463536,18.0,5.0,0,12.4235,6471.6,10,0,0,0,0.002696363917476336
2020-12-20,Bondi,0,1,0.1355436999999998,19.47165,0,20.827087,17.426230041666667,83.803696625,3.1620925916666667,1007.8792233333334,6.93416604076,0.5,0.5,1,19.5728,9692.7,12,1,0,1,0.5531217372053766
2020-01-03,Manly,0,0,0.2379372727272727,21.581146,0,25.000427,20.430864958333338,84.378209625,4.538500541666667,1009.8708633333334,1.6937255825,0.5,0.5,1,26.2541,3641.8,1,1,0,1,0.9456225578577215
2020-11-09,Manly,0,0,0.3200655454545454,14.699799,0,18.358734,11.04534525,69.12000191666667,2.6603282408333335,1021.6175516666668,0.91218948286,0.5,0.5,1,26.2541,3641.8,11,0,0,0,0.018391749065540683
2020-12-26,Blacktown,0,0,0.5270275454545454,16.506683,0,24.444855,16.35061375,79.82875725,2.98790117625,1010.8028454166666,11.7521284249,35.0,6.0,0,9.17505,3615.4,12,1,0,0,0.3597316047409835
2020-03-21,Liverpool,0,0,0.3454978181818182,17.51297,0,23.469147,16.52298475,79.66998124999999,2.553260745833333,1011.14906625,2.46429442306,30.0,2.0,0,8.27098,5139.4,3,0,0,0,0.31865385029305154
2020-02-24,Bondi,1,1,0.1232189090909091,22.175842,0,23.906189,18.169753958333335,75.24172995833334,3.6562813333333337,1015.31662,0.06771087798,0.5,0.5,1,19.5728,9692.7,2,1,1,1,0.9387595381073814
2020-07-31,Campbelltown,0,0,0.6923828545454546,3.0349426,0,16.035156,5.4383138125,73.171873125,1.63574837,1012.5165275,0.0,40.0,10.0,0,10.7411,1577.7,7,0,0,0,0.00040423773287576203
2020-11-24,Parramatta,0,0,0.4314148999999997,16.837921,0,23.115936,14.280464145833331,71.846962875,3.263407204166666,1003.9192666666668,0.51212310496,20.0,1.0,0,17.0356,4087.8,11,0,0,0,0.023358151968294712
2020-09-01,Ryde,0,0,0.7164833636363636,5.641083,0,17.487946,6.5958429999999995,65.86406704166667,2.2228767358333332,1015.7361695833332,0.0567436215,13.0,2.0,0,23.3227,4521.5,9,0,0,0,0.002167481787376626
2020-10-28,Manly,0,0,0.2127962727272729,15.755951,0,18.09671,13.154843625,79.91436275,3.5553231625,1012.9252683333332,0.80966949112,0.5,0.5,1,26.2541,3641.8,10,0,0,0,0.04211667490255282
2020-09-17,Blacktown,0,0,0.3766840909090909,13.997253,1,30.378632,11.228511770833334,64.05141529166667,3.358100725,1015.1534433333331,0.4100799558,35.0,6.0,0,9.17505,3615.4,9,0,0,0,0.01804482273189578
2020-07-07,Fairfield,0,0,0.2472146363636363,10.899139,0,16.510986,7.923238133333332,77.59498020833333,2.3850830958333336,1021.9174370833332,0.5774498057599999,27.0,4.0,0,13.6634,4527.0,7,0,0,0,0.001326340162484997
2020-01-05,Blacktown,0,0,0.2728992727272729,18.590363,0,26.9216,13.635934145833334,56.75923025,5.750492887499999,1010.3984179166667,0.270366666,35.0,6.0,0,9.17505,3615.4,1,1,0,0,0.1556113608233294
2020-02-26,Parramatta,0,0,0.8504693636363634,19.054535,1,31.747711,18.129250958333333,66.63803525,3.5993004625,999.5052066666668,0.9975433383,20.0,1.0,0,17.0356,4087.8,2,1,0,0,0.17403107539205112
2020-11-28,Campbelltown,0,0,1.965554571428572,23.935608,1,40.240753,15.776373541666668,55.93104408333334,2.9348796020833334,993.0589641666668,0.0,40.0,10.0,0,10.7411,1577.7,11,0,0,0,0.02935662617835527
2020-03-01,Liverpool,0,0,0.7422873636363637,18.524323,0,28.001312,19.18642554166667,78.49671895833333,2.8577909583333336,1003.8558416666666,0.012397766,30.0,2.0,0,8.27098,5139.4,3,0,0,0,0.2786295748297949
2020-11-27,Bondi,1,1,0.0436512727272725,20.852142,0,21.406464,16.915747395833332,82.01438929166666,5.600210140416666,1011.3984483333334,0.1020431533,0.5,0.5,1,19.5728,9692.7,11,0,1,1,0.7761055407950858
2020-10-18,Parramatta,0,0,0.2915870909090908,14.978119,0,24.826263,14.233036083333332,71.44965833333333,2.7470711458333334,1003.614245,5.0287246892,20.0,1.0,0,17.0356,4087.8,10,0,0,0,0.04141900271426182
2020-03-19,Campbelltown,0,0,1.1914645454545456,17.076233,1,32.134308,13.55729925,64.797418875,1.7353984445833337,1005.7777858333334,0.0,40.0,10.0,0,10.7411,1577.7,3,0,0,0,0.020546465479462497
2020-09-23,Parramatta,0,0,0.7717257272727274,9.694672,0,23.27362,4.861478170833333,46.81202016666666,3.109157145833333,1004.6958325,0.0,20.0,1.0,0,17.0356,4087.8,9,0,0,0,0.018603785710816924
2020-03-20,Campbelltown,0,0,1.6704767272727274,14.46817,1,34.436127,13.947064625,56.75269316666667,2.3873788875,999.6689829166668,0.0,40.0,10.0,0,10.7411,1577.7,3,0,0,0,0.02771351049750027
2020-12-20,Fairfield,0,0,0.4501923000000001,18.786102,0,23.42862,17.933391583333332,86.719896875,1.923799865,1005.3938145833334,2.7127265799,27.0,4.0,0,13.6634,4527.0,12,1,0,0,0.41820004050028264
2020-07-02,Coogee,0,0,0.5029796363636364,13.360504,0,20.506104,10.5648879375,67.44360083333333,5.96398005,1010.9673991666668,0.0143051148,0.5,0.5,1,18.7764,7453.6,7,0,0,0,0.023914236456454022
2020-04-21,Ryde,0,0,0.8022266363636364,11.466095,0,25.02243,10.807380729166669,65.659040375,2.1377391833333332,1009.3567954166666,0.0,13.0,2.0,0,23.3227,4521.5,4,0,0,0,0.017513606639862494
2020-12-07,Coogee,0,0,0.808835090909091,16.375244,0,25.372223,11.712685916666668,52.141869500000006,3.4068733208333337,999.6021308333334,0.0,0.5,0.5,1,18.7764,7453.6,12,1,0,0,0.19147428273041175
2020-12-10,Cronulla,0,1,0.1602311818181818,17.565765,0,21.624603,15.550421395833332,77.49183920833333,6.447675465,1014.5067166666666,0.7276535005,0.5,0.5,1,18.6816,1026.8,12,1,0,0,0.4901260954155366
2020-02-04,Blacktown,0,0,0.4788485454545456,16.528412,0,22.63028,10.3291867,52.96372591666667,4.159794125,1012.3033633333332,0.4997253352999999,35.0,6.0,0,9.17505,3615.4,2,1,0,0,0.25416350976348334
2020-10-16,Cronulla,0,1,0.0,16.58371,0,19.582306,14.317887583333333,81.09488008333334,5.839932691666667,1012.7615716666666,0.2131462107999999,0.5,0.5,1,18.6816,1026.8,10,0,0,0,0.05683133248374389
2020-11-12,Penrith,0,0,0.8046569999999998,17.832245,1,30.061035,15.195229916666667,68.25339616666666,2.0072458374999997,995.1962979166666,1.20258331486,55.0,3.0,0,11.4378,1496.4,11,0,0,0,0.009460579039292533
2020-11-04,Parramatta,0,0,0.8531646250000002,18.105133,0,26.901764,12.2210108125,69.47887370833332,2.5408955166666667,1007.48254125,0.0,20.0,1.0,0,17.0356,4087.8,11,0,0,0,0.01867598832890023
2020-03-19,Bankstown,0,0,0.9050652727272724,18.431702,0,29.95279,15.592211458333333,70.3647745,1.974511125,1012.4836283333334,0.0,18.0,5.0,0,12.4235,6471.6,3,0,0,0,0.07384715293060945
2020-01-31,Cronulla,1,1,0.1556452727272728,24.23941,0,26.29538,22.7312915,87.96674429166667,5.333433745833333,1008.596515,0.0157356261,0.5,0.5,1,18.6816,1026.8,1,1,1,1,0.919563610909197
2020-03-27,Bondi,0,1,0.0772704545454546,19.235596,0,20.195099,13.631740479166666,68.49308725,4.1878904708333335,1021.0646158333334,0.822067262,0.5,0.5,1,19.5728,9692.7,3,0,0,0,0.14260775708617326
2020-11-01,Bondi,0,1,0.056053125,16.972565,0,17.543732,14.527786166666669,86.33779833333334,9.888916433333334,1011.2099908333332,27.0576476634,0.5,0.5,1,19.5728,9692.7,11,0,0,0,0.07557030195742775
2020-04-28,Penrith,0,0,0.3061107272727272,15.613037,0,21.989624,15.6180419375,85.37808691666667,2.1699748708333333,1008.8816529166668,1.73616409446,55.0,3.0,0,11.4378,1496.4,4,0,0,0,0.11122129419153438
2020-07-12,Penrith,0,0,0.4004849454545454,6.0852966,0,16.479248,8.2480671375,90.99076116666669,1.233455649583333,1001.8588095833334,6.760120472760001,55.0,3.0,0,11.4378,1496.4,7,0,0,0,0.02884777761745939
2020-08-01,Bankstown,0,0,0.6017733636363636,5.947418,0,17.620514,7.658579608333333,81.59163145833334,1.7693908625,1017.2162945833334,0.0,18.0,5.0,0,12.4235,6471.6,8,0,0,0,0.0005395534785795729
2020-12-13,Manly,0,0,0.4292449999999999,19.692963,0,21.37143,14.3364983125,70.19248470833334,4.599444216666666,1019.4749891666668,0.5125999427,0.5,0.5,1,26.2541,3641.8,12,1,0,0,0.31519245302782656
2020-07-05,Fairfield,0,0,0.4737409727272726,5.7679443,0,17.924316,4.451845808333333,63.99315470833333,3.697340875,1014.59136625,0.0,27.0,4.0,0,13.6634,4527.0,7,0,0,0,0.0003692599466529761
2020-10-27,Cronulla,0,1,0.1973694,15.385162,0,17.442657,12.904271458333334,79.96991312499999,7.8866253,1014.2694229166668,5.63478467846,0.5,0.5,1,18.6816,1026.8,10,0,0,0,0.05929104870310482
2020-01-17,Coogee,1,1,0.091502818181818,20.872131,0,21.932922,19.404958125,88.13232641666667,7.1867381375,1003.9207666666666,11.413574178,0.5,0.5,1,18.7764,7453.6,1,1,1,1,0.9492486229048555
2020-04-25,Manly,0,0,0.442615909090909,17.16629,0,23.63263,14.599577604166669,72.36431279166666,3.5503997458333334,1014.6604433333332,0.0,0.5,0.5,1,26.2541,3641.8,4,0,0,0,0.20854675226357705
2020-09-20,Blacktown,0,0,0.4392228181818179,13.552765,0,20.673553,15.085543333333334,84.96937604166668,3.4942421333333336,1007.2081133333332,11.87896726656,35.0,6.0,0,9.17505,3615.4,9,0,0,0,0.05398477741549626
2020-11-23,Fairfield,0,0,0.6703823636363637,16.446869,0,27.225128,17.135834875,71.30830320833333,2.994723220833333,1000.27618875,1.30224227946,27.0,4.0,0,13.6634,4527.0,11,0,0,0,0.0984470618727938
2020-01-08,Campbelltown,0,0,0.3536627272727273,20.71286,0,27.189117,18.70340979166667,74.97833283333334,3.1259656,1000.21330625,0.39148330316,40.0,10.0,0,10.7411,1577.7,1,1,0,0,0.19389038948393333
2020-07-30,Bondi,0,1,0.1821011818181817,12.983978,0,15.690094,9.948555033333331,74.06754858333333,6.6721498624999995,1018.0038145833332,0.05054473832,0.5,0.5,1,19.5728,9692.7,7,0,0,0,0.036723062828608724
2020-12-02,Manly,0,1,0.1596526666666668,18.80011,0,22.33731,16.581231354166665,79.820620875,6.0940802000000005,1013.0619675,0.8797645565,0.5,0.5,1,26.2541,3641.8,12,1,0,1,0.7080749628301989
2020-08-09,Cronulla,0,1,0.0453489999999998,12.939545,0,15.320068,8.993204770833334,79.07378641666666,6.854584466666666,1004.2437216666668,23.15378185026,0.5,0.5,1,18.6816,1026.8,8,0,0,0,0.0506061509380834
2020-09-04,Campbelltown,0,0,0.969476818181818,8.24704,0,20.242523,12.018118583333331,75.65677991666666,1.3630853125,1000.6873158333332,3.6754608218,40.0,10.0,0,10.7411,1577.7,9,0,0,0,0.0023178068402697287
2020-03-08,Fairfield,0,0,0.3133268181818183,17.25003,0,21.978027,15.882324229166665,82.290931875,2.2713048125,1012.9065416666668,3.719329861,27.0,4.0,0,13.6634,4527.0,3,0,0,0,0.24111030310804576
2020-01-24,Blacktown,0,0,0.4001234999999998,23.609772,1,30.946869,18.825088541666663,65.06450179166667,3.136150733333333,1001.4415329166668,0.2002716019,35.0,6.0,0,9.17505,3615.4,1,1,0,0,0.16881364981381297
2020-05-06,Campbelltown,0,0,0.7515591818181818,6.876068,0,21.861206,9.228979770833334,81.07536675,1.5402855933333337,1012.4109829166669,0.0,40.0,10.0,0,10.7411,1577.7,5,0,0,0,0.028064347213891918
2020-01-30,Fairfield,0,0,0.616887818181818,21.74643,1,30.089996,19.045485166666666,73.8202835,2.40729083125,1008.4817270833332,0.01049041752,27.0,4.0,0,13.6634,4527.0,1,1,0,0,0.19012132769446943
2020-12-02,Ryde,0,0,0.3023290000000003,17.919067,0,22.355255,16.452081,77.85194104166668,3.9908460541666666,1010.5578,0.771045689,13.0,2.0,0,23.3227,4521.5,12,1,0,0,0.3172740899845058
2020-05-25,Manly,0,1,0.0,15.124359,0,16.295746,12.1721255625,81.76383625,10.3443459375,1012.0315291666668,13.26513286,0.5,0.5,1,26.2541,3641.8,5,0,0,0,0.051287008049466294
2020-08-27,Penrith,0,0,0.6047515499999999,8.1545105,0,21.24356,1.208924614,61.35500808333333,2.190066970833333,1010.09254375,0.0,55.0,3.0,0,11.4378,1496.4,8,0,0,0,0.0031774690066617038
2020-12-09,Parramatta,0,0,0.7799988181818182,14.881622,0,25.755768,10.9556185625,62.756026,2.4227605708333333,1010.4992770833333,0.0019073486,20.0,1.0,0,17.0356,4087.8,12,1,0,0,0.0498965271405599
2020-06-08,Parramatta,0,0,0.2964033636363636,10.917572,0,17.18988,9.043827041666669,78.46118758333334,3.541660041666667,1020.6344558333334,0.9813308856,20.0,1.0,0,17.0356,4087.8,6,0,0,0,0.004995927808343121
2020-07-13,Parramatta,0,0,0.3242570000000002,10.11853,0,16.443695,8.011622108333333,84.31029037500001,1.8735600541666668,1010.2233520833332,2.2816657997,20.0,1.0,0,17.0356,4087.8,7,0,0,0,0.004520358563428449
2020-09-01,Parramatta,0,0,0.7164833636363636,5.641083,0,17.487946,6.5958429999999995,65.86406704166667,2.2228767358333332,1015.7361695833332,0.0567436215,20.0,1.0,0,17.0356,4087.8,9,0,0,0,0.0015087971649209106
2020-06-20,Parramatta,0,0,0.4489074999999999,11.322296,0,19.7211,9.233651404166666,82.18161933333333,2.2548330808333334,1014.84672875,0.00047683716,20.0,1.0,0,17.0356,4087.8,6,0,0,0,0.002619390704064265
2020-08-25,Bankstown,0,0,0.5864369090909091,4.742523,0,14.801056,4.096056620833333,69.484438125,2.40587255,1018.2854758333332,0.0562667849,18.0,5.0,0,12.4235,6471.6,8,0,0,0,0.00024211994096113242
2020-02-23,Penrith,0,0,0.5342156363636363,17.56717,0,23.801422,17.05119325,78.980102375,1.4687901004166666,1009.7806470833334,1.346588128,55.0,3.0,0,11.4378,1496.4,2,1,0,0,0.2931345968318681
2020-08-27,Fairfield,0,0,0.4456842272727273,10.4088745,0,21.544342,1.5249239449583334,58.83395575,2.262511208333333,1016.50630375,0.0,27.0,4.0,0,13.6634,4527.0,8,0,0,0,0.009232597907913918
2020-10-13,Coogee,0,0,0.3166503636363635,16.71994,0,20.606293,15.7720019375,85.57760608333332,3.9194614541666666,1017.4450241666668,0.0834465023,0.5,0.5,1,18.7764,7453.6,10,0,0,0,0.1795216827830625
2020-05-03,Penrith,0,0,0.7136008181818181,4.418915,0,18.80545,4.4149856375,59.382916125,3.1323819187499997,1003.3837429166666,0.0,55.0,3.0,0,11.4378,1496.4,5,0,0,0,0.0005313777385676057
2020-01-28,Ryde,0,0,0.4659534545454546,22.981537,1,32.123535,21.722576125,76.41661220833333,2.5468516729166666,1004.23235875,1.000881186,13.0,2.0,0,23.3227,4521.5,1,1,0,0,0.27738665953761804
2020-03-13,Bankstown,0,0,0.6396362,16.927277,0,24.488068,14.6151643125,74.51378254166667,2.8192969541666666,1010.507145,0.0,18.0,5.0,0,12.4235,6471.6,3,0,0,0,0.11156189543567813
2020-11-19,Bondi,0,1,0.1206138181818181,19.058868,0,20.68686,15.629904458333334,77.71348475,5.836724916666667,1016.4012129166669,0.00047683716,0.5,0.5,1,19.5728,9692.7,11,0,0,0,0.10634155909438235
2020-07-06,Penrith,0,0,0.2578541545454545,7.1437073,0,17.49704,5.461629229166667,78.19384529166668,1.6315385358333334,1013.1431341666666,0.01907348626,55.0,3.0,0,11.4378,1496.4,7,0,0,0,0.00040423773287576203
2020-08-29,Liverpool,0,0,0.7911210000000001,6.24881,0,19.82315,5.71579105,68.48416266666668,2.2958531333333334,1020.5164220833334,0.0,30.0,2.0,0,8.27098,5139.4,8,0,0,0,0.0009988786154803983
2020-11-19,Blacktown,0,0,0.7099249090909093,16.178009,0,25.73764,15.073670791666666,72.91789483333334,2.8838725354166663,1013.6037054166668,0.0,35.0,6.0,0,9.17505,3615.4,11,0,0,0,0.02158624911354958
2020-02-20,Fairfield,0,0,0.3208119090909091,18.61264,0,23.838043,13.770614520833334,68.75044129166666,2.3617677958333334,1003.27815125,0.8320808348000001,27.0,4.0,0,13.6634,4527.0,2,1,0,0,0.1645744370257843
2020-11-14,Manly,0,0,0.3157154545454546,16.78006,0,21.988556,15.310222666666666,76.85494541666667,3.1164431041666667,1004.1385091666666,0.0,0.5,0.5,1,26.2541,3641.8,11,0,0,0,0.20757911748061084
2020-08-26,Ryde,0,0,0.9093572272727272,2.6076355,0,18.078766,3.468748741666667,69.24070745833333,1.5723993345833334,1020.868685,0.0,13.0,2.0,0,23.3227,4521.5,8,0,0,0,0.002167481787376626
2020-10-21,Manly,0,0,0.2396850999999998,17.05722,0,20.577454,13.936120375,76.07959033333334,5.7507187,1010.9614620833332,0.11110305806,0.5,0.5,1,26.2541,3641.8,10,0,0,0,0.04470038329108574
2020-07-16,Blacktown,0,0,0.2761646363636363,10.692505,0,16.24884,5.243916841666667,60.994831875,4.934929141666667,1009.9015266666668,0.0,35.0,6.0,0,9.17505,3615.4,7,0,0,0,0.005350183556290915
2020-11-07,Liverpool,0,0,0.2700250909090907,14.36618,0,18.51651,11.360346416666667,76.05154395833334,4.0352188,1013.5931033333331,0.9407997167,30.0,2.0,0,8.27098,5139.4,11,0,0,0,0.009209936273162697
2020-02-01,Bankstown,0,0,0.7031777272727272,26.193115,1,38.432465,21.708386791666666,64.248756625,3.2048177166666663,1000.7864408333334,0.0,18.0,5.0,0,12.4235,6471.6,2,1,0,0,0.1613755461710387
2020-10-27,Parramatta,0,0,0.5001082272727274,12.4748535,0,19.468048,12.131078083333334,79.63832370833333,4.335206783333333,1012.052335,1.693248761,20.0,1.0,0,17.0356,4087.8,10,0,0,0,0.005727784849446071
2020-01-25,Campbelltown,0,0,0.346541,23.447357,0,29.164673,20.702729416666667,77.72522870833333,2.455460304166667,998.6050708333332,2.91442872832,40.0,10.0,0,10.7411,1577.7,1,1,0,0,0.14173791504470837
2020-12-15,Penrith,1,1,0.1767823,21.145477,0,23.892365,19.127370125,91.054185,1.9787123583333337,1001.9992229166666,10.109901394,55.0,3.0,0,11.4378,1496.4,12,1,1,1,0.5904526585558514
2020-02-18,Bankstown,0,0,0.6478937272727272,21.103424,0,29.640747,20.80060325,79.98635254166666,2.598060320833333,999.2232158333333,1.2989043807,18.0,5.0,0,12.4235,6471.6,2,1,0,0,0.24038697417922505
2020-10-22,Penrith,0,0,0.8165504545454545,14.438385,0,26.178497,14.311016166666668,74.784187875,1.5573955729166666,1000.74519625,0.0209808345,55.0,3.0,0,11.4378,1496.4,10,0,0,0,0.008788252142011036
2020-11-12,Ryde,0,0,0.8266740909090909,19.082245,1,30.652832,15.143716083333333,65.06888375,2.9263946750000005,1001.5296341666668,0.2398490906,13.0,2.0,0,23.3227,4521.5,11,0,0,0,0.028200370680839734
2020-05-10,Coogee,0,0,0.4227119999999998,12.389191,0,16.94226,5.18334835,54.458096000000005,6.880159316666667,1014.8758795833334,0.0,0.5,0.5,1,18.7764,7453.6,5,0,0,0,0.028212325139190208
2020-08-09,Bondi,0,1,0.0453489999999998,12.939545,0,15.320068,8.993204770833334,79.07378641666666,6.854584466666666,1004.2437216666668,23.15378185026,0.5,0.5,1,19.5728,9692.7,8,0,0,0,0.043263439890347914
2020-05-15,Penrith,0,0,0.3223785999999998,10.280212,0,16.92508,8.419890133333334,78.55531804166667,2.7147720124999997,1015.4860179166668,0.85783003946,55.0,3.0,0,11.4378,1496.4,5,0,0,0,0.0016289404119950127
2020-05-17,Campbelltown,0,0,0.8871721428571429,9.332672,0,19.364807,9.2539723375,81.34802670833334,1.4222793008333332,1015.9372529166668,0.0557899478,40.0,10.0,0,10.7411,1577.7,5,0,0,0,0.0005395534785795729
2020-02-09,Bondi,1,1,0.0442505,22.239288,0,22.96048,19.835245833333335,86.2929425,14.054092166666663,1007.8955066666668,122.9114528,0.5,0.5,1,19.5728,9692.7,2,1,1,1,0.9506415120012612
2020-09-03,Bondi,0,0,0.4382768181818183,17.126678,0,23.541656,11.6350453125,60.67318508333333,6.288594754166667,1010.4324208333334,0.0,0.5,0.5,1,19.5728,9692.7,9,0,0,0,0.15014794115647453
2020-07-13,Campbelltown,0,0,0.343788,9.528687,0,16.002289,7.7479502875,84.05636166666666,1.8762579070833336,1002.7521016666666,3.7088393951,40.0,10.0,0,10.7411,1577.7,7,0,0,0,0.004854967323033679
2020-06-16,Penrith,0,0,0.6280045454545454,6.019562,0,20.469116,6.738990829166667,78.94491708333334,1.8004025666666663,1009.6629333333334,0.0,55.0,3.0,0,11.4378,1496.4,6,0,0,0,0.00040423773287576203
2020-10-15,Campbelltown,0,0,1.2003682222222225,15.681366,0,28.610687,13.307016979166669,69.26097416666667,1.8112238625,1003.4122283333332,0.0267028801999999,40.0,10.0,0,10.7411,1577.7,10,0,0,0,0.007661073034881137
2020-02-07,Manly,1,1,0.0167541111111108,21.055237,0,21.965698,18.905779541666668,85.73940291666666,7.768910079166666,1014.9351129166666,36.457538803,0.5,0.5,1,26.2541,3641.8,2,1,1,1,0.9476777391588618
2020-08-26,Bankstown,0,0,0.731622909090909,4.883026,0,16.985626,4.902912133333333,71.48859758333333,1.8568322125,1020.2086783333334,0.0,18.0,5.0,0,12.4235,6471.6,8,0,0,0,0.00024211994096113242
2020-07-14,Coogee,0,1,0.0992099090909091,13.514923,0,15.573944,11.20018525,81.041397375,12.270911458333332,1011.603635,14.420509288,0.5,0.5,1,18.7764,7453.6,7,0,0,0,0.04981472755799271
2020-02-15,Bankstown,0,0,0.3864469090909091,20.664032,0,25.676544,18.394082375,81.79855433333334,1.6378755975,998.7766245833332,0.67853927946,18.0,5.0,0,12.4235,6471.6,2,1,0,0,0.20809733858717933
2020-12-17,Penrith,0,0,0.8060580909090909,19.596771,1,32.31479,21.143503958333337,79.275929,1.3389745058333336,992.3338370833334,9.52625274286,55.0,3.0,0,11.4378,1496.4,12,1,0,0,0.18629640428433228
2020-09-26,Manly,0,0,0.3669294545454546,10.321259,0,16.249603,2.9816296875,51.433388666666666,8.816879816666667,1005.5981416666668,0.1220703119999999,0.5,0.5,1,26.2541,3641.8,9,0,0,0,0.03217978418365219
2020-12-14,Coogee,1,1,0.1160889,20.110504,0,21.909698,16.92495741666667,78.185030375,4.2607292333333335,1015.0901954166668,1.87444687392,0.5,0.5,1,18.7764,7453.6,12,1,1,1,0.8446871928894402
2020-01-27,Campbelltown,0,0,0.5887894545454544,23.413727,1,31.408234,20.346669625,71.02356829166666,2.76646336125,998.2846529166668,0.14019012392,40.0,10.0,0,10.7411,1577.7,1,1,0,0,0.15089199646515236
2020-02-03,Bondi,0,0,0.2874755454545456,19.13028,0,26.17215,20.271648333333335,83.707826375,4.9759812125,1002.3257291666667,6.2146186172,0.5,0.5,1,19.5728,9692.7,2,1,0,1,0.897551113006789
2020-09-18,Bankstown,0,1,0.0936501363636364,15.1666565,0,17.138031,13.123345833333332,84.5342525,2.127211291666667,1022.3689870833332,2.1772384678,18.0,5.0,0,12.4235,6471.6,9,0,0,0,0.0035744595653032446
2020-04-10,Cronulla,0,0,0.2175265454545454,16.607086,0,20.244812,16.31286875,84.10633233333333,5.928311791666666,1011.8499491666666,8.6908340243,0.5,0.5,1,18.6816,1026.8,4,0,0,0,0.23713803016243504
2020-09-02,Bondi,0,0,0.2609114545454546,15.821533,0,19.439362,10.635951916666668,71.71808483333334,5.195972104166667,1014.3945491666668,0.0,0.5,0.5,1,19.5728,9692.7,9,0,0,0,0.021691392164138817
2020-07-16,Fairfield,0,0,0.2761646363636363,10.692505,0,16.24884,5.243916841666667,60.994831875,4.934929141666667,1009.9015266666668,0.0,27.0,4.0,0,13.6634,4527.0,7,0,0,0,0.005350183556290915
2020-08-01,Penrith,0,0,0.8824906545454545,3.0353088,0,18.97403,5.7344258875,81.25145820833333,1.15150391375,1011.3713008333334,0.0,55.0,3.0,0,11.4378,1496.4,8,0,0,0,0.0031391069921260155
2020-09-04,Manly,0,0,0.3467850909090907,13.90329,0,19.386993,13.013398520833334,72.12563758333333,3.76277575125,1010.6427375,4.540443419,0.5,0.5,1,26.2541,3641.8,9,0,0,0,0.03785489356655294
2020-04-13,Fairfield,0,0,0.720187090909091,9.898468,0,21.350677,10.221251204166666,77.368071875,1.6927347358333331,1013.1337316666668,0.0,27.0,4.0,0,13.6634,4527.0,4,0,0,0,0.006577459046880175
2020-06-09,Coogee,0,1,0.1619322999999999,14.812653,0,17.347168,12.243080125,76.81590445833334,3.2694259750000003,1026.7705708333333,1.8873214678,0.5,0.5,1,18.7764,7453.6,6,0,0,0,0.01368283460812656
2020-03-29,Cronulla,1,1,0.1283375454545456,20.53833,0,21.950043,18.24836983333333,86.63021658333334,6.067440154166667,1014.1128870833332,6.5855979952,0.5,0.5,1,18.6816,1026.8,3,0,1,1,0.9041903739669107
2020-01-21,Bondi,1,1,0.1273387272727275,22.268219,0,25.477325,17.70832175,72.69523720833332,3.7315531985,1001.9206066666668,0.0,0.5,0.5,1,19.5728,9692.7,1,1,1,1,0.892865239416925
2020-04-18,Bondi,0,0,0.3407653999999999,15.583954,0,20.26175,10.228468525,61.145987291666664,4.6950945875,1007.4038595833334,0.112056733,0.5,0.5,1,19.5728,9692.7,4,0,0,0,0.039948555060333436
2020-12-31,Coogee,0,0,0.2913716666666666,20.175598,0,21.13501,16.048448041666667,75.23611220833332,4.726236741666667,1014.6186925,0.5731582641,0.5,0.5,1,18.7764,7453.6,12,1,0,0,0.3349123639528968
2020-11-16,Blacktown,0,0,1.4745844545454545,17.719604,1,38.26947,14.329642041666666,55.99943295833333,3.1483194458333332,1003.6457983333332,0.04720688,35.0,6.0,0,9.17505,3615.4,11,0,0,0,0.016203830036016394
2020-08-09,Manly,0,0,0.2454530000000003,12.150238,0,14.048218,7.992879299999999,75.00982304166666,5.960791037500001,1004.4520554166668,20.05434055266,0.5,0.5,1,26.2541,3641.8,8,0,0,0,0.04740006057005152
2020-04-20,Bondi,0,0,0.2764226363636362,17.662445,0,20.980988,12.755575854166668,71.06182295833334,3.9120154375,1009.5791091666666,0.0877380373,0.5,0.5,1,19.5728,9692.7,4,0,0,0,0.05176465307895825
2020-02-15,Coogee,1,1,0.1146073636363638,21.664032,0,22.924713,18.42272825,81.25992833333333,2.7879666875000004,1001.823705,0.32567977918,0.5,0.5,1,18.7764,7453.6,2,1,1,1,0.9349747389228357
2020-07-07,Cronulla,0,1,0.002716,14.11673,0,15.239502,9.6631470625,75.47651158333333,5.2676358625,1024.2928625,2.00510023116,0.5,0.5,1,18.6816,1026.8,7,0,0,0,0.021987438154085718
2020-01-24,Coogee,1,1,0.0640036363636362,23.45047,0,28.649994,20.021458916666667,76.73089008333334,5.014214479166667,1004.0411170833332,0.9932517947,0.5,0.5,1,18.7764,7453.6,1,1,1,1,0.9069280720664856
2020-06-28,Bondi,0,0,0.2035216999999999,11.719879,0,14.2378235,9.71464415,78.08190541666666,5.224501391666666,1022.4245654166666,2.0775794934,0.5,0.5,1,19.5728,9692.7,6,0,0,0,0.01850647616164363
2020-05-02,Fairfield,0,0,0.365811409090909,10.029877,0,17.996857,3.5220832666666664,49.178287125,5.7447316625,998.5057125,0.0114440916,27.0,4.0,0,13.6634,4527.0,5,0,0,0,0.0034522270768417135
2020-02-25,Coogee,1,1,0.1191683636363636,22.848053,0,24.537811,19.806188041666665,80.52644225,4.375502475,1010.1002841666668,0.0,0.5,0.5,1,18.7764,7453.6,2,1,1,1,0.9163192660490282
2020-03-03,Bondi,1,1,0.0597530000000006,20.748444,0,21.426056,16.898731125,77.98865666666667,5.264350341666667,1014.2489383333332,7.7848434266,0.5,0.5,1,19.5728,9692.7,3,0,1,1,0.8827671872316125
2020-11-10,Bankstown,0,0,0.6138500000000001,13.447327,0,21.51004,11.682668083333333,72.56215425,2.6253297416666665,1014.5270183333332,0.0,18.0,5.0,0,12.4235,6471.6,11,0,0,0,0.022130873431988763
2020-01-11,Manly,0,1,0.1895039999999998,19.352173,0,26.304962,16.429774062499998,73.09596720833333,7.555054770833333,1006.3663829166668,1.87969209366,0.5,0.5,1,26.2541,3641.8,1,1,0,1,0.871853421839344
2020-06-05,Penrith,0,0,0.9557051090909092,2.4562988,0,18.484985,5.2115007958333335,82.21982320833332,1.2024817875,1014.3935854166666,0.0,55.0,3.0,0,11.4378,1496.4,6,0,0,0,0.0037901492017363004
2020-12-10,Parramatta,0,0,0.420254222222222,16.913208,0,27.172424,13.787481916666666,69.10494541666667,4.008650425,1011.8312920833332,0.3399848934,20.0,1.0,0,17.0356,4087.8,12,1,0,0,0.05721620263387611
2020-01-24,Penrith,0,0,0.456581818181818,22.44461,0,28.687103,18.164850875,64.011990875,2.41392009,995.2365354166668,0.5970001243,55.0,3.0,0,11.4378,1496.4,1,1,0,0,0.11896963980354909
2020-09-23,Bankstown,0,0,0.6916476363636362,10.546234,0,22.183777,5.499580395833333,48.11229720833333,2.8793799791666665,1003.92917125,0.0,18.0,5.0,0,12.4235,6471.6,9,0,0,0,0.018539034798143148
2020-06-02,Parramatta,0,0,0.3218045555555555,8.157928,0,15.594635,3.5605557749999996,62.27709566666667,4.709240416666667,1007.8133733333334,2.0151138333,20.0,1.0,0,17.0356,4087.8,6,0,0,0,0.007558448904862594
2020-10-20,Cronulla,0,1,0.1120827272727273,16.76529,0,18.120758,13.401003520833331,78.67942266666667,3.851160379166666,1013.5935125,2.07424164016,0.5,0.5,1,18.6816,1026.8,10,0,0,0,0.051975343995232744
2020-04-23,Manly,0,0,0.2470203636363634,17.385895,0,21.811493,11.755170083333333,66.70229141666667,3.5852912625,1013.7924783333332,0.0,0.5,0.5,1,26.2541,3641.8,4,0,0,0,0.12155964912546136
2020-08-14,Blacktown,0,0,0.2182811363636364,11.8472595,0,17.295135,11.007560733333332,90.18336545833334,1.0859454029166666,1006.88451875,6.7763328683,35.0,6.0,0,9.17505,3615.4,8,0,0,0,0.025199747151727105
2020-10-02,Bankstown,0,0,0.867981,10.468536,0,24.34784,9.904729204166664,69.533458375,2.129164975,1015.2017629166668,0.0,18.0,5.0,0,12.4235,6471.6,10,0,0,0,0.014334915285571941
2020-04-10,Ryde,0,0,0.4218109,12.971222,0,22.207703,15.763633854166663,87.88975425000001,2.9017069875000003,1009.46328125,6.835937443,13.0,2.0,0,23.3227,4521.5,4,0,0,0,0.3491431862785057
2020-06-30,Cronulla,0,0,0.2413496363636363,12.29953,0,15.556946,10.9052390625,84.77562904166666,2.6721632625,1019.5306770833334,0.24509429706,0.5,0.5,1,18.6816,1026.8,6,0,0,0,0.04192065831377317
2020-06-08,Bankstown,0,0,0.2463322727272727,11.817963,0,16.713318,9.4900347375,78.99542125,4.2089618416666665,1020.03277875,1.75285339022,18.0,5.0,0,12.4235,6471.6,6,0,0,0,0.004781885851320867
2020-03-09,Blacktown,0,0,0.3997691818181818,15.746246,0,21.648712,15.330123958333331,80.05079941666666,2.880265595833333,1013.3828941666668,1.7852783191,35.0,6.0,0,9.17505,3615.4,3,0,0,0,0.15052645724159272
2020-10-29,Blacktown,0,0,0.6134338181818181,11.551605,0,19.725983,14.095863458333334,85.06815879166668,2.209584769166667,1004.8507379166668,14.08481596716,35.0,6.0,0,9.17505,3615.4,10,0,0,0,0.023449833756695612
2020-06-14,Campbelltown,0,0,0.6871063000000001,7.088745,0,19.487946,8.790023816666666,73.59439425000001,2.611041558333333,1000.6281404166666,4.021167728000001,40.0,10.0,0,10.7411,1577.7,6,0,0,0,0.002373993718934519
2020-05-06,Bondi,0,0,0.4056784545454545,14.485443,0,19.808472,13.096004458333333,78.25242704166666,3.65854435,1022.41139125,0.00381469722,0.5,0.5,1,19.5728,9692.7,5,0,0,0,0.020302138243337122
2020-10-08,Blacktown,0,0,1.2917397272727271,11.87265,0,27.39627,14.411998729166667,69.37332979166666,2.902373491666667,1004.1336216666668,7.1072578786000005,35.0,6.0,0,9.17505,3615.4,10,0,0,0,0.033493162710624504
2020-02-15,Blacktown,0,0,0.434032090909091,20.589813,0,26.418732,17.805052458333332,79.686930125,1.5149013675,999.3353804166668,0.6108283998999999,35.0,6.0,0,9.17505,3615.4,2,1,0,0,0.11670908803122405
2020-03-13,Ryde,0,0,0.8228393,15.507355,0,25.302155,13.966808375,75.101580875,2.4143937345833333,1011.14130375,0.0,13.0,2.0,0,23.3227,4521.5,3,0,0,0,0.07923352645277193
2020-01-17,Liverpool,1,1,0.1160056363636363,20.840881,0,22.116943,18.65520225,85.34583791666667,5.1353680875,1001.0903654166668,6.076812768,30.0,2.0,0,8.27098,5139.4,1,1,1,1,0.7930095258641187
2020-09-25,Manly,0,0,0.5637484545454545,10.582855,0,20.785065,6.425819383333334,55.329969166666665,7.6978229375,1001.3497270833332,0.8468627864,0.5,0.5,1,26.2541,3641.8,9,0,0,0,0.03540681521731854
2020-09-30,Campbelltown,0,0,0.3508131111111109,13.394989,0,20.093903,10.125315404166669,77.83631625,2.2616316770833333,1002.0322433333334,1.14011764,40.0,10.0,0,10.7411,1577.7,9,0,0,0,0.0011268378863037694
2020-07-22,Fairfield,0,0,0.6769742090909091,3.7572937,0,17.676483,5.337375620833334,76.05316045833334,1.7621468166666665,1018.9444729166668,0.0,27.0,4.0,0,13.6634,4527.0,7,0,0,0,0.00024211994096113242
2020-04-28,Parramatta,0,0,0.2926164545454545,16.724365,0,22.59256,15.842732708333337,81.52179970833333,2.736205329166667,1015.2033191666666,1.39188766176,20.0,1.0,0,17.0356,4087.8,4,0,0,0,0.21525294835898978
2020-01-11,Parramatta,0,0,0.2867404545454545,18.528564,0,27.987976,15.259689375,67.56509904166667,4.467870641666667,1004.0834620833332,1.1844635042,20.0,1.0,0,17.0356,4087.8,1,1,0,0,0.15852864694958266
2020-11-23,Parramatta,0,0,0.6703823636363637,16.446869,0,27.225128,17.135834875,71.30830320833333,2.994723220833333,1000.27618875,1.30224227946,20.0,1.0,0,17.0356,4087.8,11,0,0,0,0.11902944338372977
2020-03-27,Bankstown,0,0,0.4737549090909091,15.292236,0,21.474518,14.435126041666663,77.27585541666666,2.4348337375,1018.01627625,1.1181831425,18.0,5.0,0,12.4235,6471.6,3,0,0,0,0.1013448181069062
2020-06-02,Cronulla,0,0,0.2725447499999998,12.036255,0,15.442291,6.750659933333334,68.65967416666666,8.8672854375,1009.6246208333332,9.0451240335,0.5,0.5,1,18.6816,1026.8,6,0,0,0,0.03509608091070027
2020-12-07,Cronulla,0,0,0.808835090909091,16.375244,0,25.372223,11.712685916666668,52.141869500000006,3.4068733208333337,999.6021308333334,0.0,0.5,0.5,1,18.6816,1026.8,12,1,0,0,0.19987724971280169
2020-09-19,Bankstown,0,1,0.160342181818182,16.932678,0,21.250946,15.520926145833334,85.67781733333334,2.975177169166667,1016.35428,2.4147033623,18.0,5.0,0,12.4235,6471.6,9,0,0,0,0.08530552224014333
2020-03-08,Bankstown,0,0,0.2779929090909089,17.394562,0,21.358887,15.836995375,82.09882475,2.758106258333333,1012.3519583333332,4.8856735343,18.0,5.0,0,12.4235,6471.6,3,0,0,0,0.3729531358988606
2020-07-22,Bondi,0,0,0.2804898181818182,11.942841,0,15.748596,8.1929258375,69.572934875,3.155455304166667,1021.35739,0.0023841858,0.5,0.5,1,19.5728,9692.7,7,0,0,0,0.009277639015485456
2020-04-05,Bankstown,0,0,0.5188432727272726,13.537231,0,23.084991,8.855655683333334,57.64649554166667,3.205059041666667,1004.8030466666668,0.0,18.0,5.0,0,12.4235,6471.6,4,0,0,0,0.02807210782237897
2020-07-20,Bondi,0,0,0.4223197142857141,11.625946,0,16.079498,5.10573065,56.27290358333334,5.871727745833333,1013.0348866666668,0.0,0.5,0.5,1,19.5728,9692.7,7,0,0,0,0.022469209872596183
2020-11-30,Bondi,0,1,0.1703949999999991,19.912506,0,20.461517,14.269220916666669,71.82457670833334,5.867745074999999,1011.5861283333334,0.52738189628,0.5,0.5,1,19.5728,9692.7,11,0,0,0,0.03850777983276246
2020-05-30,Manly,0,0,0.3159762727272728,13.719238,0,18.106506,12.655273375,83.05539854166666,3.1183182054166667,1020.59336,0.10108947792,0.5,0.5,1,26.2541,3641.8,5,0,0,0,0.029203980704411773
2020-05-03,Blacktown,0,0,0.6704545454545455,6.108368,0,18.98526,4.623074895833333,56.99804279166667,3.8296511875,1009.6954133333334,0.0,35.0,6.0,0,9.17505,3615.4,5,0,0,0,0.0005313777385676057
2020-12-13,Bondi,0,0,0.2134245000000003,19.84726,0,20.80893,14.896963666666666,73.008467,4.5707987375,1019.6645841666668,0.84161757846,0.5,0.5,1,19.5728,9692.7,12,1,0,0,0.18443084211364236
2020-01-13,Bankstown,0,0,0.5269220909090909,18.10086,0,24.536285,15.619402583333333,72.14150866666667,2.6384690375,1010.6965629166666,2.0890235809999997,18.0,5.0,0,12.4235,6471.6,1,1,0,0,0.3723610365397565
2020-06-01,Cronulla,0,0,0.5627410999999999,10.809601,0,20.422577,9.524345379166666,64.34830583333333,7.066332604166667,1005.0058058333334,0.2732276892,0.5,0.5,1,18.6816,1026.8,6,0,0,0,0.03005206145569599
2020-09-23,Fairfield,0,0,0.7717257272727274,9.694672,0,23.27362,4.861478170833333,46.81202016666666,3.109157145833333,1004.6958325,0.0,27.0,4.0,0,13.6634,4527.0,9,0,0,0,0.017337108486857145
2020-09-15,Bankstown,0,0,0.5580805454545456,11.83197,0,21.185577,13.622782395833331,82.4720715,2.52639181875,1019.003685,1.2450218255,18.0,5.0,0,12.4235,6471.6,9,0,0,0,0.01799966491270726
2020-09-15,Liverpool,0,0,0.5580805454545456,11.83197,0,21.185577,13.622782395833331,82.4720715,2.52639181875,1019.003685,1.2450218255,30.0,2.0,0,8.27098,5139.4,9,0,0,0,0.01955005105189123
2020-05-28,Bondi,0,0,0.2841409090909093,14.510345,0,19.144196,12.627755479166666,78.56212279166667,3.24309077625,1015.9787991666668,0.31232834,0.5,0.5,1,19.5728,9692.7,5,0,0,0,0.0322407230481742
2020-04-24,Manly,0,0,0.5297850909090911,16.107819,0,24.690552,13.424805979166663,64.73226758333332,2.9826344720833333,1012.2093091666668,0.0,0.5,0.5,1,26.2541,3641.8,4,0,0,0,0.12442563615783131
2020-12-27,Blacktown,0,0,0.6519653000000002,22.149506,1,30.595947,17.561520833333333,72.15727845833334,2.3012129483333332,1003.46095,5.4817199545,35.0,6.0,0,9.17505,3615.4,12,1,0,0,0.13310733373174333
2020-08-25,Campbelltown,0,0,0.7760675636363636,2.1507263,0,15.730743,2.5868606708333335,68.5775785,1.8000914,1011.2625545833332,0.010967255,40.0,10.0,0,10.7411,1577.7,8,0,0,0,0.00040423773287576203
2020-07-07,Campbelltown,0,0,0.2770441363636364,9.973358,0,16.200897,7.433980304166667,77.17812933333333,2.0911335583333335,1014.4341008333334,0.5593299925599999,40.0,10.0,0,10.7411,1577.7,7,0,0,0,0.00030636383282176504
2020-02-12,Blacktown,0,0,0.2275695999999999,22.094269,0,26.003937,21.745327,88.947116,2.3751207541666663,1002.2459629166666,4.3582916263,35.0,6.0,0,9.17505,3615.4,2,1,0,0,0.2814236354198189
2020-10-19,Blacktown,0,0,0.3392639999999998,15.04245,0,20.16153,12.649773854166666,75.28556370833333,3.288476375,1009.4263833333332,1.05524063872,35.0,6.0,0,9.17505,3615.4,10,0,0,0,0.0012539778919956133
2020-01-15,Fairfield,0,0,0.6578827500000002,21.39151,0,28.494476,17.857068354166667,73.48666004166667,2.1400104208333333,1004.8868554166668,0.00238418576,27.0,4.0,0,13.6634,4527.0,1,1,0,0,0.13868801012243348
2020-01-27,Coogee,1,1,0.0557639090909092,23.870758,0,25.169495,21.832183833333332,87.30352020833334,5.3593093125,1008.1384079166668,0.45156478812,0.5,0.5,1,18.7764,7453.6,1,1,1,1,0.94954307585127
2020-04-21,Bankstown,0,0,0.6576953636363636,12.946564,0,24.079071,12.055346208333331,69.21470404166666,2.2114151625000003,1008.64178875,0.0,18.0,5.0,0,12.4235,6471.6,4,0,0,0,0.01625445280134071
2020-05-12,Ryde,0,0,0.7266734545454545,6.646515,0,20.104431,6.4493954874999995,74.26724583333333,2.1115246875,1018.21373125,0.0,13.0,2.0,0,23.3227,4521.5,5,0,0,0,0.002167481787376626
2020-03-19,Parramatta,0,0,1.1083679090909089,17.056702,1,31.300446,14.2827225,67.17941804166666,1.7497862645833333,1013.1915354166669,0.0,20.0,1.0,0,17.0356,4087.8,3,0,0,0,0.03943780602883646
2020-09-04,Fairfield,0,0,0.6596402727272729,10.831024,0,20.863617,12.130504583333334,69.22405141666667,2.1227929291666667,1008.11148625,4.2500496430000005,27.0,4.0,0,13.6634,4527.0,9,0,0,0,0.00333778316993296
2020-09-18,Fairfield,0,1,0.1785767000000001,14.991119,0,17.546234,13.205702395833333,83.044682,2.260536329166667,1022.9156520833334,1.3751983606,27.0,4.0,0,13.6634,4527.0,9,0,0,0,0.0030952899631957265
2020-08-03,Bankstown,0,0,0.7604425181818182,6.3225403,0,19.563568,6.7844607083333335,74.17539116666667,1.7434991791666663,1009.7366054166667,0.0,18.0,5.0,0,12.4235,6471.6,8,0,0,0,0.0008266474286932532
2020-09-20,Liverpool,0,0,0.381694409090909,13.4219055,0,19.511444,15.0396448125,86.62060958333332,3.8757212708333335,1006.5818616666668,11.52086263676,30.0,2.0,0,8.27098,5139.4,9,0,0,0,0.041259987467291086
2020-06-22,Coogee,0,0,0.3117398181818182,11.037537,0,15.110535,6.8101437874999995,66.60794658333334,5.315930320833334,1004.8890879166668,0.3995895362,0.5,0.5,1,18.7764,7453.6,6,0,0,0,0.025378947622207933
2020-08-03,Campbelltown,0,0,0.9001797909090908,3.9787903,0,20.360443,4.659867616666667,72.61128820833333,1.5148674916666665,1002.9095170833334,0.0,40.0,10.0,0,10.7411,1577.7,8,0,0,0,0.00040423773287576203
2020-04-24,Penrith,0,0,1.0091885454545455,9.451569,0,27.38977,10.393962958333333,63.37305416666667,1.9578780458333336,1003.6259770833334,0.0,55.0,3.0,0,11.4378,1496.4,4,0,0,0,0.0112569563658899
2020-08-24,Bankstown,0,0,0.6468283636363636,5.452484,0,16.991364,2.3405787166666667,53.424596,3.753815470833333,1010.5302116666668,0.0,18.0,5.0,0,12.4235,6471.6,8,0,0,0,0.0009537874343850969
2020-12-31,Penrith,0,0,0.3892884000000002,18.851318,0,22.409119,15.8729108125,79.013043375,2.3783777374999997,1005.95993625,1.08909606642,55.0,3.0,0,11.4378,1496.4,12,1,0,0,0.22372040202877524
2020-06-26,Parramatta,0,0,0.3099809363636364,7.6696167,0,17.886871,5.6674194125,73.600320125,2.3072929,1015.7794670833332,0.0019073486,20.0,1.0,0,17.0356,4087.8,6,0,0,0,0.0015087971649209106
2020-02-22,Bankstown,0,0,0.215604,19.18045,0,21.907684,16.763132708333334,79.683651875,2.60784655,1014.9758133333332,5.783081094,18.0,5.0,0,12.4235,6471.6,2,1,0,1,0.5569387054072321
2020-09-10,Ryde,0,0,0.3265825454545455,10.468658,0,17.169403,9.201296525,73.60431204166666,3.524656879166667,1021.1180425,0.772953032,13.0,2.0,0,23.3227,4521.5,9,0,0,0,0.0035543022584105066
2020-02-26,Ryde,0,0,0.8504693636363634,19.054535,1,31.747711,18.129250958333333,66.63803525,3.5993004625,999.5052066666668,0.9975433383,13.0,2.0,0,23.3227,4521.5,2,1,0,0,0.18467822437568684
2020-08-09,Parramatta,0,1,0.0,10.787628,0,14.38858,7.4902750791666675,77.92276608333333,3.908645754166667,1002.2803879166668,18.27526093316,20.0,1.0,0,17.0356,4087.8,8,0,0,0,0.02557415853500294
2020-12-17,Parramatta,0,0,0.7156816363636364,21.07724,1,31.351898,21.120147625,77.85151295833333,2.2958423458333335,998.5480070833332,5.06830209076,20.0,1.0,0,17.0356,4087.8,12,1,0,0,0.16471298640647639
2020-07-11,Manly,0,0,0.295154909090909,11.553986,0,15.660919,11.987326333333334,86.54028670833333,2.2572187875,1011.9958833333334,7.2689057,0.5,0.5,1,26.2541,3641.8,7,0,0,0,0.05516539568286974
2020-11-16,Liverpool,0,0,1.2684409090909092,17.787964,1,34.56244,15.449433666666666,60.158565375,3.0905352875,1003.0720391666669,0.0,30.0,2.0,0,8.27098,5139.4,11,0,0,0,0.031967171329360194
2020-06-13,Campbelltown,0,0,0.3193562777777779,11.9210205,0,18.661652,12.071145375,91.982438625,1.67617166375,1005.91922,0.08964538466,40.0,10.0,0,10.7411,1577.7,6,0,0,0,0.009376482738287421
2020-09-08,Liverpool,0,0,0.4994709999999998,13.893463,0,22.322662,11.0222320625,74.7672855,2.7851155624999997,1019.34089625,0.0,30.0,2.0,0,8.27098,5139.4,9,0,0,0,0.024363083108210025
2020-07-16,Bondi,0,1,0.1157302499999999,13.700989,0,14.774231,9.280863395833334,74.30769654166666,10.409393729166666,1011.8573608333332,1.6698837373,0.5,0.5,1,19.5728,9692.7,7,0,0,0,0.039787367698443404
2020-10-31,Parramatta,0,0,0.5220305999999999,13.461487,0,22.38443,14.887858083333333,81.955292625,2.836009754166667,1001.2582333333334,34.36708456996,20.0,1.0,0,17.0356,4087.8,10,0,0,0,0.11727048486775513
2020-05-13,Campbelltown,0,0,0.680433,7.5755005,0,17.797089,6.494219466666667,77.51466770833333,1.4415551083333331,1008.0901470833334,0.046730042,40.0,10.0,0,10.7411,1577.7,5,0,0,0,0.00040423773287576203
2020-12-01,Liverpool,0,0,0.6140025454545456,18.53476,0,28.225128,17.517262791666667,74.257330625,3.8865022875,1003.0741420833332,0.0429153434,30.0,2.0,0,8.27098,5139.4,12,1,0,0,0.17324367849968586
2020-09-17,Liverpool,0,1,0.1957536363636365,13.942566,0,27.917694,11.554358166666669,68.468581,3.408722075,1014.5530308333332,0.3948211659,30.0,2.0,0,8.27098,5139.4,9,0,0,0,0.02007810488882895
2020-10-20,Liverpool,0,0,0.5185102727272727,13.349274,0,20.312897,13.533409104166669,78.91159466666666,2.623696820833333,1010.4018425,1.53255463536,30.0,2.0,0,8.27098,5139.4,10,0,0,0,0.0029702265742463994
2020-11-16,Penrith,0,0,1.5049467272727275,16.864136,1,38.203064,13.772838583333334,54.831107874999994,2.8706832166666665,997.4636975,0.010967255,55.0,3.0,0,11.4378,1496.4,11,0,0,0,0.012544351577729604
2020-06-25,Cronulla,0,0,0.3996825999999999,12.026398,0,16.989532,8.5498974375,68.22315666666667,5.7600358541666665,1013.9523779166666,0.01478195216,0.5,0.5,1,18.6816,1026.8,6,0,0,0,0.030958661644789963
2020-04-18,Cronulla,0,0,0.3407653999999999,15.583954,0,20.26175,10.228468525,61.145987291666664,4.6950945875,1007.4038595833334,0.112056733,0.5,0.5,1,18.6816,1026.8,4,0,0,0,0.04794108406871669
2020-11-26,Bondi,0,0,0.3576327272727271,18.56668,0,22.789703,17.199831791666664,80.74833808333334,4.7941402958333335,1007.2124679166668,0.00095367432,0.5,0.5,1,19.5728,9692.7,11,0,0,1,0.7123790946272011
2020-05-25,Penrith,0,1,0.1032215454545454,12.889313,0,15.77475,8.5999413375,73.48725533333334,4.720212916666667,1004.19068875,2.773761741,55.0,3.0,0,11.4378,1496.4,5,0,0,0,0.004942836242220522
2020-12-30,Bondi,1,1,0.0541354545454543,20.01593,0,20.61142,16.887166291666666,81.82088266666666,5.925335166666667,1013.3584633333334,11.87753680316,0.5,0.5,1,19.5728,9692.7,12,1,1,1,0.6996150583206066
2020-11-11,Bankstown,0,0,0.5270552727272727,16.909515,0,23.987091,15.008052854166666,78.85517725,3.1711995125,1009.0047620833334,0.0,18.0,5.0,0,12.4235,6471.6,11,0,0,0,0.04662449002470469
2020-03-09,Bondi,0,1,0.1110617272727271,18.484528,0,19.861359,15.420455979166666,79.69068908333334,4.521682079166667,1015.91705375,7.246971139,0.5,0.5,1,19.5728,9692.7,3,0,0,0,0.28966786049045906
2020-10-12,Penrith,0,0,1.080999181818182,10.259888,0,25.289703,12.898895166666668,71.93018795833333,1.97145736,1008.7927658333332,0.77152252136,55.0,3.0,0,11.4378,1496.4,10,0,0,0,0.008318595186890187
2020-04-27,Fairfield,0,0,0.2113647272727273,16.182098,0,20.960236,14.147978416666668,81.40335083333333,2.2649731583333335,1015.6978308333332,2.3918151733,27.0,4.0,0,13.6634,4527.0,4,0,0,0,0.008069250893565385
2020-03-26,Fairfield,0,0,0.5065727500000001,16.067474,0,21.515411,14.828961645833331,78.97598516666666,3.8510168208333337,1017.1644679166668,6.2227249095,27.0,4.0,0,13.6634,4527.0,3,0,0,0,0.18962650680721566
2020-02-21,Blacktown,0,0,0.4036865454545454,18.477875,0,24.517609,15.7528064375,71.83982691666667,2.0736432358333334,1008.9513720833334,1.3203620988,35.0,6.0,0,9.17505,3615.4,2,1,0,0,0.22547731024421902
2020-02-20,Bankstown,0,0,0.2153431818181821,19.157562,0,22.900543,14.271265708333331,71.354572125,2.7437066958333336,1002.7510695833332,1.3771057223,18.0,5.0,0,12.4235,6471.6,2,1,0,0,0.2580516274253398
2020-08-02,Bankstown,0,0,0.6519692727272727,5.732025,0,17.576324,6.850791970833334,77.69408183333333,1.5629300300000002,1015.6864725,0.0,18.0,5.0,0,12.4235,6471.6,8,0,0,0,0.00024211994096113242
2020-10-02,Cronulla,0,0,0.2708574545454544,15.419708,0,19.013855,12.915959645833333,78.55061341666666,3.720144829166667,1018.4300975,0.0,0.5,0.5,1,18.6816,1026.8,10,0,0,0,0.032890472025492244
2020-10-06,Manly,0,1,0.0707873333333333,17.05371,0,18.47754,14.46283725,83.41310475,6.3389425875,1016.1274075,0.48112869342,0.5,0.5,1,26.2541,3641.8,10,0,0,0,0.058598598345029035
2020-03-23,Cronulla,0,1,0.128069142857143,18.389374,0,20.231903,15.1121293125,76.85291058333333,6.746301229166666,1019.4149154166666,4.135608675,0.5,0.5,1,18.6816,1026.8,3,0,0,0,0.18321387475731474
2020-08-23,Cronulla,0,0,0.2269952727272727,10.699158,0,15.263092,4.319662725,57.913777708333335,9.4892347625,1002.4048666666666,0.315666194,0.5,0.5,1,18.6816,1026.8,8,0,0,0,0.027772481665840166
2020-02-01,Campbelltown,0,0,1.3746975454545451,25.810303,1,43.021576,20.629610833333334,57.745395,1.7319218129166665,994.0901941666666,0.00047683716,40.0,10.0,0,10.7411,1577.7,2,1,0,0,0.07297390378634257
2020-05-19,Parramatta,0,0,0.4810735909090908,10.5572815,0,20.93222,12.282702166666668,82.912927875,1.4822031191666667,1020.2142454166666,0.1869201644599999,20.0,1.0,0,17.0356,4087.8,5,0,0,0,0.0038230473825812796
2020-07-09,Penrith,0,0,0.4035560909090909,6.744385,0,17.632355,8.042292295833333,88.39211270833334,1.48868543375,1015.3487658333332,0.3771782004,55.0,3.0,0,11.4378,1496.4,7,0,0,0,0.009328453989495339
2020-06-21,Blacktown,0,0,0.5555054,6.709503,0,17.447388,9.44756195,81.17071429166667,2.3952007666666666,1005.06273125,6.5774917649999995,35.0,6.0,0,9.17505,3615.4,6,0,0,0,0.013222945020763297
2020-11-03,Bondi,0,1,0.1783059090909091,16.1586,0,18.157074,11.736243041666668,70.17529520833334,3.4438721375,1019.7386845833332,0.0829696645,0.5,0.5,1,19.5728,9692.7,11,0,0,0,0.017976040779881203
2020-10-20,Campbelltown,0,0,0.6078213636363639,12.583649,0,20.673431,12.8647079375,77.17456454166667,2.0599479833333336,1003.49601625,1.55544280472,40.0,10.0,0,10.7411,1577.7,10,0,0,0,0.0011268378863037694
2020-06-18,Campbelltown,0,0,0.6822784,6.183136,0,17.160278,8.085591641666667,74.89301041666666,1.5515333520833334,1021.0378516666666,0.2012252817,40.0,10.0,0,10.7411,1577.7,6,0,0,0,0.00024211994096113242
2020-05-27,Manly,0,0,0.211497909090909,13.572784,0,17.389984,11.607523666666664,74.52562158333333,3.001706415833333,1016.55595875,0.5469322176,0.5,0.5,1,26.2541,3641.8,5,0,0,0,0.02370003484058635
2020-11-29,Bankstown,0,0,0.5240867272727272,17.973541,1,37.402313,14.441291666666666,47.307917874999994,6.7501515375,995.3452025,0.0009536743,18.0,5.0,0,12.4235,6471.6,11,0,0,0,0.031337287396205046
2020-08-29,Parramatta,0,0,0.9297929454545456,4.8230286,0,21.100494,4.5530306125,66.640975875,2.0924352208333334,1021.2464216666668,0.0,20.0,1.0,0,17.0356,4087.8,8,0,0,0,0.0015087971649209106
2020-11-23,Coogee,0,0,0.5017035454545454,18.079681,0,24.599762,18.016531541666662,78.04048412499999,4.415550945833333,1002.4711825,1.723766341,0.5,0.5,1,18.7764,7453.6,11,0,0,1,0.6867088622204467
2020-05-10,Penrith,0,0,0.6458463181818181,3.3298035,0,17.248505,1.46378452375,51.089442041666665,2.6906107250000004,1006.57547625,0.0,55.0,3.0,0,11.4378,1496.4,5,0,0,0,0.0005313777385676057
2020-11-04,Fairfield,0,0,0.8531646250000002,18.105133,0,26.901764,12.2210108125,69.47887370833332,2.5408955166666667,1007.48254125,0.0,27.0,4.0,0,13.6634,4527.0,11,0,0,0,0.017409311104940452
2020-02-19,Blacktown,0,0,0.9688443636363636,15.987396,0,27.84726,12.489112916666668,50.748413375000005,3.328418741666667,996.3483466666668,0.0,35.0,6.0,0,9.17505,3615.4,2,1,0,0,0.05329158693903453
2020-04-15,Penrith,0,0,0.7664306000000002,14.567841,0,28.66336,13.220479354166663,73.5981955,1.6268331233333333,1006.9691895833332,0.0,55.0,3.0,0,11.4378,1496.4,4,0,0,0,0.012740046410111254
2020-09-20,Ryde,0,0,0.4392228181818179,13.552765,0,20.673553,15.085543333333334,84.96937604166668,3.4942421333333336,1007.2081133333332,11.87896726656,13.0,2.0,0,23.3227,4521.5,9,0,0,0,0.06729802005223966
2020-11-20,Bondi,0,0,0.4774261000000003,18.620575,0,23.835846,18.034455625,82.64780704166667,5.810857250000001,1011.8495004166666,0.549316405,0.5,0.5,1,19.5728,9692.7,11,0,0,1,0.7896259800369226
2020-11-18,Coogee,0,1,0.1179643636363636,18.045135,0,19.463226,13.9157168125,73.674814875,5.333684625,1018.89967,0.57268142742,0.5,0.5,1,18.7764,7453.6,11,0,0,0,0.031265452948221084
2020-03-29,Manly,0,0,0.2261445000000002,20.04602,0,22.401215,18.192950041666663,85.91812987499999,5.422805154166667,1014.0053758333332,5.68246841,0.5,0.5,1,26.2541,3641.8,3,0,0,1,0.8936604631267887
2020-01-30,Ryde,0,0,0.616887818181818,21.74643,1,30.089996,19.045485166666666,73.8202835,2.40729083125,1008.4817270833332,0.01049041752,13.0,2.0,0,23.3227,4521.5,1,1,0,0,0.23712233132021066
2020-04-13,Penrith,0,0,0.8239380000000001,8.465912,0,21.265411,9.4772733125,77.398712,1.3409264195833333,1006.7608158333333,0.0,55.0,3.0,0,11.4378,1496.4,4,0,0,0,0.013672323318842524
2020-05-08,Fairfield,0,0,0.8959825555555554,12.662323,0,27.211761,10.30110425,62.82639341666667,2.973808125,1009.9881270833332,0.0,27.0,4.0,0,13.6634,4527.0,5,0,0,0,0.014651234427365368
2020-05-05,Coogee,0,0,0.2682300909090909,14.741119,0,17.913055,13.281211958333332,79.59901599999999,5.203900391666667,1024.41629875,5.159378095,0.5,0.5,1,18.7764,7453.6,5,0,0,0,0.026039376333766365
2020-03-30,Campbelltown,0,0,0.7717506363636365,15.229218,0,23.921844,17.710221583333333,87.27993341666667,1.6620434333333334,998.7891704166668,2.21300122516,40.0,10.0,0,10.7411,1577.7,3,0,0,0,0.2794351359597791
2020-10-07,Parramatta,0,0,0.2038074545454545,16.621735,0,20.747711,15.717524375000002,84.18255633333334,1.5038036879166663,1012.1362195833334,2.04038616272,20.0,1.0,0,17.0356,4087.8,10,0,0,0,0.047937352209383215
2020-04-30,Bondi,0,1,0.1396761363636363,13.0503235,0,20.906189,13.828483458333332,78.99261395833334,6.071845870833333,1002.23606375,13.02719132016,0.5,0.5,1,19.5728,9692.7,4,0,0,0,0.09854499462022139
2020-01-07,Parramatta,0,0,0.6722357272727273,21.863037,1,31.060791,19.868101749999997,73.29280008333333,2.3952576979166667,1006.4801295833332,0.46634673406,20.0,1.0,0,17.0356,4087.8,1,1,0,0,0.21803820909158195
2020-03-30,Cronulla,0,0,0.2389027272727272,20.692108,0,23.320038,18.880062125,84.009308375,3.354295008333333,1008.5116741666668,1.235008243,0.5,0.5,1,18.6816,1026.8,3,0,0,1,0.8521249030383068
2020-12-04,Penrith,0,0,1.490045636363636,16.13028,1,33.710022,12.338438725,58.32050366666667,2.0580325445833334,999.53246,0.00047683716,55.0,3.0,0,11.4378,1496.4,12,1,0,0,0.01978914535059766
2020-04-26,Bondi,0,0,0.3577909090909088,17.65509,0,23.964905,13.867273958333334,67.5466225,5.1306872750000005,1010.2577170833332,0.8754730230000001,0.5,0.5,1,19.5728,9692.7,4,0,0,0,0.17282956550674375
2020-02-27,Blacktown,0,0,0.8579795454545455,15.028442,0,25.151123,15.561594583333331,69.58829595833333,2.9726782625,1002.3710170833332,0.8940696729,35.0,6.0,0,9.17505,3615.4,2,1,0,0,0.22574961955573652
2020-02-28,Bondi,1,1,0.0594316363636363,20.918762,0,22.238892,15.594161958333332,70.16762741666666,5.1139625625,1006.7074858333334,0.24986267386,0.5,0.5,1,19.5728,9692.7,2,1,1,1,0.8861077191949378
2020-03-28,Penrith,0,0,0.2548107272727271,17.033142,0,21.73404,13.983256,82.55911020833334,1.7257608066666668,1010.3660808333334,5.7702063919,55.0,3.0,0,11.4378,1496.4,3,0,0,0,0.1031282793358312
2020-09-11,Campbelltown,0,0,0.697451490909091,7.4272156,0,18.84134,9.315859458333334,76.65436620833334,2.0765593416666666,1015.16141625,0.33950805592,40.0,10.0,0,10.7411,1577.7,9,0,0,0,0.00030636383282176504
2020-08-22,Blacktown,0,0,0.2074017857142855,9.256531,0,14.256226,1.68655904125,54.28348358333333,4.981321191666667,997.5966158333334,0.4363059952999999,35.0,6.0,0,9.17505,3615.4,8,0,0,0,0.0022307983363207156
2020-12-09,Fairfield,0,0,0.7799988181818182,14.881622,0,25.755768,10.9556185625,62.756026,2.4227605708333333,1010.4992770833333,0.0019073486,27.0,4.0,0,13.6634,4527.0,12,1,0,0,0.0498965271405599
2020-07-28,Campbelltown,0,0,0.5182439090909091,8.86142,0,17.59784,11.5953828125,81.49913870833333,4.241863116666667,994.1247554166666,5.29956816858,40.0,10.0,0,10.7411,1577.7,7,0,0,0,0.011920395070025583
2020-01-17,Campbelltown,1,1,0.1866731818181816,20.143616,0,22.384094,17.710133791666667,83.04854816666666,3.6321910208333335,994.6003429166668,6.144523605,40.0,10.0,0,10.7411,1577.7,1,1,1,1,0.5742566160382699
2020-09-21,Campbelltown,0,0,0.6595519999999997,17.978546,0,29.104706,13.8259786875,73.19195958333333,2.2968515000000003,994.64668625,0.0243186945,40.0,10.0,0,10.7411,1577.7,9,0,0,0,0.0070589147215481506
2020-04-09,Manly,0,1,0.1296300000000003,18.240875,0,19.937958,15.06065375,78.55843775,3.4939957791666667,1020.3069966666668,1.742839813,0.5,0.5,1,26.2541,3641.8,4,0,0,0,0.04506494183491938
2020-09-04,Cronulla,0,0,0.2833973636363636,13.655243,0,18.75824,13.2515983125,78.62469775000001,3.4368897041666666,1010.6839841666666,5.61809543916,0.5,0.5,1,18.6816,1026.8,9,0,0,0,0.0507092658677966
2020-10-24,Campbelltown,0,0,0.8489608750000002,13.330597,0,24.045776,18.17595916666667,91.168525625,1.7935301620833333,990.17125,10.51950445366,40.0,10.0,0,10.7411,1577.7,10,0,0,0,0.480353209003531
2020-08-30,Parramatta,0,0,0.6910928181818181,12.616119,0,25.813385,6.1957638875,62.82580470833333,2.4802767125,1015.0174216666666,0.0,20.0,1.0,0,17.0356,4087.8,8,0,0,0,0.015830384858573594
2020-11-24,Manly,0,1,0.174272,17.942108,0,20.522186,14.860623666666667,75.77054858333334,6.077274854166667,1006.3809320833334,0.11920929046,0.5,0.5,1,26.2541,3641.8,11,0,0,0,0.05563532046173987
2020-01-13,Cronulla,1,1,0.1645285454545457,20.493439,0,22.421478,15.750750229166668,71.62902958333333,4.229079954166667,1013.8348875,1.11675262726,0.5,0.5,1,18.6816,1026.8,1,1,1,1,0.911686239684383
2020-05-25,Campbelltown,0,1,0.1041093636363636,12.992828,0,15.577484,9.083909345833334,75.05942891666666,5.101947079166666,1003.0790341666668,3.63445280266,40.0,10.0,0,10.7411,1577.7,5,0,0,0,0.00813558401808725
2020-04-06,Fairfield,0,0,0.2894480909090908,15.128601,0,22.961578,11.189558624999998,69.39849383333333,2.7513656833333333,1010.47225625,0.0896453848,27.0,4.0,0,13.6634,4527.0,4,0,0,0,0.028400414881767574
2020-04-18,Penrith,0,0,0.7972967272727272,8.272125,0,23.585968,7.1272316375,64.407661625,1.6753569045833334,998.7792695833332,0.0,55.0,3.0,0,11.4378,1496.4,4,0,0,0,0.012587857045766837
2020-05-12,Penrith,0,0,0.715309790909091,5.4336243,0,19.862244,5.3697242916666665,75.58082645833333,1.8123357375,1011.74124,0.0,55.0,3.0,0,11.4378,1496.4,5,0,0,0,0.00040423773287576203
2020-10-24,Blacktown,0,0,0.7869491250000002,14.221222,0,24.252808,18.593765333333337,87.80062145833334,2.8730469499999995,997.63792,9.0584754811,35.0,6.0,0,9.17505,3615.4,10,0,0,1,0.6262630757095271
2020-01-03,Bankstown,0,0,0.5461759090909091,20.999115,0,29.523865,19.334999083333333,72.20186879166667,3.2956028933333332,1006.84502125,0.9756088124,18.0,5.0,0,12.4235,6471.6,1,1,0,0,0.27194615590100224
2020-05-10,Bondi,0,0,0.4227119999999998,12.389191,0,16.94226,5.18334835,54.458096000000005,6.880159316666667,1014.8758795833334,0.0,0.5,0.5,1,19.5728,9692.7,5,0,0,0,0.026310028594388607
2020-02-28,Blacktown,0,0,0.4774004545454544,17.358215,0,25.451569,13.465255795833334,68.70613387499999,2.813147520833333,1004.2254045833332,0.300884254,35.0,6.0,0,9.17505,3615.4,2,1,0,0,0.14241247005037624
2020-12-29,Parramatta,0,0,0.2064597272727271,17.997406,0,20.53653,16.134283625,86.77654891666667,2.914270866666667,1006.7873920833334,2.6760101568,20.0,1.0,0,17.0356,4087.8,12,1,0,0,0.22519746661676251
2020-08-06,Liverpool,0,0,0.2280465,8.187286,0,15.079102,1.78210703375,59.245683125,3.1772149958333333,1010.5309829166667,0.0,30.0,2.0,0,8.27098,5139.4,8,0,0,0,0.0017105461089043624
2020-07-06,Coogee,0,1,0.1253967272727273,12.93277,0,15.512665,8.591349291666667,71.35720958333333,4.658218545833333,1021.89771,0.0,0.5,0.5,1,18.7764,7453.6,7,0,0,0,0.016322257815358444
2020-07-18,Liverpool,0,0,0.5874689090909091,6.931488,0,16.220428,8.516391795833334,77.18087125,2.088234899166667,1012.7666175,0.1821517923,30.0,2.0,0,8.27098,5139.4,7,0,0,0,0.001160996407395028
2020-01-22,Manly,0,0,0.3458149999999997,23.207031,0,26.482788,20.08123525,78.07528558333333,3.6959438554166666,1003.9533883333334,0.0,0.5,0.5,1,26.2541,3641.8,1,1,0,1,0.8503902630917363
2020-12-08,Cronulla,0,1,0.1257906363636365,16.671906,0,20.663757,9.97802225,60.62111620833334,6.859378195833333,1007.7022208333332,0.3743171721,0.5,0.5,1,18.6816,1026.8,12,1,0,0,0.20885712356260583
2020-03-15,Bankstown,0,0,0.2267789090909091,16.588043,0,19.508575,12.515341479166668,73.0121785,5.2037867875,1013.900675,2.0575523573,18.0,5.0,0,12.4235,6471.6,3,0,0,0,0.08458820773793096
2020-05-16,Campbelltown,0,0,0.7078064000000001,7.474884,0,18.35147,10.186553833333331,83.17527145833334,1.4318532583333334,1015.6449770833332,0.5860328607199999,40.0,10.0,0,10.7411,1577.7,5,0,0,0,0.001373793738692091
2020-06-26,Penrith,0,0,0.5239369090909091,6.689148,0,17.681793,4.8339233375,73.33167745833333,1.8662860858333332,1009.42739,0.0,55.0,3.0,0,11.4378,1496.4,6,0,0,0,0.00040423773287576203
2020-03-23,Fairfield,0,0,0.3494650909090909,16.269867,0,21.548187,13.886950166666669,70.91615945833333,3.4744695416666667,1016.98574125,2.4175643921,27.0,4.0,0,13.6634,4527.0,3,0,0,0,0.11332111493724727
2020-03-20,Parramatta,0,0,1.5651854545454542,16.24942,1,34.80136,14.2935816875,56.93033716666667,2.938560879166667,1006.9960695833332,0.0,20.0,1.0,0,17.0356,4087.8,3,0,0,0,0.06051429770198867
2020-09-09,Fairfield,0,1,0.121261625,12.189148,0,15.802582,12.235276604166666,88.43114287499999,3.519360766666667,1019.4574833333332,13.1187439052,27.0,4.0,0,13.6634,4527.0,9,0,0,0,0.03830363064045267
2020-10-11,Cronulla,0,0,0.3374583333333334,17.970093,0,21.28183,12.044310208333334,67.29632229166667,3.558289229166667,1015.4884370833332,0.0,0.5,0.5,1,18.6816,1026.8,10,0,0,0,0.0913143475776488
2020-06-26,Liverpool,0,0,0.3149525454545454,8.60321,0,17.4982,6.755391391666667,73.49851654166666,2.875623375,1015.0740570833332,0.069141387,30.0,2.0,0,8.27098,5139.4,6,0,0,0,0.001126018621172242
2020-10-01,Parramatta,0,0,0.7952798181818181,8.583862,0,25.315521,10.4845531125,66.09396470833333,3.033555625,1008.26766125,1.5001297056,20.0,1.0,0,17.0356,4087.8,10,0,0,0,0.018123448176265423
2020-07-26,Fairfield,0,0,0.3621419999999998,14.922638,0,16.305878,13.461572041666663,97.52042645833336,3.242628629166667,1007.21372875,86.263179235,27.0,4.0,0,13.6634,4527.0,7,0,0,0,0.03977404333138524
2020-05-21,Campbelltown,0,0,0.5441328571428569,9.489166,0,17.149628,11.875993179166665,90.24438379166666,1.8587512125,997.5596883333332,39.9632456873,40.0,10.0,0,10.7411,1577.7,5,0,0,0,0.03132579143273958
2020-08-20,Cronulla,0,0,0.2438826363636362,11.988922,0,16.244629,5.571833295833334,57.52998895833333,7.9246499125,996.6037083333334,0.0,0.5,0.5,1,18.6816,1026.8,8,0,0,0,0.024078758115857885
2020-01-18,Liverpool,0,0,0.2170520909090909,19.746307,0,22.749115,18.251211666666663,82.024070125,4.5314389791666665,1001.4501595833334,3.5243034536,30.0,2.0,0,8.27098,5139.4,1,1,0,1,0.6815116508039185
2020-10-27,Fairfield,0,0,0.5001082272727274,12.4748535,0,19.468048,12.131078083333334,79.63832370833333,4.335206783333333,1012.052335,1.693248761,27.0,4.0,0,13.6634,4527.0,10,0,0,0,0.004944003643235496
2020-04-08,Coogee,0,1,0.0755309999999999,18.655823,0,19.69281,14.262036770833332,76.23732129166667,3.307232975,1017.20503875,11.332035136,0.5,0.5,1,18.7764,7453.6,4,0,0,0,0.04952365271475658
2020-11-02,Bondi,0,1,0.1873807272727272,15.818329,0,18.301056,12.2084756875,71.05816308333333,7.3240620375,1021.0549579166668,0.06103515588,0.5,0.5,1,19.5728,9692.7,11,0,0,0,0.022994569144000443
2020-06-24,Coogee,0,0,0.2289318181818181,12.977325,0,17.203339,8.865202591666666,71.171247875,7.522832254166667,1009.2088716666668,1.197338104,0.5,0.5,1,18.7764,7453.6,6,0,0,0,0.03760462364005697
2020-09-03,Manly,0,0,0.3784401818181816,18.26535,0,24.566742,11.405309041666667,57.4708115,6.425833758333333,1010.7424204166668,0.0,0.5,0.5,1,26.2541,3641.8,9,0,0,0,0.14870112135897648
2020-10-08,Cronulla,0,0,0.5339272727272728,16.515228,0,22.449005,15.319306666666668,76.94714204166667,4.6207602,1006.6761266666668,6.1674118027,0.5,0.5,1,18.6816,1026.8,10,0,0,0,0.267765985395209
2020-12-17,Manly,1,1,0.1787497272727272,22.510834,0,25.392914,20.540964791666667,84.56335591666667,5.0837295375,1001.1592704166666,3.7984847719,0.5,0.5,1,26.2541,3641.8,12,1,1,1,0.8423293717100396
2020-07-12,Bankstown,0,0,0.2912475499999999,8.66214,0,16.500732,9.5846557875,88.27477016666667,1.3151560804166669,1007.6075533333332,4.4622421307,18.0,5.0,0,12.4235,6471.6,7,0,0,0,0.008774697722200775
2020-10-13,Parramatta,0,0,0.910933,15.432831,0,28.804047,11.866972583333334,68.46178979166667,2.025077427083333,1014.7796083333332,0.00524520872,20.0,1.0,0,17.0356,4087.8,10,0,0,0,0.012036380772225588
2020-04-03,Penrith,0,1,0.118190285714286,19.759735,0,24.09549,17.4529279375,89.20963029166667,1.91588581125,994.0794908333334,9.4113350304,55.0,3.0,0,11.4378,1496.4,4,0,0,0,0.3207103370525438
2020-10-27,Penrith,0,0,0.546450590909091,11.7561035,0,19.153595,11.319310541666669,79.85488675,3.261073025,1005.9502545833334,1.2712478699,55.0,3.0,0,11.4378,1496.4,10,0,0,0,0.0038913683762979716
2020-07-01,Manly,0,0,0.3433716,13.4039,0,19.141663,8.697116891666667,69.07988058333333,4.7468652375,1015.3652808333331,0.0,0.5,0.5,1,26.2541,3641.8,7,0,0,0,0.02266831638909188
2020-12-30,Ryde,0,0,0.3659250909090907,17.449524,0,22.068207,16.815388979166666,83.68880058333333,3.5078820375,1010.8363779166666,8.1481933054,13.0,2.0,0,23.3227,4521.5,12,1,0,1,0.5218187204694944
2020-04-22,Fairfield,0,0,0.9620583636363635,8.824371,0,25.324188,9.994099916666666,64.366602875,1.9287861670833335,1010.25328125,0.0,27.0,4.0,0,13.6634,4527.0,4,0,0,0,0.01397057876457845
2020-02-01,Manly,1,1,0.1941146249999996,28.675934,1,31.63681,21.857149708333335,70.05246662500001,5.933326841666666,1004.0189433333334,0.0,0.5,0.5,1,26.2541,3641.8,2,1,1,1,0.768689317816569
2020-03-20,Liverpool,0,0,1.4057394545454542,17.034576,1,33.445892,15.604535354166666,60.96258775,2.9435450333333333,1006.24439375,0.0,30.0,2.0,0,8.27098,5139.4,3,0,0,0,0.08040544384981879
2020-12-26,Coogee,0,1,0.1713811818181816,19.313324,0,21.28006,16.013130166666667,77.29452758333333,5.3974679875,1013.5070091666666,6.157398327299999,0.5,0.5,1,18.7764,7453.6,12,1,0,0,0.4740834115373535
2020-09-03,Fairfield,0,0,0.7592995454545456,16.409882,0,29.806976,9.234654808333334,49.823106208333336,4.090624991666666,1008.0578341666666,0.0,27.0,4.0,0,13.6634,4527.0,9,0,0,0,0.016438159852965005
2020-03-18,Manly,0,0,0.3809813636363637,17.93332,0,22.535645,14.914419791666669,75.34312229166666,2.901485441666667,1019.6723125,0.0042915344599999,0.5,0.5,1,26.2541,3641.8,3,0,0,0,0.34149378675905295
2020-05-20,Bankstown,0,0,0.4376858181818182,14.377808,0,23.448639,11.71045175,74.67036374999999,2.967046625,1010.0214775,0.0009536743,18.0,5.0,0,12.4235,6471.6,5,0,0,0,0.020459885129649535
2020-02-13,Penrith,0,0,0.4367980909090909,19.82898,0,24.633759,21.343892416666662,91.99049395833332,1.8993613308333333,997.6113995833332,9.2110633096,55.0,3.0,0,11.4378,1496.4,2,1,0,0,0.44902280748431045
2020-10-08,Ryde,0,0,1.2917397272727271,11.87265,0,27.39627,14.411998729166667,69.37332979166666,2.902373491666667,1004.1336216666668,7.1072578786000005,13.0,2.0,0,23.3227,4521.5,10,0,0,0,0.040314848394681774
2020-03-13,Fairfield,0,0,0.8228393,15.507355,0,25.302155,13.966808375,75.101580875,2.4143937345833333,1011.14130375,0.0,27.0,4.0,0,13.6634,4527.0,3,0,0,0,0.06642639815216664
2020-06-25,Manly,0,0,0.4662280909090908,10.431824,0,17.202423,8.114432025000001,69.56337254166667,4.8469907999999995,1014.0803066666668,0.00333786,0.5,0.5,1,26.2541,3641.8,6,0,0,0,0.02459287658049909
2020-10-05,Ryde,0,0,2.0842982857142855,15.847992,1,33.123383,10.985397345833334,52.453505375,2.815395975,1008.9347375,0.0,13.0,2.0,0,23.3227,4521.5,10,0,0,0,0.02294792549552772
2020-02-09,Bankstown,1,1,0.0470109090909089,21.15686,0,22.165558,19.621785416666665,89.98988125,9.300785408333336,1004.9288375,145.63846605,18.0,5.0,0,12.4235,6471.6,2,1,1,1,0.8640488243948978
2020-06-07,Penrith,0,0,0.3226207272727273,8.216095,0,15.977966,7.0270182583333325,86.11914225,1.8256710595833336,1009.37535375,2.7937889199,55.0,3.0,0,11.4378,1496.4,6,0,0,0,0.009012349982998916
2020-10-03,Manly,0,0,0.351224,15.764923,0,21.876434,13.8224118125,76.04530866666666,5.215558879166667,1018.90425125,0.0,0.5,0.5,1,26.2541,3641.8,10,0,0,0,0.14731330729735712
2020-12-07,Blacktown,0,0,1.255213,14.935791,0,29.68985,6.991901391666667,40.637974375,3.8035325458333338,997.3096291666668,0.0,35.0,6.0,0,9.17505,3615.4,12,1,0,0,0.028591821210936414
2020-12-16,Ryde,0,0,0.3354241818181817,21.200928,0,27.83786,21.719426458333334,87.72813179166667,3.5332617083333333,1002.9622183333332,20.13254161546,13.0,2.0,0,23.3227,4521.5,12,1,0,1,0.5641688159759288
2020-03-23,Penrith,0,0,0.4213756363636364,14.881195,0,20.645844,13.163398770833334,71.433685,2.41967082375,1010.79491,2.3827552641,55.0,3.0,0,11.4378,1496.4,3,0,0,0,0.05892448582411225
2020-12-03,Manly,0,1,0.0929932,19.25827,0,20.463654,16.212418875,80.398223,4.8175426,1016.01081375,1.07192993706,0.5,0.5,1,26.2541,3641.8,12,1,0,0,0.3176831800463634
2020-11-23,Cronulla,0,0,0.5017035454545454,18.079681,0,24.599762,18.016531541666662,78.04048412499999,4.415550945833333,1002.4711825,1.723766341,0.5,0.5,1,18.6816,1026.8,11,0,0,1,0.6908118221657849
2020-01-09,Bankstown,0,0,0.251790333333333,21.463287,0,24.728607,18.337994916666663,77.62847095833332,3.62614645,1008.85845375,0.50973892186,18.0,5.0,0,12.4235,6471.6,1,1,0,1,0.5830444095858085
2020-09-26,Ryde,0,0,0.505601409090909,7.9150085,0,17.133331,0.8320528729166666,45.46371625,6.053234275,1003.20230625,0.0,13.0,2.0,0,23.3227,4521.5,9,0,0,0,0.009041450183681344
2020-10-29,Campbelltown,0,0,0.8269866999999997,9.912323,0,20.878021,13.270261104166666,82.48940891666666,1.8627056816666665,997.5469933333334,9.0370178228,40.0,10.0,0,10.7411,1577.7,10,0,0,0,0.024066486652051022
2020-11-15,Bondi,1,1,0.116826727272727,20.11728,0,21.402374,17.491167708333332,86.68190004166667,4.1742597041666665,1010.0561029166666,0.00286102292,0.5,0.5,1,19.5728,9692.7,11,0,1,1,0.7778078993324357
2020-01-28,Coogee,1,1,0.0888228181818181,23.251068,0,25.191132,22.457602166666664,89.08252195833334,3.6111891158333336,1007.0148545833334,0.86975098218,0.5,0.5,1,18.7764,7453.6,1,1,1,1,0.9478488880155741
2020-04-10,Bondi,0,0,0.2175265454545454,16.607086,0,20.244812,16.31286875,84.10633233333333,5.928311791666666,1011.8499491666666,8.6908340243,0.5,0.5,1,19.5728,9692.7,4,0,0,0,0.21865067448880202
2020-06-23,Penrith,0,0,0.6608057714285716,5.3499756,0,15.537476,3.808092779166667,70.65996508333333,2.8407471041666668,998.3117308333334,0.0009536743,55.0,3.0,0,11.4378,1496.4,6,0,0,0,0.0005313777385676057
2020-05-21,Blacktown,0,0,0.6780612857142856,9.64151,0,18.340057,12.251074541666666,84.34117733333333,2.613005622083333,1004.9746833333334,31.4574242192,35.0,6.0,0,9.17505,3615.4,5,0,0,0,0.02485525050117431
2020-01-30,Liverpool,0,0,0.4669860999999997,22.467804,0,28.397522,18.986077666666667,75.20813520833333,2.51138632375,1007.9346375,0.00190734862,30.0,2.0,0,8.27098,5139.4,1,1,0,0,0.25069586292593454
2020-03-21,Penrith,0,0,0.4349864545454545,16.930939,0,25.341766,14.236852,73.3597495,1.7216445304166663,1005.4519758333334,0.5655288699200001,55.0,3.0,0,11.4378,1496.4,3,0,0,0,0.035266306267607475
2020-01-16,Coogee,1,1,0.1447810000000002,21.207092,0,23.25241,20.319918416666667,88.265485125,2.7879486141666665,1002.376285,7.638454402,0.5,0.5,1,18.7764,7453.6,1,1,1,1,0.9383626072972541
2020-12-14,Ryde,0,0,0.532436,19.11856,0,24.56009,16.722646083333334,78.54265029166667,2.4155993875,1012.4431066666666,5.35678865536,13.0,2.0,0,23.3227,4521.5,12,1,0,0,0.35870269633659135
2020-12-17,Coogee,1,1,0.131342090909091,22.368256,0,24.059052,20.507517458333332,86.63114566666667,5.495059458333333,1001.1834195833334,1.85680389512,0.5,0.5,1,18.7764,7453.6,12,1,1,1,0.8861375670147865
2020-01-01,Bondi,0,1,0.0919300909090911,19.958038,0,21.51651,17.15940030769231,78.69835923076923,5.513414469230769,1010.3648153846152,0.041961669,0.5,0.5,1,19.5728,9692.7,1,1,0,1,0.9275004972273497
2020-03-12,Cronulla,0,1,0.185241636363636,19.835419,0,21.973145,15.385673541666668,71.94574316666667,3.3830823958333336,1019.0660895833332,2.952575693,0.5,0.5,1,18.6816,1026.8,3,0,0,1,0.5195736876473341
2020-10-24,Cronulla,0,0,0.6404768571428571,15.601837,0,20.649292,18.214614916666665,90.165396125,5.5222730250000005,1000.1150016666668,9.778022689,0.5,0.5,1,18.6816,1026.8,10,0,0,0,0.4186454827131895
2020-08-25,Cronulla,0,0,0.217829,10.371429,0,13.190216,6.015083320833334,68.425482125,4.2255182583333335,1021.3900620833332,0.136375426,0.5,0.5,1,18.6816,1026.8,8,0,0,0,0.015696260173957678
2020-02-26,Cronulla,0,0,0.5965630909090908,19.894379,0,27.68863,19.54355754166667,74.83695291666668,5.5410872541666665,1001.77228625,0.3671646079,0.5,0.5,1,18.6816,1026.8,2,1,0,1,0.9040018526718492
2020-09-26,Bondi,0,0,0.2714039090909091,11.479462,0,15.6753845,4.075705195833334,55.36104529166667,8.9910140375,1005.2043941666668,0.1068115209999999,0.5,0.5,1,19.5728,9692.7,9,0,0,0,0.02476029531315289
2020-08-22,Fairfield,0,0,0.2074017857142855,9.256531,0,14.256226,1.68655904125,54.28348358333333,4.981321191666667,997.5966158333334,0.4363059952999999,27.0,4.0,0,13.6634,4527.0,8,0,0,0,0.0022307983363207156
2020-04-13,Bondi,0,1,0.1731344545454544,17.328156,0,19.514801,12.208799937499998,70.094375125,2.327150745,1015.64498375,0.0,0.5,0.5,1,19.5728,9692.7,4,0,0,0,0.019831048349801914
2020-08-07,Blacktown,0,1,0.1647866363636364,10.256317,0,12.242889,8.585309416666666,90.16973820833334,1.6618691441666666,1012.5267120833332,14.7018432543,35.0,6.0,0,9.17505,3615.4,8,0,0,0,0.02916601622579002
2020-02-17,Parramatta,0,0,0.3774913636363635,19.67923,0,24.230927,19.80793,86.52754108333333,1.2666525775000002,1006.2709104166668,3.88860702826,20.0,1.0,0,17.0356,4087.8,2,1,0,0,0.4711439462844055
2020-10-23,Penrith,0,0,0.6361361818181819,18.266937,0,28.388031,15.589794166666666,74.260749625,1.9004834316666663,997.91574625,0.04196167066,55.0,3.0,0,11.4378,1496.4,10,0,0,0,0.016074079340488944
2020-08-05,Coogee,0,0,0.3736572727272726,9.550262,0,15.225861,2.075255075,52.99639441666667,7.1577663708333334,1008.22157375,0.0,0.5,0.5,1,18.7764,7453.6,8,0,0,0,0.025620481467241857
2020-11-28,Blacktown,0,0,1.5050116666666666,25.756805,1,40.949738,15.151617625,50.987825854166665,3.573456429166667,1000.3618875,0.0,35.0,6.0,0,9.17505,3615.4,11,0,0,0,0.01904053768881496
2020-08-30,Cronulla,0,0,0.3769947272727272,14.807526,0,19.450958,10.432336104166668,70.34853054166668,4.9707207166666665,1017.4324279166668,0.0,0.5,0.5,1,18.6816,1026.8,8,0,0,0,0.027410331031375246
2020-08-03,Cronulla,0,0,0.5239368181818181,11.369415,0,17.740509,9.271114420833332,72.35049925,2.9770902375,1012.8332783333334,0.0,0.5,0.5,1,18.6816,1026.8,8,0,0,0,0.027762648228404675
2020-07-12,Cronulla,0,1,0.1453358181818181,11.702484,0,15.462067,10.718851791666667,83.09464120833333,1.797630407083333,1010.6958920833334,5.3310394585,0.5,0.5,1,18.6816,1026.8,7,0,0,0,0.06016609710857912
2020-10-01,Manly,0,0,0.291196,13.443237,0,21.262482,11.732030291666668,70.390480875,3.906184075,1010.8439208333332,2.73752211282,0.5,0.5,1,26.2541,3641.8,10,0,0,0,0.11595383887891131
2020-06-15,Campbelltown,0,0,0.6996875909090909,5.6615295,0,19.050262,6.370349875,70.98187275,2.6273026083333333,1007.0535933333334,0.0,40.0,10.0,0,10.7411,1577.7,6,0,0,0,0.0005313777385676057
2020-02-04,Campbelltown,0,0,0.4600275454545455,16.172943,0,22.331451,9.754642495833334,54.05219275,3.2597609958333336,1005.0396158333332,0.3538131703,40.0,10.0,0,10.7411,1577.7,2,1,0,0,0.2101043258604711
2020-06-09,Ryde,0,1,0.1922884545454544,12.506256,0,18.41684,11.871091229166666,86.70595795833333,2.2267592874999997,1024.3805725,3.0288696324,13.0,2.0,0,23.3227,4521.5,6,0,0,0,0.013990088129788683
2020-05-11,Ryde,0,0,0.6379671818181817,4.178314,0,18.41861,3.0851249708333337,62.314744708333336,2.550891625,1019.1522816666668,0.0,13.0,2.0,0,23.3227,4521.5,5,0,0,0,0.002167481787376626
2020-05-14,Coogee,0,1,0.0,15.197784,0,16.14151,11.850856875,82.2970185,7.711743545833333,1021.8125479166666,17.846584303,0.5,0.5,1,18.7764,7453.6,5,0,0,0,0.03341354998963808
2020-08-22,Parramatta,0,0,0.2074017857142855,9.256531,0,14.256226,1.68655904125,54.28348358333333,4.981321191666667,997.5966158333334,0.4363059952999999,20.0,1.0,0,17.0356,4087.8,8,0,0,0,0.0034974755602804938
2020-06-29,Penrith,0,0,0.5526289090909091,5.768097,0,15.125824,8.358256004166668,86.05334433333333,1.6880689558333335,1013.4247054166668,1.0609626802,55.0,3.0,0,11.4378,1496.4,6,0,0,0,0.011950803662347062
2020-09-12,Bankstown,0,0,0.7133900000000001,9.274017,0,20.836212,10.365478458333332,77.48990091666667,2.6997988416666665,1018.2388725,0.0,18.0,5.0,0,12.4235,6471.6,9,0,0,0,0.0003692599466529761
2020-10-26,Parramatta,0,1,0.071678125,13.361237,0,14.9756775,12.39060725,87.88019770833334,6.965858066666667,1010.230175,27.944565,20.0,1.0,0,17.0356,4087.8,10,0,0,0,0.050058141393946584
2020-02-07,Coogee,1,1,0.0093756666666667,21.21344,0,22.249481,18.928810125,85.098635875,7.844602708333333,1015.3751104166666,34.95931602,0.5,0.5,1,18.7764,7453.6,2,1,1,1,0.9502506485917105
2020-03-16,Cronulla,0,1,0.1706377272727272,18.380157,0,20.257172,15.621753624999998,80.63939845833333,6.9421447125,1019.8101575,6.267070795,0.5,0.5,1,18.6816,1026.8,3,0,0,0,0.2683630581926863
2020-01-27,Fairfield,0,0,0.5321488181818181,22.644196,1,30.1055,21.009267166666667,73.630446375,3.2143917583333335,1005.46841125,0.06723403936,27.0,4.0,0,13.6634,4527.0,1,1,0,0,0.2395456679181881
2020-11-20,Campbelltown,0,0,1.3601822727272728,16.553925,1,34.535645,17.068228395833334,68.65269575,2.0873661475,1001.75826,2.1262168887,40.0,10.0,0,10.7411,1577.7,11,0,0,0,0.05371662926746405
2020-05-16,Penrith,0,0,0.7074157499999999,6.6858215,0,18.443268,10.068064354166667,83.56723095833333,1.5645160166666667,1016.7383158333332,0.40721893494,55.0,3.0,0,11.4378,1496.4,5,0,0,0,0.001896126974072638
2020-06-04,Coogee,0,1,0.195343,12.342285,0,15.425201,8.668135354166667,69.36916920833333,7.350268179166666,1026.0291916666667,0.4367828325,0.5,0.5,1,18.7764,7453.6,6,0,0,0,0.016461108004751278
2020-02-12,Cronulla,1,1,0.0217102,22.699738,0,23.750488,21.7640445,92.03706970833332,3.3269514375,1004.95721625,4.98437884,0.5,0.5,1,18.6816,1026.8,2,1,1,1,0.9350963378590498
2020-11-17,Campbelltown,0,0,0.2764146666666668,16.214935,0,24.40387,13.54640575,68.89682570833334,3.1574560333333337,1004.3114875,0.9641647343,40.0,10.0,0,10.7411,1577.7,11,0,0,0,0.020359377883345707
2020-08-15,Liverpool,0,0,0.4652963333333331,12.972321,0,17.455322,10.259068708333333,76.92457441666667,3.27195903125,998.9122979166668,3.6926269596,30.0,2.0,0,8.27098,5139.4,8,0,0,0,0.004161195528212359
2020-07-01,Blacktown,0,0,0.5046276363636363,8.983978,0,20.840881,6.475111616666666,72.79185233333332,2.4849398416666664,1012.8161166666667,0.0,35.0,6.0,0,9.17505,3615.4,7,0,0,0,0.00040423773287576203
2020-08-16,Bondi,0,0,0.2255692727272726,13.42453,0,17.29599,8.362843795833333,64.291168125,7.076811283333334,1001.0168641666668,1.21545792,0.5,0.5,1,19.5728,9692.7,8,0,0,0,0.013978840687403675
2020-09-30,Bankstown,0,0,0.3120330999999998,14.383148,0,20.022247,10.3721415625,74.2902205,3.0882381916666666,1009.0034920833332,0.22315979,18.0,5.0,0,12.4235,6471.6,9,0,0,0,0.0009537874343850969
2020-05-08,Cronulla,0,0,0.3934991818181818,17.385956,0,23.315277,13.365964270833333,68.17209529166666,5.175244166666666,1012.2993783333332,0.0,0.5,0.5,1,18.6816,1026.8,5,0,0,0,0.1403945815732387
2020-05-06,Penrith,0,0,0.7815662545454546,6.4717712,0,22.429565,9.242814325,81.853966375,1.5908457083333332,1013.59764,0.0,55.0,3.0,0,11.4378,1496.4,5,0,0,0,0.03724321506522619
2020-01-14,Penrith,0,0,0.8198519999999999,17.23703,0,29.071533,16.453765833333332,70.31697029166666,2.079917453333333,1002.94709,0.5221366909,55.0,3.0,0,11.4378,1496.4,1,1,0,0,0.09572597200502266
2020-01-29,Blacktown,0,0,0.6790494545454545,18.730438,0,27.878204,19.561552541666668,73.45734729166666,3.4468125625,1008.4538141666668,0.5002021726,35.0,6.0,0,9.17505,3615.4,1,1,0,0,0.25943380751327605
2020-03-30,Manly,0,0,0.3782848181818181,18.98117,0,23.252533,18.618668875,84.18904958333333,3.3156617333333336,1008.6283404166668,2.520084386,0.5,0.5,1,26.2541,3641.8,3,0,0,1,0.8566655895339264
2020-03-08,Cronulla,0,1,0.1540582727272728,18.269562,0,19.964203,15.807129020833337,79.912830375,4.439527754166667,1015.33529125,6.3576698349,0.5,0.5,1,18.6816,1026.8,3,0,0,0,0.36052743377321633
2020-06-06,Campbelltown,0,0,0.6187855181818183,4.9216003,0,17.153412,5.355219545833333,78.34238333333333,1.71581702125,1009.4596866666668,0.0014305115,40.0,10.0,0,10.7411,1577.7,6,0,0,0,0.00040423773287576203
2020-10-13,Penrith,0,0,1.1392711818181818,13.811737,0,29.552704,10.125192045833334,63.998233166666665,1.85780952125,1008.4466854166668,0.00333786006,55.0,3.0,0,11.4378,1496.4,10,0,0,0,0.005672592796505726
2020-06-16,Manly,0,0,0.4772492,12.309418,0,19.56717,10.004290333333334,72.671375625,3.7578303041666663,1018.58918125,0.0,0.5,0.5,1,26.2541,3641.8,6,0,0,0,0.017999166456084664
2020-07-26,Coogee,0,1,0.0409767272727273,16.491913,0,16.942719,14.129296645833334,88.82532720833332,4.50496724625,1009.68998,62.4585149885,0.5,0.5,1,18.7764,7453.6,7,0,0,0,0.06358055751359808
2020-05-21,Fairfield,0,0,0.6780612857142856,9.64151,0,18.340057,12.251074541666666,84.34117733333333,2.613005622083333,1004.9746833333334,31.4574242192,27.0,4.0,0,13.6634,4527.0,5,0,0,0,0.02410418844773383
2020-10-15,Ryde,0,0,0.7858249090909091,17.174591,0,28.458344,13.491587291666669,68.34757595833334,2.31526541375,1011.00140375,0.0190734864,13.0,2.0,0,23.3227,4521.5,10,0,0,0,0.01450400057059773
2020-07-28,Manly,0,0,0.2284712727272726,13.638763,0,16.84784,12.568038958333332,82.26145979166667,7.429395458333333,1003.458095,9.5000266753,0.5,0.5,1,26.2541,3641.8,7,0,0,0,0.0707463049922924
2020-07-25,Coogee,0,1,0.1695029999999998,14.692871,0,16.557404,11.8494174375,84.27022195833334,2.74846149625,1019.8676425,1.17206572656,0.5,0.5,1,18.7764,7453.6,7,0,0,0,0.03887221099889103
2020-04-13,Bankstown,0,0,0.5213234545454545,12.533234,0,20.772552,11.216205583333334,77.518275625,1.7671220229166666,1012.5303983333332,0.0,18.0,5.0,0,12.4235,6471.6,4,0,0,0,0.00166689090282781
2020-03-14,Manly,0,1,0.0,17.079254,0,19.717926,14.841004687500002,81.59318466666666,7.700784366666667,1011.5214125,6.830692375,0.5,0.5,1,26.2541,3641.8,3,0,0,0,0.21306663007855525
2020-08-10,Cronulla,0,1,0.061628818181818,13.627045,0,14.957825,9.950510770833334,74.715674625,10.538432420833333,1010.9224833333332,10.070800787,0.5,0.5,1,18.6816,1026.8,8,0,0,0,0.05019753396129993
2020-08-03,Liverpool,0,0,0.7604425181818182,6.3225403,0,19.563568,6.7844607083333335,74.17539116666667,1.7434991791666663,1009.7366054166667,0.0,30.0,2.0,0,8.27098,5139.4,8,0,0,0,0.0015834061032125187
2020-03-04,Cronulla,1,1,0.0,22.93869,0,23.38562,19.184940416666667,83.24592729166666,5.7243322375000005,1013.2216395833334,19.466400099,0.5,0.5,1,18.6816,1026.8,3,0,1,1,0.9020386875871839
2020-07-18,Bankstown,0,0,0.5874689090909091,6.931488,0,16.220428,8.516391795833334,77.18087125,2.088234899166667,1012.7666175,0.1821517923,18.0,5.0,0,12.4235,6471.6,7,0,0,0,0.00040423773287576203
2020-09-29,Coogee,0,1,0.1453213333333332,14.463226,0,16.063324,9.2598406625,68.17272591666666,3.8130899583333338,1020.3736020833334,0.08106231826,0.5,0.5,1,18.7764,7453.6,9,0,0,0,0.009601338757445137
2020-03-06,Manly,1,1,0.1791104545454545,20.278412,0,24.923492,19.943364416666665,85.54893766666667,4.969392120833334,1004.031545,1.4901161271,0.5,0.5,1,26.2541,3641.8,3,0,1,1,0.8919888427997994
2020-02-19,Manly,0,0,0.6607832727272729,18.135834,0,25.763275,14.387306166666669,56.01298245833333,4.242001779166666,998.6845958333332,0.0,0.5,0.5,1,26.2541,3641.8,2,1,0,0,0.42024787392480234
2020-07-06,Liverpool,0,1,0.1907376363636364,9.536285,0,16.94049,7.008015925,75.45271783333332,2.4365656791666668,1018.88270875,0.00381469726,30.0,2.0,0,8.27098,5139.4,7,0,0,0,0.0009988786154803983
2020-03-15,Penrith,0,0,0.2722334545454545,14.914215,0,19.12442,11.140504166666666,72.78014387500001,3.2791594625000005,1008.311915,0.98800659742,55.0,3.0,0,11.4378,1496.4,3,0,0,0,0.06655263541718777
2020-03-05,Bondi,1,1,0.0830494545454547,21.842346,0,23.342255,20.596559083333332,86.92914145833333,8.265582766666666,1005.3487545833332,26.3199805373,0.5,0.5,1,19.5728,9692.7,3,0,1,1,0.9093521205669528
2020-02-09,Penrith,1,1,0.1125293636363635,20.25647,0,21.49768,19.61446125,95.084548625,6.500931870833334,998.6063366666668,174.927235,55.0,3.0,0,11.4378,1496.4,2,1,1,1,0.7031961299086785
2020-01-13,Liverpool,0,0,0.5269220909090909,18.10086,0,24.536285,15.619402583333333,72.14150866666667,2.6384690375,1010.6965629166666,2.0890235809999997,30.0,2.0,0,8.27098,5139.4,1,1,0,0,0.3583835832310362
2020-02-09,Liverpool,1,1,0.0470109090909089,21.15686,0,22.165558,19.621785416666665,89.98988125,9.300785408333336,1004.9288375,145.63846605,30.0,2.0,0,8.27098,5139.4,2,1,1,1,0.8582221555501219
2020-03-25,Manly,0,1,0.1551624545454547,18.754913,0,21.602509,17.193505625,83.24398470833333,4.4718054333333335,1014.5515458333332,10.46371465472,0.5,0.5,1,26.2541,3641.8,3,0,0,1,0.8859189106460101
2020-10-09,Manly,0,0,0.6252857272727274,13.426758,0,20.644531,8.183040670833334,53.701579583333334,5.469431954166667,1008.9983841666668,0.0,0.5,0.5,1,26.2541,3641.8,10,0,0,0,0.03609342345444711
2020-09-28,Fairfield,0,0,0.5199474545454547,9.284332,0,19.317657,5.881000525,66.155946,1.8205345666666664,1018.6414879166668,0.0,27.0,4.0,0,13.6634,4527.0,9,0,0,0,0.00024211994096113242
2020-01-18,Penrith,0,0,0.3896212222222222,19.031586,0,23.155548,17.357331666666667,79.02186229166666,2.566193176666667,996.04265375,2.9006004512,55.0,3.0,0,11.4378,1496.4,1,1,0,0,0.4193313892886602
2020-10-21,Campbelltown,0,0,0.927708285714286,15.040192,0,24.272766,13.237471333333334,76.32028091666668,2.4399708,1000.8289625,0.07295608346,40.0,10.0,0,10.7411,1577.7,10,0,0,0,0.010133016158193621
2020-11-15,Penrith,0,0,1.2704134545454544,14.820404,1,31.456268,14.51053625,68.833189,1.6732681233333333,1000.9798533333332,0.0,55.0,3.0,0,11.4378,1496.4,11,0,0,0,0.007321956524335681
2020-11-08,Liverpool,0,0,0.3604986363636362,14.020905,0,19.013824,9.630407941666666,63.852760749999995,2.7527101333333337,1020.0111608333332,0.01144409176,30.0,2.0,0,8.27098,5139.4,11,0,0,0,0.0047151484049311795
2020-01-07,Blacktown,0,0,0.6722357272727273,21.863037,1,31.060791,19.868101749999997,73.29280008333333,2.3952576979166667,1006.4801295833332,0.46634673406,35.0,6.0,0,9.17505,3615.4,1,1,0,0,0.1848506930539927
2020-08-02,Bondi,0,0,0.3241993636363636,11.712494,0,15.917755,8.8700789875,73.455753,2.3515707883333334,1018.80439,0.0,0.5,0.5,1,19.5728,9692.7,8,0,0,0,0.014273152256237593
2020-01-18,Parramatta,0,0,0.2744029090909091,19.47287,0,23.102814,18.142894791666667,81.42390358333334,3.4022126020833334,1002.07682625,4.8809051731,20.0,1.0,0,17.0356,4087.8,1,1,0,1,0.7640661398879991
2020-12-07,Fairfield,0,0,1.255213,14.935791,0,29.68985,6.991901391666667,40.637974375,3.8035325458333338,997.3096291666668,0.0,27.0,4.0,0,13.6634,4527.0,12,1,0,0,0.028131686600529993
2020-05-09,Parramatta,0,0,0.8599326363636365,10.172668,0,25.118408,9.984081270833334,60.84727508333333,3.4349870166666663,1005.3734929166668,0.205516813,20.0,1.0,0,17.0356,4087.8,5,0,0,0,0.021253389166776528
2020-11-28,Cronulla,0,0,0.6116562500000002,22.44577,1,30.488464,17.945563,66.58279733333333,4.9464668125,1002.7456308333334,0.0,0.5,0.5,1,18.6816,1026.8,11,0,0,0,0.37798520653343837
2020-07-29,Parramatta,0,0,0.4612343636363636,8.628113,0,18.902985,9.651978791666666,79.97129395833333,1.9371471333333332,1008.9458991666668,0.0514984129599999,20.0,1.0,0,17.0356,4087.8,7,0,0,0,0.0016709149568355402
2020-07-04,Bankstown,0,0,0.2865322727272726,8.779633,0,15.778656,4.2328923625,65.14325425,3.541338154166666,1011.0183758333332,2.130031555,18.0,5.0,0,12.4235,6471.6,7,0,0,0,0.007322767643205033
2020-08-08,Coogee,0,0,0.3048567272727273,10.860565,0,15.1987,11.873153625,85.19459004166667,3.22970305,1007.8707120833332,4.7731399545999995,0.5,0.5,1,18.7764,7453.6,8,0,0,0,0.07345232766132517
2020-10-08,Bankstown,0,0,1.135312181818182,12.81015,0,25.880646,14.520397104166667,71.62404491666666,2.8091312083333335,1003.4840345833333,7.1377754026,18.0,5.0,0,12.4235,6471.6,10,0,0,0,0.036508736575950225
2020-11-19,Parramatta,0,0,0.7099249090909093,16.178009,0,25.73764,15.073670791666666,72.91789483333334,2.8838725354166663,1013.6037054166668,0.0,20.0,1.0,0,17.0356,4087.8,11,0,0,0,0.022852926337509363
2020-06-18,Blacktown,0,0,0.5515108727272726,6.5623474,0,18.098602,8.9204712,74.508413625,1.7382577504166667,1028.530775,0.58364868396,35.0,6.0,0,9.17505,3615.4,6,0,0,0,0.00030636383282176504
2020-06-29,Liverpool,0,0,0.515625,7.341156,0,15.5816345,10.169535354166667,90.73470025,2.0287946291666668,1019.22804,3.540992705,30.0,2.0,0,8.27098,5139.4,6,0,0,0,0.010579933348905881
2020-06-02,Blacktown,0,0,0.3218045555555555,8.157928,0,15.594635,3.5605557749999996,62.27709566666667,4.709240416666667,1007.8133733333334,2.0151138333,35.0,6.0,0,9.17505,3615.4,6,0,0,0,0.005754691368988787
2020-09-04,Bankstown,0,0,0.5836459090909089,10.469696,0,18.294037,12.286184916666668,76.21068908333334,1.8168063666666665,1007.5256495833332,5.0249099492,18.0,5.0,0,12.4235,6471.6,9,0,0,0,0.008945081399862337
2020-07-28,Ryde,0,0,0.4985351818181819,9.787201,0,18.003754,11.963465375,81.61907620833334,4.528410541666667,1001.3847616666668,6.97565075246,13.0,2.0,0,23.3227,4521.5,7,0,0,0,0.021157225159022863
2020-07-05,Manly,0,0,0.3750194545454545,10.441772,0,16.663116,6.641868612500001,65.34090808333333,6.531757770833333,1016.8221979166666,0.0,0.5,0.5,1,26.2541,3641.8,7,0,0,0,0.02330309658761084
2020-07-04,Ryde,0,0,0.2968306090909091,7.8382263,0,15.897797,3.2633285708333335,63.89334525,3.228000204166667,1011.8325383333332,1.5664100716,13.0,2.0,0,23.3227,4521.5,7,0,0,0,0.003716420050325136
2020-06-01,Fairfield,0,0,0.6918640272727272,7.9534607,0,22.020233,6.91814425,62.55715854166667,4.0420645041666665,1002.8516358333331,0.0662803653,27.0,4.0,0,13.6634,4527.0,6,0,0,0,0.019276218747678535
2020-10-02,Bondi,0,0,0.2708574545454544,15.419708,0,19.013855,12.915959645833333,78.55061341666666,3.720144829166667,1018.4300975,0.0,0.5,0.5,1,19.5728,9692.7,10,0,0,0,0.028149155796257253
2020-01-23,Fairfield,0,0,1.0630659090909094,25.23465,1,41.11862,15.014280895833332,43.51550525,4.207933720833333,994.69354625,0.70524216,27.0,4.0,0,13.6634,4527.0,1,1,0,0,0.10417433597747965
2020-11-08,Manly,0,0,0.2533173000000001,15.039154,0,18.035309,8.862829795833333,59.84503470833334,4.271400295833334,1023.0165745833332,0.1330375658,0.5,0.5,1,26.2541,3641.8,11,0,0,0,0.026587816901719567
2020-07-23,Cronulla,0,0,0.3008617272727272,11.618622,0,15.817261,9.6664835,76.958460125,2.053162625,1020.3556866666668,0.0,0.5,0.5,1,18.6816,1026.8,7,0,0,0,0.01741841292248733
2020-11-20,Blacktown,0,0,1.1796070909090908,17.770721,1,34.511383,17.314647541666666,67.69906054166667,2.667055470833333,1009.1053425,1.974582702,35.0,6.0,0,9.17505,3615.4,11,0,0,0,0.0870689378153583
2020-10-24,Penrith,0,0,0.6806823000000002,13.354523,0,24.62976,18.14137275,88.937587125,1.9408185091666663,991.3179091666668,10.18762576366,55.0,3.0,0,11.4378,1496.4,10,0,0,0,0.48397836553302975
2020-07-22,Parramatta,0,0,0.6769742090909091,3.7572937,0,17.676483,5.337375620833334,76.05316045833334,1.7621468166666665,1018.9444729166668,0.0,20.0,1.0,0,17.0356,4087.8,7,0,0,0,0.0015087971649209106
2020-07-29,Bankstown,0,0,0.3300198181818183,10.255066,0,17.977264,9.745159229166669,78.67891316666667,2.509400625,1008.3021516666666,0.08821487186,18.0,5.0,0,12.4235,6471.6,7,0,0,0,0.0008266474286932532
2020-07-03,Manly,0,0,0.4103781818181818,10.24704,0,16.97998,6.476229366666666,61.420444833333335,4.563501525,1013.8198475,0.0,0.5,0.5,1,26.2541,3641.8,7,0,0,0,0.025712342685617205
2020-01-07,Bankstown,0,0,0.5289472727272727,21.542725,0,28.642822,20.068215791666667,78.671412125,2.8637356625,1005.9584704166668,1.80864334786,18.0,5.0,0,12.4235,6471.6,1,1,0,0,0.3192806278345026
2020-08-21,Coogee,0,0,0.3682057272727274,11.144775,0,16.710938,5.934276595833334,59.49684441666667,6.7263062666666675,1000.97646,0.33617019502,0.5,0.5,1,18.7764,7453.6,8,0,0,0,0.017789551406564408
2020-07-09,Parramatta,0,0,0.4489288,8.330933,0,17.821808,8.810033220833335,88.123105125,1.642454675,1021.844605,0.06341934016,20.0,1.0,0,17.0356,4087.8,7,0,0,0,0.010530887321594486
2020-06-25,Coogee,0,0,0.3996825999999999,12.026398,0,16.989532,8.5498974375,68.22315666666667,5.7600358541666665,1013.9523779166666,0.01478195216,0.5,0.5,1,18.7764,7453.6,6,0,0,0,0.023252040312279672
2020-12-22,Blacktown,0,0,0.9731529090909088,15.220886,0,27.362244,14.480665816666669,66.90869920833333,3.3639888208333333,995.85018625,7.1244240589,35.0,6.0,0,9.17505,3615.4,12,1,0,0,0.06438437135203504
2020-12-11,Blacktown,0,0,0.302768,16.09497,0,21.07846,9.792235058333334,56.803833,4.70900035,1020.0206545833332,0.9894371024,35.0,6.0,0,9.17505,3615.4,12,1,0,0,0.08906925182162492
2020-06-21,Fairfield,0,0,0.5555054,6.709503,0,17.447388,9.44756195,81.17071429166667,2.3952007666666666,1005.06273125,6.5774917649999995,27.0,4.0,0,13.6634,4527.0,6,0,0,0,0.01424292135042653
2020-04-19,Blacktown,0,0,0.6963466666666664,11.278015,0,21.757599,11.913738270833331,81.56662675,1.6222250708333332,1006.4823716666666,2.24637984266,35.0,6.0,0,9.17505,3615.4,4,0,0,0,0.04104938704377076
2020-11-20,Fairfield,0,0,1.1796070909090908,17.770721,1,34.511383,17.314647541666666,67.69906054166667,2.667055470833333,1009.1053425,1.974582702,27.0,4.0,0,13.6634,4527.0,11,0,0,0,0.09232722385491689
2020-07-29,Coogee,0,1,0.1682655454545454,13.674988,0,16.692108,10.563599979166666,73.41830283333333,5.173107783333333,1011.3058979166668,0.2293586798,0.5,0.5,1,18.7764,7453.6,7,0,0,0,0.04124053058413178
2020-02-25,Liverpool,0,0,0.4856456363636364,21.178131,0,27.814545,19.18541958333333,77.162372375,2.447855224583334,1006.9394583333332,0.0009536743,30.0,2.0,0,8.27098,5139.4,2,1,0,0,0.20401645752433198
2020-12-12,Bondi,0,1,0.0677765,18.869507,0,19.942078,12.020991125,63.57181083333333,5.803218666666666,1023.6596416666666,1.07383727586,0.5,0.5,1,19.5728,9692.7,12,1,0,0,0.15895860872686207
2020-10-11,Bondi,0,0,0.3374583333333334,17.970093,0,21.28183,12.044310208333334,67.29632229166667,3.558289229166667,1015.4884370833332,0.0,0.5,0.5,1,19.5728,9692.7,10,0,0,0,0.08808265233659056
2020-02-23,Parramatta,0,0,0.5152171818181818,18.080841,0,24.039154,16.997400833333334,75.795148,1.8930731558333336,1016.0414895833334,2.8705596924,20.0,1.0,0,17.0356,4087.8,2,1,0,0,0.34167521353978664
2020-08-23,Ryde,0,0,0.3788063909090909,7.8866577,0,16.263092,1.3310559641666666,48.85813329166667,5.8346359083333335,1000.636115,0.0,13.0,2.0,0,23.3227,4521.5,8,0,0,0,0.009041450183681344
2020-04-21,Parramatta,0,0,0.8022266363636364,11.466095,0,25.02243,10.807380729166669,65.659040375,2.1377391833333332,1009.3567954166666,0.0,20.0,1.0,0,17.0356,4087.8,4,0,0,0,0.018917815182561727
2020-12-14,Fairfield,0,0,0.532436,19.11856,0,24.56009,16.722646083333334,78.54265029166667,2.4155993875,1012.4431066666666,5.35678865536,27.0,4.0,0,13.6634,4527.0,12,1,0,0,0.34419736059722866
2020-05-25,Blacktown,0,1,0.0522627272727272,13.7565,0,16.251312,9.955491454166667,76.53389116666666,5.759310883333334,1010.1581916666668,5.8374404753,35.0,6.0,0,9.17505,3615.4,5,0,0,0,0.013458787906856702
2020-07-11,Penrith,0,0,0.8150451999999999,5.16391,0,15.86795,10.856385583333331,94.19890520833331,1.0711646604166667,1003.1454675,7.06291203996,55.0,3.0,0,11.4378,1496.4,7,0,0,0,0.02884777761745939
2020-06-26,Manly,0,1,0.1354425454545454,12.021179,0,16.287262,7.620300229166666,70.42428275,4.4741711833333335,1018.1148891666668,0.070095062,0.5,0.5,1,26.2541,3641.8,6,0,0,0,0.02845526547647797
2020-05-27,Campbelltown,0,0,0.6787749999999999,8.039246,0,18.047394,10.77687575,83.10218979166667,1.5459593141666668,1006.8076258333334,0.03862380986,40.0,10.0,0,10.7411,1577.7,5,0,0,0,0.0015148312720191168
2020-05-04,Manly,0,1,0.1431641,14.865051,0,17.677734,8.723164808333333,67.105033,5.1038364,1020.3756133333331,0.099182129,0.5,0.5,1,26.2541,3641.8,5,0,0,0,0.015519977737447954
2020-07-23,Bondi,0,0,0.3008617272727272,11.618622,0,15.817261,9.6664835,76.958460125,2.053162625,1020.3556866666668,0.0,0.5,0.5,1,19.5728,9692.7,7,0,0,0,0.013322448030885479
2020-12-22,Campbelltown,0,0,0.9481173636363636,14.759949,0,25.526306,13.880405320833331,67.96675979166666,3.11440894,988.5922766666666,5.94568260516,40.0,10.0,0,10.7411,1577.7,12,1,0,0,0.07342703992742398
2020-04-16,Manly,0,0,0.4600885454545453,19.27005,0,25.210907,14.84820175,63.65545458333333,5.39233955,1007.2564395833332,0.0,0.5,0.5,1,26.2541,3641.8,4,0,0,0,0.2109783025983617
2020-10-11,Fairfield,0,0,0.7980818181818182,14.829224,0,26.613281,7.305133791666666,54.229729166666665,2.235395308333333,1012.8917533333332,0.0014305115,27.0,4.0,0,13.6634,4527.0,10,0,0,0,0.010931821340180439
2020-02-29,Ryde,0,0,0.598383181818182,17.726715,0,25.825684,15.973074541666668,72.57209254166666,2.306208520833333,1008.4912733333334,0.5822181715,13.0,2.0,0,23.3227,4521.5,2,1,0,0,0.17049200403895612
2020-08-10,Ryde,0,0,0.347707,10.486298,0,15.875793,9.712799104166669,79.90078395833334,6.0793424625000005,1008.7108270833334,5.0234794453000005,13.0,2.0,0,23.3227,4521.5,8,0,0,0,0.019562970151447243
2020-10-06,Blacktown,0,1,0.1543190909090906,17.010864,0,20.905273,13.721300770833333,77.35666183333333,3.606529566666667,1013.7540845833332,0.02241134638,35.0,6.0,0,9.17505,3615.4,10,0,0,0,0.0012510383858679338
2020-10-13,Cronulla,0,0,0.3166503636363635,16.71994,0,20.606293,15.7720019375,85.57760608333332,3.9194614541666666,1017.4450241666668,0.0834465023,0.5,0.5,1,18.6816,1026.8,10,0,0,0,0.1910976258892411
2020-10-24,Bondi,0,0,0.6404768571428571,15.601837,0,20.649292,18.214614916666665,90.165396125,5.5222730250000005,1000.1150016666668,9.778022689,0.5,0.5,1,19.5728,9692.7,10,0,0,0,0.4061631769873701
2020-01-06,Ryde,1,1,0.1230551818181818,21.003296,0,23.83548,15.7965646875,71.71767150000001,2.7466033625,1012.26974875,0.6842613223,13.0,2.0,0,23.3227,4521.5,1,1,1,1,0.5404358169516732
2020-03-15,Campbelltown,0,0,0.2699251818181818,15.306793,0,19.276764,11.040894854166666,71.22231629166667,3.5321733041666667,1007.2848370833334,0.7815361024,40.0,10.0,0,10.7411,1577.7,3,0,0,0,0.059388087128385746
2020-07-13,Ryde,0,0,0.3242570000000002,10.11853,0,16.443695,8.011622108333333,84.31029037500001,1.8735600541666668,1010.2233520833332,2.2816657997,13.0,2.0,0,23.3227,4521.5,7,0,0,0,0.009542462203869548
2020-08-06,Cronulla,0,0,0.2494809999999994,12.379364,0,13.477142,3.3875757875,57.700609375,5.504688241666667,1013.6134775,0.0009536743,0.5,0.5,1,18.6816,1026.8,8,0,0,0,0.03337443469216512
2020-02-23,Ryde,0,0,0.5152171818181818,18.080841,0,24.039154,16.997400833333334,75.795148,1.8930731558333336,1016.0414895833334,2.8705596924,13.0,2.0,0,23.3227,4521.5,2,1,0,0,0.3441084885856238
2020-12-14,Bankstown,0,0,0.3836941111111112,19.042755,0,24.194855,16.97817995833333,79.21902870833334,2.4984996791666667,1012.0139416666668,3.5171508806,18.0,5.0,0,12.4235,6471.6,12,1,0,0,0.43781510405588014
2020-12-31,Campbelltown,0,0,0.3541322000000001,18.788818,0,22.32837,15.776963541666667,78.51086158333334,2.2941974983333333,1004.9470225,0.9984970117,40.0,10.0,0,10.7411,1577.7,12,1,0,0,0.2131442004831749
2020-07-12,Parramatta,0,0,0.3786454545454545,7.292328,0,17.104248,8.88730875,88.4809555,1.2842156016666666,1008.2458933333334,3.62253191406,20.0,1.0,0,17.0356,4087.8,7,0,0,0,0.011251969690261023
2020-03-04,Liverpool,1,1,0.0180131249999999,22.56607,0,23.189789,19.30578995833333,87.89948700000001,2.8874678166666663,1010.1503920833334,18.23902124146,30.0,2.0,0,8.27098,5139.4,3,0,1,1,0.7889015389077655
2020-07-29,Ryde,0,0,0.4612343636363636,8.628113,0,18.902985,9.651978791666666,79.97129395833333,1.9371471333333332,1008.9458991666668,0.0514984129599999,13.0,2.0,0,23.3227,4521.5,7,0,0,0,0.0023295995792912555
2020-07-11,Liverpool,0,0,0.4009788181818182,8.800079,0,15.881622,11.563009916666669,92.15685583333334,1.37770052,1008.87213375,6.42251962342,30.0,2.0,0,8.27098,5139.4,7,0,0,0,0.024499946870150793
2020-05-04,Blacktown,0,0,0.2418906363636364,11.587067,0,18.865234,6.675883,70.73730175,2.4411531958333335,1018.0576945833332,0.0,35.0,6.0,0,9.17505,3615.4,5,0,0,0,0.00024211994096113242
2020-05-24,Blacktown,0,0,0.2706176000000001,12.834351,0,17.558624,7.650093054166667,60.77335887500001,5.364974758333333,1004.76075625,0.76341629,35.0,6.0,0,9.17505,3615.4,5,0,0,0,0.0028891545978880907
2020-04-22,Campbelltown,0,0,0.8542813636363635,8.994293,0,24.694305,9.2870686875,67.383943625,2.1521541166666665,1002.8503716666668,0.0,40.0,10.0,0,10.7411,1577.7,4,0,0,0,0.013248980263351029
2020-01-09,Penrith,0,0,0.3748779999999999,20.494415,0,25.746002,17.305849708333334,71.50379966666667,2.3602623,1003.2322033333334,1.0604858304,55.0,3.0,0,11.4378,1496.4,1,1,0,0,0.10835757715988838
2020-04-13,Blacktown,0,0,0.720187090909091,9.898468,0,21.350677,10.221251204166666,77.368071875,1.6927347358333331,1013.1337316666668,0.0,35.0,6.0,0,9.17505,3615.4,4,0,0,0,0.006577459046880175
2020-04-08,Campbelltown,0,1,0.1238264545454546,15.144104,0,17.9169,13.606844541666668,85.52362220833334,1.6864531708333337,1007.5267141666668,5.3162575156,40.0,10.0,0,10.7411,1577.7,4,0,0,0,0.018089735302440558
2020-08-17,Bondi,0,0,0.3530967272727272,12.39151,0,17.870636,7.398159016666667,60.325143875,6.717221029166667,1002.4890879166666,0.0,0.5,0.5,1,19.5728,9692.7,8,0,0,0,0.017849274273869828
2020-01-22,Cronulla,1,1,0.1401256363636365,23.414703,0,25.450592,20.80869291666667,83.29463329166667,3.785404692083333,1004.0363166666666,0.0,0.5,0.5,1,18.6816,1026.8,1,1,1,1,0.9197639091978453
2020-07-31,Fairfield,0,0,0.6408913272727272,3.8591614,0,16.261719,6.163574175,73.346064875,2.2486042058333333,1020.0586125,0.0,27.0,4.0,0,13.6634,4527.0,7,0,0,0,0.00024211994096113242
2020-09-06,Parramatta,0,0,0.5850386363636364,9.373749,0,18.869873,9.528545366666666,77.85302429166667,2.135857393333333,1020.0739733333334,0.96178055976,20.0,1.0,0,17.0356,4087.8,9,0,0,0,0.002768477630262947
2020-02-16,Campbelltown,0,0,0.203946272727273,20.18576,0,25.342072,18.301307625,80.691625875,1.6464112233333337,999.035955,2.0585060172,40.0,10.0,0,10.7411,1577.7,2,1,0,0,0.18317650223719514
2020-01-28,Bondi,1,1,0.0888228181818181,23.251068,0,25.191132,22.457602166666664,89.08252195833334,3.6111891158333336,1007.0148545833334,0.86975098218,0.5,0.5,1,19.5728,9692.7,1,1,1,1,0.9483057272906321
2020-07-30,Campbelltown,0,0,0.5578114090909092,6.9566345,0,17.080719,7.575345370833333,77.04281729166667,2.2678976395833335,1008.1734,0.0653266904999999,40.0,10.0,0,10.7411,1577.7,7,0,0,0,0.00040423773287576203
2020-05-10,Blacktown,0,0,0.5570678454545455,5.1774597,0,17.707489,1.4338366208333333,48.342924583333335,3.5382575791666664,1012.8029654166668,0.0,35.0,6.0,0,9.17505,3615.4,5,0,0,0,0.0005313777385676057
2020-12-23,Manly,0,1,0.1968799999999998,19.087036,0,21.805603,12.5097148125,62.29826979166666,6.0109585249999995,1008.50805,0.00333786,0.5,0.5,1,26.2541,3641.8,12,1,0,0,0.3404723301399569
2020-12-05,Cronulla,1,1,0.0332276,21.448822,0,22.74704,18.077435791666662,85.65279541666666,5.578472495833334,1004.0480191666668,12.21227658142,0.5,0.5,1,18.6816,1026.8,12,1,1,1,0.9087253310838375
2020-03-01,Ryde,0,0,0.9969039090909092,17.6669,1,30.055267,18.451643625,74.40615666666666,2.5906369208333335,1004.3900079166666,0.042438506,13.0,2.0,0,23.3227,4521.5,3,0,0,0,0.2754834441782895
2020-02-06,Blacktown,1,1,0.1208885454545451,20.12918,0,23.268158,18.013486291666666,80.90506191666667,2.3858759541666665,1013.7642579166668,5.180835741,35.0,6.0,0,9.17505,3615.4,2,1,1,1,0.6857223403456216
2020-02-25,Penrith,0,0,0.7858942727272726,19.74649,0,29.715546,18.082066875,73.82218004166667,1.6226297025,1001.2598733333332,0.00429153436,55.0,3.0,0,11.4378,1496.4,2,1,0,0,0.10464345454698759
2020-07-21,Bankstown,0,0,0.4377524545454545,6.314972,0,15.92984,4.594070458333333,67.092871125,3.3135047083333333,1017.89775125,0.0,18.0,5.0,0,12.4235,6471.6,7,0,0,0,0.0003692599466529761
2020-07-03,Coogee,0,0,0.4191742000000001,10.803833,0,16.562012,6.6906662,60.77863854166667,5.272146916666666,1013.7311083333334,0.0095367432,0.5,0.5,1,18.7764,7453.6,7,0,0,0,0.024619414629037165
2020-03-04,Coogee,1,1,0.0,22.93869,0,23.38562,19.184940416666667,83.24592729166666,5.7243322375000005,1013.2216395833334,19.466400099,0.5,0.5,1,18.7764,7453.6,3,0,1,1,0.9039093197212723
2020-11-09,Blacktown,0,0,0.8262800909090909,10.555267,0,20.565765,11.327816,72.660964875,1.7804513866666667,1019.0379791666666,1.3799667355,35.0,6.0,0,9.17505,3615.4,11,0,0,0,0.004553849878148077
2020-10-10,Ryde,0,0,1.2822321818181817,9.723846,0,25.76825,4.460760746666667,46.636346374999995,1.7721536291666666,1010.7594483333334,0.0,13.0,2.0,0,23.3227,4521.5,10,0,0,0,0.01668290626335662
2020-10-12,Liverpool,0,0,0.6964111818181817,13.644653,0,23.049469,14.594940166666667,77.64912233333334,2.862871179166667,1014.5790108333334,0.5264282148,30.0,2.0,0,8.27098,5139.4,10,0,0,0,0.02881389702724349
2020-12-31,Fairfield,0,0,0.3728822000000001,19.710693,0,22.795837,16.38642,78.86497808333333,2.8388911958333334,1012.1082816666668,0.87928772248,27.0,4.0,0,13.6634,4527.0,12,1,0,0,0.3212246491538743
2020-09-11,Bankstown,0,0,0.5681901363636364,9.10495,0,17.995636,10.131289104166669,76.937967375,2.6312554041666667,1022.09224375,0.2388954173,18.0,5.0,0,12.4235,6471.6,9,0,0,0,0.0003692599466529761
2020-07-19,Ryde,0,0,0.5931146363636363,8.686127,0,20.04831,6.241452541666667,73.03790941666666,2.4521048708333333,1008.7400470833333,0.0,13.0,2.0,0,23.3227,4521.5,7,0,0,0,0.0023295995792912555
2020-09-02,Bankstown,0,0,0.5963162727272725,12.696533,0,22.732178,7.551804904166667,67.064255125,2.926365854166667,1011.15913625,0.0,18.0,5.0,0,12.4235,6471.6,9,0,0,0,0.01887257141211322
2020-02-16,Ryde,0,0,0.2385697272727272,20.69162,0,25.592072,18.501014708333333,78.53788362499999,2.180851145833333,1006.2659554166668,0.47159195,13.0,2.0,0,23.3227,4521.5,2,1,0,0,0.2538423535745388
2020-01-19,Parramatta,0,0,0.3711436363636364,19.40915,0,23.49173,19.409768375,89.341921625,1.64883077,999.9052058333332,11.3320349113,20.0,1.0,0,17.0356,4087.8,1,1,0,1,0.5444369087887094
2020-03-28,Liverpool,0,1,0.1923106363636364,17.997986,0,22.544586,15.582621333333334,83.79507995833333,1.77391310125,1016.0414991666668,5.4006576602,30.0,2.0,0,8.27098,5139.4,3,0,0,0,0.18804051476609648
2020-11-06,Coogee,0,1,0.1220481818181816,15.95639,0,17.29892,11.272116333333337,72.74039475,8.308066483333333,1012.1747783333334,2.242565169,0.5,0.5,1,18.7764,7453.6,11,0,0,0,0.0484083758109036
2020-12-27,Penrith,0,0,1.2898787500000002,21.152863,1,33.045258,16.641354833333335,68.93489058333334,1.6372424795833334,997.1326129166667,2.8338431922,55.0,3.0,0,11.4378,1496.4,12,1,0,0,0.048756111454829096
2020-06-10,Blacktown,0,0,0.264642909090909,12.90506,0,17.347015,13.588915395833332,93.08195275,1.1638119925,1020.42088375,3.3388138009,35.0,6.0,0,9.17505,3615.4,6,0,0,0,0.008612579930286145
2020-11-27,Parramatta,0,0,0.6674083636363636,18.416595,0,27.00467,16.3558515,70.293894625,3.306894428333333,1008.7634475,0.00095367432,20.0,1.0,0,17.0356,4087.8,11,0,0,0,0.07799422254889943
2020-09-10,Liverpool,0,0,0.248635090909091,11.421783,0,16.543518,9.2443466,72.84843633333334,3.664648025,1020.6834570833332,0.6790161101,30.0,2.0,0,8.27098,5139.4,9,0,0,0,0.0022102388426961063
2020-06-23,Bondi,0,0,0.3577067777777779,11.494537,0,15.365387,6.1490758375,64.62430575,6.60373315,1006.8167283333332,0.00047683716,0.5,0.5,1,19.5728,9692.7,6,0,0,0,0.022011939911652418
2020-08-26,Penrith,0,0,1.0300959,1.1174011,0,18.376251,2.893797563333333,70.43691508333333,1.42919446375,1014.3478454166668,0.0,55.0,3.0,0,11.4378,1496.4,8,0,0,0,0.0026795556625929455
2020-03-14,Cronulla,0,1,0.0,17.690582,0,20.499176,15.064881708333331,79.97972491666667,8.529882720833333,1011.6155720833334,7.7881813966,0.5,0.5,1,18.6816,1026.8,3,0,0,0,0.23551532923422122
2020-11-24,Campbelltown,0,0,0.3818359999999998,16.334686,0,23.043304,14.107775479166667,74.11735291666666,2.3797426991666666,996.5080170833334,1.4567375258,40.0,10.0,0,10.7411,1577.7,11,0,0,0,0.01104032872867314
2020-07-03,Liverpool,0,0,0.5363617,7.477661,0,17.40216,5.470288604166666,63.26729241666666,3.2262492791666664,1010.7348508333332,0.0047683716,30.0,2.0,0,8.27098,5139.4,7,0,0,0,0.0017105461089043624
2020-01-15,Bondi,1,1,0.0625165454545456,22.003998,0,23.146515,19.114392625,83.74385829166667,3.2564002529166665,1007.5801858333332,0.03385543822,0.5,0.5,1,19.5728,9692.7,1,1,1,1,0.9317555507689412
2020-08-06,Penrith,0,0,0.447488,5.205414,0,15.420898,0.0468368556249999,59.609788583333334,1.94661805,1004.8105591666668,0.0,55.0,3.0,0,11.4378,1496.4,8,0,0,0,0.00040423773287576203
2020-10-14,Manly,0,0,0.2084628181818182,16.138336,0,18.748962,14.157948770833334,79.87220279166667,5.104690916666667,1020.7375975,0.6232261672,0.5,0.5,1,26.2541,3641.8,10,0,0,0,0.02312815597654695
2020-04-07,Cronulla,0,1,0.0407991818181818,18.215424,0,18.908722,13.355949291666668,72.89943225,4.905019529166666,1016.3234025,2.1772384735,0.5,0.5,1,18.6816,1026.8,4,0,0,0,0.061090900902159725
2020-08-08,Penrith,0,0,0.5314568222222221,7.9289246,0,16.428253,10.388453145833331,88.21824966666667,1.8250072883333337,999.2623708333334,3.00025937946,55.0,3.0,0,11.4378,1496.4,8,0,0,0,0.011628938076889006
2020-01-05,Bankstown,0,1,0.146478818181818,18.816925,0,23.623932,14.1697069375,62.67751175,6.4700120000000005,1010.0159204166666,0.234603881,18.0,5.0,0,12.4235,6471.6,1,1,0,0,0.3042666421979291
2020-12-04,Ryde,0,0,1.186601090909091,17.515045,1,33.180725,14.248757499999998,62.617911,1.8434152704166664,1005.8266270833332,0.00047683716,13.0,2.0,0,23.3227,4521.5,12,1,0,0,0.04534638012665947
2020-07-22,Blacktown,0,0,0.6769742090909091,3.7572937,0,17.676483,5.337375620833334,76.05316045833334,1.7621468166666665,1018.9444729166668,0.0,35.0,6.0,0,9.17505,3615.4,7,0,0,0,0.00024211994096113242
2020-05-29,Liverpool,0,0,0.5649757500000001,9.495453,0,16.877655,11.879207666666666,90.2086115,1.9266875166666668,1018.44520375,1.1434554989,30.0,2.0,0,8.27098,5139.4,5,0,0,0,0.010085212664014605
2020-05-03,Bankstown,0,0,0.5433239090909091,8.348602,0,18.563263,5.9433873625,59.97258925,4.360103954166667,1008.91708375,0.0,18.0,5.0,0,12.4235,6471.6,5,0,0,0,0.0047071557954042505
2020-04-15,Manly,0,0,0.2750244999999999,19.16159,0,23.514923,15.956481895833331,80.759252625,3.2544091416666667,1015.86128125,0.00715255736,0.5,0.5,1,26.2541,3641.8,4,0,0,0,0.4326906737040073
2020-03-24,Parramatta,0,0,0.5461259090909091,16.013092,0,22.537628,15.332393625,78.41844533333334,1.8884978245833333,1015.53491125,1.69086456806,20.0,1.0,0,17.0356,4087.8,3,0,0,0,0.08851662054588848
2020-01-17,Bondi,1,1,0.091502818181818,20.872131,0,21.932922,19.404958125,88.13232641666667,7.1867381375,1003.9207666666666,11.413574178,0.5,0.5,1,19.5728,9692.7,1,1,1,1,0.9497054621799134
2020-11-28,Ryde,0,0,1.5050116666666666,25.756805,1,40.949738,15.151617625,50.987825854166665,3.573456429166667,1000.3618875,0.0,13.0,2.0,0,23.3227,4521.5,11,0,0,0,0.03218336870533877
2020-04-07,Manly,0,1,0.1022339090909089,17.33847,0,19.104523,13.304191520833331,73.461576,4.5852383833333334,1016.2529833333332,1.7719268916,0.5,0.5,1,26.2541,3641.8,4,0,0,0,0.05866905376455318
2020-11-09,Cronulla,0,1,0.1844122727272727,15.916595,0,18.00772,11.482763833333337,70.41032970833334,2.5669243204166667,1021.6904741666668,0.7939338723,0.5,0.5,1,18.6816,1026.8,11,0,0,0,0.025805236778362217
2020-08-09,Campbelltown,0,1,0.0,10.256378,0,13.923737,7.661743179166667,81.389295875,4.338130566666667,994.9137333333332,18.405437448,40.0,10.0,0,10.7411,1577.7,8,0,0,0,0.014702697235771197
2020-11-08,Fairfield,0,0,0.4924233636363638,12.985748,0,19.619293,9.490027125,63.543405416666666,2.3922550166666667,1020.5399166666666,0.0910758972,27.0,4.0,0,13.6634,4527.0,11,0,0,0,0.00383124972472007
2020-09-02,Fairfield,0,0,0.5460676363636363,13.610596,0,24.197021,6.972214979166666,66.60027616666666,2.749569741666667,1011.946215,0.0,27.0,4.0,0,13.6634,4527.0,9,0,0,0,0.021586462028204675
2020-01-14,Coogee,1,1,0.1564996363636365,20.697968,0,22.779297,18.391428583333333,81.39989975,3.1580944691666666,1012.0445891666668,0.8201599079999999,0.5,0.5,1,18.7764,7453.6,1,1,1,1,0.9350568701828103
2020-11-06,Bondi,0,1,0.1220481818181816,15.95639,0,17.29892,11.272116333333337,72.74039475,8.308066483333333,1012.1747783333334,2.242565169,0.5,0.5,1,19.5728,9692.7,11,0,0,0,0.04304032781470918
2020-09-16,Coogee,0,0,0.3476369090909091,15.77243,0,19.97293,14.156050395833333,80.07304183333333,4.9522081125,1017.27077125,0.0,0.5,0.5,1,18.7764,7453.6,9,0,0,0,0.03818147423823019
2020-12-17,Bondi,1,1,0.131342090909091,22.368256,0,24.059052,20.507517458333332,86.63114566666667,5.495059458333333,1001.1834195833334,1.85680389512,0.5,0.5,1,19.5728,9692.7,12,1,1,1,0.8854817584786439
2020-05-26,Bankstown,0,0,0.3121920909090909,12.458313,0,18.524292,12.724891729166666,83.010117,4.459454370833334,1014.12892,2.9020309595,18.0,5.0,0,12.4235,6471.6,5,0,0,0,0.009424731297413716
2020-03-04,Manly,1,1,0.025518181818182,22.863068,0,23.219452,19.147179875,83.35756333333333,5.416326525,1013.0378879166666,15.1419638417,0.5,0.5,1,26.2541,3641.8,3,0,1,1,0.9000189278020183
2020-12-27,Campbelltown,0,0,1.2141951250000005,20.49466,1,32.187836,16.807289145833334,71.80829458333334,1.60455744,996.0742720833332,2.3255348183,40.0,10.0,0,10.7411,1577.7,12,1,0,0,0.06407053961283095
2020-03-07,Cronulla,0,1,0.1484264545454546,18.653778,0,20.905823,16.888050166666666,80.94531858333333,7.319002866666666,1013.8345216666668,4.2896270649999995,0.5,0.5,1,18.6816,1026.8,3,0,0,0,0.4964840852623116
2020-08-25,Manly,0,0,0.3296897272727273,8.879242,0,13.698029,4.866808545833334,65.94242737500001,3.915635275,1021.3967208333332,0.0009536743,0.5,0.5,1,26.2541,3641.8,8,0,0,0,0.009967305223630641
2020-05-25,Cronulla,0,1,0.0,15.540375,0,16.338715,13.068202979166664,84.45954845833333,11.1834344375,1012.03986125,15.42139055,0.5,0.5,1,18.6816,1026.8,5,0,0,0,0.07530046330245779
2020-02-23,Manly,0,0,0.2126603636363636,20.614044,0,22.978607,16.908777833333335,73.15228270833333,3.5248378466666668,1018.5268991666668,2.8166770925,0.5,0.5,1,26.2541,3641.8,2,1,0,1,0.9066417560531417
2020-05-03,Fairfield,0,0,0.6704545454545455,6.108368,0,18.98526,4.623074895833333,56.99804279166667,3.8296511875,1009.6954133333334,0.0,27.0,4.0,0,13.6634,4527.0,5,0,0,0,0.0005313777385676057
2020-02-29,Campbelltown,0,0,0.5962341000000002,18.213776,0,25.695648,15.302420395833332,71.23245091666666,2.081494892083333,1001.1737741666666,0.55027008032,40.0,10.0,0,10.7411,1577.7,2,1,0,0,0.05461717601419729
2020-07-12,Fairfield,0,0,0.3786454545454545,7.292328,0,17.104248,8.88730875,88.4809555,1.2842156016666666,1008.2458933333334,3.62253191406,27.0,4.0,0,13.6634,4527.0,7,0,0,0,0.012111834094638207
2020-05-22,Manly,0,1,0.19202425,13.424713,0,15.399567,9.073955516666668,73.36271070833332,10.649935191666666,1004.7127454166666,27.8401375088,0.5,0.5,1,26.2541,3641.8,5,0,0,0,0.04139396114157938
2020-06-23,Blacktown,0,0,0.5453380545454546,5.7151794,0,15.865601,4.12262725,68.999868875,3.041395616666667,1004.74797125,0.0,35.0,6.0,0,9.17505,3615.4,6,0,0,0,0.0005313777385676057
2020-04-07,Bondi,0,1,0.0407991818181818,18.215424,0,18.908722,13.355949291666668,72.89943225,4.905019529166666,1016.3234025,2.1772384735,0.5,0.5,1,19.5728,9692.7,4,0,0,0,0.05727718896794166
2020-08-07,Liverpool,0,1,0.0772510909090909,11.60202,0,12.601471,9.534365329166668,90.84208741666669,2.1261302416666665,1011.957535,18.5561179805,30.0,2.0,0,8.27098,5139.4,8,0,0,0,0.03113336964440976
2020-07-18,Manly,0,0,0.2749689545454545,11.529144,0,16.127838,8.38667175,67.02221545833333,3.325974960416667,1015.8299545833332,0.2045631406,0.5,0.5,1,26.2541,3641.8,7,0,0,0,0.01246737782012166
2020-04-02,Campbelltown,0,0,0.5943630909090909,14.158142,0,22.187622,18.700784,94.60337054166666,1.75587013875,998.7611695833334,9.49621201216,40.0,10.0,0,10.7411,1577.7,4,0,0,0,0.4979588168800791
2020-05-31,Manly,0,0,0.3860744444444444,14.94455,0,20.102264,12.681040458333332,78.35143208333334,5.153316104166667,1012.9057233333332,0.02908706694,0.5,0.5,1,26.2541,3641.8,5,0,0,0,0.04475541004787391
2020-10-30,Penrith,0,0,0.6931639999999998,15.783295,0,22.350952,12.518475854166669,80.27326908333333,1.7308935670833334,996.5098095833332,1.344680781,55.0,3.0,0,11.4378,1496.4,10,0,0,0,0.023542984121479642
2020-01-18,Coogee,1,1,0.0767821818181818,20.94162,0,22.049896,18.732006,84.89416916666667,7.540413958333333,1004.2355783333334,7.09342959,0.5,0.5,1,18.7764,7453.6,1,1,1,1,0.949102398980763
2020-08-25,Blacktown,0,0,0.7339865727272726,2.7347107,0,15.486603,2.680203747083333,67.384259375,2.003268233333334,1018.95089375,0.0,35.0,6.0,0,9.17505,3615.4,8,0,0,0,0.00024211994096113242
2020-04-03,Liverpool,1,1,0.1935233750000002,20.167786,0,24.607513,18.072312541666665,88.71380225,2.4611263833333332,999.7161495833334,9.02795787692,30.0,2.0,0,8.27098,5139.4,4,0,1,1,0.6535412132095392
2020-06-15,Bondi,0,0,0.3639276363636364,13.216217,0,18.230316,8.127755508333333,62.455278416666665,4.0222662125,1017.1815083333332,0.0,0.5,0.5,1,19.5728,9692.7,6,0,0,0,0.02144647718016089
2020-02-04,Coogee,1,1,0.0491610909090906,20.44638,0,21.153717,12.513757020833332,60.678650125,7.134722129166668,1014.79837125,0.8707046506,0.5,0.5,1,18.7764,7453.6,2,1,1,1,0.7034448932859085
2020-05-22,Bondi,0,0,0.2534789999999999,13.651398,0,15.667175,9.923727666666666,75.13629995833334,11.613875520833334,1004.3640004166668,30.6730269662,0.5,0.5,1,19.5728,9692.7,5,0,0,0,0.04321283726286071
2020-01-15,Parramatta,0,0,0.6578827500000002,21.39151,0,28.494476,17.857068354166667,73.48666004166667,2.1400104208333333,1004.8868554166668,0.00238418576,20.0,1.0,0,17.0356,4087.8,1,1,0,0,0.16474923375019898
2020-05-25,Liverpool,0,1,0.0799212857142858,14.197723,0,15.970062,10.940842920833331,79.46630145833333,6.677072941666666,1009.5302775,7.2751044621,30.0,2.0,0,8.27098,5139.4,5,0,0,0,0.011860242553062315
2020-06-23,Liverpool,0,0,0.4364957272727273,7.488617,0,15.549194,4.975980125,69.08496570833334,3.9415788541666665,1003.8371425,0.0,30.0,2.0,0,8.27098,5139.4,6,0,0,0,0.0017105461089043624
2020-11-28,Coogee,0,0,0.6116562500000002,22.44577,1,30.488464,17.945563,66.58279733333333,4.9464668125,1002.7456308333334,0.0,0.5,0.5,1,18.7764,7453.6,11,0,0,0,0.37514655724156915
2020-01-22,Parramatta,0,0,0.8716597272727274,20.551422,1,31.838257,18.805844583333332,68.9915645,2.71932830125,1001.41797375,0.0,20.0,1.0,0,17.0356,4087.8,1,1,0,0,0.18211099242050355
2020-12-28,Parramatta,0,0,0.2623562222222221,16.746796,0,28.460052,16.929044125,72.94756325,3.949768,1000.7882379166668,3.0117034732,20.0,1.0,0,17.0356,4087.8,12,1,0,0,0.16297771548138165
2020-07-07,Blacktown,0,0,0.2472146363636363,10.899139,0,16.510986,7.923238133333332,77.59498020833333,2.3850830958333336,1021.9174370833332,0.5774498057599999,35.0,6.0,0,9.17505,3615.4,7,0,0,0,0.00030636383282176504
2020-01-18,Campbelltown,0,0,0.4612656249999998,18.885162,0,23.129974,17.201488541666667,77.88540333333333,3.131515512083333,994.9418220833332,1.77907943812,40.0,10.0,0,10.7411,1577.7,1,1,0,0,0.40936127313582543
2020-08-15,Manly,0,0,0.3212281428571429,13.97644,0,17.27948,10.4707386875,73.96916379166667,4.773161579166667,1002.0127145833334,3.60202791366,0.5,0.5,1,26.2541,3641.8,8,0,0,0,0.047905483565194674
2020-06-04,Campbelltown,0,0,0.67365724,3.0591736,0,16.06363,4.552494041666667,68.95435891666666,2.1439000916666666,1016.33502625,0.0,40.0,10.0,0,10.7411,1577.7,6,0,0,0,0.00024211994096113242
2020-05-10,Bankstown,0,0,0.4615422727272726,7.179413,0,17.357697,2.9007962460833334,52.132769375,4.0819996708333335,1012.0596283333332,0.0,18.0,5.0,0,12.4235,6471.6,5,0,0,0,0.0005313777385676057
2020-10-30,Campbelltown,0,0,0.4427838571428571,16.040253,0,22.30017,12.551841770833333,80.595195375,1.7259361183333333,995.4810545833334,0.4525184694599999,40.0,10.0,0,10.7411,1577.7,10,0,0,0,0.022347547547998236
2020-05-11,Blacktown,0,0,0.6379671818181817,4.178314,0,18.41861,3.0851249708333337,62.314744708333336,2.550891625,1019.1522816666668,0.0,35.0,6.0,0,9.17505,3615.4,5,0,0,0,0.00024211994096113242
2020-07-22,Liverpool,0,0,0.5407881272727273,6.3178406,0,17.198883,6.485975916666667,76.67256058333334,2.002128625,1018.2323854166666,0.0,30.0,2.0,0,8.27098,5139.4,7,0,0,0,0.0009988786154803983
2020-09-21,Coogee,0,0,0.247342181818182,19.320099,0,22.763824,15.979136166666663,80.1701235,5.116435845833333,1004.6791979166666,0.1034736632999999,0.5,0.5,1,18.7764,7453.6,9,0,0,0,0.48041841493153975
2020-08-19,Bondi,0,0,0.2286377272727272,12.555389,0,17.872772,7.9546864375,63.932782125,6.7912809958333336,991.5839220833332,0.2074241604,0.5,0.5,1,19.5728,9692.7,8,0,0,0,0.013914596795543044
2020-05-21,Manly,0,0,0.5962421666666667,11.730408,0,18.247284,12.722184458333333,79.66139429166667,4.3918042250000005,1007.3317704166666,25.6729125145,0.5,0.5,1,26.2541,3641.8,5,0,0,0,0.04523963660561234
2020-07-19,Cronulla,0,0,0.3422268181818182,13.516205,0,17.953583,9.480384833333334,72.54757566666667,4.206962529166667,1011.01755125,0.0,0.5,0.5,1,18.6816,1026.8,7,0,0,0,0.03427091901895574
2020-04-05,Fairfield,0,0,0.6406471818181817,12.103638,0,23.90503,8.074242925,56.022742666666666,3.0232167833333334,1005.6105479166666,0.0,27.0,4.0,0,13.6634,4527.0,4,0,0,0,0.026076510286716474
2020-01-14,Fairfield,0,0,0.6927212727272725,17.977264,0,27.284424,17.198150583333334,73.38301187500001,2.4204770483333333,1009.3020845833332,1.36184692016,27.0,4.0,0,13.6634,4527.0,1,1,0,0,0.1852939863444991
2020-03-18,Bondi,0,0,0.2250865454545454,19.159882,0,21.704803,15.556184125,76.13118595833333,3.2437518375,1019.6352254166668,0.00333786012,0.5,0.5,1,19.5728,9692.7,3,0,0,0,0.4703743068492342
2020-04-22,Blacktown,0,0,0.9620583636363635,8.824371,0,25.324188,9.994099916666666,64.366602875,1.9287861670833335,1010.25328125,0.0,35.0,6.0,0,9.17505,3615.4,4,0,0,0,0.01397057876457845
2020-11-05,Campbelltown,0,1,0.135040318181818,12.6215515,0,18.956024,12.698397375,84.02043141666667,3.9730341208333337,996.2044016666669,16.3822172733,40.0,10.0,0,10.7411,1577.7,11,0,0,0,0.023991702716814244
2020-06-29,Blacktown,0,0,0.5116132727272729,6.234894,0,15.639496,9.3956095625,88.898388625,1.9191762375,1019.8326254166668,3.764629366,35.0,6.0,0,9.17505,3615.4,6,0,0,0,0.008612579930286145
2020-04-29,Bankstown,0,0,0.4252991000000001,17.778229,0,24.25467,16.6277745,80.78558183333332,3.3960500541666665,1006.4042920833334,1.08814239746,18.0,5.0,0,12.4235,6471.6,4,0,0,0,0.20926184969887543
2020-12-13,Liverpool,0,0,0.3484247272727271,18.306671,0,23.383148,14.822012520833333,73.89504241666667,2.895862370833333,1016.4666595833334,1.26791000266,30.0,2.0,0,8.27098,5139.4,12,1,0,0,0.15620482923373832
2020-11-01,Blacktown,0,0,0.3456329,14.124817,0,18.954254,13.501174937499998,84.28415266666667,5.3610934875,1009.27874,17.16566098676,35.0,6.0,0,9.17505,3615.4,11,0,0,0,0.026101049047550617
2020-03-16,Parramatta,0,0,0.4733720909090909,14.596954,0,20.88092,14.978931479166668,83.31683054166668,3.7604574083333335,1017.4593258333332,7.0633888189,20.0,1.0,0,17.0356,4087.8,3,0,0,0,0.11612034502849788
2020-07-13,Blacktown,0,0,0.3242570000000002,10.11853,0,16.443695,8.011622108333333,84.31029037500001,1.8735600541666668,1010.2233520833332,2.2816657997,35.0,6.0,0,9.17505,3615.4,7,0,0,0,0.004360246638142402
2020-04-25,Penrith,0,0,0.9035532727272728,10.029572,0,27.077942,11.210987041666668,72.483720625,1.78481531375,1005.8212720833334,0.0,55.0,3.0,0,11.4378,1496.4,4,0,0,0,0.012740046410111254
2020-01-06,Penrith,0,0,0.2327852727272728,20.327515,0,24.208527,15.324640958333331,71.59849416666667,2.1487300208333333,1006.0393370833334,0.73766708406,55.0,3.0,0,11.4378,1496.4,1,1,0,0,0.15630830699021683
2020-03-04,Fairfield,1,1,0.09149925,22.302399,0,23.517914,19.215376541666668,87.696370375,2.5644104904166665,1010.5928883333332,15.00129696646,27.0,4.0,0,13.6634,4527.0,3,0,1,1,0.8042275876374941
2020-08-08,Parramatta,0,0,0.4291465454545455,8.596893,0,16.205597,10.928410791666666,88.112621,2.076054895833334,1005.56945625,2.4981498177,20.0,1.0,0,17.0356,4087.8,8,0,0,0,0.010757249005369746
2020-07-23,Penrith,0,0,0.891948309090909,2.2865906,0,18.12976,5.313293470833334,79.382801125,1.23395030375,1011.46110125,0.0,55.0,3.0,0,11.4378,1496.4,7,0,0,0,0.002841673454507575
2020-07-18,Fairfield,0,0,0.6970214545454546,5.335785,0,17.033691,7.994907345833333,76.60500295833333,1.9575121333333336,1013.4607908333334,0.186443329,27.0,4.0,0,13.6634,4527.0,7,0,0,0,0.00024211994096113242
2020-05-07,Liverpool,0,0,0.5390263636363638,13.05838,0,22.210052,10.767347979166669,77.494921125,2.4477560041666666,1012.880325,0.0,30.0,2.0,0,8.27098,5139.4,5,0,0,0,0.015586681885149625
2020-02-19,Bondi,0,0,0.6062732727272727,18.370209,0,25.039215,14.836199458333333,58.41202079166666,4.6419790375,998.60960125,0.0009536743,0.5,0.5,1,19.5728,9692.7,2,1,0,0,0.48215271157838857
2020-11-09,Ryde,0,0,0.8262800909090909,10.555267,0,20.565765,11.327816,72.660964875,1.7804513866666667,1019.0379791666666,1.3799667355,13.0,2.0,0,23.3227,4521.5,11,0,0,0,0.009334216546027608
2020-05-24,Campbelltown,0,0,0.2868285999999999,11.924194,0,17.519562,7.104357316666667,60.53367291666667,4.8030647958333335,997.54284625,0.08773803634,40.0,10.0,0,10.7411,1577.7,5,0,0,0,0.0024846467851902193
2020-12-26,Cronulla,0,1,0.1713811818181816,19.313324,0,21.28006,16.013130166666667,77.29452758333333,5.3974679875,1013.5070091666666,6.157398327299999,0.5,0.5,1,18.6816,1026.8,12,1,0,0,0.48948865575359085
2020-05-26,Ryde,0,0,0.3807289999999999,11.520813,0,18.708221,12.520464604166667,83.90438020833334,4.203299783333333,1014.6426716666666,2.575874327,13.0,2.0,0,23.3227,4521.5,5,0,0,0,0.018359365871694972
2020-06-19,Ryde,0,0,0.537717,7.938568,0,19.145905,9.0740674125,83.70719187499999,1.7660479375,1022.7106945833332,0.0,13.0,2.0,0,23.3227,4521.5,6,0,0,0,0.007007987890274852
2020-11-09,Parramatta,0,0,0.8262800909090909,10.555267,0,20.565765,11.327816,72.660964875,1.7804513866666667,1019.0379791666666,1.3799667355,20.0,1.0,0,17.0356,4087.8,11,0,0,0,0.006357607414021884
2020-09-08,Campbelltown,0,0,0.848863857142857,12.991577,0,24.44754,10.576594041666668,75.60295425,1.933681225,1012.3079695833334,0.0,40.0,10.0,0,10.7411,1577.7,9,0,0,0,0.011337401946082917
2020-01-30,Blacktown,0,0,0.616887818181818,21.74643,1,30.089996,19.045485166666666,73.8202835,2.40729083125,1008.4817270833332,0.01049041752,35.0,6.0,0,9.17505,3615.4,1,1,0,0,0.18905423605075375
2020-11-29,Parramatta,0,0,1.0594204545454546,17.92862,1,39.960846,12.885871854166666,38.751310958333335,6.514261854166667,996.1252070833334,0.0,20.0,1.0,0,17.0356,4087.8,11,0,0,0,0.02788743113064398
2020-03-26,Parramatta,0,0,0.5065727500000001,16.067474,0,21.515411,14.828961645833331,78.97598516666666,3.8510168208333337,1017.1644679166668,6.2227249095,20.0,1.0,0,17.0356,4087.8,3,0,0,0,0.2054355877689385
2020-02-27,Campbelltown,0,0,0.980316181818182,14.212036,0,25.571045,14.763661666666666,68.46712716666666,2.7211229958333334,995.01018125,0.6012916507,40.0,10.0,0,10.7411,1577.7,2,1,0,0,0.07018950143048425
2020-08-26,Fairfield,0,0,0.9093572272727272,2.6076355,0,18.078766,3.468748741666667,69.24070745833333,1.5723993345833334,1020.868685,0.0,27.0,4.0,0,13.6634,4527.0,8,0,0,0,0.00024211994096113242
2020-08-05,Bankstown,0,0,0.5249356363636364,6.29245,0,16.158081,-0.0752169316666666,49.863759791666666,4.274282433333333,1005.2323970833332,0.0,18.0,5.0,0,12.4235,6471.6,8,0,0,0,0.0047071557954042505
2020-06-18,Fairfield,0,0,0.5515108727272726,6.5623474,0,18.098602,8.9204712,74.508413625,1.7382577504166667,1028.530775,0.58364868396,27.0,4.0,0,13.6634,4527.0,6,0,0,0,0.001326340162484997
2020-07-26,Manly,0,1,0.0844782727272727,16.064178,0,16.997284,13.862451,90.162340625,4.3689530845833335,1009.3149833333332,81.5620422599,0.5,0.5,1,26.2541,3641.8,7,0,0,0,0.06303825194032558
2020-05-03,Parramatta,0,0,0.6704545454545455,6.108368,0,18.98526,4.623074895833333,56.99804279166667,3.8296511875,1009.6954133333334,0.0,20.0,1.0,0,17.0356,4087.8,5,0,0,0,0.0017980549625273839
2020-07-16,Liverpool,0,1,0.1955539090909092,11.460083,0,15.653137,6.598571775,65.83675895833333,5.8169608749999995,1009.1940220833334,0.10204315112,30.0,2.0,0,8.27098,5139.4,7,0,0,0,0.007496932218279167
2020-04-12,Bankstown,0,0,0.5737304545454546,10.184113,0,20.233429,6.770062779166667,57.506577916666664,3.2102893508333334,1007.12598375,0.0,18.0,5.0,0,12.4235,6471.6,4,0,0,0,0.005371478834812296
2020-08-06,Coogee,0,0,0.2494809999999994,12.379364,0,13.477142,3.3875757875,57.700609375,5.504688241666667,1013.6134775,0.0009536743,0.5,0.5,1,18.7764,7453.6,8,0,0,0,0.024371506417397784
2020-05-23,Bankstown,0,1,0.0190280000000004,14.369995,0,16.117188,9.233806666666666,71.24614258333334,5.436902066666666,999.6030675,6.659507706,18.0,5.0,0,12.4235,6471.6,5,0,0,0,0.00886970017781275
2020-06-02,Campbelltown,0,1,0.1840006666666666,8.593475,0,15.458954,3.6149177541666666,64.15691879166667,4.626566191666666,1000.0883708333334,1.7256736730000002,40.0,10.0,0,10.7411,1577.7,6,0,0,0,0.0018237171411839349
2020-07-15,Cronulla,0,1,0.1244507272727272,12.952911,0,14.544647,9.981577541666669,77.35853066666667,11.413017041666668,1012.2318645833334,7.071971912,0.5,0.5,1,18.6816,1026.8,7,0,0,0,0.05572893169033444
2020-05-08,Ryde,0,0,0.8959825555555554,12.662323,0,27.211761,10.30110425,62.82639341666667,2.973808125,1009.9881270833332,0.0,13.0,2.0,0,23.3227,4521.5,5,0,0,0,0.02294792549552772
2020-06-13,Parramatta,0,0,0.275962875,13.507446,0,19.435547,12.7967313125,90.09496529166668,1.8399892416666663,1013.4609,0.0376701356999999,20.0,1.0,0,17.0356,4087.8,6,0,0,0,0.010530887321594486
2020-03-25,Fairfield,0,0,0.2215687272727274,17.520538,0,23.446106,16.828840958333334,85.79759433333334,2.2794545791666665,1012.1190391666668,12.616634381,27.0,4.0,0,13.6634,4527.0,3,0,0,0,0.3494620285679943
2020-01-09,Fairfield,0,0,0.401095888888889,21.141022,0,25.79483,17.912620625,73.09841270833333,3.2165797499999997,1009.3730379166668,0.96082687366,27.0,4.0,0,13.6634,4527.0,1,1,0,0,0.2740377282214135
2020-04-20,Ryde,0,0,0.5997536363636363,11.510101,0,20.707916,10.5839449375,73.08113433333334,2.150053816666667,1007.3516166666668,0.0,13.0,2.0,0,23.3227,4521.5,4,0,0,0,0.0035922527492433026
2020-06-13,Manly,0,1,0.0831992727272728,16.36441,0,18.190948,14.024107625,87.26122308333333,2.5877774408333334,1015.9508941666668,0.25510787986,0.5,0.5,1,26.2541,3641.8,6,0,0,0,0.05870606083407931
2020-01-21,Bankstown,0,0,0.529505,19.770172,0,29.484894,16.0601285,66.37333037500001,2.4474098975,998.85687875,0.0,18.0,5.0,0,12.4235,6471.6,1,1,0,0,0.11341777245631933
2020-11-26,Bankstown,0,0,0.8684637272727271,18.230743,0,29.876892,16.2995224375,70.52624229166666,3.0032230374999997,1004.003305,0.00047683716,18.0,5.0,0,12.4235,6471.6,11,0,0,0,0.06861394796909973
2020-05-05,Penrith,0,0,0.7293451272727274,6.3231506,0,19.442902,9.488405879166669,78.56152258333333,1.7687851708333333,1015.8338054166668,0.0429153439399999,55.0,3.0,0,11.4378,1496.4,5,0,0,0,0.00024211994096113242
2020-06-05,Bankstown,0,0,0.6085358,6.592682,0,17.682251,6.901686341666667,79.68845104166667,1.695684975,1020.1935791666666,0.0,18.0,5.0,0,12.4235,6471.6,6,0,0,0,0.00024211994096113242
2020-11-25,Ryde,0,0,0.8294344545454546,14.477661,0,24.222565,15.336769166666668,75.52259633333334,2.4409765475,1006.0744354166668,1.2416839595,13.0,2.0,0,23.3227,4521.5,11,0,0,0,0.03899163346410765
2020-05-18,Campbelltown,0,0,0.4847772727272728,11.149963,0,17.84021,11.4364840625,87.12007179166666,1.2821562070833332,1016.9673145833334,1.0080337465,40.0,10.0,0,10.7411,1577.7,5,0,0,0,0.011008551135749662
2020-06-26,Campbelltown,0,0,0.450605909090909,7.318054,0,17.783356,5.052347845833333,71.17102712500001,2.20819769,1008.27239,0.206470488,40.0,10.0,0,10.7411,1577.7,6,0,0,0,0.00040423773287576203
2020-01-25,Coogee,1,1,0.0478903636363638,24.113373,0,25.07846,21.452241333333333,84.66845583333334,4.071294858333333,1008.4850725,1.0328292838,0.5,0.5,1,18.7764,7453.6,1,1,1,1,0.9485927264563172
2020-02-10,Cronulla,1,1,0.1037929999999999,22.734772,0,24.083893,21.19489545833333,88.29300612499999,6.231863691666667,1003.76155625,21.57402027532,0.5,0.5,1,18.6816,1026.8,2,1,1,1,0.9496969731162886
2020-04-12,Ryde,0,0,0.7365500909090908,7.799347,0,20.75772,5.6450627833333336,54.749570166666665,2.744793634583333,1007.8347320833332,0.0,13.0,2.0,0,23.3227,4521.5,4,0,0,0,0.006874430985410299
2020-02-03,Penrith,0,0,1.2239102727272728,16.49942,1,33.638,17.322266875,69.416337625,3.3592519999999997,993.5011408333334,2.32315064666,55.0,3.0,0,11.4378,1496.4,2,1,0,0,0.10156403622186735
2020-09-03,Coogee,0,0,0.4382768181818183,17.126678,0,23.541656,11.6350453125,60.67318508333333,6.288594754166667,1010.4324208333334,0.0,0.5,0.5,1,18.7764,7453.6,9,0,0,0,0.14992658464263114
2020-02-13,Bankstown,0,0,0.3201432727272726,20.778198,0,25.151337,21.658996541666667,90.10159258333331,2.487156894166666,1003.3438958333332,6.8345069700000005,18.0,5.0,0,12.4235,6471.6,2,1,0,1,0.7186175432203816
2020-06-13,Penrith,0,0,0.4715219999999999,12.190704,0,19.39212,12.199970354166666,90.366814625,1.6419759079166667,1007.0334,0.07963180562,55.0,3.0,0,11.4378,1496.4,6,0,0,0,0.011069973500137095
2020-02-11,Penrith,0,0,0.5611115,20.927826,0,29.582916,20.305904375,82.07521995833334,1.2673044958333333,994.75063875,7.8740120428,55.0,3.0,0,11.4378,1496.4,2,1,0,0,0.18655632635984806
2020-10-23,Blacktown,0,0,0.4394031818181816,19.307953,0,27.334259,16.290233604166666,76.258917125,2.954291869166666,1004.3090733333332,0.00381469728,35.0,6.0,0,9.17505,3615.4,10,0,0,0,0.06628799207247843
2020-02-22,Ryde,0,0,0.23478,19.057404,0,22.40384,16.954864458333333,80.605176125,2.2739502083333334,1015.4699783333334,7.677078246,13.0,2.0,0,23.3227,4521.5,2,1,0,0,0.42724044923044036
2020-01-19,Manly,1,1,0.1337502727272728,21.038055,0,22.561127,19.462421375,88.20009133333333,3.5124723041666663,1002.2147945833334,11.64436342762,0.5,0.5,1,26.2541,3641.8,1,1,1,1,0.938501232817012
2020-04-25,Campbelltown,0,0,0.9404851818181816,9.816681,0,26.300598,11.760059416666666,73.69853520833333,1.805421235,1004.6850216666668,0.0,40.0,10.0,0,10.7411,1577.7,4,0,0,0,0.013426759651796969
2020-03-21,Parramatta,0,0,0.3925503636363636,17.399689,0,24.455475,16.26557925,78.42127245833333,2.4184906779166666,1011.69531125,1.37758254006,20.0,1.0,0,17.0356,4087.8,3,0,0,0,0.26298336559626706
2020-09-14,Cronulla,0,1,0.0627440909090908,15.639893,0,17.542267,12.349597791666667,79.13695525,3.466350333333333,1019.5736183333332,0.00238418582,0.5,0.5,1,18.6816,1026.8,9,0,0,0,0.02415214194906704
2020-08-27,Coogee,0,0,0.3432339999999999,13.057312,0,17.658722,6.645041129166667,63.2954705,3.3760475125,1018.7733841666668,0.0,0.5,0.5,1,18.7764,7453.6,8,0,0,0,0.009601338757445137
2020-10-05,Cronulla,0,0,0.4968927272727273,16.230072,0,23.555328,14.6212209375,71.53394720833333,5.707934664166667,1011.5289070833333,0.0009536743,0.5,0.5,1,18.6816,1026.8,10,0,0,0,0.2296291893672562
2020-04-05,Ryde,0,0,0.6406471818181817,12.103638,0,23.90503,8.074242925,56.022742666666666,3.0232167833333334,1005.6105479166666,0.0,13.0,2.0,0,23.3227,4521.5,4,0,0,0,0.030752276016896528
2020-11-07,Bondi,0,1,0.1189242727272726,15.750946,0,17.059113,11.561843833333334,72.89588675,6.621048283333334,1016.6510325,1.3570785492600002,0.5,0.5,1,19.5728,9692.7,11,0,0,0,0.0338914793245255
2020-08-01,Coogee,0,0,0.3222989090909092,11.705231,0,16.203583,9.2432963625,74.80613591666666,3.060074733333334,1020.4021320833334,0.0,0.5,0.5,1,18.7764,7453.6,8,0,0,0,0.014653038876862064
2020-09-13,Manly,0,0,0.5441395454545453,13.088165,0,20.852264,11.242118833333334,69.255154875,3.6432415625,1017.5260858333332,0.0,0.5,0.5,1,26.2541,3641.8,9,0,0,0,0.019862189874298632
2020-07-29,Manly,0,0,0.2751548181818181,12.360535,0,17.404938,10.541383145833333,74.31568641666667,4.3482108625,1011.3146479166668,0.224590298,0.5,0.5,1,26.2541,3641.8,7,0,0,0,0.04146205958328076
2020-10-19,Ryde,0,0,0.3392639999999998,15.04245,0,20.16153,12.649773854166666,75.28556370833333,3.288476375,1009.4263833333332,1.05524063872,13.0,2.0,0,23.3227,4521.5,10,0,0,0,0.003716420050325136
2020-08-29,Bankstown,0,0,0.7911210000000001,6.24881,0,19.82315,5.71579105,68.48416266666668,2.2958531333333334,1020.5164220833334,0.0,18.0,5.0,0,12.4235,6471.6,8,0,0,0,0.00024211994096113242
2020-08-20,Penrith,0,0,0.5840815090909092,6.0709534,0,16.83966,3.4424387666666667,53.484890291666666,4.448827658333333,988.28579125,0.0,55.0,3.0,0,11.4378,1496.4,8,0,0,0,0.0014192093284860637
2020-03-05,Fairfield,1,1,0.1366715454545454,20.885315,0,22.600067,20.716106541666665,91.15220408333332,3.8648059458333335,1002.74583875,23.8041878066,27.0,4.0,0,13.6634,4527.0,3,0,1,1,0.8145945850751825
2020-05-04,Bondi,0,1,0.1083984999999998,15.566223,0,17.183594,9.811218354166668,68.70212054166667,5.7323656125,1020.3851958333332,0.1091957076,0.5,0.5,1,19.5728,9692.7,5,0,0,0,0.013733452164641143
2020-06-05,Blacktown,0,0,0.6753429090909091,4.612549,0,18.373657,5.730543745833334,79.09633254166667,1.4829940541666666,1020.8694116666668,0.0,35.0,6.0,0,9.17505,3615.4,6,0,0,0,0.00024211994096113242
2020-05-28,Fairfield,0,0,0.5344960000000001,10.305267,0,21.151642,10.450021066666666,82.36642795833333,1.6194126625,1013.6188033333332,0.0,27.0,4.0,0,13.6634,4527.0,5,0,0,0,0.0067998219986171605
2020-08-12,Campbelltown,0,0,0.6922940000000001,7.129059,0,17.599457,9.078920995833334,85.62010279166667,1.3159138158333332,999.9734745833332,0.5068778943,40.0,10.0,0,10.7411,1577.7,8,0,0,0,0.00317955714119448
2020-04-15,Liverpool,0,0,0.6176026,15.905731,0,26.022736,15.298441645833334,78.01341225,1.9603424333333337,1012.6358720833332,0.0009536743,30.0,2.0,0,8.27098,5139.4,4,0,0,0,0.028460074784435657
2020-12-13,Ryde,0,0,0.4950775,17.684662,0,24.281586,14.109610208333336,70.59853370833333,2.9103964,1016.8995766666668,0.8020401022,13.0,2.0,0,23.3227,4521.5,12,1,0,0,0.15135522928031556
2020-01-30,Parramatta,0,0,0.616887818181818,21.74643,1,30.089996,19.045485166666666,73.8202835,2.40729083125,1008.4817270833332,0.01049041752,20.0,1.0,0,17.0356,4087.8,1,1,0,0,0.22432298099942585
2020-10-25,Blacktown,0,1,0.0,13.070343,0,17.681335,12.463016416666669,87.79947333333332,5.226710570833333,1005.2693008333334,25.0263216347,35.0,6.0,0,9.17505,3615.4,10,0,0,0,0.04631169598016125
2020-07-10,Coogee,0,0,0.2674124285714287,13.527985,0,15.969391,12.292204562499998,85.92008529166667,2.5196136333333334,1020.43944125,3.98540499016,0.5,0.5,1,18.7764,7453.6,7,0,0,0,0.03860764165140918
2020-10-26,Manly,0,1,0.0017700000000004,14.612579,0,16.17154,12.516421125,83.60998475000001,11.879090854166668,1012.16267,37.98389422,0.5,0.5,1,26.2541,3641.8,10,0,0,0,0.06163340606335381
2020-01-05,Coogee,1,1,0.0256425,20.041412,0,22.753632,16.291451729166667,74.90143495833333,9.159446783333332,1012.9992575,0.18644332872,0.5,0.5,1,18.7764,7453.6,1,1,1,1,0.9092614317261488
2020-02-26,Campbelltown,0,0,0.996066,17.859222,1,31.085602,17.80226516666667,69.611152375,2.7894471125,992.1385516666666,0.16689300562,40.0,10.0,0,10.7411,1577.7,2,1,0,0,0.1196676477183247
2020-02-08,Parramatta,1,1,0.0575034545454545,20.95993,0,22.570099,19.327089833333336,88.909066625,5.03511255,1010.6144045833332,49.203396569999995,20.0,1.0,0,17.0356,4087.8,2,1,1,1,0.8878283710106628
2020-06-30,Bondi,0,0,0.2413496363636363,12.29953,0,15.556946,10.9052390625,84.77562904166666,2.6721632625,1019.5306770833334,0.24509429706,0.5,0.5,1,19.5728,9692.7,6,0,0,0,0.038080852318278464
2020-05-11,Coogee,0,0,0.2263904545454545,13.418549,0,16.70816,6.926514916666666,61.181070291666664,4.931060166666667,1021.4460345833332,0.0,0.5,0.5,1,18.7764,7453.6,5,0,0,0,0.020649698555011312
2020-06-18,Coogee,0,1,0.1494659,14.007355,0,16.502075,7.938537604166666,60.496604999999995,3.22352775,1031.0649375,0.07057189936,0.5,0.5,1,18.7764,7453.6,6,0,0,0,0.015157029124975232
2020-01-30,Manly,1,1,0.1868452727272727,23.174164,0,25.575714,19.887770333333332,79.81646845833333,3.456163817083333,1011.0879733333333,0.02765655546,0.5,0.5,1,26.2541,3641.8,1,1,1,1,0.8600934684650884
2020-08-20,Liverpool,0,0,0.4413258181818181,8.848297,0,16.900543,4.116999316666667,53.5110115,5.1546638875,993.64496,0.0,30.0,2.0,0,8.27098,5139.4,8,0,0,0,0.0036638151555269767
2020-03-27,Cronulla,0,1,0.0772704545454546,19.235596,0,20.195099,13.631740479166666,68.49308725,4.1878904708333335,1021.0646158333334,0.822067262,0.5,0.5,1,18.6816,1026.8,3,0,0,0,0.14881788788340386
2020-08-15,Fairfield,0,0,0.2496476818181817,13.055084,0,18.240662,10.106562341666669,75.57767091666666,3.3396596375,999.7235545833332,2.76708601222,27.0,4.0,0,13.6634,4527.0,8,0,0,0,0.002970202490733528
2020-06-22,Bankstown,0,0,0.5064911000000001,7.009186,0,15.242279,5.926110566666666,72.78687645833334,2.7944195250000003,1001.9003445833332,0.3089904776,18.0,5.0,0,12.4235,6471.6,6,0,0,0,0.0010180313262457296
2020-09-21,Manly,0,0,0.2411276363636361,19.78299,0,23.488068,16.248586125,77.973456625,5.1372812833333334,1004.8591958333332,0.21886825412,0.5,0.5,1,26.2541,3641.8,9,0,0,0,0.4524321061581568
2020-11-04,Bondi,0,1,0.1171653636363636,18.709991,0,20.009491,13.961570729166668,75.71060170833333,5.007169495833334,1010.0996258333332,0.0,0.5,0.5,1,19.5728,9692.7,11,0,0,0,0.043292603122660596
2020-10-05,Fairfield,0,0,2.0842982857142855,15.847992,1,33.123383,10.985397345833334,52.453505375,2.815395975,1008.9347375,0.0,27.0,4.0,0,13.6634,4527.0,10,0,0,0,0.014651234427365368
2020-09-18,Parramatta,0,1,0.1785767000000001,14.991119,0,17.546234,13.205702395833333,83.044682,2.260536329166667,1022.9156520833334,1.3751983606,20.0,1.0,0,17.0356,4087.8,9,0,0,0,0.003879071169406302
2020-04-11,Penrith,0,0,0.8383456363636363,9.395294,0,25.180725,8.353846270833333,57.006569791666664,4.382057387500001,992.1491529166666,0.0,55.0,3.0,0,11.4378,1496.4,4,0,0,0,0.02659831632161234
2020-08-29,Ryde,0,0,0.9297929454545456,4.8230286,0,21.100494,4.5530306125,66.640975875,2.0924352208333334,1021.2464216666668,0.0,13.0,2.0,0,23.3227,4521.5,8,0,0,0,0.002167481787376626
2020-06-22,Parramatta,0,0,0.5541048636363636,5.3324585,0,15.402435,5.071211508333334,71.11571754166667,2.8420453291666665,1002.765345,0.24890899896,20.0,1.0,0,17.0356,4087.8,6,0,0,0,0.0018622988543880164
2020-01-12,Liverpool,0,1,0.1939641818181818,17.584625,0,20.488678,14.720879916666666,73.831736875,4.071098966666667,1010.28448,2.157211301,30.0,2.0,0,8.27098,5139.4,1,1,0,0,0.22196380701379254
2020-12-18,Manly,0,0,0.3898204545454546,19.222687,0,27.189423,20.848668416666666,84.29810745833333,4.376966235416667,1001.8556841666668,9.57345961,0.5,0.5,1,26.2541,3641.8,12,1,0,1,0.7896989509983269
2020-11-21,Fairfield,0,0,0.3933244545454544,16.66629,0,24.12851,14.691865333333332,69.71881666666667,3.4274566291666666,1013.4683866666666,0.0,27.0,4.0,0,13.6634,4527.0,11,0,0,0,0.02553540470395853
2020-02-06,Cronulla,1,1,0.1389007500000003,21.11142,0,23.172455,17.928281208333335,75.90605475,5.4750126625,1016.392585,3.871440896,0.5,0.5,1,18.6816,1026.8,2,1,1,1,0.9408383160793166
2020-02-27,Bankstown,0,0,0.6539667272727272,17.022583,0,24.887451,15.707346604166666,69.74195458333334,3.4305588541666663,1001.76308875,0.7076263475,18.0,5.0,0,12.4235,6471.6,2,1,0,0,0.3000193117620441
2020-07-24,Bondi,0,0,0.3176657272727272,11.960175,0,15.872772,11.299355770833335,85.071888,2.5436447891666667,1021.3752108333332,0.006198883,0.5,0.5,1,19.5728,9692.7,7,0,0,0,0.03459014764283031
2020-12-01,Penrith,0,0,1.047241181818182,20.25351,1,37.06369,17.32756547916667,66.20615429166666,2.3517813958333336,997.2370604166666,0.13828277412,55.0,3.0,0,11.4378,1496.4,12,1,0,0,0.052683621555752375
2020-07-09,Cronulla,0,1,0.1707791818181817,13.502197,0,15.86087,10.656712854166669,78.72821900000001,2.370283779166667,1024.38960625,0.20503997856,0.5,0.5,1,18.6816,1026.8,7,0,0,0,0.021498288205742427
2020-06-15,Bankstown,0,0,0.5840981363636363,8.06192,0,19.14035,7.326974195833333,69.41687570833334,2.6386346875,1014.0435858333334,0.0,18.0,5.0,0,12.4235,6471.6,6,0,0,0,0.0003692599466529761
2020-03-11,Cronulla,0,0,0.2024924545454544,19.282806,0,21.84903,14.6373635,68.33106691666667,2.9206548333333333,1018.0126745833333,0.5550384511,0.5,0.5,1,18.6816,1026.8,3,0,0,0,0.41017382098818156
2020-08-20,Coogee,0,0,0.2438826363636362,11.988922,0,16.244629,5.571833295833334,57.52998895833333,7.9246499125,996.6037083333334,0.0,0.5,0.5,1,18.7764,7453.6,8,0,0,0,0.016179238873215113
2020-12-12,Parramatta,0,0,0.501043090909091,15.125641,0,22.849823,11.252110770833331,60.725229041666665,3.6577582791666665,1020.9200529166666,1.3570785576,20.0,1.0,0,17.0356,4087.8,12,1,0,0,0.14089502481875735
2020-03-09,Cronulla,0,1,0.1110617272727271,18.484528,0,19.861359,15.420455979166666,79.69068908333334,4.521682079166667,1015.91705375,7.246971139,0.5,0.5,1,18.6816,1026.8,3,0,0,0,0.3010663963847832
2020-11-05,Blacktown,0,1,0.0615317272727271,13.424286,0,19.055511,13.3187585625,84.91149187500001,4.558455429166666,1003.2860766666666,11.463165277,35.0,6.0,0,9.17505,3615.4,11,0,0,0,0.02776220726607618
2020-08-17,Ryde,0,0,0.8950958333333331,9.360077,0,19.48349,5.746629062499999,57.385535833333336,3.786357916666667,1000.4170079166666,0.0,13.0,2.0,0,23.3227,4521.5,8,0,0,0,0.002456739584983099
2020-08-07,Bondi,0,1,0.0648221363636363,13.8559265,0,14.79483,10.403180441666668,80.95343045833333,4.862130116666667,1014.98546375,20.3123092426,0.5,0.5,1,19.5728,9692.7,8,0,0,0,0.04176707800597937
2020-01-15,Bankstown,0,0,0.3451870909090909,21.54892,0,27.238617,18.014620541666662,75.74516529166667,2.2812696754166666,1004.36602875,0.00667572022,18.0,5.0,0,12.4235,6471.6,1,1,0,0,0.15306578643983437
2020-08-26,Parramatta,0,0,0.9093572272727272,2.6076355,0,18.078766,3.468748741666667,69.24070745833333,1.5723993345833334,1020.868685,0.0,20.0,1.0,0,17.0356,4087.8,8,0,0,0,0.0015087971649209106
2020-08-28,Coogee,0,0,0.2611222727272727,11.510925,0,15.125153,5.256716458333334,56.250124416666665,4.891102345833334,1019.1129008333334,0.0,0.5,0.5,1,18.7764,7453.6,8,0,0,0,0.020649698555011312
2020-03-14,Ryde,0,1,0.0335942727272726,14.651123,0,17.59555,13.324891375,84.36811941666666,4.003532465416667,1009.3784925,3.8304328808,13.0,2.0,0,23.3227,4521.5,3,0,0,0,0.11736848950534194
2020-07-20,Ryde,0,0,0.5547458181818181,5.585449,0,18.100983,2.096209224166667,53.221422708333336,2.981018016666667,1010.8848908333332,0.0,13.0,2.0,0,23.3227,4521.5,7,0,0,0,0.002456739584983099
2020-11-24,Coogee,0,1,0.0909978181818183,18.420624,0,19.6846,15.221463541666669,78.73873258333333,6.6808252125,1006.4334320833332,0.27322769676,0.5,0.5,1,18.7764,7453.6,11,0,0,0,0.067669904259646
2020-01-30,Cronulla,1,1,0.0531189000000001,23.69632,0,24.558868,19.758538625,80.82224679166667,3.4857000954166666,1011.1513120833332,0.01764297478,0.5,0.5,1,18.6816,1026.8,1,1,1,1,0.9367559766636164
2020-06-14,Manly,0,0,0.412974909090909,11.893646,0,19.8219,10.407618208333334,68.33561895833334,5.2026109,1010.6485608333332,7.7924729344,0.5,0.5,1,26.2541,3641.8,6,0,0,0,0.0314620464078925
2020-02-10,Fairfield,0,0,0.3793612727272727,21.023834,0,27.278778,20.890696125,86.27983591666667,2.7812540083333332,1001.0923933333332,19.35005184576,27.0,4.0,0,13.6634,4527.0,2,1,0,0,0.43841955749795886
2020-08-04,Campbelltown,0,0,0.8898426363636364,4.102936,0,20.112488,3.5566635316666666,64.47765141666666,2.452412075,996.7276645833334,0.0,40.0,10.0,0,10.7411,1577.7,8,0,0,0,0.00040423773287576203
2020-05-17,Parramatta,0,0,0.4378764444444443,10.59613,0,20.165588,9.956853245833331,81.62014654166667,1.8103500458333333,1023.3068483333332,0.1106262218,20.0,1.0,0,17.0356,4087.8,5,0,0,0,0.0018062307025393512
2020-07-30,Coogee,0,1,0.1821011818181817,12.983978,0,15.690094,9.948555033333331,74.06754858333333,6.6721498624999995,1018.0038145833332,0.05054473832,0.5,0.5,1,18.7764,7453.6,7,0,0,0,0.037835710639809415
2020-11-11,Parramatta,0,0,0.7284046363636364,15.981781,0,26.012482,14.7201295625,76.55792575,2.68175999875,1009.5143379166668,0.0,20.0,1.0,0,17.0356,4087.8,11,0,0,0,0.023521346762339013
2020-01-04,Campbelltown,0,0,1.9336993636363635,21.182037,1,44.992065,15.828420041666668,48.744154333333334,2.3818974679166667,993.45505625,0.0,40.0,10.0,0,10.7411,1577.7,1,1,0,0,0.0672559585082898
2020-12-30,Penrith,0,0,0.3558044545454544,16.937805,0,21.258514,16.291300458333335,85.426638875,2.5947643375,1004.7851258333334,5.22375113766,55.0,3.0,0,11.4378,1496.4,12,1,0,0,0.30697628602265725
2020-09-09,Blacktown,0,1,0.121261625,12.189148,0,15.802582,12.235276604166666,88.43114287499999,3.519360766666667,1019.4574833333332,13.1187439052,35.0,6.0,0,9.17505,3615.4,9,0,0,0,0.036610139878602996
2020-07-03,Fairfield,0,0,0.9038492166666666,6.9709167,0,17.925598,5.056388841666666,64.18889404166667,2.4509966166666666,1011.4756783333332,0.0,27.0,4.0,0,13.6634,4527.0,7,0,0,0,0.00040423773287576203
2020-08-30,Manly,0,0,0.4029180454545453,14.8524475,0,20.780182,9.70064675,67.34738325,4.843955041666667,1017.6036741666668,0.0,0.5,0.5,1,26.2541,3641.8,8,0,0,0,0.026458268336459284
2020-09-21,Cronulla,0,0,0.247342181818182,19.320099,0,22.763824,15.979136166666663,80.1701235,5.116435845833333,1004.6791979166666,0.1034736632999999,0.5,0.5,1,18.6816,1026.8,9,0,0,0,0.4871369947580557
2020-09-05,Fairfield,0,0,0.735298909090909,7.759918,0,21.954407,9.164933504166669,71.38428529166667,2.4184374766666665,1010.2129904166668,0.58078768,27.0,4.0,0,13.6634,4527.0,9,0,0,0,0.011411151833471703
2020-01-29,Coogee,1,1,0.1646673636363635,21.859344,0,24.078766,20.278675166666662,82.481102,5.848029391666667,1011.0042404166668,0.4577636697,0.5,0.5,1,18.7764,7453.6,1,1,1,1,0.9482693742541767
2020-06-29,Ryde,0,0,0.5116132727272729,6.234894,0,15.639496,9.3956095625,88.898388625,1.9191762375,1019.8326254166668,3.764629366,13.0,2.0,0,23.3227,4521.5,6,0,0,0,0.013786568519382012
2020-10-31,Bondi,0,0,0.3044841111111112,15.728546,0,19.40982,15.4179688125,84.41740516666667,5.073532018333333,1003.7794854166668,42.2172546449,0.5,0.5,1,19.5728,9692.7,10,0,0,0,0.09714907766853527
2020-05-30,Ryde,0,0,0.4745514,10.043213,0,19.591095,10.652506479166666,85.84653616666667,2.171254858333333,1018.0975229166668,0.00190734862,13.0,2.0,0,23.3227,4521.5,5,0,0,0,0.007365985415219065
2020-03-31,Cronulla,0,1,0.1592490909090907,19.884094,0,22.4003,18.388670708333333,83.18847516666666,3.332889358333333,1010.9077375,0.6928443910600001,0.5,0.5,1,18.6816,1026.8,3,0,0,1,0.8521249030383068
2020-05-08,Parramatta,0,0,0.8959825555555554,12.662323,0,27.211761,10.30110425,62.82639341666667,2.973808125,1009.9881270833332,0.0,20.0,1.0,0,17.0356,4087.8,5,0,0,0,0.015917911651325146
2020-05-07,Bankstown,0,0,0.5390263636363638,13.05838,0,22.210052,10.767347979166669,77.494921125,2.4477560041666666,1012.880325,0.0,18.0,5.0,0,12.4235,6471.6,5,0,0,0,0.01512658756806145
2020-02-18,Campbelltown,0,0,0.9513382727272728,20.079987,1,31.816528,20.227116875,75.810204625,1.7595567391666669,992.5019720833334,0.61988830336,40.0,10.0,0,10.7411,1577.7,2,1,0,0,0.0848696180935206
2020-05-15,Fairfield,0,0,0.3184723,10.998962,0,16.741516,9.688119325,80.78210416666667,3.2922398666666663,1021.7201920833332,2.25162507076,27.0,4.0,0,13.6634,4527.0,5,0,0,0,0.005205828408825668
2020-02-04,Fairfield,0,0,0.4788485454545456,16.528412,0,22.63028,10.3291867,52.96372591666667,4.159794125,1012.3033633333332,0.4997253352999999,27.0,4.0,0,13.6634,4527.0,2,1,0,0,0.25630178459622216
2020-04-26,Campbelltown,0,0,0.7370522727272726,11.59259,0,25.20343,11.348312416666666,72.72203279166666,2.228083129166667,1000.5197945833334,0.1516342131,40.0,10.0,0,10.7411,1577.7,4,0,0,0,0.012643278290932324
2020-02-13,Bondi,1,1,0.1773377,21.612335,0,23.883759,21.178772041666665,88.44003579166667,4.2163329625,1006.3680675,7.5650215192,0.5,0.5,1,19.5728,9692.7,2,1,1,1,0.9498835741890604
2020-09-01,Penrith,0,0,0.778450690909091,4.4320984,0,17.5831,6.47328445,69.92872591666666,1.6125444205833332,1009.2582625,0.10776519676,55.0,3.0,0,11.4378,1496.4,9,0,0,0,0.00040423773287576203
2020-12-20,Ryde,0,0,0.4501923000000001,18.786102,0,23.42862,17.933391583333332,86.719896875,1.923799865,1005.3938145833334,2.7127265799,13.0,2.0,0,23.3227,4521.5,12,1,0,0,0.45422596039558805
2020-11-21,Cronulla,0,1,0.0596952727272724,18.47293,0,19.803772,15.841035208333333,81.10070366666666,6.180848370833334,1015.9925475,0.01907348646,0.5,0.5,1,18.6816,1026.8,11,0,0,0,0.1754970847445905
2020-10-16,Penrith,0,1,0.1915343999999997,14.961334,0,20.71402,12.763200125,74.39807879166666,2.7075459083333335,1003.9415783333334,0.4920959441,55.0,3.0,0,11.4378,1496.4,10,0,0,0,0.0016155979600914702
2020-03-12,Parramatta,0,0,0.9341763636363636,12.743622,0,24.44516,14.737398895833332,76.15149254166667,1.9409222075,1016.4990029166668,2.7251243803,20.0,1.0,0,17.0356,4087.8,3,0,0,0,0.07686001002493298
2020-12-17,Campbelltown,0,0,0.864119090909091,18.997162,1,31.457367,21.029408875,80.17023379166666,1.4292895654166669,991.26259375,5.88130959312,40.0,10.0,0,10.7411,1577.7,12,1,0,0,0.17595282706748516
2020-09-09,Liverpool,0,1,0.1320983999999999,12.498749,0,16.01773,12.218024,87.69367379166665,4.025366295833334,1018.9424845833332,13.693809442,30.0,2.0,0,8.27098,5139.4,9,0,0,0,0.03853151274292298
2020-08-01,Liverpool,0,0,0.6017733636363636,5.947418,0,17.620514,7.658579608333333,81.59163145833334,1.7693908625,1017.2162945833334,0.0,30.0,2.0,0,8.27098,5139.4,8,0,0,0,0.001296312153098839
2020-06-04,Cronulla,0,1,0.195343,12.342285,0,15.425201,8.668135354166667,69.36916920833333,7.350268179166666,1026.0291916666667,0.4367828325,0.5,0.5,1,18.6816,1026.8,6,0,0,0,0.01827085960426359
2020-12-13,Fairfield,0,0,0.4950775,17.684662,0,24.281586,14.109610208333336,70.59853370833333,2.9103964,1016.8995766666668,0.8020401022,27.0,4.0,0,13.6634,4527.0,12,1,0,0,0.1423464844438186
2020-10-04,Campbelltown,0,0,1.4303644545454544,11.761383,1,30.617523,12.139631195652177,65.45596686956522,2.019980877826087,1004.1332147826088,0.0,40.0,10.0,0,10.7411,1577.7,10,0,0,0,0.005672592796505726
2020-06-26,Ryde,0,0,0.3099809363636364,7.6696167,0,17.886871,5.6674194125,73.600320125,2.3072929,1015.7794670833332,0.0019073486,13.0,2.0,0,23.3227,4521.5,6,0,0,0,0.002167481787376626
2020-04-26,Bankstown,0,0,0.6276772727272726,14.250793,0,25.110504,12.0603078125,68.22289645833334,2.8744124625,1007.2368729166666,0.8091926540000001,18.0,5.0,0,12.4235,6471.6,4,0,0,0,0.03703497212984181
2020-05-14,Manly,0,1,0.0562578181818181,14.303558,0,16.152863,11.447211041666668,82.67870708333334,7.107874870833334,1021.72172,16.61777508,0.5,0.5,1,26.2541,3641.8,5,0,0,0,0.031183005193968903
2020-12-12,Manly,0,1,0.1292390909090909,18.35611,0,20.52951,11.565587375,61.643887625,5.7552233458333335,1023.4100508333336,1.13391876576,0.5,0.5,1,26.2541,3641.8,12,1,0,0,0.16632526022727595
2020-06-04,Parramatta,0,0,0.7017350636363635,3.0786133,0,16.260895,5.1458371375,67.97643304166667,3.0142753708333334,1023.87920125,0.0,20.0,1.0,0,17.0356,4087.8,6,0,0,0,0.0016359371706127542
2020-06-13,Coogee,0,1,0.0748540909090907,16.43277,0,17.618317,14.111103041666668,88.55469691666667,2.7722570533333335,1015.94047875,0.2632141056199999,0.5,0.5,1,18.7764,7453.6,6,0,0,0,0.0605568134552176
2020-08-13,Coogee,0,0,0.2203257727272727,14.1267395,0,18.149353,11.6079649375,81.18455462499999,2.61234344,1008.6788766666668,0.0205039976,0.5,0.5,1,18.7764,7453.6,8,0,0,0,0.03639786026912326
2020-03-14,Bondi,0,1,0.0,17.690582,0,20.499176,15.064881708333331,79.97972491666667,8.529882720833333,1011.6155720833334,7.7881813966,0.5,0.5,1,19.5728,9692.7,3,0,0,0,0.2180082306825346
2020-10-07,Blacktown,0,0,0.2038074545454545,16.621735,0,20.747711,15.717524375000002,84.18255633333334,1.5038036879166663,1012.1362195833334,2.04038616272,35.0,6.0,0,9.17505,3615.4,10,0,0,0,0.04907323083668471
2020-05-10,Manly,0,0,0.3473732727272727,10.888397,0,16.793823,4.0481758,51.32127233333333,6.445556183333333,1014.96671375,0.0,0.5,0.5,1,26.2541,3641.8,5,0,0,0,0.030437383757982852
2020-04-23,Bondi,0,0,0.2223399999999997,17.854645,0,21.061493,12.684532249999998,67.06583408333333,4.0572889625,1013.7258004166666,0.0,0.5,0.5,1,19.5728,9692.7,4,0,0,0,0.02830612097390978
2020-06-01,Campbelltown,0,0,0.7025316333333333,7.5517273,0,20.940155,6.3567022374999995,66.67771379166668,2.9722408416666664,995.1428883333332,0.01001358026,40.0,10.0,0,10.7411,1577.7,6,0,0,0,0.0005313777385676057
2020-06-13,Ryde,0,0,0.275962875,13.507446,0,19.435547,12.7967313125,90.09496529166668,1.8399892416666663,1013.4609,0.0376701356999999,13.0,2.0,0,23.3227,4521.5,6,0,0,0,0.012114927886292072
2020-01-25,Fairfield,0,0,0.3270096363636364,23.843842,0,28.604126,21.037690458333337,76.57834441666667,2.4598202125,1005.8092416666668,1.6813278025,27.0,4.0,0,13.6634,4527.0,1,1,0,0,0.2241871323849116
2020-03-08,Manly,0,1,0.1821121818181817,18.140656,0,20.255035,15.847737541666667,80.28030004166666,4.0298358625,1015.2557066666668,5.7659148889,0.5,0.5,1,26.2541,3641.8,3,0,0,0,0.3395048498135379
2020-04-25,Cronulla,0,0,0.3818914545454545,17.789337,0,22.540833,15.6053555,74.89488520833333,3.8742802416666664,1014.61044625,0.0,0.5,0.5,1,18.6816,1026.8,4,0,0,0,0.3641199544197227
2020-01-19,Cronulla,1,1,0.0384021818181817,21.823212,0,22.733795,19.421649916666667,87.28550775000001,3.797645470833333,1002.26895375,11.51084897866,0.5,0.5,1,18.6816,1026.8,1,1,1,1,0.9490243215292204
2020-03-07,Campbelltown,0,0,0.3982489090909091,16.612762,0,22.483185,15.376412729166669,75.374468125,3.0368220125,1004.24285375,0.9198188697,40.0,10.0,0,10.7411,1577.7,3,0,0,0,0.18067208006743152
2020-04-04,Blacktown,0,0,0.9074373636363636,11.909882,0,25.684967,12.862920125,62.051765,5.367298266666666,994.3301979166666,5.7249068725,35.0,6.0,0,9.17505,3615.4,4,0,0,0,0.04914844953264876
2020-06-24,Cronulla,0,0,0.2289318181818181,12.977325,0,17.203339,8.865202591666666,71.171247875,7.522832254166667,1009.2088716666668,1.197338104,0.5,0.5,1,18.6816,1026.8,6,0,0,0,0.04154535720027992
2020-11-07,Cronulla,0,1,0.1189242727272726,15.750946,0,17.059113,11.561843833333334,72.89588675,6.621048283333334,1016.6510325,1.3570785492600002,0.5,0.5,1,18.6816,1026.8,11,0,0,0,0.040697238366261684
2020-07-11,Fairfield,0,0,0.5485285454545454,7.046173,0,16.045685,11.5003471875,92.908583875,1.2649082720833331,1009.5621358333332,7.0133209589800005,27.0,4.0,0,13.6634,4527.0,7,0,0,0,0.02414639758022504
2020-09-05,Bankstown,0,0,0.5829550909090909,9.136871,0,20.23175,9.129614491666668,71.93445225,2.45884020625,1009.6054875,0.078201294,18.0,5.0,0,12.4235,6471.6,9,0,0,0,0.0008266474286932532
2020-01-21,Manly,0,0,0.2214438181818181,21.514313,0,26.143341,17.537748895833335,71.45167666666667,3.55551528625,1001.9235254166666,0.0,0.5,0.5,1,26.2541,3641.8,1,1,0,1,0.7878269111983216
2020-02-08,Penrith,0,1,0.071708,19.90329,0,21.690582,18.99375675,92.8049085,3.670098679166667,1004.5456491666667,48.43616464,55.0,3.0,0,11.4378,1496.4,2,1,0,1,0.7709378249486335
2020-03-02,Manly,0,0,0.3145141818181817,20.295929,1,30.953644,16.766201,65.05186729166667,5.361237408333333,1005.2193295833334,0.03910064746,0.5,0.5,1,26.2541,3641.8,3,0,0,1,0.5348646465002918
2020-11-11,Manly,0,0,0.2676445454545453,18.15561,0,21.647247,15.609127041666667,80.193625,5.0885980375,1012.1422616666669,0.0,0.5,0.5,1,26.2541,3641.8,11,0,0,0,0.37883672189727663
2020-02-05,Penrith,0,0,0.4330194545454546,19.251251,0,25.950562,14.022440583333331,66.21127862499999,2.2756674125000003,1006.1551966666666,0.02336502096,55.0,3.0,0,11.4378,1496.4,2,1,0,0,0.046027982357124964
2020-10-06,Bondi,0,1,0.0206568888888887,16.82129,0,17.400421,14.506375645833332,86.29143233333333,6.927320791666666,1016.2324133333332,0.5288124071,0.5,0.5,1,19.5728,9692.7,10,0,0,0,0.07186911972717397
2020-03-01,Bankstown,0,0,0.7422873636363637,18.524323,0,28.001312,19.18642554166667,78.49671895833333,2.8577909583333336,1003.8558416666666,0.012397766,18.0,5.0,0,12.4235,6471.6,3,0,0,0,0.30048731145550717
2020-08-31,Blacktown,0,0,0.3750915454545456,10.149109,0,21.693665,7.785158804166667,61.870071833333334,3.7275330125,1011.3268729166666,0.0452995302,35.0,6.0,0,9.17505,3615.4,8,0,0,0,0.019276218747678535
2020-12-29,Campbelltown,0,0,0.2068149090909091,16.95639,0,19.634552,15.391933333333334,87.518738375,2.630869594583334,999.6203145833332,2.7761459258,40.0,10.0,0,10.7411,1577.7,12,1,0,0,0.1312590401772708
2020-01-23,Liverpool,0,0,1.042646818181818,24.156525,1,39.4487,15.954140958333332,47.96968366666667,3.825747943333333,993.9331258333332,0.0071525574,30.0,2.0,0,8.27098,5139.4,1,1,0,0,0.13189371862043744
2020-04-01,Penrith,0,0,0.3980712727272726,18.253815,0,23.99997,18.438860625,87.79691079166666,1.88283936875,1004.74879,4.0631294275,55.0,3.0,0,11.4378,1496.4,4,0,0,0,0.39585864466718207
2020-08-11,Bondi,0,1,0.1351956363636363,13.322418,0,15.250641,8.053436254166668,66.067191875,3.7685352125,1015.0087741666666,0.2522468612,0.5,0.5,1,19.5728,9692.7,8,0,0,0,0.016255524234065465
2020-03-09,Parramatta,0,0,0.3997691818181818,15.746246,0,21.648712,15.330123958333331,80.05079941666666,2.880265595833333,1013.3828941666668,1.7852783191,20.0,1.0,0,17.0356,4087.8,3,0,0,0,0.1718776452147823
2020-09-15,Manly,0,0,0.2862410909090909,14.724548,0,19.35138,13.7061970625,79.7891125,4.353675575,1022.1599329166668,2.078056327,0.5,0.5,1,26.2541,3641.8,9,0,0,0,0.018820545691121
2020-06-29,Fairfield,0,0,0.5116132727272729,6.234894,0,15.639496,9.3956095625,88.898388625,1.9191762375,1019.8326254166668,3.764629366,27.0,4.0,0,13.6634,4527.0,6,0,0,0,0.010306070692135818
2020-12-05,Campbelltown,0,0,0.6450805454545452,18.374542,0,25.470428,16.510134395833333,77.43534025,2.969647029166667,994.12509375,16.250610446379998,40.0,10.0,0,10.7411,1577.7,12,1,0,0,0.1689650406182541
2020-07-21,Campbelltown,0,0,0.5842368181818182,3.346222,0,15.9062195,3.1000111875,67.14025991666666,2.3481215445833334,1011.03817125,0.0,40.0,10.0,0,10.7411,1577.7,7,0,0,0,0.00040423773287576203
2020-11-24,Blacktown,0,0,0.4314148999999997,16.837921,0,23.115936,14.280464145833331,71.846962875,3.263407204166666,1003.9192666666668,0.51212310496,35.0,6.0,0,9.17505,3615.4,11,0,0,0,0.021071498414671704
2020-03-02,Fairfield,0,0,0.4158991818181819,19.584991,1,36.64682,14.592291541666668,59.67159566666667,3.2226344208333333,1002.8268270833332,0.02288818316,27.0,4.0,0,13.6634,4527.0,3,0,0,0,0.06213761802299711
2020-01-09,Ryde,0,0,0.401095888888889,21.141022,0,25.79483,17.912620625,73.09841270833333,3.2165797499999997,1009.3730379166668,0.96082687366,13.0,2.0,0,23.3227,4521.5,1,1,0,0,0.3207651811035522
2020-05-11,Penrith,0,0,0.7930481199999999,2.9744568,0,18.217926,2.9384778375,66.29966766666666,1.8613356925,1012.7860295833334,0.0,55.0,3.0,0,11.4378,1496.4,5,0,0,0,0.00040423773287576203
2020-04-01,Bondi,1,1,0.0848610909090907,20.98233,0,22.329163,18.648333291666667,85.13821962499999,4.5116159,1013.6391983333332,2.944946278,0.5,0.5,1,19.5728,9692.7,4,0,1,1,0.8365896269520948
2020-11-11,Blacktown,0,0,0.7284046363636364,15.981781,0,26.012482,14.7201295625,76.55792575,2.68175999875,1009.5143379166668,0.0,35.0,6.0,0,9.17505,3615.4,11,0,0,0,0.018663630217762198
2020-09-27,Parramatta,0,0,0.7034523636363637,5.373993,0,18.051575,3.673675558333333,56.29882491666667,3.4082579791666667,1014.1928608333332,0.28896332232,20.0,1.0,0,17.0356,4087.8,9,0,0,0,0.0017001810624733868
2020-01-03,Bondi,1,1,0.110984090909091,21.979584,0,23.984802,20.494748458333333,86.52596412499999,4.69698761875,1010.0566958333334,1.5687942481,0.5,0.5,1,19.5728,9692.7,1,1,1,1,0.9496809031203804
2020-05-22,Penrith,0,1,0.1876296874999998,11.9461975,0,15.520172,6.896465304166667,70.53341,4.828933791666667,996.9156595833332,24.60956564176,55.0,3.0,0,11.4378,1496.4,5,0,0,0,0.01115565505243198
2020-03-28,Fairfield,0,0,0.219121727272727,17.814392,0,22.429352,15.120463104166667,84.30383991666666,1.9183919458333336,1016.5702570833332,6.6909789891,27.0,4.0,0,13.6634,4527.0,3,0,0,0,0.1266768770545017
2020-04-19,Parramatta,0,0,0.6963466666666664,11.278015,0,21.757599,11.913738270833331,81.56662675,1.6222250708333332,1006.4823716666666,2.24637984266,20.0,1.0,0,17.0356,4087.8,4,0,0,0,0.04304184653400407
2020-04-10,Parramatta,0,0,0.4218109,12.971222,0,22.207703,15.763633854166663,87.88975425000001,2.9017069875000003,1009.46328125,6.835937443,20.0,1.0,0,17.0356,4087.8,4,0,0,0,0.32157967197686105
2020-10-15,Liverpool,0,0,0.7303161111111112,17.179413,0,25.64389,14.171844416666666,73.239706,2.874185225,1010.3580695833332,0.0486373902,30.0,2.0,0,8.27098,5139.4,10,0,0,0,0.018493248205158457
2020-07-25,Liverpool,0,0,0.3212415555555555,12.017792,0,16.910858,10.727591187500002,91.78328375,1.6492267604166668,1016.75013875,1.52826309506,30.0,2.0,0,8.27098,5139.4,7,0,0,0,0.010085212664014605
2020-11-12,Liverpool,0,0,0.7018515454545454,19.082245,0,28.973145,15.881916020833332,69.201650125,3.198132320833333,1000.91838875,0.2117156996,30.0,2.0,0,8.27098,5139.4,11,0,0,0,0.0629834650185208
2020-12-15,Bondi,1,1,0.0472106250000003,21.830536,0,22.667847,19.5163675,88.363459375,4.893510429166667,1010.8563016666668,8.53013989916,0.5,0.5,1,19.5728,9692.7,12,1,1,1,0.9142709027158091
2020-12-06,Blacktown,0,0,1.335404818181818,14.343231,1,30.072723,11.035653445833333,48.26952941666667,4.290104658333333,994.6235058333332,0.0262260432,35.0,6.0,0,9.17505,3615.4,12,1,0,0,0.02975411038097448
2020-08-04,Liverpool,0,0,0.7898781818181818,6.497467,0,20.187347,4.8369369375,63.23266825,2.9310591958333334,1003.5351666666668,0.0,30.0,2.0,0,8.27098,5139.4,8,0,0,0,0.0017105461089043624
2020-12-14,Bondi,1,1,0.1160889,20.110504,0,21.909698,16.92495741666667,78.185030375,4.2607292333333335,1015.0901954166668,1.87444687392,0.5,0.5,1,19.5728,9692.7,12,1,1,1,0.8440313843532975
2020-05-30,Parramatta,0,0,0.4745514,10.043213,0,19.591095,10.652506479166666,85.84653616666667,2.171254858333333,1018.0975229166668,0.00190734862,20.0,1.0,0,17.0356,4087.8,5,0,0,0,0.003456557831115995
2020-02-28,Ryde,0,0,0.4774004545454544,17.358215,0,25.451569,13.465255795833334,68.70613387499999,2.813147520833333,1004.2254045833332,0.300884254,13.0,2.0,0,23.3227,4521.5,2,1,0,0,0.19120403433835423
2020-01-08,Liverpool,1,1,0.1689789000000001,21.048126,0,24.621826,18.928670208333333,79.44580833333333,4.660880891666666,1006.9774854166668,0.46682358062,30.0,2.0,0,8.27098,5139.4,1,1,1,1,0.6368707297971666
2020-06-15,Parramatta,0,0,0.6991549090909092,5.821686,0,19.699066,6.918038645833334,72.9677315,1.8655827183333331,1014.8940045833332,0.0,20.0,1.0,0,17.0356,4087.8,6,0,0,0,0.0015087971649209106
2020-01-20,Bondi,0,0,0.2447815454545454,21.100006,0,24.09195,20.3895365,86.731564875,2.1598752241666666,997.8888391666666,12.85791414928,0.5,0.5,1,19.5728,9692.7,1,1,0,1,0.6480625026307181
2020-05-23,Parramatta,0,1,0.0,13.404144,0,16.654297,8.53051885,69.63895062499999,4.375966675,1000.5476525,5.845069891,20.0,1.0,0,17.0356,4087.8,5,0,0,0,0.01348860574081113
2020-05-12,Blacktown,0,0,0.7266734545454545,6.646515,0,20.104431,6.4493954874999995,74.26724583333333,2.1115246875,1018.21373125,0.0,35.0,6.0,0,9.17505,3615.4,5,0,0,0,0.00024211994096113242
2020-05-27,Ryde,0,0,0.4604325454545455,8.877472,0,18.508331,11.5932820625,84.85604754166667,1.8086978929166664,1014.2267875,0.2899169943,13.0,2.0,0,23.3227,4521.5,5,0,0,0,0.007072231782135485
2020-07-30,Ryde,0,0,0.5764548545454544,7.6617126,0,17.420563,8.180488683333333,76.53732725,2.7191980250000003,1015.6621520833334,0.03004074106,13.0,2.0,0,23.3227,4521.5,7,0,0,0,0.0022946217930684696
2020-01-24,Bankstown,0,0,0.2262907272727271,23.270782,0,28.89804,18.96001683333333,69.801033125,3.182135533333333,1000.93820625,0.2679824758,18.0,5.0,0,12.4235,6471.6,1,1,0,0,0.19291432023343089
2020-10-01,Penrith,0,0,1.0241504545454545,6.5448,0,24.7706,8.787531533333334,59.79544466666667,2.7498875875,1001.8809941666668,0.94318389746,55.0,3.0,0,11.4378,1496.4,10,0,0,0,0.018532770009470238
2020-09-01,Liverpool,0,0,0.5604109090909092,7.504364,0,16.868256,6.793678291666667,66.66156395833333,2.4972687816666665,1015.091165,0.0095367432,30.0,2.0,0,8.27098,5139.4,9,0,0,0,0.0009988786154803983
2020-07-12,Blacktown,0,0,0.3786454545454545,7.292328,0,17.104248,8.88730875,88.4809555,1.2842156016666666,1008.2458933333334,3.62253191406,35.0,6.0,0,9.17505,3615.4,7,0,0,0,0.010418343332788533
2020-01-04,Bondi,0,0,0.6059293636363634,21.213287,1,30.218658,19.780324208333333,71.97384433333333,5.898231758333334,1003.35297125,0.0,0.5,0.5,1,19.5728,9692.7,1,1,0,1,0.8223807426815746
2020-11-29,Fairfield,0,0,1.0594204545454546,17.92862,1,39.960846,12.885871854166666,38.751310958333335,6.514261854166667,996.1252070833334,0.0,27.0,4.0,0,13.6634,4527.0,11,0,0,0,0.0266207539066842
2020-06-16,Cronulla,0,0,0.3813506999999999,14.110199,0,19.131622,10.446347520833331,70.69922058333333,3.9461357416666663,1018.3600120833332,0.0,0.5,0.5,1,18.6816,1026.8,6,0,0,0,0.021859483374498757
2020-01-22,Fairfield,0,0,0.8716597272727274,20.551422,1,31.838257,18.805844583333332,68.9915645,2.71932830125,1001.41797375,0.0,27.0,4.0,0,13.6634,4527.0,1,1,0,0,0.16682099743206882
2020-11-05,Penrith,0,1,0.1247419999999999,12.410614,0,18.514679,12.943514479166666,85.297493625,3.3199494875,997.2919116666668,18.628120527,55.0,3.0,0,11.4378,1496.4,11,0,0,0,0.03145714978794088
2020-11-18,Fairfield,0,0,0.7997512499999999,15.06192,0,22.78061,13.923854916666668,70.949497,3.3949653916666667,1016.1200891666668,1.2259483397,27.0,4.0,0,13.6634,4527.0,11,0,0,0,0.02510517025232346
2020-07-11,Ryde,0,0,0.5485285454545454,7.046173,0,16.045685,11.5003471875,92.908583875,1.2649082720833331,1009.5621358333332,7.0133209589800005,13.0,2.0,0,23.3227,4521.5,7,0,0,0,0.025983249796883472
2020-10-24,Bankstown,0,0,0.727867125,14.371613,0,22.706085,18.488622083333333,90.32741479166668,2.9898351833333336,996.9237520833334,10.0717544706,18.0,5.0,0,12.4235,6471.6,10,0,0,1,0.6564085067150107
2020-12-12,Blacktown,0,0,0.501043090909091,15.125641,0,22.849823,11.252110770833331,60.725229041666665,3.6577582791666665,1020.9200529166666,1.3570785576,35.0,6.0,0,9.17505,3615.4,12,1,0,0,0.1390279888338833
2020-12-03,Coogee,0,1,0.0352505454545457,19.60318,0,20.407013,16.107845375,80.66264425,5.13579085,1016.1178895833332,0.9002685526599999,0.5,0.5,1,18.7764,7453.6,12,1,0,0,0.3193628994393492
2020-06-22,Ryde,0,0,0.5541048636363636,5.3324585,0,15.402435,5.071211508333334,71.11571754166667,2.8420453291666665,1002.765345,0.24890899896,13.0,2.0,0,23.3227,4521.5,6,0,0,0,0.0025209834768437317
2020-07-24,Fairfield,0,0,0.6035322727272727,5.967987,0,17.80246,7.845335662499999,86.99629745833333,1.644525499166667,1018.87396625,0.0,27.0,4.0,0,13.6634,4527.0,7,0,0,0,0.012154901987989504
2020-04-09,Ryde,0,0,0.3923543333333334,16.667206,0,21.65866,15.310572395833333,83.13876641666667,2.056057425,1017.9236629166668,1.3251304558,13.0,2.0,0,23.3227,4521.5,4,0,0,0,0.06090347051591425
2020-05-09,Coogee,0,0,0.5967934545454546,13.15509,0,22.959473,12.6076165,64.58834454166667,5.500882608333334,1007.6630825,0.1749992409,0.5,0.5,1,18.7764,7453.6,5,0,0,0,0.1538155204784528
2020-06-12,Manly,0,1,0.1644120909090908,14.291351,0,16.91565,13.0719540625,84.26276025,3.6988151041666666,1019.6914404166668,3.368377655,0.5,0.5,1,26.2541,3641.8,6,0,0,0,0.03519272378318484
2020-05-29,Blacktown,0,0,0.4500705,8.9219055,0,17.811249,11.084855270833332,87.27998158333332,1.8217563916666664,1019.0497845833332,0.8068084763,35.0,6.0,0,9.17505,3615.4,5,0,0,0,0.011008551135749662
2020-09-06,Campbelltown,0,0,0.481878090909091,9.645233,0,18.299896,8.7437146875,77.98411675,1.852286320833333,1012.56564375,0.7381439163,40.0,10.0,0,10.7411,1577.7,9,0,0,0,0.0011268378863037694
2020-11-28,Bankstown,0,0,1.5788357142857146,23.89264,1,38.859894,16.35449854166667,56.99097220833334,3.3682331041666664,999.59770625,0.0,18.0,5.0,0,12.4235,6471.6,11,0,0,0,0.051918262419924914
2020-08-31,Campbelltown,0,0,0.3690545909090909,9.1276245,0,20.349915,7.322186795833333,67.12563370833332,2.5608803041666666,1003.813955,0.1373291025,40.0,10.0,0,10.7411,1577.7,8,0,0,0,0.00040423773287576203
2020-02-20,Manly,1,1,0.0807550909090909,20.106781,0,21.428864,14.3336843125,69.24329866666666,4.848914016666667,1005.7252379166666,1.18827819966,0.5,0.5,1,26.2541,3641.8,2,1,1,1,0.6879001915779399
2020-11-03,Manly,0,0,0.3065018636363635,15.0589905,0,18.972382,11.445471458333332,68.908038625,3.4706029083333334,1019.6974395833332,0.072002411,0.5,0.5,1,26.2541,3641.8,11,0,0,0,0.01802571608647531
2020-06-28,Manly,0,0,0.2048888999999999,11.366364,0,14.714386,9.154015833333334,77.16358774999999,4.6830098541666665,1022.4008108333334,1.787185674,0.5,0.5,1,26.2541,3641.8,6,0,0,0,0.01664985445099205
2020-08-28,Penrith,0,0,0.888963209090909,2.7355347,0,18.410309,1.5779240866666668,52.23303466666667,2.0199836566666667,1010.2724775,0.0,55.0,3.0,0,11.4378,1496.4,8,0,0,0,0.00040423773287576203
2020-09-10,Manly,0,1,0.1657159999999999,13.636627,0,15.899872,8.660036700000001,66.83740195833333,6.193884625,1023.46388125,1.3766288649,0.5,0.5,1,26.2541,3641.8,9,0,0,0,0.016300298649048296
2020-04-18,Bankstown,0,0,0.5983825999999999,11.382782,0,22.418,8.978143045833333,63.88001691666667,2.7560642266666666,1004.3817666666667,0.0076293945,18.0,5.0,0,12.4235,6471.6,4,0,0,0,0.024568240251154217
2020-08-11,Penrith,0,0,0.3688604545454546,7.521637,0,16.397003,7.652069116666667,77.74646475,1.7901067316666666,1006.225445,0.0138282775,55.0,3.0,0,11.4378,1496.4,8,0,0,0,0.00040423773287576203
2020-06-28,Penrith,0,0,0.2679359999999999,8.09491,0,15.937042,6.5116005,77.251642625,1.7968199833333334,1013.6954,0.0095367432,55.0,3.0,0,11.4378,1496.4,6,0,0,0,0.00024211994096113242
2020-05-22,Campbelltown,0,0,0.2791485714285713,11.620148,0,14.7291565,7.274150829166667,71.80504116666667,5.41970215,995.4923279166666,28.4919738753,40.0,10.0,0,10.7411,1577.7,5,0,0,0,0.01238961312362166
2020-01-23,Blacktown,0,0,1.0630659090909094,25.23465,1,41.11862,15.014280895833332,43.51550525,4.207933720833333,994.69354625,0.70524216,35.0,6.0,0,9.17505,3615.4,1,1,0,0,0.09813655030931848
2020-05-02,Liverpool,0,0,0.3166282272727272,10.992767,0,17.15506,4.782337216666667,53.322035,5.810265824999999,997.44654375,0.0114440916,30.0,2.0,0,8.27098,5139.4,5,0,0,0,0.00463139544717847
2020-04-12,Fairfield,0,0,0.7365500909090908,7.799347,0,20.75772,5.6450627833333336,54.749570166666665,2.744793634583333,1007.8347320833332,0.0,27.0,4.0,0,13.6634,4527.0,4,0,0,0,0.004949069138994806
2020-01-15,Campbelltown,0,0,0.6230635454545453,20.498138,0,29.25888,16.979057333333333,70.91247041666666,1.7710449412499998,997.5472616666666,0.00047683716,40.0,10.0,0,10.7411,1577.7,1,1,0,0,0.07302829017276444
2020-11-04,Liverpool,0,0,0.5633697500000001,18.626617,0,24.39981,13.0055975625,72.87145787499999,2.853897754166667,1006.84837875,0.0,30.0,2.0,0,8.27098,5139.4,11,0,0,0,0.024300701787202866
2020-12-29,Coogee,0,1,0.0743574545454544,19.3685,0,20.222076,16.768805145833333,83.953210625,5.140491337499999,1009.19823125,5.387783064,0.5,0.5,1,18.7764,7453.6,12,1,0,0,0.4176171054957091
2020-11-02,Manly,0,0,0.2813082727272729,15.201141,0,19.04895,12.0486450625,70.473667625,7.011765116666666,1020.9624670833332,0.0963211067599999,0.5,0.5,1,26.2541,3641.8,11,0,0,0,0.02490278006289559
2020-03-10,Manly,0,0,0.3174049999999999,17.974945,0,21.559998,14.056747479166669,70.68676233333333,3.04192465,1016.27147625,2.0160674923,0.5,0.5,1,26.2541,3641.8,3,0,0,0,0.3478469553417484
2020-05-19,Liverpool,0,0,0.4237227272727274,11.580719,0,20.274017,12.91706075,83.77605712500001,1.7723281,1019.5734170833332,0.1502037053,30.0,2.0,0,8.27098,5139.4,5,0,0,0,0.002588641756731271
2020-09-11,Fairfield,0,0,0.7066844545454546,7.6596375,0,18.859283,10.230573041666666,78.29605,2.4073717583333334,1022.6622479166668,0.5102157569,27.0,4.0,0,13.6634,4527.0,9,0,0,0,0.001326340162484997
2020-06-17,Cronulla,0,1,0.0622003636363637,15.086578,0,16.170502,11.318965979166668,76.86343087499999,6.2234048416666665,1026.5191158333334,3.38983537,0.5,0.5,1,18.6816,1026.8,6,0,0,0,0.024893112275646417
2020-05-07,Cronulla,0,0,0.3744311818181817,16.579865,0,21.128021,12.876234625,74.32818825,4.389174325,1016.03949625,0.0,0.5,0.5,1,18.6816,1026.8,5,0,0,0,0.0407919574602025
2020-05-15,Manly,0,1,0.0208085714285713,15.391541,0,16.442688,9.990446716666666,70.17952425,5.831472608333333,1023.9185395833332,3.2415390233,0.5,0.5,1,26.2541,3641.8,5,0,0,0,0.01876210057852165
2020-02-26,Bankstown,0,0,0.7666625454545453,19.099457,1,30.429352,18.6447945,70.69353483333333,3.6643086,998.751465,1.1634826927000002,18.0,5.0,0,12.4235,6471.6,2,1,0,0,0.2039299378961895
2020-02-20,Penrith,0,0,0.3302223636363635,18.192719,0,25.52359,13.094101020833332,66.18942345833334,1.7873523083333334,996.9664891666666,0.2427101166,55.0,3.0,0,11.4378,1496.4,2,1,0,0,0.04827147046583055
2020-10-03,Liverpool,0,0,0.6425948181818182,13.323517,0,26.103882,11.941633895833334,71.16763120833333,2.92179746875,1015.6380125,0.0,30.0,2.0,0,8.27098,5139.4,10,0,0,0,0.01906800493737008
2020-02-13,Liverpool,0,0,0.3201432727272726,20.778198,0,25.151337,21.658996541666667,90.10159258333331,2.487156894166666,1003.3438958333332,6.8345069700000005,30.0,2.0,0,8.27098,5139.4,2,1,0,1,0.7042683194809172
2020-01-28,Campbelltown,0,0,0.4663085454545452,22.0831,1,32.58252,21.879965375,77.66340941666667,2.4485341666666667,997.1473529166666,0.95796587712,40.0,10.0,0,10.7411,1577.7,1,1,0,0,0.1270364076233271
2020-09-19,Coogee,0,1,0.0527427272727275,17.692444,0,18.527618,15.822195729166667,88.17233370833333,5.308685916666667,1019.5821920833332,2.05326081082,0.5,0.5,1,18.7764,7453.6,9,0,0,0,0.14913060348781396
2020-03-17,Campbelltown,0,0,0.8252119999999998,11.866028,0,21.757965,13.993053395833334,79.36957820833334,1.7368993208333334,1012.1355420833332,1.909255986,40.0,10.0,0,10.7411,1577.7,3,0,0,0,0.06513258585297266
2020-08-23,Campbelltown,0,0,0.3370805454545454,7.497986,0,15.32962,1.6337089395833333,52.02753191666667,5.944524366666666,992.74695,0.0,40.0,10.0,0,10.7411,1577.7,8,0,0,0,0.014181084837547186
2020-02-03,Cronulla,0,0,0.2874755454545456,19.13028,0,26.17215,20.271648333333335,83.707826375,4.9759812125,1002.3257291666667,6.2146186172,0.5,0.5,1,18.6816,1026.8,2,1,0,1,0.8972976931132709
2020-04-06,Parramatta,0,0,0.2894480909090908,15.128601,0,22.961578,11.189558624999998,69.39849383333333,2.7513656833333333,1010.47225625,0.0896453848,20.0,1.0,0,17.0356,4087.8,4,0,0,0,0.031355627402289726
2020-06-27,Parramatta,0,0,0.34226685,8.0469055,0,15.511444,7.650950133333333,81.15464733333333,2.3403836666666664,1019.6495170833332,0.6422996513,20.0,1.0,0,17.0356,4087.8,6,0,0,0,0.0028904509240632154
2020-11-30,Ryde,0,0,0.3085132727272727,18.287384,0,23.176361,13.475763958333332,64.690282,3.819610075,1008.9840416666666,0.0424385070199999,13.0,2.0,0,23.3227,4521.5,11,0,0,0,0.03566855138322583
2020-04-01,Parramatta,0,0,0.4447687272727272,18.07608,0,24.320862,18.845354625,86.62291258333333,2.5431060975,1010.9983679166668,2.624988581,20.0,1.0,0,17.0356,4087.8,4,0,0,1,0.5519106686188753
2020-03-11,Penrith,0,0,0.7639271818181819,13.999603,0,23.745514,13.390862854166668,75.51176429166667,1.7663951045833333,1009.24975,1.75476073152,55.0,3.0,0,11.4378,1496.4,3,0,0,0,0.05540734123507824
2020-12-14,Penrith,0,0,0.591056875,17.960907,0,23.833282,16.440012624999998,81.34059524999999,1.8870742625,1006.2485320833332,6.0930252414,55.0,3.0,0,11.4378,1496.4,12,1,0,0,0.2614125120625514
2020-11-13,Parramatta,0,0,0.7780456363636362,13.834534,0,28.549042,16.039590125,72.08186604166666,2.7111794208333335,997.3599533333332,3.3378601208600003,20.0,1.0,0,17.0356,4087.8,11,0,0,0,0.057464728990812564
2020-10-13,Ryde,0,0,0.910933,15.432831,0,28.804047,11.866972583333334,68.46178979166667,2.025077427083333,1014.7796083333332,0.00524520872,13.0,2.0,0,23.3227,4521.5,10,0,0,0,0.015941632864071027
2020-02-16,Bankstown,1,1,0.1822842727272728,20.892792,0,24.957306,18.869260166666667,80.90488462500001,2.491794366666667,1005.7388695833332,1.6899108853,18.0,5.0,0,12.4235,6471.6,2,1,1,1,0.6493391920623809
2020-01-03,Penrith,0,0,0.887085,19.866302,1,32.892303,18.641395541666665,67.55620983333334,2.4818982041666664,1001.0000333333334,1.249790187,55.0,3.0,0,11.4378,1496.4,1,1,0,0,0.13565324347772598
2020-10-26,Liverpool,0,1,0.0313659999999998,13.884674,0,15.099823,12.20408375,85.65877,7.967505154166666,1009.8960041666666,28.11050419,30.0,2.0,0,8.27098,5139.4,10,0,0,0,0.03452829816825617
2020-01-07,Cronulla,1,1,0.1708151818181821,21.331787,0,23.210754,20.629250833333337,90.29250566666668,3.72341381375,1009.1788841666666,1.67512897322,0.5,0.5,1,18.6816,1026.8,1,1,1,1,0.9480523073971139
2020-07-25,Bankstown,0,0,0.3212415555555555,12.017792,0,16.910858,10.727591187500002,91.78328375,1.6492267604166668,1016.75013875,1.52826309506,18.0,5.0,0,12.4235,6471.6,7,0,0,0,0.00811785924539487
2020-05-30,Penrith,0,0,0.5448639,8.392822,0,19.32547,9.735595691666669,86.152059875,1.9966848083333335,1011.6408604166668,0.0147819517999999,55.0,3.0,0,11.4378,1496.4,5,0,0,0,0.0061090239070691185
2020-04-18,Fairfield,0,0,0.6708434999999999,10.289032,0,23.138702,7.928989358333333,64.20766858333333,1.8917123041666668,1005.09927,0.0,27.0,4.0,0,13.6634,4527.0,4,0,0,0,0.014258855265678218
2020-03-28,Bondi,0,1,0.0575450909090907,18.91986,0,21.542633,15.167338083333334,74.34083,3.2703363975,1019.0819220833332,7.1411131656,0.5,0.5,1,19.5728,9692.7,3,0,0,0,0.4161739553989164
2020-07-22,Bankstown,0,0,0.5407881272727273,6.3178406,0,17.198883,6.485975916666667,76.67256058333334,2.002128625,1018.2323854166666,0.0,18.0,5.0,0,12.4235,6471.6,7,0,0,0,0.00024211994096113242
2020-09-14,Blacktown,0,0,0.4607238571428573,13.308136,0,21.854828,10.8730354375,77.57242470833333,2.19356075,1017.0031895833334,0.0090599058,35.0,6.0,0,9.17505,3615.4,9,0,0,0,0.01035977701504382
2020-05-09,Liverpool,0,0,0.8098616363636364,10.641418,0,24.367676,10.4236972,62.533519041666665,3.2440093416666667,1004.5309925,0.18882751,30.0,2.0,0,8.27098,5139.4,5,0,0,0,0.02073865639920605
2020-06-30,Blacktown,0,0,0.6590332000000001,5.451935,0,17.867493,8.196824429166666,86.99883470833333,1.8439814916666668,1017.0864920833332,0.07009506376,35.0,6.0,0,9.17505,3615.4,6,0,0,0,0.01046141122613983
2020-08-04,Fairfield,0,0,0.9290827272727272,4.856842,0,21.022644,3.81382498,58.84310179166667,3.1046063458333335,1004.3522479166668,0.0,27.0,4.0,0,13.6634,4527.0,8,0,0,0,0.0005313777385676057
2020-03-03,Campbelltown,0,1,0.109375,18.126556,0,20.54129,15.675993687499998,80.84608208333333,2.0014051204166665,1004.6864420833334,7.5407028015,40.0,10.0,0,10.7411,1577.7,3,0,0,0,0.11278337503051179
2020-09-27,Ryde,0,0,0.7034523636363637,5.373993,0,18.051575,3.673675558333333,56.29882491666667,3.4082579791666667,1014.1928608333332,0.28896332232,13.0,2.0,0,23.3227,4521.5,9,0,0,0,0.002358865684929102
2020-09-21,Fairfield,0,0,0.5007157272727273,19.337677,0,28.997284,15.562550833333331,72.75326295833334,3.2315687458333335,1002.2566845833334,0.1497268659,27.0,4.0,0,13.6634,4527.0,9,0,0,0,0.03497118713145408
2020-09-30,Blacktown,0,0,0.3618808333333331,14.3871765,0,20.875763,9.8521219375,73.092033125,2.837080041666667,1009.75598875,0.23031235,35.0,6.0,0,9.17505,3615.4,9,0,0,0,0.0005313777385676057
2020-10-18,Manly,0,1,0.1664095454545453,16.011322,0,20.976593,15.179813395833332,77.99270283333333,4.006718905416666,1006.02925125,8.3408355134,0.5,0.5,1,26.2541,3641.8,10,0,0,0,0.05729722450309663
2020-08-22,Liverpool,0,1,0.146297,9.904968,0,13.80835,2.679316197916666,57.66120670833333,5.2830682375,996.5111883333334,0.54168701316,30.0,2.0,0,8.27098,5139.4,8,0,0,0,0.004429943036320705
2020-05-11,Parramatta,0,0,0.6379671818181817,4.178314,0,18.41861,3.0851249708333337,62.314744708333336,2.550891625,1019.1522816666668,0.0,20.0,1.0,0,17.0356,4087.8,5,0,0,0,0.0015087971649209106
2020-05-09,Fairfield,0,0,0.8599326363636365,10.172668,0,25.118408,9.984081270833334,60.84727508333333,3.4349870166666663,1005.3734929166668,0.205516813,27.0,4.0,0,13.6634,4527.0,5,0,0,0,0.019986711942816746
2020-04-01,Liverpool,0,0,0.3911466363636364,18.371002,0,23.371063,18.789527875,87.26258524999999,2.766652208333334,1010.5292008333332,3.143787369,30.0,2.0,0,8.27098,5139.4,4,0,0,1,0.5958472195105706
2020-06-29,Coogee,0,1,0.1898803636363635,11.609894,0,14.077789,11.255228666666667,89.23273612499999,2.902935116666667,1022.254715,6.83355335,0.5,0.5,1,18.7764,7453.6,6,0,0,0,0.04587679461273166
2020-01-16,Fairfield,0,0,0.4061445454545452,20.558655,0,26.217255,19.817558208333335,84.16061208333333,1.7172110995833334,999.990025,10.5066297845,27.0,4.0,0,13.6634,4527.0,1,1,0,0,0.24315381701866476
2020-10-11,Blacktown,0,0,0.7980818181818182,14.829224,0,26.613281,7.305133791666666,54.229729166666665,2.235395308333333,1012.8917533333332,0.0014305115,35.0,6.0,0,9.17505,3615.4,10,0,0,0,0.010931821340180439
2020-03-27,Parramatta,0,0,0.6301824545454544,13.671143,0,22.142487,14.283189104166668,78.37163120833334,2.2480125291666666,1018.4779429166666,1.286983496,20.0,1.0,0,17.0356,4087.8,3,0,0,0,0.08184168328465563
2020-03-15,Cronulla,0,1,0.1081709090909093,18.302887,0,19.492767,13.119752208333333,70.301649375,8.350654170833334,1016.7065066666668,3.1247139016,0.5,0.5,1,18.6816,1026.8,3,0,0,0,0.1979368840077612
2020-10-13,Fairfield,0,0,0.910933,15.432831,0,28.804047,11.866972583333334,68.46178979166667,2.025077427083333,1014.7796083333332,0.00524520872,27.0,4.0,0,13.6634,4527.0,10,0,0,0,0.01076970354826581
2020-12-23,Cronulla,0,1,0.1606583636363636,19.053833,0,20.90921,13.132354708333333,65.26840162500001,6.5218313666666665,1008.4538816666668,0.0,0.5,0.5,1,18.6816,1026.8,12,1,0,0,0.22678815621409343
2020-01-08,Fairfield,0,0,0.2405590000000001,21.339813,0,26.87857,18.963989208333334,75.05196770833334,4.0116974291666665,1007.4008108333334,0.11157989478,27.0,4.0,0,13.6634,4527.0,1,1,0,0,0.2894842655608648
2020-09-03,Ryde,0,0,0.7592995454545456,16.409882,0,29.806976,9.234654808333334,49.823106208333336,4.090624991666666,1008.0578341666666,0.0,13.0,2.0,0,23.3227,4521.5,9,0,0,0,0.030833906951769508
2020-05-08,Penrith,0,0,0.8992376666666667,11.187714,0,26.81247,10.533526083333332,69.54888179166666,2.2095068875,1003.5931304166668,0.0,55.0,3.0,0,11.4378,1496.4,5,0,0,0,0.005672592796505726
2020-03-05,Blacktown,1,1,0.1366715454545454,20.885315,0,22.600067,20.716106541666665,91.15220408333332,3.8648059458333335,1002.74583875,23.8041878066,35.0,6.0,0,9.17505,3615.4,3,0,1,1,0.8030856830693885
2020-02-01,Parramatta,0,0,0.8184120909090908,28.503662,1,42.03012,20.5893275,55.442006291666665,2.86857732375,1001.31560875,0.0,20.0,1.0,0,17.0356,4087.8,2,1,0,0,0.1749377979503814
2020-06-19,Coogee,0,0,0.2097695454545455,14.186615,0,17.24115,10.464855166666666,72.635251,3.2337038,1025.2223608333334,0.0162124636,0.5,0.5,1,18.7764,7453.6,6,0,0,0,0.010829588385322365
2020-03-24,Ryde,0,0,0.5461259090909091,16.013092,0,22.537628,15.332393625,78.41844533333334,1.8884978245833333,1015.53491125,1.69086456806,13.0,2.0,0,23.3227,4521.5,3,0,0,0,0.09056117388825458
2020-08-05,Cronulla,0,0,0.3736572727272726,9.550262,0,15.225861,2.075255075,52.99639441666667,7.1577663708333334,1008.22157375,0.0,0.5,0.5,1,18.6816,1026.8,8,0,0,0,0.033520000709884624
2020-07-18,Ryde,0,0,0.6970214545454546,5.335785,0,17.033691,7.994907345833333,76.60500295833333,1.9575121333333336,1013.4607908333334,0.186443329,13.0,2.0,0,23.3227,4521.5,7,0,0,0,0.002167481787376626
2020-05-27,Parramatta,0,0,0.4604325454545455,8.877472,0,18.508331,11.5932820625,84.85604754166667,1.8086978929166664,1014.2267875,0.2899169943,20.0,1.0,0,17.0356,4087.8,5,0,0,0,0.0031628041980324155
2020-01-24,Bondi,1,1,0.0640036363636362,23.45047,0,28.649994,20.021458916666667,76.73089008333334,5.014214479166667,1004.0411170833332,0.9932517947,0.5,0.5,1,19.5728,9692.7,1,1,1,1,0.9083336007398966
2020-03-31,Parramatta,0,0,0.4058754545454545,18.725891,0,26.751373,17.095946041666668,82.36456704166666,1.6350543616666666,1008.446495,0.5230903606,20.0,1.0,0,17.0356,4087.8,3,0,0,0,0.1724958622919609
2020-02-22,Penrith,0,0,0.2354902727272729,18.229279,0,22.509064,16.265411354166666,80.43329470833334,1.90915236125,1009.3233125,4.899978627,55.0,3.0,0,11.4378,1496.4,2,1,0,0,0.32094271045377937
2020-06-27,Bankstown,0,0,0.2423817272727273,9.195953,0,15.392303,8.153310179166667,80.14734716666666,2.8615773499999997,1019.0149358333332,0.8349418599,18.0,5.0,0,12.4235,6471.6,6,0,0,0,0.004509580139750986
2020-05-16,Coogee,0,1,0.108451181818182,16.236938,0,18.287445,10.0675760625,64.11168375,3.0987877583333336,1025.4537291666668,0.54121016972,0.5,0.5,1,18.7764,7453.6,5,0,0,0,0.009967371736510506
2020-01-04,Parramatta,0,0,1.9193170909090909,21.578522,1,45.30652,15.815968958333334,48.353283041666664,2.515926142916667,1000.61839125,0.0,20.0,1.0,0,17.0356,4087.8,1,1,0,0,0.12329235793930797
2020-03-14,Blacktown,0,1,0.0335942727272726,14.651123,0,17.59555,13.324891375,84.36811941666666,4.003532465416667,1009.3784925,3.8304328808,35.0,6.0,0,9.17505,3615.4,3,0,0,0,0.1033544661142956
2020-12-18,Parramatta,0,0,0.617980909090909,18.941437,1,30.179016,20.58581033333333,78.215315625,2.8633895566666667,999.46151875,10.143756801,20.0,1.0,0,17.0356,4087.8,12,1,0,0,0.265417517509406
2020-05-27,Cronulla,0,1,0.1266257272727274,15.014191,0,17.14273,11.9709675625,75.18770575,3.144309708333333,1016.57303625,0.60176848326,0.5,0.5,1,18.6816,1026.8,5,0,0,0,0.03028944722924547
2020-09-10,Parramatta,0,0,0.3265825454545455,10.468658,0,17.169403,9.201296525,73.60431204166666,3.524656879166667,1021.1180425,0.772953032,20.0,1.0,0,17.0356,4087.8,9,0,0,0,0.0028956176359547915
2020-10-17,Liverpool,0,0,0.571905,17.905243,0,26.366364,14.343304958333334,71.89205916666667,2.785210128333333,1004.7411233333332,0.22101402142,30.0,2.0,0,8.27098,5139.4,10,0,0,0,0.018493248205158457
2020-04-28,Coogee,0,1,0.1692144545454542,18.814209,0,21.01892,16.2764078125,78.3643005,5.908180808333333,1017.77873375,1.5759468237,0.5,0.5,1,18.7764,7453.6,4,0,0,0,0.21507622820209107
2020-09-19,Parramatta,0,0,0.202955727272727,16.938538,0,22.814331,15.4346631875,83.02290633333332,2.884385174166667,1016.7780316666668,2.2053718609999997,20.0,1.0,0,17.0356,4087.8,9,0,0,0,0.12883108257227874
2020-11-14,Bondi,0,1,0.1053105454545453,18.09842,0,20.774963,15.537843083333334,78.592725875,3.317820825,1004.21434875,0.00286102296,0.5,0.5,1,19.5728,9692.7,11,0,0,0,0.09078024129533793
2020-01-02,Liverpool,1,1,0.1021617272727275,22.09903,0,25.164276,15.972291270833333,70.14066237499999,3.6535657208333334,1010.3253045833334,0.04863739046,30.0,2.0,0,8.27098,5139.4,1,1,1,0,0.4590372442102003
2020-05-03,Campbelltown,0,0,0.7196378181818182,5.813446,0,18.795685,4.446886695833333,58.18832079166666,3.519811064583333,1002.16249375,0.0,40.0,10.0,0,10.7411,1577.7,5,0,0,0,0.0005313777385676057
2020-10-29,Fairfield,0,0,0.6134338181818181,11.551605,0,19.725983,14.095863458333334,85.06815879166668,2.209584769166667,1004.8507379166668,14.08481596716,27.0,4.0,0,13.6634,4527.0,10,0,0,0,0.022698771703255134
2020-06-28,Ryde,0,0,0.3384260909090908,8.794128,0,16.25476,7.603071858333333,78.879117,2.357585295833333,1020.0549858333334,0.1125335713,13.0,2.0,0,23.3227,4521.5,6,0,0,0,0.002167481787376626
2020-05-20,Liverpool,0,0,0.4376858181818182,14.377808,0,23.448639,11.71045175,74.67036374999999,2.967046625,1010.0214775,0.0009536743,30.0,2.0,0,8.27098,5139.4,5,0,0,0,0.020919979446737715
2020-04-25,Parramatta,0,0,0.8826017272727271,11.840118,0,26.896301,11.812631,70.306556375,2.051527092916667,1012.157515,0.0,20.0,1.0,0,17.0356,4087.8,4,0,0,0,0.019471397430086763
2020-06-10,Coogee,0,0,0.2392522727272726,14.012482,0,16.835297,14.092821833333334,89.48921374999999,4.505498225,1022.94879625,18.90993116,0.5,0.5,1,18.7764,7453.6,6,0,0,0,0.03984670007006679
2020-03-14,Fairfield,0,1,0.0335942727272726,14.651123,0,17.59555,13.324891375,84.36811941666666,4.003532465416667,1009.3784925,3.8304328808,27.0,4.0,0,13.6634,4527.0,3,0,0,0,0.10786889457944722
2020-04-13,Manly,0,0,0.3347112727272726,15.209015,0,19.695099,11.6279895,70.79720487499999,2.2690711625,1015.6112325,0.0,0.5,0.5,1,26.2541,3641.8,4,0,0,0,0.023477329019469223
2020-08-28,Fairfield,0,0,0.7802983818181818,3.6281128,0,18.189606,1.8338648341666663,49.986403583333335,2.6641672708333335,1016.7816408333332,0.0,27.0,4.0,0,13.6634,4527.0,8,0,0,0,0.0003692599466529761
2020-11-03,Liverpool,0,0,0.7186113181818182,12.0433655,0,20.881622,12.162756541666669,77.0536065,2.0863105125,1016.5749404166668,0.0581741336,30.0,2.0,0,8.27098,5139.4,11,0,0,0,0.004588008399239335
2020-01-25,Penrith,0,0,0.4199339999999999,23.288483,0,29.18811,20.849946291666665,77.86237995833334,2.12056270875,999.6025708333332,2.88820266666,55.0,3.0,0,11.4378,1496.4,1,1,0,0,0.09306378618121823
2020-11-13,Cronulla,0,1,0.1274774545454546,18.479065,0,23.035858,17.518024458333333,83.17519141666666,4.8097817166666665,999.7945354166668,4.7130584696,0.5,0.5,1,18.6816,1026.8,11,0,0,1,0.6698373761048246
2020-09-25,Bankstown,0,0,0.3931163636363636,9.830902,0,21.34903,5.368609120833334,58.407932625,5.327034925,997.8551395833332,1.2612342825999998,18.0,5.0,0,12.4235,6471.6,9,0,0,0,0.01948524764902052
2020-05-01,Bondi,0,1,0.161329,14.218292,0,15.950592,6.7555771,60.704157083333335,8.469176566666667,1002.49385875,0.0066757203,0.5,0.5,1,19.5728,9692.7,5,0,0,0,0.018436053179539547
2020-03-02,Ryde,0,0,0.4158991818181819,19.584991,1,36.64682,14.592291541666668,59.67159566666667,3.2226344208333333,1002.8268270833332,0.02288818316,13.0,2.0,0,23.3227,4521.5,3,0,0,0,0.06786789057523238
2020-08-03,Penrith,0,0,0.8334184545454545,4.398712,0,20.967865,4.067256933333334,71.539399,1.540265935,1004.1303545833332,0.0,55.0,3.0,0,11.4378,1496.4,8,0,0,0,0.00040423773287576203
2020-11-12,Coogee,0,0,0.3547279999999999,19.621307,0,23.678223,16.909829416666668,76.583292375,6.369677733333333,1004.209215,0.149726868,0.5,0.5,1,18.7764,7453.6,11,0,0,1,0.5985452469910509
2020-11-15,Coogee,1,1,0.116826727272727,20.11728,0,21.402374,17.491167708333332,86.68190004166667,4.1742597041666665,1010.0561029166666,0.00286102292,0.5,0.5,1,18.7764,7453.6,11,0,1,1,0.7823869992593891
2020-01-03,Coogee,1,1,0.110984090909091,21.979584,0,23.984802,20.494748458333333,86.52596412499999,4.69698761875,1010.0566958333334,1.5687942481,0.5,0.5,1,18.7764,7453.6,1,1,1,1,0.9492240638453225
2020-06-23,Manly,0,0,0.3631647272727272,10.310883,0,15.445465,5.477770491666667,64.33371104166666,5.795108208333333,1007.08381375,0.00286102296,0.5,0.5,1,26.2541,3641.8,6,0,0,0,0.02798028456873636
2020-10-11,Penrith,0,0,0.9999639090909088,13.450317,0,26.808594,7.0161526499999995,56.89296662500001,1.9697901708333332,1006.5526020833332,0.01001358016,55.0,3.0,0,11.4378,1496.4,10,0,0,0,0.005672592796505726
2020-10-25,Manly,0,1,0.0,15.027374,0,18.558289,13.2182248125,85.29543845833334,9.586204395833333,1007.31929,31.64768201,0.5,0.5,1,26.2541,3641.8,10,0,0,0,0.06826032021434977
2020-06-08,Campbelltown,0,0,0.2539673181818182,10.4878845,0,16.906677,7.892297129166667,77.05883091666666,2.7217708166666665,1013.2652883333334,1.943588271,40.0,10.0,0,10.7411,1577.7,6,0,0,0,0.0012539778919956133
2020-10-07,Penrith,0,0,0.2297308181818183,16.055328,0,20.00888,15.5753529375,86.13705095833335,0.949069555,1005.8408008333332,4.43410873086,55.0,3.0,0,11.4378,1496.4,10,0,0,0,0.035708478203706616
2020-03-26,Liverpool,0,0,0.3913383749999997,16.756927,0,21.654755,14.6691309375,76.49024916666666,4.7442776958333335,1016.6569858333334,3.9281845206,30.0,2.0,0,8.27098,5139.4,3,0,0,0,0.16732993520585684
2020-12-24,Manly,0,0,0.3527054545454546,18.807343,0,22.787628,15.905555791666666,72.73991433333333,3.8372376875,1010.2852070833331,0.03623962416,0.5,0.5,1,26.2541,3641.8,12,1,0,1,0.5861819412814865
2020-08-19,Blacktown,0,0,0.2364501818181819,11.113983,0,20.198944,5.410008745833333,60.52365504166667,4.8297469458333335,989.519335,0.1502037016,35.0,6.0,0,9.17505,3615.4,8,0,0,0,0.0024846467851902193
2020-06-23,Bankstown,0,0,0.4364957272727273,7.488617,0,15.549194,4.975980125,69.08496570833334,3.9415788541666665,1003.8371425,0.0,18.0,5.0,0,12.4235,6471.6,6,0,0,0,0.0009537874343850969
2020-07-24,Parramatta,0,0,0.6035322727272727,5.967987,0,17.80246,7.845335662499999,86.99629745833333,1.644525499166667,1018.87396625,0.0,20.0,1.0,0,17.0356,4087.8,7,0,0,0,0.013421579211949282
2020-01-17,Ryde,1,1,0.1209772727272728,20.667053,0,22.100891,18.538258916666667,85.36793383333332,4.2438012625,1001.60202125,6.397247286,13.0,2.0,0,23.3227,4521.5,1,1,1,1,0.827007838561059
2020-02-17,Penrith,0,0,0.3378961818181816,20.040558,0,24.277802,19.458727458333332,86.288199,1.0583429229166663,1000.0792366666666,6.76345828896,55.0,3.0,0,11.4378,1496.4,2,1,0,0,0.4276905159681016
2020-07-19,Manly,0,0,0.3706360000000001,12.865814,0,18.78659,8.765134179166667,71.20259908333334,4.476042120833333,1011.22046875,0.0,0.5,0.5,1,26.2541,3641.8,7,0,0,0,0.032321851582952095
2020-04-29,Campbelltown,0,0,0.5735412,15.979401,0,25.528107,16.021166395833333,81.14488554166667,2.3080185458333333,999.5238866666668,1.7113685821,40.0,10.0,0,10.7411,1577.7,4,0,0,0,0.06738073342592646
2020-11-04,Coogee,0,1,0.1171653636363636,18.709991,0,20.009491,13.961570729166668,75.71060170833333,5.007169495833334,1010.0996258333332,0.0,0.5,0.5,1,18.7764,7453.6,11,0,0,0,0.04787170304961401
2020-04-07,Ryde,0,0,0.3256957999999999,14.536163,0,20.332245,13.153719541666668,77.767012125,2.536556158333333,1013.9429870833334,1.2912750112,13.0,2.0,0,23.3227,4521.5,4,0,0,0,0.011755986360028947
2020-03-28,Ryde,0,0,0.219121727272727,17.814392,0,22.429352,15.120463104166667,84.30383991666666,1.9183919458333336,1016.5702570833332,6.6909789891,13.0,2.0,0,23.3227,4521.5,3,0,0,0,0.14270483212285606
2020-05-26,Penrith,0,0,0.3358071363636364,10.9192505,0,18.022675,11.213905291666668,81.37932833333333,3.6170984083333337,1008.5884991666668,1.7290115271,55.0,3.0,0,11.4378,1496.4,5,0,0,0,0.004188801913916412
2020-03-16,Penrith,0,0,0.4550837272727273,14.016876,0,21.042938,13.50774,80.27417150000001,3.174743620833333,1011.3689108333332,3.86905669592,55.0,3.0,0,11.4378,1496.4,3,0,0,0,0.07737385420473872
2020-05-29,Coogee,0,0,0.2258161818181818,13.908234,0,16.727234,13.370174375,86.03001533333334,3.5492015,1021.4385379166666,2.4809837425,0.5,0.5,1,18.7764,7453.6,5,0,0,0,0.05475663671574888
2020-08-31,Manly,0,1,0.1566966363636363,12.744812,0,19.045227,9.051923125,65.51985045833334,6.578008816666666,1013.73228,0.0948905947,0.5,0.5,1,26.2541,3641.8,8,0,0,0,0.02863731204181362
2020-06-20,Penrith,0,0,0.6246642499999999,9.802338,0,19.334381,8.739673670833334,84.077462125,1.88628854375,1008.2913154166666,0.005722046,55.0,3.0,0,11.4378,1496.4,6,0,0,0,0.0036376464847143945
2020-06-08,Penrith,0,0,0.2573408181818182,10.069916,0,16.958649,7.757287304166667,77.39543145833333,2.3977985625,1014.3715345833332,0.85830688082,55.0,3.0,0,11.4378,1496.4,6,0,0,0,0.0015018004063031692
2020-04-15,Coogee,0,0,0.2468994000000002,19.165497,0,22.208282,17.043721583333333,84.011159,3.3690396166666665,1015.8029358333332,0.00619888296,0.5,0.5,1,18.7764,7453.6,4,0,0,1,0.700981828297732
2020-08-27,Manly,0,0,0.3386174545454546,12.869812,0,18.435822,5.129334770833333,60.403135291666665,3.1451903875,1018.9404616666668,0.0,0.5,0.5,1,26.2541,3641.8,8,0,0,0,0.014479589642817403
2020-02-13,Blacktown,0,0,0.3837086363636363,20.369995,0,25.038147,21.471740583333332,89.140526625,2.479534308333333,1003.70348375,6.846904736,35.0,6.0,0,9.17505,3615.4,2,1,0,1,0.710471710807087
2020-12-06,Cronulla,0,0,0.5330255454545455,19.405731,0,25.955536,14.7875253125,60.744190333333336,5.284742929166667,996.78016,0.253677366,0.5,0.5,1,18.6816,1026.8,12,1,0,0,0.26843265171114256
2020-12-19,Coogee,0,1,0.0,19.322723,0,20.142517,16.003994145833335,80.15925820833333,5.946539433333334,1011.0991225,3.643989564,0.5,0.5,1,18.7764,7453.6,12,1,0,0,0.3491003702208376
2020-10-03,Coogee,0,0,0.2088234545454545,16.571564,0,20.02475,14.624088354166666,81.46479000000001,5.532103175,1018.9521670833332,0.0,0.5,0.5,1,18.7764,7453.6,10,0,0,0,0.032165467052805166
2020-09-16,Ryde,0,0,0.9044549999999998,11.717743,0,27.476593,11.719933854166667,70.40010191666667,2.1018933541666667,1014.6970225,0.0066757202,13.0,2.0,0,23.3227,4521.5,9,0,0,0,0.015941632864071027
2020-07-25,Campbelltown,0,0,0.2468200000000001,10.446625,0,17.29367,9.878632879166666,91.82670595833332,1.311911335,1009.8551408333332,1.98364257596,40.0,10.0,0,10.7411,1577.7,7,0,0,0,0.009923622647897257
2020-06-28,Cronulla,0,0,0.2035216999999999,11.719879,0,14.2378235,9.71464415,78.08190541666666,5.224501391666666,1022.4245654166666,2.0775794934,0.5,0.5,1,18.6816,1026.8,6,0,0,0,0.021182914386484702
2020-04-09,Parramatta,0,0,0.3923543333333334,16.667206,0,21.65866,15.310572395833333,83.13876641666667,2.056057425,1017.9236629166668,1.3251304558,20.0,1.0,0,17.0356,4087.8,4,0,0,0,0.04725529487811684
2020-08-26,Manly,0,0,0.4525035909090908,9.1545105,0,15.709625,5.451903008333333,64.7651415,3.02538636875,1023.38576875,0.049591065,0.5,0.5,1,26.2541,3641.8,8,0,0,0,0.008923899275287306
2020-02-15,Parramatta,0,0,0.434032090909091,20.589813,0,26.418732,17.805052458333332,79.686930125,1.5149013675,999.3353804166668,0.6108283998999999,20.0,1.0,0,17.0356,4087.8,2,1,0,0,0.1463587911669094
2020-09-24,Fairfield,0,0,0.8757446600000002,7.8973694,0,21.235565,3.672546407916667,49.238213124999994,3.546392075,1005.69994375,0.0,27.0,4.0,0,13.6634,4527.0,9,0,0,0,0.005397085819191987
2020-11-20,Penrith,0,0,1.3784706363636363,16.434784,1,36.266113,17.055126229166667,67.07071379166666,1.861978495,1002.7590983333332,2.62689599156,55.0,3.0,0,11.4378,1496.4,11,0,0,0,0.04819744877862564
2020-02-18,Manly,0,0,0.3011252727272726,22.95694,0,26.47528,21.060938541666665,85.39155708333334,3.76146795,1002.4386354166668,0.13637542492,0.5,0.5,1,26.2541,3641.8,2,1,0,1,0.8691551441276001
2020-01-23,Campbelltown,0,0,1.3448486363636365,23.13504,1,40.464325,14.7501208125,47.009712,3.402602882083333,987.3864595833334,0.0014305115,40.0,10.0,0,10.7411,1577.7,1,1,0,0,0.061321865875246157
2020-07-24,Manly,0,0,0.3707552727272727,10.858612,0,16.042389,10.459186479166666,85.62305708333334,2.4904275229166664,1021.36979875,0.00429153442,0.5,0.5,1,26.2541,3641.8,7,0,0,0,0.037367102891960526
2020-01-14,Blacktown,0,0,0.6927212727272725,17.977264,0,27.284424,17.198150583333334,73.38301187500001,2.4204770483333333,1009.3020845833332,1.36184692016,35.0,6.0,0,9.17505,3615.4,1,1,0,0,0.17591769023784917
2020-10-30,Blacktown,0,0,0.3890583333333334,16.906952,0,21.83728,13.284833291666668,81.08401445833333,1.8560871104166663,1002.871885,0.65040588516,35.0,6.0,0,9.17505,3615.4,10,0,0,0,0.03172974262777291
2020-10-22,Coogee,0,1,0.1364714999999997,18.393616,0,19.942047,16.152406083333332,84.85961625,3.843430258333333,1009.85854,0.1554489158,0.5,0.5,1,18.7764,7453.6,10,0,0,0,0.166322284628299
2020-05-30,Bankstown,0,0,0.3596551818181819,11.383301,0,18.958282,11.110026083333333,86.413554375,2.446924408333333,1017.4141875,0.00190734864,18.0,5.0,0,12.4235,6471.6,5,0,0,0,0.004253415353304815
2020-02-24,Liverpool,0,0,0.4680341818181817,20.134827,0,26.445251,17.805333416666667,74.77438358333333,2.4822181208333336,1012.1549533333332,0.11825561232,30.0,2.0,0,8.27098,5139.4,2,1,0,0,0.23657764428954745
2020-03-01,Campbelltown,0,0,1.054077272727273,16.9794,1,30.292023,18.201480916666664,74.120384125,2.164948165,997.1004154166668,0.0948905932799999,40.0,10.0,0,10.7411,1577.7,3,0,0,0,0.10517049575079226
2020-07-07,Bondi,0,1,0.002716,14.11673,0,15.239502,9.6631470625,75.47651158333333,5.2676358625,1024.2928625,2.00510023116,0.5,0.5,1,19.5728,9692.7,7,0,0,0,0.01906503874337271
2020-01-14,Parramatta,0,0,0.6927212727272725,17.977264,0,27.284424,17.198150583333334,73.38301187500001,2.4204770483333333,1009.3020845833332,1.36184692016,20.0,1.0,0,17.0356,4087.8,1,1,0,0,0.21621246693937077
2020-05-13,Penrith,0,0,0.6182120142857144,6.7610474,0,17.818573,5.747149133333333,75.53898320833333,1.4332676879166666,1009.2268179166668,0.0,55.0,3.0,0,11.4378,1496.4,5,0,0,0,0.002841673454507575
2020-10-21,Coogee,0,1,0.1049194,17.754486,0,19.382141,14.203617104166668,78.132744875,6.248223220833334,1011.0548,0.1416206344,0.5,0.5,1,18.7764,7453.6,10,0,0,0,0.04402957425062242
2020-09-29,Manly,0,0,0.2579514444444444,13.422211,0,16.549927,8.8231545,67.5990635,3.841552004166666,1020.3390275,0.2837181065,0.5,0.5,1,26.2541,3641.8,9,0,0,0,0.01033333820269601
2020-11-24,Bondi,0,1,0.0909978181818183,18.420624,0,19.6846,15.221463541666669,78.73873258333333,6.6808252125,1006.4334320833332,0.27322769676,0.5,0.5,1,19.5728,9692.7,11,0,0,0,0.06044267879508358
2020-04-08,Cronulla,0,1,0.0755309999999999,18.655823,0,19.69281,14.262036770833332,76.23732129166667,3.307232975,1017.20503875,11.332035136,0.5,0.5,1,18.6816,1026.8,4,0,0,0,0.050768900146646125
2020-08-01,Manly,0,0,0.4655872727272728,9.886871,0,16.872467,8.3875019875,74.23974470833333,2.9323095250000004,1020.43378125,0.0,0.5,0.5,1,26.2541,3641.8,8,0,0,0,0.010972501966508254
2020-04-22,Cronulla,0,0,0.367598090909091,16.568512,0,22.361969,12.812215145833331,65.03586425,3.6646515625,1012.52535875,0.0,0.5,0.5,1,18.6816,1026.8,4,0,0,0,0.1349497659732605
2020-08-04,Parramatta,0,0,0.9290827272727272,4.856842,0,21.022644,3.81382498,58.84310179166667,3.1046063458333335,1004.3522479166668,0.0,20.0,1.0,0,17.0356,4087.8,8,0,0,0,0.0017980549625273839
2020-04-12,Penrith,0,0,0.8105912727272727,6.580597,0,21.092804,5.3433049708333336,55.958197625,2.2137144,1001.47015875,0.0,55.0,3.0,0,11.4378,1496.4,4,0,0,0,0.00166689090282781
2020-08-17,Parramatta,0,0,0.8950958333333331,9.360077,0,19.48349,5.746629062499999,57.385535833333336,3.786357916666667,1000.4170079166666,0.0,20.0,1.0,0,17.0356,4087.8,8,0,0,0,0.0017980549625273839
2020-10-09,Penrith,0,0,0.9905200909090912,9.40918,0,21.823578,6.250342075,52.607995625,3.0972595166666665,1000.5513004166668,0.0009536743,55.0,3.0,0,11.4378,1496.4,10,0,0,0,0.013230958250364163
2020-12-16,Bankstown,0,0,0.2723915454545453,21.24585,0,27.007904,21.511418625,88.222462875,4.2834852833333334,1002.5826275,17.2739028483,18.0,5.0,0,12.4235,6471.6,12,1,0,1,0.5540632633743101
2020-08-10,Coogee,0,1,0.061628818181818,13.627045,0,14.957825,9.950510770833334,74.715674625,10.538432420833333,1010.9224833333332,10.070800787,0.5,0.5,1,18.7764,7453.6,8,0,0,0,0.04686426191268625
2020-03-23,Liverpool,0,0,0.3221212727272728,16.30893,0,21.177094,14.123685104166666,71.99233054166668,4.178405179166666,1016.4357441666666,2.1915435896,30.0,2.0,0,8.27098,5139.4,3,0,0,0,0.11979751768194535
2020-01-29,Penrith,0,0,0.7779485454545455,18.380829,0,29.109741,19.001901041666667,71.67409675,2.638831816666667,1002.25839875,1.10816955886,55.0,3.0,0,11.4378,1496.4,1,1,0,0,0.22519948204589407
2020-02-20,Blacktown,0,0,0.3208119090909091,18.61264,0,23.838043,13.770614520833334,68.75044129166666,2.3617677958333334,1003.27815125,0.8320808348000001,35.0,6.0,0,9.17505,3615.4,2,1,0,0,0.16053404862501439
2020-09-28,Bondi,0,1,0.1678771249999999,13.871674,0,15.752228,7.300108566666666,63.60328054166666,2.8785347,1021.30358,0.07486343236,0.5,0.5,1,19.5728,9692.7,9,0,0,0,0.008488690946244442
2020-03-30,Liverpool,0,0,0.6494140909090909,17.178436,0,24.386017,18.2945315,85.01886337500001,1.9997805783333331,1005.4462495833332,1.9664764495,30.0,2.0,0,8.27098,5139.4,3,0,0,0,0.3446034107490407
2020-07-09,Fairfield,0,0,0.4489288,8.330933,0,17.821808,8.810033220833335,88.123105125,1.642454675,1021.844605,0.06341934016,27.0,4.0,0,13.6634,4527.0,7,0,0,0,0.009264210097634706
2020-08-17,Fairfield,0,0,0.8950958333333331,9.360077,0,19.48349,5.746629062499999,57.385535833333336,3.786357916666667,1000.4170079166666,0.0,27.0,4.0,0,13.6634,4527.0,8,0,0,0,0.0005313777385676057
2020-04-19,Ryde,0,0,0.6963466666666664,11.278015,0,21.757599,11.913738270833331,81.56662675,1.6222250708333332,1006.4823716666666,2.24637984266,13.0,2.0,0,23.3227,4521.5,4,0,0,0,0.05368699883316561
2020-01-26,Bankstown,0,0,0.7061961818181818,23.090515,1,33.421722,22.243616791666668,73.83030408333333,2.1067181041666667,1002.8648379166666,1.2626647989,18.0,5.0,0,12.4235,6471.6,1,1,0,0,0.16500656421588256
2020-08-31,Ryde,0,0,0.3750915454545456,10.149109,0,21.693665,7.785158804166667,61.870071833333334,3.7275330125,1011.3268729166666,0.0452995302,13.0,2.0,0,23.3227,4521.5,8,0,0,0,0.029937197257646885
2020-09-07,Cronulla,0,0,0.242661909090909,14.215942,0,17.772583,11.402024604166668,72.24576804166666,5.2873549791666665,1025.6673083333333,0.0,0.5,0.5,1,18.6816,1026.8,9,0,0,0,0.016129862315106925
2020-09-29,Campbelltown,0,0,0.644670222222222,8.969086,0,19.32727,8.178379099999999,72.28673920833333,1.9244583729166669,1010.1052716666668,0.0677108756,40.0,10.0,0,10.7411,1577.7,9,0,0,0,0.00040423773287576203
2020-12-18,Campbelltown,0,0,0.6158502727272729,18.015656,1,31.005188,19.579706791666663,77.79284787499999,2.56977575,992.2910958333332,9.3307493825,40.0,10.0,0,10.7411,1577.7,12,1,0,0,0.20613675174912985
2020-12-04,Blacktown,0,0,1.186601090909091,17.515045,1,33.180725,14.248757499999998,62.617911,1.8434152704166664,1005.8266270833332,0.00047683716,35.0,6.0,0,9.17505,3615.4,12,1,0,0,0.03710323508821306
2020-06-25,Bondi,0,0,0.3996825999999999,12.026398,0,16.989532,8.5498974375,68.22315666666667,5.7600358541666665,1013.9523779166666,0.01478195216,0.5,0.5,1,19.5728,9692.7,6,0,0,0,0.021349743767478068
2020-06-04,Bondi,0,1,0.195343,12.342285,0,15.425201,8.668135354166667,69.36916920833333,7.350268179166666,1026.0291916666667,0.4367828325,0.5,0.5,1,19.5728,9692.7,6,0,0,0,0.015348460193550583
2020-03-02,Coogee,1,1,0.0717939090909089,20.57132,0,28.875519,18.338792208333334,73.65989825,5.579149195833334,1005.273075,0.01811981206,0.5,0.5,1,18.7764,7453.6,3,0,1,1,0.8259271967451963
2020-05-07,Parramatta,0,0,0.5763133636363634,12.443146,0,23.606537,9.717136404166666,74.50751745833334,2.500144370833333,1013.7099170833334,0.0,20.0,1.0,0,17.0356,4087.8,5,0,0,0,0.026099880983420976
2020-10-04,Ryde,0,0,1.1769908181818185,13.903961,1,30.80893,12.650246043478262,65.1142467826087,2.9527329739130437,1011.711467826087,0.0,13.0,2.0,0,23.3227,4521.5,10,0,0,0,0.018119416346809226
2020-03-03,Parramatta,0,1,0.1261599999999987,18.988678,0,21.69754,16.494190166666666,80.87779616666667,2.84531,1011.8443666666668,7.3761939524,20.0,1.0,0,17.0356,4087.8,3,0,0,0,0.40974880281212317
2020-11-19,Coogee,0,1,0.1206138181818181,19.058868,0,20.68686,15.629904458333334,77.71348475,5.836724916666667,1016.4012129166669,0.00047683716,0.5,0.5,1,18.7764,7453.6,11,0,0,0,0.10989964982917724
2020-05-24,Liverpool,0,0,0.3465322500000001,13.3871155,0,16.994171,8.650255879166666,64.03380241666666,6.5869066875,1004.055345,0.52213668106,30.0,2.0,0,8.27098,5139.4,5,0,0,0,0.005715615668702335
2020-09-03,Cronulla,0,0,0.4382768181818183,17.126678,0,23.541656,11.6350453125,60.67318508333333,6.288594754166667,1010.4324208333334,0.0,0.5,0.5,1,18.6816,1026.8,9,0,0,0,0.15534939282455507
2020-03-15,Blacktown,0,0,0.273298818181818,15.881012,0,19.804108,12.0916760625,72.17873154166666,4.459637833333333,1014.3890029166668,1.4066696167,35.0,6.0,0,9.17505,3615.4,3,0,0,0,0.08055657297412332
2020-02-06,Fairfield,1,1,0.1208885454545451,20.12918,0,23.268158,18.013486291666666,80.90506191666667,2.3858759541666665,1013.7642579166668,5.180835741,27.0,4.0,0,13.6634,4527.0,2,1,1,1,0.6943864672873119
2020-04-29,Coogee,1,1,0.1626754545454544,20.46054,0,22.407806,17.796231583333334,83.37545229166666,6.425646475,1009.6697175,0.7896423406599999,0.5,0.5,1,18.7764,7453.6,4,0,1,1,0.8270653073575146
2020-09-12,Parramatta,0,0,0.8694624272727274,7.9927673,0,22.51004,9.8408203,75.3606685,2.434723425,1018.8767875,0.0,20.0,1.0,0,17.0356,4087.8,9,0,0,0,0.02062401239915054
2020-05-15,Bondi,0,1,0.0,15.693451,0,16.368195,10.233854966666668,69.90185929166667,6.127798608333333,1023.9914408333334,2.54678727932,0.5,0.5,1,19.5728,9692.7,5,0,0,0,0.017390958676637296
2020-05-01,Ryde,0,1,0.1130946666666666,12.503571,0,16.348877,3.4599227875,54.10533270833333,5.3255903625,1000.4755254166666,0.00143051146,13.0,2.0,0,23.3227,4521.5,5,0,0,0,0.00807386989202985
2020-05-12,Fairfield,0,0,0.7266734545454545,6.646515,0,20.104431,6.4493954874999995,74.26724583333333,2.1115246875,1018.21373125,0.0,27.0,4.0,0,13.6634,4527.0,5,0,0,0,0.00024211994096113242
2020-06-09,Parramatta,0,1,0.1922884545454544,12.506256,0,18.41684,11.871091229166666,86.70595795833333,2.2267592874999997,1024.3805725,3.0288696324,20.0,1.0,0,17.0356,4087.8,6,0,0,0,0.00896798448934758
2020-07-05,Bondi,0,0,0.2727467272727272,12.207397,0,16.358429,7.401796995833333,66.584321375,7.072415645833334,1016.67719375,0.0,0.5,0.5,1,19.5728,9692.7,7,0,0,0,0.020754338226858512
2020-04-15,Blacktown,0,0,0.6748291000000002,15.765106,0,27.782501,13.931579541666666,74.07520579166668,1.8599252766666667,1013.3183575,0.0009536743,35.0,6.0,0,9.17505,3615.4,4,0,0,0,0.017643364016694515
2020-04-22,Bondi,0,0,0.367598090909091,16.568512,0,22.361969,12.812215145833331,65.03586425,3.6646515625,1012.52535875,0.0,0.5,0.5,1,19.5728,9692.7,4,0,0,0,0.12614549466635108
2020-05-09,Bankstown,0,0,0.8098616363636364,10.641418,0,24.367676,10.4236972,62.533519041666665,3.2440093416666667,1004.5309925,0.18882751,18.0,5.0,0,12.4235,6471.6,5,0,0,0,0.02027856208211788
2020-05-27,Fairfield,0,0,0.4604325454545455,8.877472,0,18.508331,11.5932820625,84.85604754166667,1.8086978929166664,1014.2267875,0.2899169943,27.0,4.0,0,13.6634,4527.0,5,0,0,0,0.001896126974072638
2020-07-15,Blacktown,0,0,0.299166590909091,10.040802,0,15.528961,6.516896545833333,64.93673820833332,5.777277225,1010.3368554166668,0.2174377438,35.0,6.0,0,9.17505,3615.4,7,0,0,0,0.008116852916768322
2020-02-12,Campbelltown,0,0,0.2558899,21.330597,0,25.433624,21.565558083333332,91.78960495833331,2.312163204583334,995.2543,8.642673541999999,40.0,10.0,0,10.7411,1577.7,2,1,0,0,0.32540805180483373
2020-12-10,Coogee,0,1,0.1602311818181818,17.565765,0,21.624603,15.550421395833332,77.49183920833333,6.447675465,1014.5067166666666,0.7276535005,0.5,0.5,1,18.7764,7453.6,12,1,0,0,0.4868904408235796
2020-02-23,Coogee,1,1,0.1105650909090911,21.619904,0,22.994476,17.064539625,73.63704820833333,3.8135153583333334,1018.6027304166668,3.515720342,0.5,0.5,1,18.7764,7453.6,2,1,1,1,0.9384156176329204
2020-12-22,Penrith,0,0,0.9845165,14.5529175,0,26.285004,13.962762166666666,67.36941670833333,3.0327348166666668,989.7876883333332,6.7920684518,55.0,3.0,0,11.4378,1496.4,12,1,0,0,0.054199042202916284
2020-05-01,Penrith,0,1,0.082712888888889,11.704742,0,15.385986,3.5338974208333336,56.69479908333333,4.658554166666667,993.7851083333334,0.0,55.0,3.0,0,11.4378,1496.4,5,0,0,0,0.0024846467851902193
2020-02-20,Coogee,1,1,0.0072465454545455,20.48764,0,21.453278,14.678329354166666,71.27037358333332,5.274317575,1005.8148158333332,1.698017129,0.5,0.5,1,18.7764,7453.6,2,1,1,1,0.7767781617176394
2020-04-12,Manly,0,0,0.2827147272727272,13.980988,0,18.60257,6.815066008333333,54.24952149999999,4.8530661083333335,1010.21056875,0.0,0.5,0.5,1,26.2541,3641.8,4,0,0,0,0.03727499753918472
2020-04-17,Fairfield,0,0,1.0119018181818182,8.709198,0,26.714935,9.335194945833331,52.4480935,2.7426362083333333,1003.057455,0.0,27.0,4.0,0,13.6634,4527.0,4,0,0,0,0.022208417328340762
2020-12-20,Parramatta,0,0,0.4501923000000001,18.786102,0,23.42862,17.933391583333332,86.719896875,1.923799865,1005.3938145833334,2.7127265799,20.0,1.0,0,17.0356,4087.8,12,1,0,0,0.43105445595481257
2020-02-16,Cronulla,1,1,0.0526678181818182,21.638885,0,22.758087,19.075884541666667,82.73302158333333,4.2126589125,1008.7692941666666,1.3155937023,0.5,0.5,1,18.6816,1026.8,2,1,1,1,0.9486038750309649
2020-05-31,Coogee,0,0,0.3387573499999998,15.3714905,0,19.613983,13.1082864375,78.542395375,5.276430470833334,1012.7678020833332,0.01764297492,0.5,0.5,1,18.7764,7453.6,5,0,0,0,0.046911540605361776
2020-06-16,Bankstown,0,0,0.7378234285714286,9.524567,0,20.045288,8.106747883333332,74.45320866666667,2.3155249375,1015.2675154166668,0.0,18.0,5.0,0,12.4235,6471.6,6,0,0,0,0.00024211994096113242
2020-01-09,Blacktown,0,0,0.401095888888889,21.141022,0,25.79483,17.912620625,73.09841270833333,3.2165797499999997,1009.3730379166668,0.96082687366,35.0,6.0,0,9.17505,3615.4,1,1,0,0,0.2646614321147635
2020-07-18,Penrith,0,0,0.6449973272727273,3.6404724,0,16.05832,6.990105983333333,76.42113433333334,1.45840419625,1007.0932829166668,0.1306533823,55.0,3.0,0,11.4378,1496.4,7,0,0,0,0.00040423773287576203
2020-03-14,Coogee,0,1,0.0,17.690582,0,20.499176,15.064881708333331,79.97972491666667,8.529882720833333,1011.6155720833334,7.7881813966,0.5,0.5,1,18.7764,7453.6,3,0,0,0,0.22383760739955247
2020-06-16,Blacktown,0,0,0.6061554000000001,7.375824,0,20.70935,7.341285725,76.632776875,2.2403315,1016.1516820833334,0.0,35.0,6.0,0,9.17505,3615.4,6,0,0,0,0.00024211994096113242
2020-01-12,Campbelltown,0,0,0.2495394545454546,16.78775,0,20.451874,14.02157975,73.20700179166667,3.2654079416666666,1003.5332283333332,2.0422935565,40.0,10.0,0,10.7411,1577.7,1,1,0,0,0.17600599007711837
2020-09-24,Ryde,0,0,0.8757446600000002,7.8973694,0,21.235565,3.672546407916667,49.238213124999994,3.546392075,1005.69994375,0.0,13.0,2.0,0,23.3227,4521.5,9,0,0,0,0.013499886332929962
2020-08-27,Liverpool,0,0,0.459178590909091,10.746765,0,20.33731,3.499207783916667,61.68817016666667,2.3762022333333332,1015.6833775,0.0,30.0,2.0,0,8.27098,5139.4,8,0,0,0,0.0009988786154803983
2020-08-17,Bankstown,0,0,0.7300567499999998,10.422577,0,18.655365,6.2769025375,58.81009720833333,4.551400791666667,999.5353404166668,0.0,18.0,5.0,0,12.4235,6471.6,8,0,0,0,0.001841619024303555
2020-12-09,Coogee,0,1,0.1526904545454548,18.920685,0,20.60028,12.591116625,66.69118,4.096659033333333,1013.1551154166668,0.07104873646,0.5,0.5,1,18.7764,7453.6,12,1,0,0,0.16077635099517143
2020-12-22,Liverpool,0,0,0.8735434545454545,15.976746,0,26.336853,14.892205458333336,68.79976633333332,3.2447512916666668,995.1176970833334,6.1240196415,30.0,2.0,0,8.27098,5139.4,12,1,0,0,0.0644895264608133
2020-12-21,Bondi,0,1,0.0725945555555556,19.91983,0,21.297974,18.259258291666665,87.40134083333334,2.847072366666667,1005.4970654166668,13.493061082,0.5,0.5,1,19.5728,9692.7,12,1,0,1,0.7082084322319493
2020-12-11,Campbelltown,0,0,0.2980651818181818,15.045105,0,19.713226,9.47119025,59.565353833333326,3.81379735,1012.880655,1.19256973286,40.0,10.0,0,10.7411,1577.7,12,1,0,0,0.07878167333791967
2020-01-11,Campbelltown,0,0,0.4083667272727273,17.452393,0,27.183289,14.581792291666666,67.58724633333334,3.596506175,996.96763,0.66184996986,40.0,10.0,0,10.7411,1577.7,1,1,0,0,0.0846622196440432
2020-10-07,Bankstown,0,1,0.1666981818181819,16.852203,0,19.519196,15.90290825,87.74507879166667,1.8024861908333336,1011.5224658333332,2.2273063722,18.0,5.0,0,12.4235,6471.6,10,0,0,0,0.0849336783585835
2020-12-20,Penrith,0,0,0.4766818181818179,18.14804,0,23.587982,17.328980791666666,86.9253725,1.6403852695833334,999.20298875,2.4876594547,55.0,3.0,0,11.4378,1496.4,12,1,0,0,0.29089202309109075
2020-03-01,Parramatta,0,0,0.9969039090909092,17.6669,1,30.055267,18.451643625,74.40615666666666,2.5906369208333335,1004.3900079166666,0.042438506,20.0,1.0,0,17.0356,4087.8,3,0,0,0,0.27479870779839854
2020-02-14,Manly,0,0,0.3005980909090908,19.725983,0,23.728241,18.355035083333338,78.35721604166666,4.821827675,1003.4749454166666,0.9088516216,0.5,0.5,1,26.2541,3641.8,2,1,0,1,0.9453941342680445
2020-11-20,Manly,0,0,0.5787547272727274,18.591034,0,26.173492,17.709260291666666,76.57952133333333,5.219462529166667,1011.7270070833332,1.3585090928,0.5,0.5,1,26.2541,3641.8,11,0,0,1,0.599313307458519
2020-05-01,Fairfield,0,1,0.1130946666666666,12.503571,0,16.348877,3.4599227875,54.10533270833333,5.3255903625,1000.4755254166666,0.00143051146,27.0,4.0,0,13.6634,4527.0,5,0,0,0,0.0024846467851902193
2020-07-02,Ryde,0,0,0.7595492727272727,9.606598,0,23.235413,7.9405390875,63.43600270833334,3.59752315,1008.6228229166668,0.0,13.0,2.0,0,23.3227,4521.5,7,0,0,0,0.02714592573238388
2020-03-08,Liverpool,0,0,0.2779929090909089,17.394562,0,21.358887,15.836995375,82.09882475,2.758106258333333,1012.3519583333332,4.8856735343,30.0,2.0,0,8.27098,5139.4,3,0,0,0,0.3662711259991898
2020-09-11,Liverpool,0,0,0.5681901363636364,9.10495,0,17.995636,10.131289104166669,76.937967375,2.6312554041666667,1022.09224375,0.2388954173,30.0,2.0,0,8.27098,5139.4,9,0,0,0,0.001126018621172242
2020-03-16,Coogee,0,1,0.1706377272727272,18.380157,0,20.257172,15.621753624999998,80.63939845833333,6.9421447125,1019.8101575,6.267070795,0.5,0.5,1,18.7764,7453.6,3,0,0,0,0.25560983826284384
2020-08-27,Ryde,0,0,0.4456842272727273,10.4088745,0,21.544342,1.5249239449583334,58.83395575,2.262511208333333,1016.50630375,0.0,13.0,2.0,0,23.3227,4521.5,8,0,0,0,0.016952096598912295
2020-03-21,Bankstown,0,0,0.3454978181818182,17.51297,0,23.469147,16.52298475,79.66998124999999,2.553260745833333,1011.14906625,2.46429442306,18.0,5.0,0,12.4235,6471.6,3,0,0,0,0.32339229373716294
2020-07-08,Penrith,0,0,0.68525,4.531891,0,15.066223,9.3203951375,87.06198812500001,1.24923282,1016.2271491666668,0.78535078916,55.0,3.0,0,11.4378,1496.4,7,0,0,0,0.014656581601481951
2020-03-15,Manly,0,1,0.1411965454545455,17.73648,0,19.43106,12.851034854166665,70.062049625,7.754175379166667,1016.5569154166666,2.7441978393,0.5,0.5,1,26.2541,3641.8,3,0,0,0,0.18293453163875464
2020-07-08,Parramatta,0,0,0.6284318454545456,5.7096252,0,15.497864,9.851482395833331,85.286991625,1.4537050758333334,1022.6521433333334,0.7162094133,20.0,1.0,0,17.0356,4087.8,7,0,0,0,0.005529398297982946
2020-09-20,Manly,0,1,0.1664955454545455,16.640656,0,18.873993,15.2486293125,84.866102,6.465058504166667,1009.8989408333332,12.5899316686,0.5,0.5,1,26.2541,3641.8,9,0,0,0,0.078772530777885
2020-10-06,Campbelltown,0,0,0.248745,16.35318,0,20.7966,13.513292958333333,78.51924904166667,2.638621966666667,1006.3203308333332,0.18215179422,40.0,10.0,0,10.7411,1577.7,10,0,0,0,0.0005313777385676057
2020-02-01,Ryde,0,0,0.8184120909090908,28.503662,1,42.03012,20.5893275,55.442006291666665,2.86857732375,1001.31560875,0.0,13.0,2.0,0,23.3227,4521.5,2,1,0,0,0.1775858027782001
2020-01-31,Bondi,1,1,0.1556452727272728,24.23941,0,26.29538,22.7312915,87.96674429166667,5.333433745833333,1008.596515,0.0157356261,0.5,0.5,1,19.5728,9692.7,1,1,1,1,0.9151324939304546
2020-12-09,Bankstown,0,0,0.6287567999999997,16.386932,0,24.384674,11.640188833333331,64.60619533333333,2.52376235625,1009.91844375,0.0009536743,18.0,5.0,0,12.4235,6471.6,12,1,0,0,0.12015923204583999
2020-04-29,Fairfield,0,0,0.4497131,17.963776,0,25.862091,16.244229708333332,77.836476,3.0705359041666664,1007.1518025,0.60606003296,27.0,4.0,0,13.6634,4527.0,4,0,0,0,0.08694636592719862
2020-02-23,Liverpool,0,0,0.3815169090909091,19.37381,0,23.570496,17.263270000000002,76.99519025,2.15492634375,1015.4927308333334,4.129409842,30.0,2.0,0,8.27098,5139.4,2,1,0,0,0.34156464722128677
2020-11-17,Coogee,0,1,0.0958709999999998,17.73648,0,21.253387,14.848489229166669,78.28487137500001,6.1614541916666665,1014.3760641666668,0.79441070746,0.5,0.5,1,18.7764,7453.6,11,0,0,0,0.15156830012012454
2020-10-15,Coogee,0,0,0.3117063333333334,19.285889,0,20.221008,15.666229291666667,82.58810016666666,5.3150649125,1013.6755683333334,0.3666877765,0.5,0.5,1,18.7764,7453.6,10,0,0,0,0.12367104593734818
2020-01-07,Coogee,1,1,0.1708151818181821,21.331787,0,23.210754,20.629250833333337,90.29250566666668,3.72341381375,1009.1788841666666,1.67512897322,0.5,0.5,1,18.7764,7453.6,1,1,1,1,0.9478488880155741
2020-07-25,Manly,0,1,0.1856606363636362,13.806152,0,16.430328,11.363821729166666,84.93081520833333,2.6117684458333335,1019.7513829166666,0.97703932946,0.5,0.5,1,26.2541,3641.8,7,0,0,0,0.03494571290266529
2020-04-04,Fairfield,0,0,0.9074373636363636,11.909882,0,25.684967,12.862920125,62.051765,5.367298266666666,994.3301979166666,5.7249068725,27.0,4.0,0,13.6634,4527.0,4,0,0,0,0.05352084175477603
2020-03-04,Campbelltown,0,0,0.3804016666666664,20.53186,0,22.379242,18.893761916666666,92.37726908333332,1.4846613345833333,1003.4812270833332,18.3482170616,40.0,10.0,0,10.7411,1577.7,3,0,0,1,0.532372268770495
2020-11-29,Ryde,0,0,1.0594204545454546,17.92862,1,39.960846,12.885871854166666,38.751310958333335,6.514261854166667,996.1252070833334,0.0,13.0,2.0,0,23.3227,4521.5,11,0,0,0,0.04616772898614849
2020-04-03,Coogee,1,1,0.1212577500000002,20.931458,0,22.839935,18.46253075,87.50257508333334,4.485091845833334,1002.8678241666668,11.10649115632,0.5,0.5,1,18.7764,7453.6,4,0,1,1,0.8666076403367687
2020-10-22,Cronulla,0,1,0.1364714999999997,18.393616,0,19.942047,16.152406083333332,84.85961625,3.843430258333333,1009.85854,0.1554489158,0.5,0.5,1,18.6816,1026.8,10,0,0,0,0.17802119530719157
2020-11-22,Campbelltown,0,0,1.0014580000000004,18.120392,0,27.246521,17.181971229166667,75.91392875000001,1.29607115375,1000.778385,0.67234040456,40.0,10.0,0,10.7411,1577.7,11,0,0,0,0.06626328341824098
2020-10-18,Campbelltown,0,0,0.2883910909090907,14.105072,0,24.910248,13.921756729166669,74.16267154166667,1.9703395404166668,996.3925725,4.280090339,40.0,10.0,0,10.7411,1577.7,10,0,0,0,0.01165122096808896
2020-06-30,Parramatta,0,0,0.6590332000000001,5.451935,0,17.867493,8.196824429166666,86.99883470833333,1.8439814916666668,1017.0864920833332,0.07009506376,20.0,1.0,0,17.0356,4087.8,6,0,0,0,0.013421579211949282
2020-05-29,Campbelltown,0,0,0.497123,7.416046,0,17.223297,10.1004803125,87.25671970833334,1.2356826425,1011.58437125,0.5631446828,40.0,10.0,0,10.7411,1577.7,5,0,0,0,0.01068777290991509
2020-10-17,Blacktown,0,0,0.6992132727272726,18.11618,0,29.510895,13.738812875,65.23021129166666,2.3073206991666666,1005.2519491666668,0.30779838856,35.0,6.0,0,9.17505,3615.4,10,0,0,0,0.009396315146653149
2020-08-07,Manly,0,1,0.1488064545454545,12.656708,0,14.359283,9.634381608333332,80.20354279166666,4.197965375,1014.90128625,16.5328979216,0.5,0.5,1,26.2541,3641.8,8,0,0,0,0.045556056670936894
2020-05-31,Bankstown,0,0,0.4930541999999999,11.316803,0,20.16867,11.089406354166668,81.14745483333333,2.6069199166666666,1009.61154625,0.0162124636,18.0,5.0,0,12.4235,6471.6,5,0,0,0,0.001180267844976484
2020-07-03,Bondi,0,0,0.4191742000000001,10.803833,0,16.562012,6.6906662,60.77863854166667,5.272146916666666,1013.7311083333334,0.0095367432,0.5,0.5,1,19.5728,9692.7,7,0,0,0,0.022717118084235568
2020-03-28,Bankstown,0,1,0.1923106363636364,17.997986,0,22.544586,15.582621333333334,83.79507995833333,1.77391310125,1016.0414991666668,5.4006576602,18.0,5.0,0,12.4235,6471.6,3,0,0,0,0.18924400342920472
2020-05-15,Bankstown,0,0,0.2903473,11.455994,0,16.145813,10.081429716666667,80.40560066666667,3.543868541666667,1021.1430966666668,1.53064726798,18.0,5.0,0,12.4235,6471.6,5,0,0,0,0.004509580139750986
2020-11-17,Parramatta,0,0,0.2592704444444444,17.30478,0,22.83551,14.390237291666669,70.21469283333333,4.085965341666666,1011.65065125,1.06716155942,20.0,1.0,0,17.0356,4087.8,11,0,0,0,0.03384660202117717
2020-04-01,Manly,1,1,0.1209049999999998,20.74405,0,22.617737,18.730608625,85.04096079166668,4.052222983333333,1013.4896116666667,2.5300979580000003,0.5,0.5,1,26.2541,3641.8,4,0,1,1,0.8129914981127082
2020-10-23,Coogee,0,1,0.1026672000000001,19.181122,0,20.501373,17.192170416666666,87.17646420833334,6.009011004166666,1007.1369883333332,0.0,0.5,0.5,1,18.7764,7453.6,10,0,0,0,0.41090239820783536
2020-09-08,Parramatta,0,0,0.757717611111111,12.6336975,0,24.680084,10.5748850375,72.67362566666667,2.633969408333334,1019.98214,0.0,20.0,1.0,0,17.0356,4087.8,9,0,0,0,0.024324282345081983
2020-04-17,Manly,0,0,0.6693947272727272,13.990448,0,24.01181,11.883372,57.760965125000006,4.242459179166667,1005.3562070833332,0.0019073486,0.5,0.5,1,26.2541,3641.8,4,0,0,0,0.14291627562053233
2020-05-27,Bondi,0,1,0.1266257272727274,15.014191,0,17.14273,11.9709675625,75.18770575,3.144309708333333,1016.57303625,0.60176848326,0.5,0.5,1,19.5728,9692.7,5,0,0,0,0.026267923939739465
2020-11-07,Fairfield,0,0,0.337319090909091,13.87204,0,19.876678,10.797602354166663,74.483465625,3.4412867375,1014.1172745833334,0.5741119353999999,27.0,4.0,0,13.6634,4527.0,11,0,0,0,0.0050426099519357784
2020-03-18,Penrith,0,0,1.1341774545454546,12.499725,0,26.344238,13.234650979166666,76.39600275,1.3508058829166665,1010.7239683333332,0.00095367432,55.0,3.0,0,11.4378,1496.4,3,0,0,0,0.03700751990799512
2020-11-26,Blacktown,0,0,1.0339466363636367,18.312775,1,32.228455,15.488324583333332,65.51146345833332,2.5001790708333336,1004.5024725,0.0,35.0,6.0,0,9.17505,3615.4,11,0,0,0,0.02791480624626955
2020-06-16,Liverpool,0,0,0.7378234285714286,9.524567,0,20.045288,8.106747883333332,74.45320866666667,2.3155249375,1015.2675154166668,0.0,30.0,2.0,0,8.27098,5139.4,6,0,0,0,0.0009988786154803983
2020-01-08,Cronulla,1,1,0.0801117999999998,20.91336,0,22.185944,19.598348,88.27493675,6.695218995833334,1009.992475,5.271911533060001,0.5,0.5,1,18.6816,1026.8,1,1,1,1,0.9494520422863952
2020-06-24,Fairfield,0,0,0.5952315454545455,7.864044,0,18.218964,5.95659255,68.9396375,3.6591438083333334,1007.20428125,0.0,27.0,4.0,0,13.6634,4527.0,6,0,0,0,0.0005313777385676057
2020-11-25,Manly,0,0,0.2813165454545454,17.741333,0,21.07608,14.969500166666668,75.30573783333334,3.895525608333333,1008.66693625,0.4296302802,0.5,0.5,1,26.2541,3641.8,11,0,0,0,0.059305527488213314
2020-01-11,Penrith,0,0,0.4341125454545456,17.303955,0,28.181335,14.573328604166669,66.55342029166667,3.175094058333333,997.9759704166668,1.0285377457,55.0,3.0,0,11.4378,1496.4,1,1,0,0,0.08370389119546645
2020-05-31,Cronulla,0,0,0.3387573499999998,15.3714905,0,19.613983,13.1082864375,78.542395375,5.276430470833334,1012.7678020833332,0.01764297492,0.5,0.5,1,18.6816,1026.8,5,0,0,0,0.05266527842720309
2020-10-22,Blacktown,0,0,0.6895974545454546,15.287994,0,25.365997,14.918112458333333,76.74172554166667,2.2761770520833333,1007.0993691666666,0.01764297516,35.0,6.0,0,9.17505,3615.4,10,0,0,0,0.010459250361922417
