date,suburb,tmax,tmin,daily_temp_range,night_start_time,night_min_time,night_start_temp,night_min_temp,night_hours_to_min,night_total_hours,night_cooling_rate,hot_day,cooling_failure,cooling_risk_category,dewpoint_mean,humidity_mean,wind_speed_mean,air_pressure_mean,precipitation_total,distance_to_coast_km,distance_to_water_km,is_coastal,inland_category,tree_canopy_percent,tree_canopy_area_m2,suburb_area_inside_gsr_m2,cadastred_suburb_area_m2,sa2_name,population_2020,population_density_people_per_km2,area_km2,population_density_source_note,month,is_summer
2020-01-01,Bondi,21.51651,20.609161,0.907349,2020-01-01 18:00:00,2020-01-02 05:00:00,20.969269,19.958038,11.0,11.0,0.09193009090909111,0,0,Not hot day,17.15940030769231,78.71587961538461,5.513414469230769,1010.3648153846153,0.041961669,0.5,0.5,1,coastal,19.5728,170988,873744.5671999999,873599.0,Bondi Beach - North Bondi,23849,9692.7,2.5,"ABS Regional Population 2019-20, SA2 proxy",1,1
2020-01-02,Bondi,22.018158,19.85202,2.166138,2020-01-02 18:00:00,2020-01-02 18:00:00,21.488434,21.488434,0.0,11.0,0.0,0,0,Not hot day,16.996217083333335,78.15489508333333,5.388210320833333,1013.4611254166666,0.34713744788,0.5,0.5,1,coastal,19.5728,170988,873744.5671999999,873599.0,Bondi Beach - North Bondi,23849,9692.7,2.5,"ABS Regional Population 2019-20, SA2 proxy",1,1
2020-01-03,Bondi,23.984802,22.12149,1.863311999999997,2020-01-03 18:00:00,2020-01-04 05:00:00,23.200409,21.979584,11.0,11.0,0.11098409090909103,1,1,Extreme risk,20.494748458333333,86.53806841666666,4.69698761875,1010.0566958333334,1.5687942481000001,0.5,0.5,1,coastal,19.5728,170988,873744.5671999999,873599.0,Bondi Beach - North Bondi,23849,9692.7,2.5,"ABS Regional Population 2019-20, SA2 proxy",1,1
2020-01-04,Bondi,30.218658,21.596832,8.621826000000002,2020-01-04 18:00:00,2020-01-05 05:00:00,27.87851,21.213287,11.0,11.0,0.6059293636363634,1,0,Moderate risk,19.780324208333333,71.99543966666666,5.898231758333334,1003.35297125,0.0,0.5,0.5,1,coastal,19.5728,170988,873744.5671999999,873599.0,Bondi Beach - North Bondi,23849,9692.7,2.5,"ABS Regional Population 2019-20, SA2 proxy",1,1
2020-01-05,Bondi,22.753632,20.1622,2.591432000000001,2020-01-05 18:00:00,2020-01-06 02:00:00,20.246552,20.041412,8.0,11.0,0.025642500000000013,0,0,Not hot day,16.291451729166667,74.92136975,9.159446783333333,1012.9992575,0.18644332872,0.5,0.5,1,coastal,19.5728,170988,873744.5671999999,873599.0,Bondi Beach - North Bondi,23849,9692.7,2.5,"ABS Regional Population 2019-20, SA2 proxy",1,1
2020-01-06,Bondi,21.541962,20.041412,1.5005500000000005,2020-01-06 18:00:00,2020-01-06 19:00:00,21.00534,20.915192,1.0,11.0,0.09014799999999923,0,0,Not hot day,16.739598583333333,78.30285883333333,4.174622945833334,1014.9114183333332,1.366138484,0.5,0.5,1,coastal,19.5728,170988,873744.5671999999,873599.0,Bondi Beach - North Bondi,23849,9692.7,2.5,"ABS Regional Population 2019-20, SA2 proxy",1,1
2020-01-07,Bondi,23.210754,21.433044,1.7777100000000026,2020-01-07 18:00:00,2020-01-08 05:00:00,23.210754,21.331787,11.0,11.0,0.1708151818181821,0,0,Not hot day,20.629250833333334,90.30137254166668,3.7234138137499997,1009.1788841666666,1.67512897322,0.5,0.5,1,coastal,19.5728,170988,873744.5671999999,873599.0,Bondi Beach - North Bondi,23849,9692.7,2.5,"ABS Regional Population 2019-20, SA2 proxy",1,1
2020-01-08,Bondi,22.185944,21.232239,0.9537049999999994,2020-01-08 18:00:00,2020-01-09 04:00:00,21.714478,20.91336,10.0,11.0,0.08011179999999989,0,0,Not hot day,19.598347999999998,88.28533816666668,6.695218995833334,1009.992475,5.271911533060001,0.5,0.5,1,coastal,19.5728,170988,873744.5671999999,873599.0,Bondi Beach - North Bondi,23849,9692.7,2.5,"ABS Regional Population 2019-20, SA2 proxy",1,1
2020-01-09,Bondi,22.421783,20.91336,1.5084230000000005,2020-01-09 18:00:00,2020-01-10 04:00:00,22.034088,21.911407,10.0,11.0,0.012268100000000004,0,0,Not hot day,19.308209625,86.63013658333334,5.2120280375000005,1011.8634508333333,0.8521080021,0.5,0.5,1,coastal,19.5728,170988,873744.5671999999,873599.0,Bondi Beach - North Bondi,23849,9692.7,2.5,"ABS Regional Population 2019-20, SA2 proxy",1,1
2020-01-10,Bondi,25.3013,21.911407,3.3898930000000007,2020-01-10 18:00:00,2020-01-11 05:00:00,24.539337,20.716461,11.0,11.0,0.3475341818181819,1,1,High risk,20.887439833333335,85.87600804166668,5.10145697125,1004.8001375,0.01096725466,0.5,0.5,1,coastal,19.5728,170988,873744.5671999999,873599.0,Bondi Beach - North Bondi,23849,9692.7,2.5,"ABS Regional Population 2019-20, SA2 proxy",1,1
2020-01-11,Bondi,25.162384,19.751556,5.410827999999999,2020-01-11 18:00:00,2020-01-12 02:00:00,20.73935,19.416779,8.0,11.0,0.16532137500000044,1,1,Extreme risk,16.5843150625,76.036850375,7.999488679166666,1006.5467979166666,1.64651871076,0.5,0.5,1,coastal,19.5728,170988,873744.5671999999,873599.0,Bondi Beach - North Bondi,23849,9692.7,2.5,"ABS Regional Population 2019-20, SA2 proxy",1,1
2020-01-12,Bondi,20.473053,19.416779,1.056274000000002,2020-01-12 18:00:00,2020-01-13 05:00:00,20.13034,19.559235,11.0,11.0,0.0519186363636363,0,0,Not hot day,15.068210583333332,73.65994470833333,5.749382037499999,1013.31697625,1.7657279821,0.5,0.5,1,coastal,19.5728,170988,873744.5671999999,873599.0,Bondi Beach - North Bondi,23849,9692.7,2.5,"ABS Regional Population 2019-20, SA2 proxy",1,1
2020-01-13,Bondi,22.421478,19.559235,2.8622429999999994,2020-01-13 18:00:00,2020-01-14 05:00:00,22.303253,20.493439,11.0,11.0,0.16452854545454573,0,0,Not hot day,15.750750229166668,71.65092825,4.229079954166667,1013.8348875,1.11675262726,0.5,0.5,1,coastal,19.5728,170988,873744.5671999999,873599.0,Bondi Beach - North Bondi,23849,9692.7,2.5,"ABS Regional Population 2019-20, SA2 proxy",1,1
2020-01-14,Bondi,22.779297,20.421478,2.357818999999999,2020-01-14 18:00:00,2020-01-15 05:00:00,22.419464,20.697968,11.0,11.0,0.15649963636363654,0,0,Not hot day,18.391428583333333,81.41568604166666,3.1580944691666666,1012.0445891666667,0.8201599079999999,0.5,0.5,1,coastal,19.5728,170988,873744.5671999999,873599.0,Bondi Beach - North Bondi,23849,9692.7,2.5,"ABS Regional Population 2019-20, SA2 proxy",1,1
2020-01-15,Bondi,23.146515,20.468475,2.6780399999999993,2020-01-15 18:00:00,2020-01-16 05:00:00,22.69168,22.003998,11.0,11.0,0.06251654545454567,0,0,Not hot day,19.114392625,83.75783733333334,3.2564002529166665,1007.5801858333333,0.03385543822,0.5,0.5,1,coastal,19.5728,170988,873744.5671999999,873599.0,Bondi Beach - North Bondi,23849,9692.7,2.5,"ABS Regional Population 2019-20, SA2 proxy",1,1
2020-01-16,Bondi,23.25241,21.55426,1.6981500000000018,2020-01-16 18:00:00,2020-01-17 05:00:00,22.799683,21.207092,11.0,11.0,0.14478100000000022,0,0,Not hot day,20.319918416666667,88.27583191666668,2.7879486141666665,1002.3762849999999,7.638454402,0.5,0.5,1,coastal,19.5728,170988,873744.5671999999,873599.0,Bondi Beach - North Bondi,23849,9692.7,2.5,"ABS Regional Population 2019-20, SA2 proxy",1,1
2020-01-17,Bondi,21.932922,20.783295,1.1496270000000024,2020-01-17 18:00:00,2020-01-18 05:00:00,21.878662,20.872131,11.0,11.0,0.09150281818181809,0,0,Not hot day,19.404958125,88.14290254166667,7.1867381375,1003.9207666666666,11.413574178,0.5,0.5,1,coastal,19.5728,170988,873744.5671999999,873599.0,Bondi Beach - North Bondi,23849,9692.7,2.5,"ABS Regional Population 2019-20, SA2 proxy",1,1
2020-01-18,Bondi,22.049896,20.862701,1.1871949999999991,2020-01-18 18:00:00,2020-01-19 05:00:00,21.786224,20.94162,11.0,11.0,0.07678218181818185,0,0,Not hot day,18.732006000000002,84.907215,7.540413958333333,1004.2355783333334,7.09342959,0.5,0.5,1,coastal,19.5728,170988,873744.5671999999,873599.0,Bondi Beach - North Bondi,23849,9692.7,2.5,"ABS Regional Population 2019-20, SA2 proxy",1,1
2020-01-19,Bondi,22.733795,20.926422,1.807373000000002,2020-01-19 18:00:00,2020-01-20 05:00:00,22.245636,21.823212,11.0,11.0,0.03840218181818177,0,0,Not hot day,19.421649916666667,87.29677837499999,3.797645470833333,1002.26895375,11.51084897866,0.5,0.5,1,coastal,19.5728,170988,873744.5671999999,873599.0,Bondi Beach - North Bondi,23849,9692.7,2.5,"ABS Regional Population 2019-20, SA2 proxy",1,1
2020-01-20,Bondi,24.09195,21.257477,2.834472999999999,2020-01-20 18:00:00,2020-01-21 05:00:00,23.792603,21.100006,11.0,11.0,0.2447815454545454,1,1,High risk,20.389536500000002,86.74345941666667,2.1598752241666666,997.8888391666666,12.85791414928,0.5,0.5,1,coastal,19.5728,170988,873744.5671999999,873599.0,Bondi Beach - North Bondi,23849,9692.7,2.5,"ABS Regional Population 2019-20, SA2 proxy",1,1
2020-01-21,Bondi,25.477325,21.086914,4.390411,2020-01-21 18:00:00,2020-01-22 05:00:00,23.668945,22.268219,11.0,11.0,0.1273387272727275,1,1,Extreme risk,17.70832175,72.71664316666667,3.7315531985,1001.9206066666667,0.0,0.5,0.5,1,coastal,19.5728,170988,873744.5671999999,873599.0,Bondi Beach - North Bondi,23849,9692.7,2.5,"ABS Regional Population 2019-20, SA2 proxy",1,1
2020-01-22,Bondi,25.450592,22.05191,3.398682000000001,2020-01-22 18:00:00,2020-01-23 05:00:00,24.956085,23.414703,11.0,11.0,0.14012563636363656,1,1,Extreme risk,20.80869291666667,83.30943012499999,3.785404692083333,1004.0363166666666,0.0,0.5,0.5,1,coastal,19.5728,170988,873744.5671999999,873599.0,Bondi Beach - North Bondi,23849,9692.7,2.5,"ABS Regional Population 2019-20, SA2 proxy",1,1
2020-01-23,Bondi,31.207367,23.414703,7.792664000000002,2020-01-23 18:00:00,2020-01-24 05:00:00,29.863922,24.324493,11.0,11.0,0.5035844545454544,1,0,Moderate risk,19.076455541666665,60.65788020833333,6.137613629166666,997.0910479166668,0.1149177587,0.5,0.5,1,coastal,19.5728,170988,873744.5671999999,873599.0,Bondi Beach - North Bondi,23849,9692.7,2.5,"ABS Regional Population 2019-20, SA2 proxy",1,1
2020-01-24,Bondi,28.649994,23.083252,5.566741999999998,2020-01-24 18:00:00,2020-01-25 05:00:00,24.15451,23.45047,11.0,11.0,0.06400363636363628,1,1,Extreme risk,20.021458916666667,76.75054904166667,5.014214479166667,1004.0411170833332,0.9932517947,0.5,0.5,1,coastal,19.5728,170988,873744.5671999999,873599.0,Bondi Beach - North Bondi,23849,9692.7,2.5,"ABS Regional Population 2019-20, SA2 proxy",1,1
2020-01-25,Bondi,25.07846,23.131226,1.9472339999999981,2020-01-25 18:00:00,2020-01-26 05:00:00,24.640167,24.113373,11.0,11.0,0.047890363636363856,1,1,Extreme risk,21.452241333333333,84.68215170833334,4.071294858333333,1008.4850725,1.0328292838,0.5,0.5,1,coastal,19.5728,170988,873744.5671999999,873599.0,Bondi Beach - North Bondi,23849,9692.7,2.5,"ABS Regional Population 2019-20, SA2 proxy",1,1
2020-01-26,Bondi,27.341644,24.035004,3.306639999999998,2020-01-26 18:00:00,2020-01-27 05:00:00,26.526642,23.176453,11.0,11.0,0.3045626363636364,1,1,High risk,23.274785249999997,87.39506462499999,3.2569616783333335,1006.0219220833333,2.62212749846,0.5,0.5,1,coastal,19.5728,170988,873744.5671999999,873599.0,Bondi Beach - North Bondi,23849,9692.7,2.5,"ABS Regional Population 2019-20, SA2 proxy",1,1
2020-01-27,Bondi,25.169495,22.96756,2.2019350000000024,2020-01-27 18:00:00,2020-01-28 05:00:00,24.484161,23.870758,11.0,11.0,0.055763909090909246,1,1,Extreme risk,21.832183833333332,87.31512758333334,5.3593093125,1008.1384079166668,0.45156478812,0.5,0.5,1,coastal,19.5728,170988,873744.5671999999,873599.0,Bondi Beach - North Bondi,23849,9692.7,2.5,"ABS Regional Population 2019-20, SA2 proxy",1,1
2020-01-28,Bondi,25.191132,23.717773,1.4733589999999985,2020-01-28 18:00:00,2020-01-29 05:00:00,24.228119,23.251068,11.0,11.0,0.08882281818181813,1,1,Extreme risk,22.457602166666664,89.09270591666666,3.6111891158333336,1007.0148545833334,0.86975098218,0.5,0.5,1,coastal,19.5728,170988,873744.5671999999,873599.0,Bondi Beach - North Bondi,23849,9692.7,2.5,"ABS Regional Population 2019-20, SA2 proxy",1,1
2020-01-29,Bondi,24.078766,22.898346,1.1804200000000016,2020-01-29 18:00:00,2020-01-30 05:00:00,23.670685,21.859344,11.0,11.0,0.16466736363636353,1,1,Extreme risk,20.278675166666666,82.49632954166667,5.848029391666667,1011.0042404166667,0.4577636697,0.5,0.5,1,coastal,19.5728,170988,873744.5671999999,873599.0,Bondi Beach - North Bondi,23849,9692.7,2.5,"ABS Regional Population 2019-20, SA2 proxy",1,1
2020-01-30,Bondi,24.558868,21.628693,2.930175000000002,2020-01-30 18:00:00,2020-01-31 04:00:00,24.227509,23.69632,10.0,11.0,0.05311890000000012,1,1,Extreme risk,19.758538625,80.83871833333333,3.4857000954166666,1011.1513120833333,0.01764297478,0.5,0.5,1,coastal,19.5728,170988,873744.5671999999,873599.0,Bondi Beach - North Bondi,23849,9692.7,2.5,"ABS Regional Population 2019-20, SA2 proxy",1,1
2020-01-31,Bondi,26.29538,23.569275,2.7261050000000004,2020-01-31 18:00:00,2020-02-01 05:00:00,25.951508,24.23941,11.0,11.0,0.15564527272727283,1,1,Extreme risk,22.731291499999998,87.97789520833334,5.333433745833333,1008.5965150000001,0.0157356261,0.5,0.5,1,coastal,19.5728,170988,873744.5671999999,873599.0,Bondi Beach - North Bondi,23849,9692.7,2.5,"ABS Regional Population 2019-20, SA2 proxy",1,1
2020-02-01,Bondi,28.783234,24.025848,4.757386,2020-02-01 18:00:00,2020-02-01 23:00:00,27.410492,26.739807,5.0,11.0,0.13413700000000048,1,1,Extreme risk,22.746147166666663,80.81195570833333,6.575913533333334,1004.0730970833333,0.0,0.5,0.5,1,coastal,19.5728,170988,873744.5671999999,873599.0,Bondi Beach - North Bondi,23849,9692.7,2.5,"ABS Regional Population 2019-20, SA2 proxy",2,1
2020-02-02,Bondi,27.304138,23.269135,4.035003,2020-02-02 18:00:00,2020-02-03 05:00:00,23.585968,23.107391,11.0,11.0,0.04350700000000012,1,1,Extreme risk,22.004116041666666,84.6552175,5.866487958333334,1001.7173941666666,6.78491586896,0.5,0.5,1,coastal,19.5728,170988,873744.5671999999,873599.0,Bondi Beach - North Bondi,23849,9692.7,2.5,"ABS Regional Population 2019-20, SA2 proxy",2,1
2020-02-03,Bondi,26.17215,19.916443,6.2557069999999975,2020-02-03 18:00:00,2020-02-04 05:00:00,22.292511,19.13028,11.0,11.0,0.2874755454545456,1,1,High risk,20.271648333333335,83.72152370833334,4.9759812125,1002.3257291666667,6.2146186172,0.5,0.5,1,coastal,19.5728,170988,873744.5671999999,873599.0,Bondi Beach - North Bondi,23849,9692.7,2.5,"ABS Regional Population 2019-20, SA2 proxy",2,1
2020-02-04,Bondi,21.153717,19.13028,2.0234370000000013,2020-02-04 18:00:00,2020-02-05 05:00:00,20.987152,20.44638,11.0,11.0,0.04916109090909063,0,0,Not hot day,12.513757020833333,60.70578579166667,7.134722129166668,1014.79837125,0.8707046506,0.5,0.5,1,coastal,19.5728,170988,873744.5671999999,873599.0,Bondi Beach - North Bondi,23849,9692.7,2.5,"ABS Regional Population 2019-20, SA2 proxy",2,1
2020-02-05,Bondi,23.430084,20.383423,3.0466610000000003,2020-02-05 18:00:00,2020-02-06 05:00:00,23.196106,21.985626,11.0,11.0,0.1100436363636364,0,0,Not hot day,14.545389854166666,63.220595083333336,4.706373516666667,1015.17769,0.5517005917,0.5,0.5,1,coastal,19.5728,170988,873744.5671999999,873599.0,Bondi Beach - North Bondi,23849,9692.7,2.5,"ABS Regional Population 2019-20, SA2 proxy",2,1
2020-02-06,Bondi,23.172455,21.93863,1.2338249999999995,2020-02-06 18:00:00,2020-02-07 02:00:00,22.222626,21.11142,8.0,11.0,0.13890075000000035,0,0,Not hot day,17.928281208333335,75.92581366666667,5.4750126625,1016.392585,3.8714408959999997,0.5,0.5,1,coastal,19.5728,170988,873744.5671999999,873599.0,Bondi Beach - North Bondi,23849,9692.7,2.5,"ABS Regional Population 2019-20, SA2 proxy",2,1
2020-02-07,Bondi,22.249481,21.01883,1.2306509999999982,2020-02-07 18:00:00,2020-02-08 03:00:00,21.297821,21.21344,9.0,11.0,0.00937566666666672,0,0,Not hot day,18.928810125000002,85.11155545833334,7.844602708333333,1015.3751104166666,34.95931602,0.5,0.5,1,coastal,19.5728,170988,873744.5671999999,873599.0,Bondi Beach - North Bondi,23849,9692.7,2.5,"ABS Regional Population 2019-20, SA2 proxy",2,1
2020-02-08,Bondi,22.668,21.21344,1.4545600000000007,2020-02-08 18:00:00,2020-02-09 05:00:00,22.485046,22.032196,11.0,11.0,0.04116818181818196,0,0,Not hot day,19.267275541666667,83.969016125,8.9282476,1013.5214745833333,47.57356669,0.5,0.5,1,coastal,19.5728,170988,873744.5671999999,873599.0,Bondi Beach - North Bondi,23849,9692.7,2.5,"ABS Regional Population 2019-20, SA2 proxy",2,1
2020-02-09,Bondi,22.96048,21.342651,1.6178290000000004,2020-02-09 18:00:00,2020-02-10 04:00:00,22.681793,22.239288,10.0,11.0,0.04425050000000006,0,0,Not hot day,19.835245833333335,86.305099375,14.054092166666665,1007.8955066666667,122.9114528,0.5,0.5,1,coastal,19.5728,170988,873744.5671999999,873599.0,Bondi Beach - North Bondi,23849,9692.7,2.5,"ABS Regional Population 2019-20, SA2 proxy",2,1
2020-02-10,Bondi,24.083893,22.239288,1.8446050000000014,2020-02-10 18:00:00,2020-02-11 05:00:00,23.876495,22.734772,11.0,11.0,0.1037929999999999,1,1,Extreme risk,21.19489545833333,88.30370754166667,6.231863691666667,1003.76155625,21.57402027532,0.5,0.5,1,coastal,19.5728,170988,873744.5671999999,873599.0,Bondi Beach - North Bondi,23849,9692.7,2.5,"ABS Regional Population 2019-20, SA2 proxy",2,1
2020-02-11,Bondi,25.211823,22.606964,2.6048589999999976,2020-02-11 18:00:00,2020-02-12 05:00:00,24.64328,22.871277,11.0,11.0,0.16109118181818197,1,1,Extreme risk,21.328283833333334,86.12300954166666,4.7671314208333335,1003.4902233333333,3.1318663874,0.5,0.5,1,coastal,19.5728,170988,873744.5671999999,873599.0,Bondi Beach - North Bondi,23849,9692.7,2.5,"ABS Regional Population 2019-20, SA2 proxy",2,1
2020-02-12,Bondi,23.750488,22.562408,1.1880799999999994,2020-02-12 18:00:00,2020-02-13 04:00:00,22.91684,22.699738,10.0,11.0,0.021710200000000058,0,0,Not hot day,21.7640445,92.04453416666666,3.3269514375,1004.95721625,4.98437884,0.5,0.5,1,coastal,19.5728,170988,873744.5671999999,873599.0,Bondi Beach - North Bondi,23849,9692.7,2.5,"ABS Regional Population 2019-20, SA2 proxy",2,1
2020-02-13,Bondi,23.883759,22.699738,1.1840210000000013,2020-02-13 18:00:00,2020-02-14 04:00:00,23.385712,21.612335,10.0,11.0,0.1773377,1,1,Extreme risk,21.178772041666665,88.45057816666667,4.2163329625,1006.3680675,7.5650215192,0.5,0.5,1,coastal,19.5728,170988,873744.5671999999,873599.0,Bondi Beach - North Bondi,23849,9692.7,2.5,"ABS Regional Population 2019-20, SA2 proxy",2,1
2020-02-14,Bondi,22.988007,21.483398,1.5046089999999985,2020-02-14 18:00:00,2020-02-15 05:00:00,22.567719,20.579498,11.0,11.0,0.18074736363636357,0,0,Not hot day,18.47718675,79.11913916666667,5.0515321166666665,1003.6241008333333,1.05094910076,0.5,0.5,1,coastal,19.5728,170988,873744.5671999999,873599.0,Bondi Beach - North Bondi,23849,9692.7,2.5,"ABS Regional Population 2019-20, SA2 proxy",2,1
2020-02-15,Bondi,22.924713,19.944183,2.9805300000000017,2020-02-15 18:00:00,2020-02-16 05:00:00,22.924713,21.664032,11.0,11.0,0.1146073636363638,0,0,Not hot day,18.422728250000002,81.27581008333333,2.7879666875000004,1001.8237049999999,0.32567977918,0.5,0.5,1,coastal,19.5728,170988,873744.5671999999,873599.0,Bondi Beach - North Bondi,23849,9692.7,2.5,"ABS Regional Population 2019-20, SA2 proxy",2,1
2020-02-16,Bondi,22.758087,21.580414,1.1776729999999986,2020-02-16 18:00:00,2020-02-17 05:00:00,22.218231,21.638885,11.0,11.0,0.052667818181818274,0,0,Not hot day,19.075884541666667,82.74795308333333,4.2126589125,1008.7692941666666,1.3155937023,0.5,0.5,1,coastal,19.5728,170988,873744.5671999999,873599.0,Bondi Beach - North Bondi,23849,9692.7,2.5,"ABS Regional Population 2019-20, SA2 proxy",2,1
2020-02-17,Bondi,22.922333,21.638885,1.283448,2020-02-17 18:00:00,2020-02-18 05:00:00,22.72226,21.519073,11.0,11.0,0.10938063636363635,0,0,Not hot day,19.953763249999998,87.02683283333333,1.7814649095833335,1008.7534099999999,2.08568573306,0.5,0.5,1,coastal,19.5728,170988,873744.5671999999,873599.0,Bondi Beach - North Bondi,23849,9692.7,2.5,"ABS Regional Population 2019-20, SA2 proxy",2,1
2020-02-18,Bondi,25.481598,21.050476,4.431122000000002,2020-02-18 18:00:00,2020-02-19 05:00:00,24.554474,23.07608,11.0,11.0,0.13439945454545435,1,1,Extreme risk,21.311263999999998,88.53457370833333,4.025581187499999,1002.4015516666667,0.78821182598,0.5,0.5,1,coastal,19.5728,170988,873744.5671999999,873599.0,Bondi Beach - North Bondi,23849,9692.7,2.5,"ABS Regional Population 2019-20, SA2 proxy",2,1
2020-02-19,Bondi,25.039215,21.877045,3.1621699999999997,2020-02-19 18:00:00,2020-02-20 05:00:00,25.039215,18.370209,11.0,11.0,0.6062732727272727,1,0,Moderate risk,14.836199458333333,58.44055129166667,4.6419790375,998.6096012500001,0.0009536743,0.5,0.5,1,coastal,19.5728,170988,873744.5671999999,873599.0,Bondi Beach - North Bondi,23849,9692.7,2.5,"ABS Regional Population 2019-20, SA2 proxy",2,1
2020-02-20,Bondi,21.453278,18.370209,3.083069000000002,2020-02-20 18:00:00,2020-02-21 05:00:00,20.567352,20.48764,11.0,11.0,0.007246545454545516,0,0,Not hot day,14.678329354166666,71.29199620833333,5.274317575,1005.8148158333333,1.698017129,0.5,0.5,1,coastal,19.5728,170988,873744.5671999999,873599.0,Bondi Beach - North Bondi,23849,9692.7,2.5,"ABS Regional Population 2019-20, SA2 proxy",2,1
2020-02-21,Bondi,21.687958,20.05606,1.6318979999999996,2020-02-21 18:00:00,2020-02-22 05:00:00,21.687958,19.991547,11.0,11.0,0.15421918181818162,0,0,Not hot day,15.676715833333333,72.22509158333334,3.13106445,1011.57137625,1.9793510506,0.5,0.5,1,coastal,19.5728,170988,873744.5671999999,873599.0,Bondi Beach - North Bondi,23849,9692.7,2.5,"ABS Regional Population 2019-20, SA2 proxy",2,1
2020-02-22,Bondi,21.553223,19.92508,1.628142999999998,2020-02-22 18:00:00,2020-02-23 03:00:00,21.231781,20.915894,9.0,11.0,0.035098555555555556,0,0,Not hot day,17.040720625000002,79.26379729166666,4.0455946916666665,1017.9641495833333,5.386829417,0.5,0.5,1,coastal,19.5728,170988,873744.5671999999,873599.0,Bondi Beach - North Bondi,23849,9692.7,2.5,"ABS Regional Population 2019-20, SA2 proxy",2,1
2020-02-23,Bondi,22.994476,20.834717,2.1597589999999975,2020-02-23 18:00:00,2020-02-24 05:00:00,22.83612,21.619904,11.0,11.0,0.11056509090909117,0,0,Not hot day,17.064539625,73.658001,3.8135153583333334,1018.6027304166668,3.515720342,0.5,0.5,1,coastal,19.5728,170988,873744.5671999999,873599.0,Bondi Beach - North Bondi,23849,9692.7,2.5,"ABS Regional Population 2019-20, SA2 proxy",2,1
2020-02-24,Bondi,23.906189,21.05539,2.850799000000002,2020-02-24 18:00:00,2020-02-25 05:00:00,23.53125,22.175842,11.0,11.0,0.12321890909090914,1,1,Extreme risk,18.169753958333335,75.26200204166666,3.6562813333333337,1015.3166200000001,0.06771087798,0.5,0.5,1,coastal,19.5728,170988,873744.5671999999,873599.0,Bondi Beach - North Bondi,23849,9692.7,2.5,"ABS Regional Population 2019-20, SA2 proxy",2,1
2020-02-25,Bondi,24.537811,22.079376,2.4584350000000015,2020-02-25 18:00:00,2020-02-26 05:00:00,24.158905,22.848053,11.0,11.0,0.11916836363636368,1,1,Extreme risk,19.806188041666665,80.543172125,4.375502475,1010.1002841666667,0.0,0.5,0.5,1,coastal,19.5728,170988,873744.5671999999,873599.0,Bondi Beach - North Bondi,23849,9692.7,2.5,"ABS Regional Population 2019-20, SA2 proxy",2,1
2020-02-26,Bondi,27.68863,20.575134,7.113496000000001,2020-02-26 18:00:00,2020-02-27 05:00:00,26.456573,19.894379,11.0,11.0,0.5965630909090908,1,0,Moderate risk,19.54355754166667,74.85762825,5.5410872541666665,1001.77228625,0.3671646079,0.5,0.5,1,coastal,19.5728,170988,873744.5671999999,873599.0,Bondi Beach - North Bondi,23849,9692.7,2.5,"ABS Regional Population 2019-20, SA2 proxy",2,1
2020-02-27,Bondi,23.059967,19.858185,3.2017820000000015,2020-02-27 18:00:00,2020-02-28 05:00:00,22.552155,20.698364,11.0,11.0,0.1685264545454543,0,0,Not hot day,15.762522312499998,70.70146645833333,5.2741416625,1004.8451804166666,0.45633316242,0.5,0.5,1,coastal,19.5728,170988,873744.5671999999,873599.0,Bondi Beach - North Bondi,23849,9692.7,2.5,"ABS Regional Population 2019-20, SA2 proxy",2,1
2020-02-28,Bondi,22.238892,19.487946,2.750945999999999,2020-02-28 18:00:00,2020-02-29 05:00:00,21.57251,20.918762,11.0,11.0,0.05943163636363638,0,0,Not hot day,15.594161958333332,70.18985991666666,5.1139625625,1006.7074858333334,0.24986267386,0.5,0.5,1,coastal,19.5728,170988,873744.5671999999,873599.0,Bondi Beach - North Bondi,23849,9692.7,2.5,"ABS Regional Population 2019-20, SA2 proxy",2,1
2020-02-29,Bondi,23.024902,20.84729,2.177612,2020-02-29 18:00:00,2020-03-01 05:00:00,22.644867,21.425934,11.0,11.0,0.11081209090909089,0,0,Not hot day,16.55453625,71.00324504166666,3.557886620833333,1011.0375320833333,0.6284713775,0.5,0.5,1,coastal,19.5728,170988,873744.5671999999,873599.0,Bondi Beach - North Bondi,23849,9692.7,2.5,"ABS Regional Population 2019-20, SA2 proxy",2,1
2020-03-01,Bondi,24.672943,20.854095,3.818847999999999,2020-03-01 18:00:00,2020-03-02 05:00:00,24.113312,21.887604,11.0,11.0,0.202337090909091,1,1,Extreme risk,20.22467425,84.41637333333334,4.721534195833333,1007.03125125,0.00286102292,0.5,0.5,1,coastal,19.5728,170988,873744.5671999999,873599.0,Bondi Beach - North Bondi,23849,9692.7,2.5,"ABS Regional Population 2019-20, SA2 proxy",3,0
2020-03-02,Bondi,28.875519,21.042572,7.832947000000001,2020-03-02 18:00:00,2020-03-03 05:00:00,21.361053,20.57132,11.0,11.0,0.07179390909090894,1,1,Extreme risk,18.338792208333334,73.6804755,5.579149195833334,1005.2730750000001,0.01811981206,0.5,0.5,1,coastal,19.5728,170988,873744.5671999999,873599.0,Bondi Beach - North Bondi,23849,9692.7,2.5,"ABS Regional Population 2019-20, SA2 proxy",3,0
2020-03-03,Bondi,21.426056,20.57132,0.854735999999999,2020-03-03 18:00:00,2020-03-03 19:00:00,20.808197,20.748444,1.0,11.0,0.05975300000000061,0,0,Not hot day,16.898731125,78.00657079166666,5.264350341666667,1014.2489383333333,7.7848434266,0.5,0.5,1,coastal,19.5728,170988,873744.5671999999,873599.0,Bondi Beach - North Bondi,23849,9692.7,2.5,"ABS Regional Population 2019-20, SA2 proxy",3,0
2020-03-04,Bondi,23.38562,20.901642,2.4839780000000005,2020-03-04 18:00:00,2020-03-04 18:00:00,22.93869,22.93869,0.0,11.0,0.0,0,0,Not hot day,19.184940416666667,83.2604625,5.7243322375000005,1013.2216395833334,19.466400099,0.5,0.5,1,coastal,19.5728,170988,873744.5671999999,873599.0,Bondi Beach - North Bondi,23849,9692.7,2.5,"ABS Regional Population 2019-20, SA2 proxy",3,0
2020-03-05,Bondi,23.342255,22.407501,0.9347540000000016,2020-03-05 18:00:00,2020-03-06 05:00:00,22.75589,21.842346,11.0,11.0,0.0830494545454547,0,0,Not hot day,20.596559083333332,86.94084404166667,8.265582766666666,1005.3487545833333,26.3199805373,0.5,0.5,1,coastal,19.5728,170988,873744.5671999999,873599.0,Bondi Beach - North Bondi,23849,9692.7,2.5,"ABS Regional Population 2019-20, SA2 proxy",3,0
2020-03-06,Bondi,23.86441,21.081268,2.783141999999998,2020-03-06 18:00:00,2020-03-07 05:00:00,21.645111,20.38388,11.0,11.0,0.11465736363636352,1,1,Extreme risk,19.895268791666666,87.16423670833335,5.505896445833333,1004.1157083333334,1.2664794898,0.5,0.5,1,coastal,19.5728,170988,873744.5671999999,873599.0,Bondi Beach - North Bondi,23849,9692.7,2.5,"ABS Regional Population 2019-20, SA2 proxy",3,0
2020-03-07,Bondi,20.905823,19.510345,1.3954780000000007,2020-03-07 18:00:00,2020-03-08 05:00:00,20.286469,18.653778,11.0,11.0,0.14842645454545467,0,0,Not hot day,16.888050166666666,80.96115129166667,7.319002866666666,1013.8345216666667,4.2896270649999995,0.5,0.5,1,coastal,19.5728,170988,873744.5671999999,873599.0,Bondi Beach - North Bondi,23849,9692.7,2.5,"ABS Regional Population 2019-20, SA2 proxy",3,0
2020-03-08,Bondi,19.964203,18.584839,1.3793640000000025,2020-03-08 18:00:00,2020-03-09 05:00:00,19.964203,18.269562,11.0,11.0,0.1540582727272728,0,0,Not hot day,15.807129020833335,79.92910266666667,4.439527754166667,1015.33529125,6.3576698349,0.5,0.5,1,coastal,19.5728,170988,873744.5671999999,873599.0,Bondi Beach - North Bondi,23849,9692.7,2.5,"ABS Regional Population 2019-20, SA2 proxy",3,0
2020-03-09,Bondi,19.861359,18.195465,1.6658940000000015,2020-03-09 18:00:00,2020-03-10 05:00:00,19.706207,18.484528,11.0,11.0,0.1110617272727271,0,0,Not hot day,15.420455979166666,79.707001375,4.521682079166667,1015.9170537499999,7.246971139,0.5,0.5,1,coastal,19.5728,170988,873744.5671999999,873599.0,Bondi Beach - North Bondi,23849,9692.7,2.5,"ABS Regional Population 2019-20, SA2 proxy",3,0
2020-03-10,Bondi,21.480988,18.32309,3.1578979999999994,2020-03-10 18:00:00,2020-03-11 05:00:00,21.39804,19.363617,11.0,11.0,0.18494754545454548,0,0,Not hot day,14.225529979166666,70.49887529166666,2.931750708333333,1016.36563375,2.43616101956,0.5,0.5,1,coastal,19.5728,170988,873744.5671999999,873599.0,Bondi Beach - North Bondi,23849,9692.7,2.5,"ABS Regional Population 2019-20, SA2 proxy",3,0
2020-03-11,Bondi,21.84903,19.114532,2.7344979999999985,2020-03-11 18:00:00,2020-03-12 05:00:00,21.510223,19.282806,11.0,11.0,0.20249245454545448,0,0,Not hot day,14.6373635,68.35473595833334,2.9206548333333333,1018.0126745833333,0.5550384511,0.5,0.5,1,coastal,19.5728,170988,873744.5671999999,873599.0,Bondi Beach - North Bondi,23849,9692.7,2.5,"ABS Regional Population 2019-20, SA2 proxy",3,0
2020-03-12,Bondi,21.973145,18.544464,3.4286809999999974,2020-03-12 18:00:00,2020-03-13 05:00:00,21.873077,19.835419,11.0,11.0,0.18524163636363608,0,0,Not hot day,15.385673541666668,71.967206625,3.3830823958333336,1019.0660895833333,2.952575693,0.5,0.5,1,coastal,19.5728,170988,873744.5671999999,873599.0,Bondi Beach - North Bondi,23849,9692.7,2.5,"ABS Regional Population 2019-20, SA2 proxy",3,0
2020-03-13,Bondi,22.050568,18.935333,3.1152349999999984,2020-03-13 18:00:00,2020-03-14 04:00:00,21.526764,19.675323,10.0,11.0,0.18514410000000012,0,0,Not hot day,14.813081104166665,69.15247704166667,3.8339133616666667,1013.65922625,0.0,0.5,0.5,1,coastal,19.5728,170988,873744.5671999999,873599.0,Bondi Beach - North Bondi,23849,9692.7,2.5,"ABS Regional Population 2019-20, SA2 proxy",3,0
2020-03-14,Bondi,20.499176,16.820862,3.6783139999999968,2020-03-14 18:00:00,2020-03-14 18:00:00,17.690582,17.690582,0.0,11.0,0.0,0,0,Not hot day,15.064881708333333,79.99550933333333,8.529882720833333,1011.6155720833334,7.7881813966,0.5,0.5,1,coastal,19.5728,170988,873744.5671999999,873599.0,Bondi Beach - North Bondi,23849,9692.7,2.5,"ABS Regional Population 2019-20, SA2 proxy",3,0
2020-03-15,Bondi,19.492767,17.877716,1.6150510000000011,2020-03-15 18:00:00,2020-03-16 05:00:00,19.492767,18.302887,11.0,11.0,0.1081709090909093,0,0,Not hot day,13.119752208333333,70.32348466666666,8.350654170833334,1016.7065066666668,3.1247139016,0.5,0.5,1,coastal,19.5728,170988,873744.5671999999,873599.0,Bondi Beach - North Bondi,23849,9692.7,2.5,"ABS Regional Population 2019-20, SA2 proxy",3,0
2020-03-16,Bondi,20.257172,18.302887,1.9542850000000023,2020-03-16 18:00:00,2020-03-17 05:00:00,20.257172,18.380157,11.0,11.0,0.17063772727272727,0,0,Not hot day,15.621753624999998,80.65499504166667,6.9421447125,1019.8101575000001,6.267070795,0.5,0.5,1,coastal,19.5728,170988,873744.5671999999,873599.0,Bondi Beach - North Bondi,23849,9692.7,2.5,"ABS Regional Population 2019-20, SA2 proxy",3,0
2020-03-17,Bondi,20.727356,18.380157,2.347199,2020-03-17 18:00:00,2020-03-18 05:00:00,20.613281,18.715637,11.0,11.0,0.17251309090909087,0,0,Not hot day,14.352184208333334,72.21169554166666,3.14164665,1021.8701312500001,1.846313478,0.5,0.5,1,coastal,19.5728,170988,873744.5671999999,873599.0,Bondi Beach - North Bondi,23849,9692.7,2.5,"ABS Regional Population 2019-20, SA2 proxy",3,0
2020-03-18,Bondi,21.704803,17.159637,4.545165999999998,2020-03-18 18:00:00,2020-03-19 05:00:00,21.635834,19.159882,11.0,11.0,0.2250865454545454,0,0,Not hot day,15.556184125,76.14963545833334,3.2437518375,1019.6352254166667,0.00333786012,0.5,0.5,1,coastal,19.5728,170988,873744.5671999999,873599.0,Bondi Beach - North Bondi,23849,9692.7,2.5,"ABS Regional Population 2019-20, SA2 proxy",3,0
2020-03-19,Bondi,24.730133,18.479828,6.250304999999997,2020-03-19 18:00:00,2020-03-20 05:00:00,24.104218,21.73053,11.0,11.0,0.21578981818181797,1,1,High risk,17.577237416666666,77.04676825,3.420416829166667,1015.5973729166667,0.0,0.5,0.5,1,coastal,19.5728,170988,873744.5671999999,873599.0,Bondi Beach - North Bondi,23849,9692.7,2.5,"ABS Regional Population 2019-20, SA2 proxy",3,0
2020-03-20,Bondi,28.214508,20.580536,7.633972,2020-03-20 18:00:00,2020-03-21 05:00:00,28.214508,20.501373,11.0,11.0,0.7011940909090907,1,0,Low risk,17.858604333333336,67.87790145833334,4.7063333125,1009.2652395833334,0.0,0.5,0.5,1,coastal,19.5728,170988,873744.5671999999,873599.0,Bondi Beach - North Bondi,23849,9692.7,2.5,"ABS Regional Population 2019-20, SA2 proxy",3,0
2020-03-21,Bondi,21.403961,20.04425,1.3597109999999972,2020-03-21 18:00:00,2020-03-22 05:00:00,20.71579,20.159454,11.0,11.0,0.050575999999999836,0,0,Not hot day,17.15628575,79.26258391666666,4.357559029166667,1014.1703179166667,2.1781921496,0.5,0.5,1,coastal,19.5728,170988,873744.5671999999,873599.0,Bondi Beach - North Bondi,23849,9692.7,2.5,"ABS Regional Population 2019-20, SA2 proxy",3,0
2020-03-22,Bondi,24.68576,19.78714,4.8986199999999975,2020-03-22 18:00:00,2020-03-23 05:00:00,20.958557,19.063019,11.0,11.0,0.1723216363636362,1,1,Extreme risk,17.267501854166667,77.56312816666667,4.0093356983333335,1013.87891875,0.9040832499,0.5,0.5,1,coastal,19.5728,170988,873744.5671999999,873599.0,Bondi Beach - North Bondi,23849,9692.7,2.5,"ABS Regional Population 2019-20, SA2 proxy",3,0
2020-03-23,Bondi,20.231903,18.794952,1.4369510000000005,2020-03-23 18:00:00,2020-03-24 01:00:00,19.285858,18.389374,7.0,11.0,0.128069142857143,0,0,Not hot day,15.1121293125,76.87125675,6.746301229166666,1019.4149154166666,4.135608675,0.5,0.5,1,coastal,19.5728,170988,873744.5671999999,873599.0,Bondi Beach - North Bondi,23849,9692.7,2.5,"ABS Regional Population 2019-20, SA2 proxy",3,0
2020-03-24,Bondi,21.539398,18.337524,3.201874,2020-03-24 18:00:00,2020-03-25 05:00:00,20.985321,20.116608,11.0,11.0,0.07897390909090905,0,0,Not hot day,15.377559625000002,75.58155179166667,3.8455307083333334,1018.1328308333333,2.0942687799,0.5,0.5,1,coastal,19.5728,170988,873744.5671999999,873599.0,Bondi Beach - North Bondi,23849,9692.7,2.5,"ABS Regional Population 2019-20, SA2 proxy",3,0
2020-03-25,Bondi,21.133606,19.56076,1.572846000000002,2020-03-25 18:00:00,2020-03-26 03:00:00,20.496857,18.970306,9.0,11.0,0.16961677777777753,0,0,Not hot day,17.299544041666667,82.442291125,5.063652070833333,1014.62196375,8.45193859056,0.5,0.5,1,coastal,19.5728,170988,873744.5671999999,873599.0,Bondi Beach - North Bondi,23849,9692.7,2.5,"ABS Regional Population 2019-20, SA2 proxy",3,0
2020-03-26,Bondi,21.22116,18.970306,2.2508540000000004,2020-03-26 18:00:00,2020-03-27 03:00:00,19.743103,19.107819,9.0,11.0,0.07058711111111135,0,0,Not hot day,15.297386166666668,75.74067179166667,7.569161895833333,1019.5311441666666,5.4879188543,0.5,0.5,1,coastal,19.5728,170988,873744.5671999999,873599.0,Bondi Beach - North Bondi,23849,9692.7,2.5,"ABS Regional Population 2019-20, SA2 proxy",3,0
2020-03-27,Bondi,20.195099,19.022491,1.1726080000000003,2020-03-27 18:00:00,2020-03-28 05:00:00,20.085571,19.235596,11.0,11.0,0.0772704545454546,0,0,Not hot day,13.631740479166666,68.51613466666667,4.1878904708333335,1021.0646158333334,0.822067262,0.5,0.5,1,coastal,19.5728,170988,873744.5671999999,873599.0,Bondi Beach - North Bondi,23849,9692.7,2.5,"ABS Regional Population 2019-20, SA2 proxy",3,0
2020-03-28,Bondi,21.542633,19.208649,2.3339839999999974,2020-03-28 18:00:00,2020-03-29 05:00:00,19.552856,18.91986,11.0,11.0,0.057545090909090775,0,0,Not hot day,15.167338083333334,74.36038229166667,3.2703363975,1019.0819220833333,7.1411131656,0.5,0.5,1,coastal,19.5728,170988,873744.5671999999,873599.0,Bondi Beach - North Bondi,23849,9692.7,2.5,"ABS Regional Population 2019-20, SA2 proxy",3,0
2020-03-29,Bondi,21.950043,18.91986,3.030183000000001,2020-03-29 18:00:00,2020-03-30 05:00:00,21.950043,20.53833,11.0,11.0,0.12833754545454568,0,0,Not hot day,18.24836983333333,86.64183854166667,6.067440154166667,1014.1128870833332,6.5855979952,0.5,0.5,1,coastal,19.5728,170988,873744.5671999999,873599.0,Bondi Beach - North Bondi,23849,9692.7,2.5,"ABS Regional Population 2019-20, SA2 proxy",3,0
2020-03-30,Bondi,23.320038,20.248566,3.071472,2020-03-30 18:00:00,2020-03-31 05:00:00,23.320038,20.692108,11.0,11.0,0.2389027272727272,0,0,Not hot day,18.880062125,84.02312308333333,3.354295008333333,1008.5116741666667,1.235008243,0.5,0.5,1,coastal,19.5728,170988,873744.5671999999,873599.0,Bondi Beach - North Bondi,23849,9692.7,2.5,"ABS Regional Population 2019-20, SA2 proxy",3,0
2020-03-31,Bondi,22.4003,20.188324,2.211976,2020-03-31 18:00:00,2020-04-01 05:00:00,21.635834,19.884094,11.0,11.0,0.15924909090909073,0,0,Not hot day,18.388670708333333,83.202887875,3.332889358333333,1010.9077375,0.6928443910600001,0.5,0.5,1,coastal,19.5728,170988,873744.5671999999,873599.0,Bondi Beach - North Bondi,23849,9692.7,2.5,"ABS Regional Population 2019-20, SA2 proxy",3,0
2020-04-01,Bondi,22.329163,19.884094,2.445069,2020-04-01 18:00:00,2020-04-02 05:00:00,21.915802,20.98233,11.0,11.0,0.08486109090909076,0,0,Not hot day,18.648333291666667,85.151070625,4.5116159,1013.6391983333333,2.9449462779999998,0.5,0.5,1,coastal,19.5728,170988,873744.5671999999,873599.0,Bondi Beach - North Bondi,23849,9692.7,2.5,"ABS Regional Population 2019-20, SA2 proxy",4,0
2020-04-02,Bondi,22.334106,20.557861,1.7762449999999994,2020-04-02 18:00:00,2020-04-03 05:00:00,21.709808,18.537048,11.0,11.0,0.2884327272727273,0,0,Not hot day,19.179706541666665,86.899719125,5.983905725,1008.6340866666666,7.3146820756,0.5,0.5,1,coastal,19.5728,170988,873744.5671999999,873599.0,Bondi Beach - North Bondi,23849,9692.7,2.5,"ABS Regional Population 2019-20, SA2 proxy",4,0
2020-04-03,Bondi,22.839935,18.537048,4.302887000000002,2020-04-03 18:00:00,2020-04-04 02:00:00,21.90152,20.931458,8.0,11.0,0.12125775000000028,0,0,Not hot day,18.46253075,87.51343266666667,4.485091845833334,1002.8678241666667,11.10649115632,0.5,0.5,1,coastal,19.5728,170988,873744.5671999999,873599.0,Bondi Beach - North Bondi,23849,9692.7,2.5,"ABS Regional Population 2019-20, SA2 proxy",4,0
2020-04-04,Bondi,23.46231,18.819427,4.642882999999998,2020-04-04 18:00:00,2020-04-05 05:00:00,22.268646,16.923553,11.0,11.0,0.48591754545454563,0,0,Not hot day,14.834111583333334,67.44226625,7.612305279166667,996.47270375,5.8422088776,0.5,0.5,1,coastal,19.5728,170988,873744.5671999999,873599.0,Bondi Beach - North Bondi,23849,9692.7,2.5,"ABS Regional Population 2019-20, SA2 proxy",4,0
2020-04-05,Bondi,21.99292,16.474274,5.518646,2020-04-05 18:00:00,2020-04-06 05:00:00,20.389038,17.039185,11.0,11.0,0.3045320909090909,0,0,Not hot day,9.15483532,53.510276919999995,4.7388756160000005,1007.7676732,0.0,0.5,0.5,1,coastal,19.5728,170988,873744.5671999999,873599.0,Bondi Beach - North Bondi,23849,9692.7,2.5,"ABS Regional Population 2019-20, SA2 proxy",4,0
2020-04-06,Bondi,20.593353,16.558624,4.034729000000002,2020-04-06 18:00:00,2020-04-07 03:00:00,17.808624,17.508087,9.0,11.0,0.03339299999999983,0,0,Not hot day,12.296573583333334,68.41582270833334,5.037883283333334,1012.8822541666667,1.0805129986,0.5,0.5,1,coastal,19.5728,170988,873744.5671999999,873599.0,Bondi Beach - North Bondi,23849,9692.7,2.5,"ABS Regional Population 2019-20, SA2 proxy",4,0
2020-04-07,Bondi,18.908722,17.508087,1.4006350000000012,2020-04-07 18:00:00,2020-04-08 05:00:00,18.664215,18.215424,11.0,11.0,0.04079918181818181,0,0,Not hot day,13.355949291666667,72.91980149999999,4.905019529166666,1016.3234025,2.1772384735,0.5,0.5,1,coastal,19.5728,170988,873744.5671999999,873599.0,Bondi Beach - North Bondi,23849,9692.7,2.5,"ABS Regional Population 2019-20, SA2 proxy",4,0
2020-04-08,Bondi,19.69281,17.325348,2.3674619999999997,2020-04-08 18:00:00,2020-04-09 05:00:00,19.486664,18.655823,11.0,11.0,0.07553099999999996,0,0,Not hot day,14.262036770833333,76.25577870833334,3.307232975,1017.20503875,11.332035136,0.5,0.5,1,coastal,19.5728,170988,873744.5671999999,873599.0,Bondi Beach - North Bondi,23849,9692.7,2.5,"ABS Regional Population 2019-20, SA2 proxy",4,0
2020-04-09,Bondi,19.620087,18.001617,1.618470000000002,2020-04-09 18:00:00,2020-04-10 02:00:00,19.128754,18.242584,8.0,11.0,0.11077124999999999,0,0,Not hot day,15.135686208333333,78.37055016666666,3.7287021708333334,1020.3690741666666,2.0194053656,0.5,0.5,1,coastal,19.5728,170988,873744.5671999999,873599.0,Bondi Beach - North Bondi,23849,9692.7,2.5,"ABS Regional Population 2019-20, SA2 proxy",4,0
2020-04-10,Bondi,20.244812,17.611847,2.6329649999999987,2020-04-10 18:00:00,2020-04-11 05:00:00,18.999878,16.607086,11.0,11.0,0.21752654545454544,0,0,Not hot day,16.31286875,84.119559,5.928311791666666,1011.8499491666666,8.6908340243,0.5,0.5,1,coastal,19.5728,170988,873744.5671999999,873599.0,Bondi Beach - North Bondi,23849,9692.7,2.5,"ABS Regional Population 2019-20, SA2 proxy",4,0
2020-04-11,Bondi,23.343231,16.607086,6.7361450000000005,2020-04-11 18:00:00,2020-04-12 05:00:00,19.058502,14.285919,11.0,11.0,0.4338711818181819,0,0,Not hot day,11.007736104166668,61.30640366666666,7.7433316125000005,1000.44914125,0.53691864746,0.5,0.5,1,coastal,19.5728,170988,873744.5671999999,873599.0,Bondi Beach - North Bondi,23849,9692.7,2.5,"ABS Regional Population 2019-20, SA2 proxy",4,0
2020-04-12,Bondi,18.251007,13.956024,4.294983000000002,2020-04-12 18:00:00,2020-04-13 05:00:00,17.506866,15.838409,11.0,11.0,0.15167790909090895,0,0,Not hot day,7.6593857000000005,56.290618875,5.305998754166667,1010.13432625,0.0,0.5,0.5,1,coastal,19.5728,170988,873744.5671999999,873599.0,Bondi Beach - North Bondi,23849,9692.7,2.5,"ABS Regional Population 2019-20, SA2 proxy",4,0
2020-04-13,Bondi,19.514801,15.347656,4.167144999999998,2020-04-13 18:00:00,2020-04-14 05:00:00,19.232635,17.328156,11.0,11.0,0.1731344545454544,0,0,Not hot day,12.208799937499998,70.11602208333333,2.327150745,1015.6449837499999,0.0,0.5,0.5,1,coastal,19.5728,170988,873744.5671999999,873599.0,Bondi Beach - North Bondi,23849,9692.7,2.5,"ABS Regional Population 2019-20, SA2 proxy",4,0
2020-04-14,Bondi,20.958038,16.00589,4.9521479999999976,2020-04-14 18:00:00,2020-04-15 05:00:00,20.24643,17.73825,11.0,11.0,0.22801636363636357,0,0,Not hot day,15.533515854166666,80.71239125,2.628394854166667,1018.34223125,0.0009536743,0.5,0.5,1,coastal,19.5728,170988,873744.5671999999,873599.0,Bondi Beach - North Bondi,23849,9692.7,2.5,"ABS Regional Population 2019-20, SA2 proxy",4,0
2020-04-15,Bondi,22.208282,16.462372,5.745910000000002,2020-04-15 18:00:00,2020-04-16 04:00:00,21.634491,19.165497,10.0,11.0,0.2468994000000002,0,0,Not hot day,17.043721583333333,84.02437333333333,3.3690396166666665,1015.8029358333333,0.00619888296,0.5,0.5,1,coastal,19.5728,170988,873744.5671999999,873599.0,Bondi Beach - North Bondi,23849,9692.7,2.5,"ABS Regional Population 2019-20, SA2 proxy",4,0
2020-04-16,Bondi,24.395355,19.165497,5.229858,2020-04-16 18:00:00,2020-04-17 05:00:00,24.12204,19.455597,11.0,11.0,0.4242220909090907,1,0,Moderate risk,15.8324954375,69.07981758333334,5.06879805,1006.9922695833334,0.0,0.5,0.5,1,coastal,19.5728,170988,873744.5671999999,873599.0,Bondi Beach - North Bondi,23849,9692.7,2.5,"ABS Regional Population 2019-20, SA2 proxy",4,0
2020-04-17,Bondi,23.390717,18.02414,5.3665769999999995,2020-04-17 18:00:00,2020-04-18 05:00:00,21.937775,16.095917,11.0,11.0,0.5310779999999998,0,0,Not hot day,12.024159770833334,58.621395375,4.74727515,1005.2778845833333,0.0019073486,0.5,0.5,1,coastal,19.5728,170988,873744.5671999999,873599.0,Bondi Beach - North Bondi,23849,9692.7,2.5,"ABS Regional Population 2019-20, SA2 proxy",4,0
2020-04-18,Bondi,20.26175,15.635193,4.626557,2020-04-18 18:00:00,2020-04-19 04:00:00,18.991608,15.583954,10.0,11.0,0.3407653999999999,0,0,Not hot day,10.228468525,61.17137229166667,4.6950945875,1007.4038595833334,0.112056733,0.5,0.5,1,coastal,19.5728,170988,873744.5671999999,873599.0,Bondi Beach - North Bondi,23849,9692.7,2.5,"ABS Regional Population 2019-20, SA2 proxy",4,0
2020-04-19,Bondi,18.554474,15.492615,3.0618589999999983,2020-04-19 18:00:00,2020-04-20 03:00:00,17.758026,16.008484,9.0,11.0,0.19439355555555574,0,0,Not hot day,14.441244750000001,83.30413370833334,2.2620924666666666,1008.9765349999999,5.399227131,0.5,0.5,1,coastal,19.5728,170988,873744.5671999999,873599.0,Bondi Beach - North Bondi,23849,9692.7,2.5,"ABS Regional Population 2019-20, SA2 proxy",4,0
2020-04-20,Bondi,20.980988,15.948212,5.032776,2020-04-20 18:00:00,2020-04-21 05:00:00,20.703094,17.662445,11.0,11.0,0.27642263636363623,0,0,Not hot day,12.755575854166667,71.08207241666666,3.9120154374999996,1009.5791091666666,0.0877380373,0.5,0.5,1,coastal,19.5728,170988,873744.5671999999,873599.0,Bondi Beach - North Bondi,23849,9692.7,2.5,"ABS Regional Population 2019-20, SA2 proxy",4,0
2020-04-21,Bondi,21.602509,17.04715,4.555359000000003,2020-04-21 18:00:00,2020-04-22 05:00:00,20.769104,17.860626,11.0,11.0,0.2644070909090908,0,0,Not hot day,13.575691291666667,68.425319875,3.974168891666667,1011.7038716666666,0.0,0.5,0.5,1,coastal,19.5728,170988,873744.5671999999,873599.0,Bondi Beach - North Bondi,23849,9692.7,2.5,"ABS Regional Population 2019-20, SA2 proxy",4,0
2020-04-22,Bondi,22.361969,17.182037,5.179931999999997,2020-04-22 18:00:00,2020-04-23 05:00:00,20.612091,16.568512,11.0,11.0,0.367598090909091,0,0,Not hot day,12.812215145833333,65.06019558333334,3.6646515625,1012.52535875,0.0,0.5,0.5,1,coastal,19.5728,170988,873744.5671999999,873599.0,Bondi Beach - North Bondi,23849,9692.7,2.5,"ABS Regional Population 2019-20, SA2 proxy",4,0
2020-04-23,Bondi,21.061493,16.144104,4.917389,2020-04-23 18:00:00,2020-04-24 05:00:00,20.300385,17.854645,11.0,11.0,0.22233999999999973,0,0,Not hot day,12.684532249999998,67.089163,4.0572889625,1013.7258004166666,0.0,0.5,0.5,1,coastal,19.5728,170988,873744.5671999999,873599.0,Bondi Beach - North Bondi,23849,9692.7,2.5,"ABS Regional Population 2019-20, SA2 proxy",4,0
2020-04-24,Bondi,23.975708,17.573303,6.402405000000002,2020-04-24 18:00:00,2020-04-25 05:00:00,21.816315,17.56485,11.0,11.0,0.38649681818181814,1,1,High risk,14.465089166666667,68.67821383333333,2.9249437375,1012.1318112499999,0.0,0.5,0.5,1,coastal,19.5728,170988,873744.5671999999,873599.0,Bondi Beach - North Bondi,23849,9692.7,2.5,"ABS Regional Population 2019-20, SA2 proxy",4,0
2020-04-25,Bondi,22.540833,16.974182,5.566651,2020-04-25 18:00:00,2020-04-26 05:00:00,21.990143,17.789337,11.0,11.0,0.38189145454545453,0,0,Not hot day,15.6053555,74.91463720833333,3.8742802416666664,1014.6104462500001,0.0,0.5,0.5,1,coastal,19.5728,170988,873744.5671999999,873599.0,Bondi Beach - North Bondi,23849,9692.7,2.5,"ABS Regional Population 2019-20, SA2 proxy",4,0
2020-04-26,Bondi,23.964905,17.56311,6.401795,2020-04-26 18:00:00,2020-04-27 05:00:00,21.59079,17.65509,11.0,11.0,0.3577909090909088,1,1,High risk,13.867273958333334,67.57017220833333,5.1306872750000005,1010.2577170833333,0.8754730230000001,0.5,0.5,1,coastal,19.5728,170988,873744.5671999999,873599.0,Bondi Beach - North Bondi,23849,9692.7,2.5,"ABS Regional Population 2019-20, SA2 proxy",4,0
2020-04-27,Bondi,19.959442,17.503113,2.456329,2020-04-27 18:00:00,2020-04-28 05:00:00,19.712189,19.209442,11.0,11.0,0.04570427272727267,0,0,Not hot day,15.385038999999999,80.51774254166666,4.3973314375,1018.15449125,4.7307014406,0.5,0.5,1,coastal,19.5728,170988,873744.5671999999,873599.0,Bondi Beach - North Bondi,23849,9692.7,2.5,"ABS Regional Population 2019-20, SA2 proxy",4,0
2020-04-28,Bondi,21.01892,19.164642,1.8542780000000008,2020-04-28 18:00:00,2020-04-29 05:00:00,20.675568,18.814209,11.0,11.0,0.16921445454545425,0,0,Not hot day,16.2764078125,78.38178308333333,5.908180808333333,1017.77873375,1.5759468237,0.5,0.5,1,coastal,19.5728,170988,873744.5671999999,873599.0,Bondi Beach - North Bondi,23849,9692.7,2.5,"ABS Regional Population 2019-20, SA2 proxy",4,0
2020-04-29,Bondi,22.407806,18.419281,3.988524999999999,2020-04-29 18:00:00,2020-04-30 05:00:00,22.24997,20.46054,11.0,11.0,0.16267545454545448,0,0,Not hot day,17.796231583333334,83.38947045833334,6.425646475,1009.6697174999999,0.7896423406599999,0.5,0.5,1,coastal,19.5728,170988,873744.5671999999,873599.0,Bondi Beach - North Bondi,23849,9692.7,2.5,"ABS Regional Population 2019-20, SA2 proxy",4,0
2020-04-30,Bondi,20.906189,13.316742,7.589447000000002,2020-04-30 18:00:00,2020-05-01 05:00:00,14.586761,13.0503235,11.0,11.0,0.13967613636363635,0,0,Not hot day,13.828483458333332,79.00891679166666,6.071845870833333,1002.23606375,13.02719132016,0.5,0.5,1,coastal,19.5728,170988,873744.5671999999,873599.0,Bondi Beach - North Bondi,23849,9692.7,2.5,"ABS Regional Population 2019-20, SA2 proxy",4,0
2020-05-01,Bondi,15.950592,12.989502,2.9610900000000004,2020-05-01 18:00:00,2020-05-02 01:00:00,15.347595,14.218292,7.0,11.0,0.16132900000000003,0,0,Not hot day,6.7555771,60.728489583333335,8.469176566666667,1002.4938587500001,0.0066757203,0.5,0.5,1,coastal,19.5728,170988,873744.5671999999,873599.0,Bondi Beach - North Bondi,23849,9692.7,2.5,"ABS Regional Population 2019-20, SA2 proxy",5,0
2020-05-02,Bondi,16.40506,14.218292,2.186767999999999,2020-05-02 18:00:00,2020-05-03 05:00:00,15.239349,13.264252,11.0,11.0,0.17955427272727273,0,0,Not hot day,6.784697254166667,58.32552916666666,8.790683008333334,1000.52779375,0.098228454,0.5,0.5,1,coastal,19.5728,170988,873744.5671999999,873599.0,Bondi Beach - North Bondi,23849,9692.7,2.5,"ABS Regional Population 2019-20, SA2 proxy",5,0
2020-05-03,Bondi,17.668732,13.066132,4.602599999999999,2020-05-03 18:00:00,2020-05-04 04:00:00,16.852509,13.663422,10.0,11.0,0.31890870000000004,0,0,Not hot day,7.765083279166667,60.86439154166667,7.369835479166667,1011.8195716666668,0.0,0.5,0.5,1,coastal,19.5728,170988,873744.5671999999,873599.0,Bondi Beach - North Bondi,23849,9692.7,2.5,"ABS Regional Population 2019-20, SA2 proxy",5,0
2020-05-04,Bondi,17.183594,13.617706,3.5658879999999993,2020-05-04 18:00:00,2020-05-05 04:00:00,16.650208,15.566223,10.0,11.0,0.10839849999999984,0,0,Not hot day,9.811218354166668,68.72369729166667,5.7323656125,1020.3851958333333,0.1091957076,0.5,0.5,1,coastal,19.5728,170988,873744.5671999999,873599.0,Bondi Beach - North Bondi,23849,9692.7,2.5,"ABS Regional Population 2019-20, SA2 proxy",5,0
2020-05-05,Bondi,17.913055,15.566223,2.346831999999999,2020-05-05 18:00:00,2020-05-06 05:00:00,17.69165,14.741119,11.0,11.0,0.2682300909090909,0,0,Not hot day,13.281211958333332,79.61479641666666,5.203900391666667,1024.4162987500001,5.159378095,0.5,0.5,1,coastal,19.5728,170988,873744.5671999999,873599.0,Bondi Beach - North Bondi,23849,9692.7,2.5,"ABS Regional Population 2019-20, SA2 proxy",5,0
2020-05-06,Bondi,19.808472,13.416534,6.391937999999998,2020-05-06 18:00:00,2020-05-07 05:00:00,18.947906,14.485443,11.0,11.0,0.40567845454545454,0,0,Not hot day,13.096004458333333,78.26869533333333,3.6585443499999997,1022.4113912500001,0.00381469722,0.5,0.5,1,coastal,19.5728,170988,873744.5671999999,873599.0,Bondi Beach - North Bondi,23849,9692.7,2.5,"ABS Regional Population 2019-20, SA2 proxy",5,0
2020-05-07,Bondi,21.128021,13.817932,7.310089,2020-05-07 18:00:00,2020-05-08 05:00:00,20.698608,16.579865,11.0,11.0,0.3744311818181817,0,0,Not hot day,12.876234625,74.34729075,4.389174325,1016.03949625,0.0,0.5,0.5,1,coastal,19.5728,170988,873744.5671999999,873599.0,Bondi Beach - North Bondi,23849,9692.7,2.5,"ABS Regional Population 2019-20, SA2 proxy",5,0
2020-05-08,Bondi,23.315277,16.311493,7.003784,2020-05-08 18:00:00,2020-05-09 05:00:00,21.714447,17.385956,11.0,11.0,0.3934991818181818,0,0,Not hot day,13.365964270833333,68.19517545833334,5.175244166666666,1012.2993783333333,0.0,0.5,0.5,1,coastal,19.5728,170988,873744.5671999999,873599.0,Bondi Beach - North Bondi,23849,9692.7,2.5,"ABS Regional Population 2019-20, SA2 proxy",5,0
2020-05-09,Bondi,22.959473,17.385956,5.573516999999999,2020-05-09 18:00:00,2020-05-10 05:00:00,19.719818,13.15509,11.0,11.0,0.5967934545454546,0,0,Not hot day,12.607616499999999,64.61332279166666,5.500882608333334,1007.6630825000001,0.1749992409,0.5,0.5,1,coastal,19.5728,170988,873744.5671999999,873599.0,Bondi Beach - North Bondi,23849,9692.7,2.5,"ABS Regional Population 2019-20, SA2 proxy",5,0
2020-05-10,Bondi,16.94226,12.410522,4.531738000000001,2020-05-10 18:00:00,2020-05-11 01:00:00,15.348175,12.389191,7.0,11.0,0.42271199999999987,0,0,Not hot day,5.18334835,54.48412195833333,6.880159316666667,1014.8758795833334,0.0,0.5,0.5,1,coastal,19.5728,170988,873744.5671999999,873599.0,Bondi Beach - North Bondi,23849,9692.7,2.5,"ABS Regional Population 2019-20, SA2 proxy",5,0
2020-05-11,Bondi,16.70816,12.205536,4.502623999999999,2020-05-11 18:00:00,2020-05-12 05:00:00,15.908844,13.418549,11.0,11.0,0.2263904545454545,0,0,Not hot day,6.926514916666666,61.205232708333334,4.931060166666667,1021.4460345833332,0.0,0.5,0.5,1,coastal,19.5728,170988,873744.5671999999,873599.0,Bondi Beach - North Bondi,23849,9692.7,2.5,"ABS Regional Population 2019-20, SA2 proxy",5,0
2020-05-12,Bondi,17.501587,13.028839,4.472748000000001,2020-05-12 18:00:00,2020-05-13 05:00:00,16.968048,13.638702,11.0,11.0,0.3026678181818181,0,0,Not hot day,9.6341285875,68.37423733333334,3.8524546500000003,1020.65039875,0.0,0.5,0.5,1,coastal,19.5728,170988,873744.5671999999,873599.0,Bondi Beach - North Bondi,23849,9692.7,2.5,"ABS Regional Population 2019-20, SA2 proxy",5,0
2020-05-13,Bondi,17.443573,13.078217,4.365356,2020-05-13 18:00:00,2020-05-14 05:00:00,16.604156,13.235016,11.0,11.0,0.3062854545454545,0,0,Not hot day,10.032630920833332,71.26870579166666,3.8881545958333334,1017.9639016666666,0.96988678,0.5,0.5,1,coastal,19.5728,170988,873744.5671999999,873599.0,Bondi Beach - North Bondi,23849,9692.7,2.5,"ABS Regional Population 2019-20, SA2 proxy",5,0
2020-05-14,Bondi,16.14151,13.235016,2.9064940000000004,2020-05-14 18:00:00,2020-05-14 18:00:00,15.197784,15.197784,0.0,11.0,0.0,0,0,Not hot day,11.850856875,82.31055754166667,7.711743545833333,1021.8125479166666,17.846584303,0.5,0.5,1,coastal,19.5728,170988,873744.5671999999,873599.0,Bondi Beach - North Bondi,23849,9692.7,2.5,"ABS Regional Population 2019-20, SA2 proxy",5,0
2020-05-15,Bondi,16.368195,15.317352,1.0508430000000004,2020-05-15 18:00:00,2020-05-15 18:00:00,15.693451,15.693451,0.0,11.0,0.0,0,0,Not hot day,10.233854966666668,69.922717125,6.127798608333333,1023.9914408333334,2.54678727932,0.5,0.5,1,coastal,19.5728,170988,873744.5671999999,873599.0,Bondi Beach - North Bondi,23849,9692.7,2.5,"ABS Regional Population 2019-20, SA2 proxy",5,0
2020-05-16,Bondi,18.287445,15.705994,2.5814510000000013,2020-05-16 18:00:00,2020-05-17 05:00:00,17.429901,16.236938,11.0,11.0,0.10845118181818204,0,0,Not hot day,10.0675760625,64.13587195833334,3.0987877583333336,1025.4537291666668,0.54121016972,0.5,0.5,1,coastal,19.5728,170988,873744.5671999999,873599.0,Bondi Beach - North Bondi,23849,9692.7,2.5,"ABS Regional Population 2019-20, SA2 proxy",5,0
2020-05-17,Bondi,18.761078,16.103546,2.657532,2020-05-17 18:00:00,2020-05-18 01:00:00,17.943268,17.086578,7.0,11.0,0.12238428571428576,0,0,Not hot day,10.220850645833334,63.03584287499999,2.2539798841666667,1025.7730833333333,0.2794265749,0.5,0.5,1,coastal,19.5728,170988,873744.5671999999,873599.0,Bondi Beach - North Bondi,23849,9692.7,2.5,"ABS Regional Population 2019-20, SA2 proxy",5,0
2020-05-18,Bondi,18.772797,16.885406,1.887391000000001,2020-05-18 18:00:00,2020-05-19 05:00:00,18.621185,17.325745,11.0,11.0,0.11776727272727266,0,0,Not hot day,11.837037375,67.98200583333333,2.7594134041666667,1026.8548041666666,0.84638596,0.5,0.5,1,coastal,19.5728,170988,873744.5671999999,873599.0,Bondi Beach - North Bondi,23849,9692.7,2.5,"ABS Regional Population 2019-20, SA2 proxy",5,0
2020-05-19,Bondi,18.868256,16.32022,2.5480359999999997,2020-05-19 18:00:00,2020-05-20 05:00:00,18.091278,15.707672,11.0,11.0,0.2166914545454544,0,0,Not hot day,12.754951499999999,72.73262970833333,3.399511104166667,1022.7350754166667,0.47922134286,0.5,0.5,1,coastal,19.5728,170988,873744.5671999999,873599.0,Bondi Beach - North Bondi,23849,9692.7,2.5,"ABS Regional Population 2019-20, SA2 proxy",5,0
2020-05-20,Bondi,21.657349,15.565643,6.091706,2020-05-20 18:00:00,2020-05-21 05:00:00,20.420868,16.830933,11.0,11.0,0.326357727272727,0,0,Not hot day,13.663983583333334,74.83540075,5.424348570833334,1013.2235491666667,0.0,0.5,0.5,1,coastal,19.5728,170988,873744.5671999999,873599.0,Bondi Beach - North Bondi,23849,9692.7,2.5,"ABS Regional Population 2019-20, SA2 proxy",5,0
2020-05-21,Bondi,17.481262,13.18396,4.297302,2020-05-21 18:00:00,2020-05-22 03:00:00,15.149658,12.746399,9.0,11.0,0.2670287777777778,0,0,Not hot day,13.186784041666668,82.45865587499999,4.295120995833334,1007.2763508333334,29.821395829,0.5,0.5,1,coastal,19.5728,170988,873744.5671999999,873599.0,Bondi Beach - North Bondi,23849,9692.7,2.5,"ABS Regional Population 2019-20, SA2 proxy",5,0
2020-05-22,Bondi,15.667175,12.746399,2.920776,2020-05-22 18:00:00,2020-05-23 01:00:00,15.425751,13.651398,7.0,11.0,0.25347899999999995,0,0,Not hot day,9.923727666666666,75.15413683333334,11.613875520833334,1004.3640004166667,30.6730269662,0.5,0.5,1,coastal,19.5728,170988,873744.5671999999,873599.0,Bondi Beach - North Bondi,23849,9692.7,2.5,"ABS Regional Population 2019-20, SA2 proxy",5,0
2020-05-23,Bondi,16.306396,13.651398,2.654997999999999,2020-05-23 18:00:00,2020-05-23 21:00:00,15.925629,15.807098,3.0,11.0,0.03951033333333361,0,0,Not hot day,10.462566416666666,73.00172866666666,9.009330320833334,1002.3343133333333,7.4057578817,0.5,0.5,1,coastal,19.5728,170988,873744.5671999999,873599.0,Bondi Beach - North Bondi,23849,9692.7,2.5,"ABS Regional Population 2019-20, SA2 proxy",5,0
2020-05-24,Bondi,16.69339,15.186676,1.5067140000000006,2020-05-24 18:00:00,2020-05-25 00:00:00,16.21045,15.098053,6.0,11.0,0.18539950000000024,0,0,Not hot day,11.129178354166667,72.07755670833333,11.659369499999999,1006.6620158333334,2.68745421,0.5,0.5,1,coastal,19.5728,170988,873744.5671999999,873599.0,Bondi Beach - North Bondi,23849,9692.7,2.5,"ABS Regional Population 2019-20, SA2 proxy",5,0
2020-05-25,Bondi,16.338715,15.098053,1.2406620000000004,2020-05-25 18:00:00,2020-05-25 18:00:00,15.540375,15.540375,0.0,11.0,0.0,0,0,Not hot day,13.068202979166665,84.47179670833333,11.183434437499999,1012.03986125,15.42139055,0.5,0.5,1,coastal,19.5728,170988,873744.5671999999,873599.0,Bondi Beach - North Bondi,23849,9692.7,2.5,"ABS Regional Population 2019-20, SA2 proxy",5,0
2020-05-26,Bondi,17.875854,15.923004,1.9528499999999998,2020-05-26 18:00:00,2020-05-27 05:00:00,16.730316,16.083313,11.0,11.0,0.05881845454545436,0,0,Not hot day,13.464556250000001,80.84104225,7.342222175,1016.8459970833333,5.7306289494,0.5,0.5,1,coastal,19.5728,170988,873744.5671999999,873599.0,Bondi Beach - North Bondi,23849,9692.7,2.5,"ABS Regional Population 2019-20, SA2 proxy",5,0
2020-05-27,Bondi,17.14273,15.692169,1.4505610000000004,2020-05-27 18:00:00,2020-05-28 05:00:00,16.407074,15.014191,11.0,11.0,0.1266257272727274,0,0,Not hot day,11.9709675625,75.20605683333334,3.144309708333333,1016.57303625,0.60176848326,0.5,0.5,1,coastal,19.5728,170988,873744.5671999999,873599.0,Bondi Beach - North Bondi,23849,9692.7,2.5,"ABS Regional Population 2019-20, SA2 proxy",5,0
2020-05-28,Bondi,19.144196,14.526459,4.617737000000002,2020-05-28 18:00:00,2020-05-29 05:00:00,17.635895,14.510345,11.0,11.0,0.2841409090909093,0,0,Not hot day,12.627755479166666,78.57812625,3.24309077625,1015.9787991666667,0.31232834,0.5,0.5,1,coastal,19.5728,170988,873744.5671999999,873599.0,Bondi Beach - North Bondi,23849,9692.7,2.5,"ABS Regional Population 2019-20, SA2 proxy",5,0
2020-05-29,Bondi,16.727234,14.510345,2.216889,2020-05-29 18:00:00,2020-05-30 05:00:00,16.392212,13.908234,11.0,11.0,0.22581618181818186,0,0,Not hot day,13.370174375,86.04126491666666,3.5492015,1021.4385379166666,2.4809837425,0.5,0.5,1,coastal,19.5728,170988,873744.5671999999,873599.0,Bondi Beach - North Bondi,23849,9692.7,2.5,"ABS Regional Population 2019-20, SA2 proxy",5,0
2020-05-30,Bondi,17.74472,13.179871,4.564849000000001,2020-05-30 18:00:00,2020-05-31 05:00:00,17.532867,14.684082,11.0,11.0,0.2589804545454545,0,0,Not hot day,12.950846333333333,83.08056145833334,3.354971388333333,1020.5541829166667,0.09679794236,0.5,0.5,1,coastal,19.5728,170988,873744.5671999999,873599.0,Bondi Beach - North Bondi,23849,9692.7,2.5,"ABS Regional Population 2019-20, SA2 proxy",5,0
2020-05-31,Bondi,19.613983,14.052429,5.561554000000001,2020-05-31 18:00:00,2020-06-01 04:00:00,18.759064,15.3714905,10.0,11.0,0.33875734999999985,0,0,Not hot day,13.1082864375,78.55834941666667,5.276430470833334,1012.7678020833333,0.01764297492,0.5,0.5,1,coastal,19.5728,170988,873744.5671999999,873599.0,Bondi Beach - North Bondi,23849,9692.7,2.5,"ABS Regional Population 2019-20, SA2 proxy",5,0
2020-06-01,Bondi,20.422577,11.869171,8.553406,2020-06-01 18:00:00,2020-06-02 04:00:00,16.437012,10.809601,10.0,11.0,0.5627410999999999,0,0,Not hot day,9.524345379166666,64.37162500000001,7.066332604166667,1005.0058058333334,0.2732276892,0.5,0.5,1,coastal,19.5728,170988,873744.5671999999,873599.0,Bondi Beach - North Bondi,23849,9692.7,2.5,"ABS Regional Population 2019-20, SA2 proxy",6,0
2020-06-02,Bondi,15.442291,10.809601,4.63269,2020-06-02 18:00:00,2020-06-02 22:00:00,13.126434,12.036255,4.0,11.0,0.2725447499999998,0,0,Not hot day,6.750659933333334,68.68021991666667,8.8672854375,1009.6246208333333,9.0451240335,0.5,0.5,1,coastal,19.5728,170988,873744.5671999999,873599.0,Bondi Beach - North Bondi,23849,9692.7,2.5,"ABS Regional Population 2019-20, SA2 proxy",6,0
2020-06-03,Bondi,16.612885,12.363617,4.249267999999999,2020-06-03 18:00:00,2020-06-04 05:00:00,15.479095,13.618439,11.0,11.0,0.16915054545454533,0,0,Not hot day,7.888627391666667,64.31037225,8.942741033333332,1017.6105283333333,0.0,0.5,0.5,1,coastal,19.5728,170988,873744.5671999999,873599.0,Bondi Beach - North Bondi,23849,9692.7,2.5,"ABS Regional Population 2019-20, SA2 proxy",6,0
2020-06-04,Bondi,15.425201,12.979645,2.445556,2020-06-04 18:00:00,2020-06-05 05:00:00,14.491058,12.342285,11.0,11.0,0.19534300000000002,0,0,Not hot day,8.668135354166667,69.39012841666667,7.350268179166666,1026.0291916666667,0.4367828325,0.5,0.5,1,coastal,19.5728,170988,873744.5671999999,873599.0,Bondi Beach - North Bondi,23849,9692.7,2.5,"ABS Regional Population 2019-20, SA2 proxy",6,0
2020-06-05,Bondi,16.23108,12.060822,4.170257999999999,2020-06-05 18:00:00,2020-06-06 04:00:00,15.213196,12.707916,10.0,11.0,0.2505279999999999,0,0,Not hot day,8.537835508333332,69.92227575,2.740711150833333,1023.2790033333334,0.0,0.5,0.5,1,coastal,19.5728,170988,873744.5671999999,873599.0,Bondi Beach - North Bondi,23849,9692.7,2.5,"ABS Regional Population 2019-20, SA2 proxy",6,0
2020-06-06,Bondi,16.481537,12.707916,3.7736209999999986,2020-06-06 18:00:00,2020-06-07 05:00:00,15.101288,12.501678,11.0,11.0,0.23632818181818183,0,0,Not hot day,9.358637583333334,71.26198275,2.8431338333333334,1019.2963545833333,0.07534027086,0.5,0.5,1,coastal,19.5728,170988,873744.5671999999,873599.0,Bondi Beach - North Bondi,23849,9692.7,2.5,"ABS Regional Population 2019-20, SA2 proxy",6,0
2020-06-07,Bondi,15.246796,12.268677,2.9781189999999995,2020-06-07 18:00:00,2020-06-08 00:00:00,13.782501,12.882965,6.0,11.0,0.14992266666666657,0,0,Not hot day,11.439127625,85.54474733333332,3.5832503375000004,1018.1411912499999,7.9283713696,0.5,0.5,1,coastal,19.5728,170988,873744.5671999999,873599.0,Bondi Beach - North Bondi,23849,9692.7,2.5,"ABS Regional Population 2019-20, SA2 proxy",6,0
2020-06-08,Bondi,16.028961,12.882965,3.1459959999999985,2020-06-08 18:00:00,2020-06-08 21:00:00,15.521759,15.376526,3.0,11.0,0.04841099999999976,0,0,Not hot day,11.038374500000002,78.55928754166666,7.6826158625000005,1022.8465275,6.9980621666000005,0.5,0.5,1,coastal,19.5728,170988,873744.5671999999,873599.0,Bondi Beach - North Bondi,23849,9692.7,2.5,"ABS Regional Population 2019-20, SA2 proxy",6,0
2020-06-09,Bondi,17.347168,15.40509,1.9420780000000004,2020-06-09 18:00:00,2020-06-10 04:00:00,16.431976,14.812653,10.0,11.0,0.16193229999999997,0,0,Not hot day,12.243080125,76.83330520833333,3.2694259750000003,1026.7705708333333,1.8873214678,0.5,0.5,1,coastal,19.5728,170988,873744.5671999999,873599.0,Bondi Beach - North Bondi,23849,9692.7,2.5,"ABS Regional Population 2019-20, SA2 proxy",6,0
2020-06-10,Bondi,16.835297,14.812653,2.0226440000000014,2020-06-10 18:00:00,2020-06-11 05:00:00,16.644257,14.012482,11.0,11.0,0.23925227272727267,0,0,Not hot day,14.092821833333334,89.49791229166668,4.505498225,1022.9487962500001,18.90993116,0.5,0.5,1,coastal,19.5728,170988,873744.5671999999,873599.0,Bondi Beach - North Bondi,23849,9692.7,2.5,"ABS Regional Population 2019-20, SA2 proxy",6,0
2020-06-11,Bondi,17.63913,13.661652,3.9774780000000014,2020-06-11 18:00:00,2020-06-12 05:00:00,16.592072,15.413483,11.0,11.0,0.10714445454545475,0,0,Not hot day,13.422874354166666,86.11077841666668,4.534791754166666,1018.5970162499999,0.4119873072,0.5,0.5,1,coastal,19.5728,170988,873744.5671999999,873599.0,Bondi Beach - North Bondi,23849,9692.7,2.5,"ABS Regional Population 2019-20, SA2 proxy",6,0
2020-06-12,Bondi,16.519165,14.882538,1.6366270000000007,2020-06-12 18:00:00,2020-06-13 04:00:00,16.011993,14.245209,10.0,11.0,0.17667840000000012,0,0,Not hot day,13.368991833333334,85.40583770833332,4.0530079,1019.7543670833334,3.641605363,0.5,0.5,1,coastal,19.5728,170988,873744.5671999999,873599.0,Bondi Beach - North Bondi,23849,9692.7,2.5,"ABS Regional Population 2019-20, SA2 proxy",6,0
2020-06-13,Bondi,17.618317,14.1553955,3.462921500000002,2020-06-13 18:00:00,2020-06-14 05:00:00,17.256165,16.43277,11.0,11.0,0.07485409090909072,0,0,Not hot day,14.111103041666667,88.564097125,2.7722570533333335,1015.9404787499999,0.26321410561999997,0.5,0.5,1,coastal,19.5728,170988,873744.5671999999,873599.0,Bondi Beach - North Bondi,23849,9692.7,2.5,"ABS Regional Population 2019-20, SA2 proxy",6,0
2020-06-14,Bondi,19.09729,13.698761,5.398529000000002,2020-06-14 18:00:00,2020-06-15 05:00:00,16.680511,13.251068,11.0,11.0,0.3117675454545454,0,0,Not hot day,10.761784825,69.62949833333333,5.365177491666667,1010.4985608333333,6.2060356087,0.5,0.5,1,coastal,19.5728,170988,873744.5671999999,873599.0,Bondi Beach - North Bondi,23849,9692.7,2.5,"ABS Regional Population 2019-20, SA2 proxy",6,0
2020-06-15,Bondi,18.230316,12.839691,5.390624999999998,2020-06-15 18:00:00,2020-06-16 05:00:00,17.219421,13.216217,11.0,11.0,0.3639276363636364,0,0,Not hot day,8.127755508333333,62.479599,4.0222662125,1017.1815083333332,0.0,0.5,0.5,1,coastal,19.5728,170988,873744.5671999999,873599.0,Bondi Beach - North Bondi,23849,9692.7,2.5,"ABS Regional Population 2019-20, SA2 proxy",6,0
2020-06-16,Bondi,19.131622,12.875763,6.255859000000001,2020-06-16 18:00:00,2020-06-17 04:00:00,17.923706,14.110199,10.0,11.0,0.38135069999999993,0,0,Not hot day,10.446347520833333,70.71950579166666,3.9461357416666663,1018.3600120833333,0.0,0.5,0.5,1,coastal,19.5728,170988,873744.5671999999,873599.0,Bondi Beach - North Bondi,23849,9692.7,2.5,"ABS Regional Population 2019-20, SA2 proxy",6,0
2020-06-17,Bondi,16.170502,14.110199,2.0603029999999993,2020-06-17 18:00:00,2020-06-18 05:00:00,15.770782,15.086578,11.0,11.0,0.06220036363636374,0,0,Not hot day,11.318965979166668,76.88063133333334,6.2234048416666665,1026.5191158333334,3.38983537,0.5,0.5,1,coastal,19.5728,170988,873744.5671999999,873599.0,Bondi Beach - North Bondi,23849,9692.7,2.5,"ABS Regional Population 2019-20, SA2 proxy",6,0
2020-06-18,Bondi,16.502075,14.743988,1.7580870000000015,2020-06-18 18:00:00,2020-06-19 04:00:00,15.502014,14.007355,10.0,11.0,0.14946590000000004,0,0,Not hot day,7.938537604166666,60.52171775,3.22352775,1031.0649375,0.07057189936,0.5,0.5,1,coastal,19.5728,170988,873744.5671999999,873599.0,Bondi Beach - North Bondi,23849,9692.7,2.5,"ABS Regional Population 2019-20, SA2 proxy",6,0
2020-06-19,Bondi,17.24115,13.893433,3.347717000000001,2020-06-19 18:00:00,2020-06-20 05:00:00,16.49408,14.186615,11.0,11.0,0.20976954545454551,0,0,Not hot day,10.464855166666666,72.65479229166667,3.2337038000000002,1025.2223608333334,0.0162124636,0.5,0.5,1,coastal,19.5728,170988,873744.5671999999,873599.0,Bondi Beach - North Bondi,23849,9692.7,2.5,"ABS Regional Population 2019-20, SA2 proxy",6,0
2020-06-20,Bondi,17.957428,13.5529785,4.4044495,2020-06-20 18:00:00,2020-06-21 05:00:00,17.502777,14.351349,11.0,11.0,0.28649345454545433,0,0,Not hot day,11.818205520833333,78.07908945833334,4.764555516666667,1017.2896458333333,0.00238418576,0.5,0.5,1,coastal,19.5728,170988,873744.5671999999,873599.0,Bondi Beach - North Bondi,23849,9692.7,2.5,"ABS Regional Population 2019-20, SA2 proxy",6,0
2020-06-21,Bondi,17.04309,13.598541,3.4445489999999985,2020-06-21 18:00:00,2020-06-22 05:00:00,16.153229,11.441864,11.0,11.0,0.428305909090909,0,0,Not hot day,10.7800001875,75.23392525,4.596679408333333,1007.4198166666666,8.7256431488,0.5,0.5,1,coastal,19.5728,170988,873744.5671999999,873599.0,Bondi Beach - North Bondi,23849,9692.7,2.5,"ABS Regional Population 2019-20, SA2 proxy",6,0
2020-06-22,Bondi,15.110535,11.31781,3.792725000000001,2020-06-22 18:00:00,2020-06-23 05:00:00,14.466675,11.037537,11.0,11.0,0.3117398181818182,0,0,Not hot day,6.8101437874999995,66.62939266666667,5.315930320833334,1004.8890879166667,0.3995895362,0.5,0.5,1,coastal,19.5728,170988,873744.5671999999,873599.0,Bondi Beach - North Bondi,23849,9692.7,2.5,"ABS Regional Population 2019-20, SA2 proxy",6,0
2020-06-23,Bondi,15.365387,10.975403,4.389984,2020-06-23 18:00:00,2020-06-24 03:00:00,14.713898,11.494537,9.0,11.0,0.3577067777777779,0,0,Not hot day,6.1490758375,64.64640916666666,6.60373315,1006.8167283333333,0.00047683716,0.5,0.5,1,coastal,19.5728,170988,873744.5671999999,873599.0,Bondi Beach - North Bondi,23849,9692.7,2.5,"ABS Regional Population 2019-20, SA2 proxy",6,0
2020-06-24,Bondi,17.203339,11.494537,5.708802,2020-06-24 18:00:00,2020-06-25 05:00:00,15.495575,12.977325,11.0,11.0,0.22893181818181818,0,0,Not hot day,8.865202591666666,71.19106458333333,7.522832254166667,1009.2088716666667,1.197338104,0.5,0.5,1,coastal,19.5728,170988,873744.5671999999,873599.0,Bondi Beach - North Bondi,23849,9692.7,2.5,"ABS Regional Population 2019-20, SA2 proxy",6,0
2020-06-25,Bondi,16.989532,12.597076,4.392456000000001,2020-06-25 18:00:00,2020-06-26 04:00:00,16.023224,12.026398,10.0,11.0,0.3996825999999999,0,0,Not hot day,8.5498974375,68.244365375,5.7600358541666665,1013.9523779166666,0.01478195216,0.5,0.5,1,coastal,19.5728,170988,873744.5671999999,873599.0,Bondi Beach - North Bondi,23849,9692.7,2.5,"ABS Regional Population 2019-20, SA2 proxy",6,0
2020-06-26,Bondi,16.02945,12.026398,4.003052,2020-06-26 18:00:00,2020-06-27 05:00:00,14.192688,12.736023,11.0,11.0,0.132424090909091,0,0,Not hot day,8.540547679166666,70.803233875,5.005920258333333,1018.0544704166667,0.103950499,0.5,0.5,1,coastal,19.5728,170988,873744.5671999999,873599.0,Bondi Beach - North Bondi,23849,9692.7,2.5,"ABS Regional Population 2019-20, SA2 proxy",6,0
2020-06-27,Bondi,14.804657,12.736023,2.068634000000001,2020-06-27 18:00:00,2020-06-28 05:00:00,14.102386,13.2291565,11.0,11.0,0.07938449999999991,0,0,Not hot day,8.874827166666666,71.397625875,5.7270883999999995,1021.9928429166666,1.3499259947,0.5,0.5,1,coastal,19.5728,170988,873744.5671999999,873599.0,Bondi Beach - North Bondi,23849,9692.7,2.5,"ABS Regional Population 2019-20, SA2 proxy",6,0
2020-06-28,Bondi,14.2378235,12.682892,1.5549314999999986,2020-06-28 18:00:00,2020-06-29 04:00:00,13.755096,11.719879,10.0,11.0,0.20352169999999994,0,0,Not hot day,9.71464415,78.09762391666668,5.224501391666666,1022.4245654166666,2.0775794934,0.5,0.5,1,coastal,19.5728,170988,873744.5671999999,873599.0,Bondi Beach - North Bondi,23849,9692.7,2.5,"ABS Regional Population 2019-20, SA2 proxy",6,0
2020-06-29,Bondi,14.077789,11.719879,2.3579099999999986,2020-06-29 18:00:00,2020-06-30 05:00:00,13.698578,11.609894,11.0,11.0,0.18988036363636354,0,0,Not hot day,11.255228666666667,89.24122608333333,2.902935116666667,1022.254715,6.83355335,0.5,0.5,1,coastal,19.5728,170988,873744.5671999999,873599.0,Bondi Beach - North Bondi,23849,9692.7,2.5,"ABS Regional Population 2019-20, SA2 proxy",6,0
2020-06-30,Bondi,15.556946,11.289581,4.267365,2020-06-30 18:00:00,2020-07-01 05:00:00,14.954376,12.29953,11.0,11.0,0.2413496363636363,0,0,Not hot day,10.9052390625,84.78704520833334,2.6721632625,1019.5306770833334,0.24509429706000002,0.5,0.5,1,coastal,19.5728,170988,873744.5671999999,873599.0,Bondi Beach - North Bondi,23849,9692.7,2.5,"ABS Regional Population 2019-20, SA2 proxy",6,0
2020-07-01,Bondi,18.297913,12.104584,6.193329000000002,2020-07-01 18:00:00,2020-07-02 05:00:00,17.155975,13.704681,11.0,11.0,0.3137540000000001,0,0,Not hot day,9.632419604166666,71.42655058333334,4.6681121249999995,1015.1744504166667,0.0,0.5,0.5,1,coastal,19.5728,170988,873744.5671999999,873599.0,Bondi Beach - North Bondi,23849,9692.7,2.5,"ABS Regional Population 2019-20, SA2 proxy",7,0
2020-07-02,Bondi,20.506104,13.704681,6.801423,2020-07-02 18:00:00,2020-07-03 05:00:00,18.89328,13.360504,11.0,11.0,0.5029796363636364,0,0,Not hot day,10.5648879375,67.46616325000001,5.96398005,1010.9673991666667,0.0143051148,0.5,0.5,1,coastal,19.5728,170988,873744.5671999999,873599.0,Bondi Beach - North Bondi,23849,9692.7,2.5,"ABS Regional Population 2019-20, SA2 proxy",7,0
2020-07-03,Bondi,16.562012,12.245636,4.316376,2020-07-03 18:00:00,2020-07-04 04:00:00,14.995575,10.803833,10.0,11.0,0.41917420000000016,0,0,Not hot day,6.6906662,60.802618458333335,5.272146916666666,1013.7311083333334,0.0095367432,0.5,0.5,1,coastal,19.5728,170988,873744.5671999999,873599.0,Bondi Beach - North Bondi,23849,9692.7,2.5,"ABS Regional Population 2019-20, SA2 proxy",7,0
2020-07-04,Bondi,14.723419,10.601166,4.122253000000001,2020-07-04 18:00:00,2020-07-04 22:00:00,14.109222,11.373016,4.0,11.0,0.6840515000000003,0,0,Not hot day,5.828432754166666,65.0753775,6.004963175,1013.9737895833333,2.1581649703,0.5,0.5,1,coastal,19.5728,170988,873744.5671999999,873599.0,Bondi Beach - North Bondi,23849,9692.7,2.5,"ABS Regional Population 2019-20, SA2 proxy",7,0
2020-07-05,Bondi,16.358429,11.51947,4.838959000000001,2020-07-05 18:00:00,2020-07-06 05:00:00,15.207611,12.207397,11.0,11.0,0.27274672727272725,0,0,Not hot day,7.401796995833333,66.60607329166668,7.072415645833334,1016.6771937499999,0.0,0.5,0.5,1,coastal,19.5728,170988,873744.5671999999,873599.0,Bondi Beach - North Bondi,23849,9692.7,2.5,"ABS Regional Population 2019-20, SA2 proxy",7,0
2020-07-06,Bondi,15.512665,11.840363,3.672302,2020-07-06 18:00:00,2020-07-07 05:00:00,14.312134,12.93277,11.0,11.0,0.12539672727272733,0,0,Not hot day,8.591349291666667,71.37688779166666,4.658218545833333,1021.8977100000001,0.0,0.5,0.5,1,coastal,19.5728,170988,873744.5671999999,873599.0,Bondi Beach - North Bondi,23849,9692.7,2.5,"ABS Regional Population 2019-20, SA2 proxy",7,0
2020-07-07,Bondi,15.239502,12.55481,2.684692,2020-07-07 18:00:00,2020-07-08 04:00:00,14.14389,14.11673,10.0,11.0,0.0027160000000000296,0,0,Not hot day,9.6631470625,75.49398441666666,5.2676358625,1024.2928625,2.00510023116,0.5,0.5,1,coastal,19.5728,170988,873744.5671999999,873599.0,Bondi Beach - North Bondi,23849,9692.7,2.5,"ABS Regional Population 2019-20, SA2 proxy",7,0
2020-07-08,Bondi,14.89743,13.784576,1.1128540000000005,2020-07-08 18:00:00,2020-07-09 04:00:00,14.764954,12.937347,10.0,11.0,0.18276069999999986,0,0,Not hot day,8.963705687500001,69.93832220833333,2.2723423320833334,1025.1254999999999,0.532627107,0.5,0.5,1,coastal,19.5728,170988,873744.5671999999,873599.0,Bondi Beach - North Bondi,23849,9692.7,2.5,"ABS Regional Population 2019-20, SA2 proxy",7,0
2020-07-09,Bondi,15.86087,12.585449,3.2754209999999997,2020-07-09 18:00:00,2020-07-10 05:00:00,15.380768,13.502197,11.0,11.0,0.17077918181818175,0,0,Not hot day,10.656712854166667,78.74398966666666,2.370283779166667,1024.38960625,0.20503997856,0.5,0.5,1,coastal,19.5728,170988,873744.5671999999,873599.0,Bondi Beach - North Bondi,23849,9692.7,2.5,"ABS Regional Population 2019-20, SA2 proxy",7,0
2020-07-10,Bondi,15.969391,12.885468,3.0839230000000004,2020-07-10 18:00:00,2020-07-11 01:00:00,15.399872,13.527985,7.0,11.0,0.2674124285714287,0,0,Not hot day,12.292204562499998,85.9310975,2.5196136333333334,1020.4394412500001,3.98540499016,0.5,0.5,1,coastal,19.5728,170988,873744.5671999999,873599.0,Bondi Beach - North Bondi,23849,9692.7,2.5,"ABS Regional Population 2019-20, SA2 proxy",7,0
2020-07-11,Bondi,15.565216,13.527985,2.0372310000000002,2020-07-11 18:00:00,2020-07-12 05:00:00,14.871002,12.907501,11.0,11.0,0.178500090909091,0,0,Not hot day,11.935731166666665,85.40862995833334,2.2748228725,1011.9529625,6.57176963326,0.5,0.5,1,coastal,19.5728,170988,873744.5671999999,873599.0,Bondi Beach - North Bondi,23849,9692.7,2.5,"ABS Regional Population 2019-20, SA2 proxy",7,0
2020-07-12,Bondi,15.462067,12.347351,3.1147159999999996,2020-07-12 18:00:00,2020-07-13 05:00:00,13.301178,11.702484,11.0,11.0,0.14533581818181818,0,0,Not hot day,10.718851791666667,83.107317625,1.7976304070833333,1010.6958920833334,5.3310394585,0.5,0.5,1,coastal,19.5728,170988,873744.5671999999,873599.0,Bondi Beach - North Bondi,23849,9692.7,2.5,"ABS Regional Population 2019-20, SA2 proxy",7,0
2020-07-13,Bondi,14.20401,11.348114,2.8558959999999995,2020-07-13 18:00:00,2020-07-13 19:00:00,12.688995,12.64093,1.0,11.0,0.04806499999999936,0,0,Not hot day,10.216374729166667,84.40628920833333,3.578397229166667,1012.5466870833334,3.2739639313,0.5,0.5,1,coastal,19.5728,170988,873744.5671999999,873599.0,Bondi Beach - North Bondi,23849,9692.7,2.5,"ABS Regional Population 2019-20, SA2 proxy",7,0
2020-07-14,Bondi,15.573944,13.001068,2.572875999999999,2020-07-14 18:00:00,2020-07-15 05:00:00,14.606232,13.514923,11.0,11.0,0.09920990909090915,0,0,Not hot day,11.200185249999999,81.05575058333334,12.270911458333332,1011.6036349999999,14.420509288,0.5,0.5,1,coastal,19.5728,170988,873744.5671999999,873599.0,Bondi Beach - North Bondi,23849,9692.7,2.5,"ABS Regional Population 2019-20, SA2 proxy",7,0
2020-07-15,Bondi,14.544647,13.205048,1.3395989999999998,2020-07-15 18:00:00,2020-07-16 05:00:00,14.321869,12.952911,11.0,11.0,0.1244507272727272,0,0,Not hot day,9.981577541666667,77.37503770833334,11.413017041666668,1012.2318645833334,7.071971912,0.5,0.5,1,coastal,19.5728,170988,873744.5671999999,873599.0,Bondi Beach - North Bondi,23849,9692.7,2.5,"ABS Regional Population 2019-20, SA2 proxy",7,0
2020-07-16,Bondi,14.774231,12.894836,1.8793950000000006,2020-07-16 18:00:00,2020-07-16 22:00:00,14.16391,13.700989,4.0,11.0,0.11573024999999992,0,0,Not hot day,9.280863395833334,74.325965625,10.409393729166666,1011.8573608333332,1.6698837373,0.5,0.5,1,coastal,19.5728,170988,873744.5671999999,873599.0,Bondi Beach - North Bondi,23849,9692.7,2.5,"ABS Regional Population 2019-20, SA2 proxy",7,0
2020-07-17,Bondi,15.1145935,13.787872,1.3267214999999997,2020-07-17 18:00:00,2020-07-18 02:00:00,14.599823,14.185699,8.0,11.0,0.05176550000000013,0,0,Not hot day,10.60800425,78.26312016666667,9.058035245833333,1014.8812020833334,2.9020309345,0.5,0.5,1,coastal,19.5728,170988,873744.5671999999,873599.0,Bondi Beach - North Bondi,23849,9692.7,2.5,"ABS Regional Population 2019-20, SA2 proxy",7,0
2020-07-18,Bondi,15.612213,14.15744,1.4547730000000012,2020-07-18 18:00:00,2020-07-19 05:00:00,14.926849,12.634613,11.0,11.0,0.208385090909091,0,0,Not hot day,8.6495298,67.02391874999999,3.453926419583333,1015.7841308333333,0.16403198260000001,0.5,0.5,1,coastal,19.5728,170988,873744.5671999999,873599.0,Bondi Beach - North Bondi,23849,9692.7,2.5,"ABS Regional Population 2019-20, SA2 proxy",7,0
2020-07-19,Bondi,17.953583,11.517548,6.436034999999999,2020-07-19 18:00:00,2020-07-20 05:00:00,17.2807,13.516205,11.0,11.0,0.3422268181818182,0,0,Not hot day,9.480384833333334,72.566273125,4.206962529166667,1011.01755125,0.0,0.5,0.5,1,coastal,19.5728,170988,873744.5671999999,873599.0,Bondi Beach - North Bondi,23849,9692.7,2.5,"ABS Regional Population 2019-20, SA2 proxy",7,0
2020-07-20,Bondi,16.079498,11.966766,4.112732000000001,2020-07-20 18:00:00,2020-07-21 01:00:00,14.582184,11.625946,7.0,11.0,0.42231971428571413,0,0,Not hot day,5.10573065,56.29808491666666,5.871727745833333,1013.0348866666667,0.0,0.5,0.5,1,coastal,19.5728,170988,873744.5671999999,873599.0,Bondi Beach - North Bondi,23849,9692.7,2.5,"ABS Regional Population 2019-20, SA2 proxy",7,0
2020-07-21,Bondi,15.031342,11.625946,3.4053959999999996,2020-07-21 18:00:00,2020-07-22 05:00:00,13.823608,12.254425,11.0,11.0,0.14265300000000006,0,0,Not hot day,6.9337514125,65.97121591666667,5.969234841666666,1020.8477620833334,0.0143051147,0.5,0.5,1,coastal,19.5728,170988,873744.5671999999,873599.0,Bondi Beach - North Bondi,23849,9692.7,2.5,"ABS Regional Population 2019-20, SA2 proxy",7,0
2020-07-22,Bondi,15.748596,11.873627,3.8749689999999983,2020-07-22 18:00:00,2020-07-23 05:00:00,15.028229,11.942841,11.0,11.0,0.2804898181818182,0,0,Not hot day,8.1929258375,69.59327020833334,3.155455304166667,1021.35739,0.0023841858,0.5,0.5,1,coastal,19.5728,170988,873744.5671999999,873599.0,Bondi Beach - North Bondi,23849,9692.7,2.5,"ABS Regional Population 2019-20, SA2 proxy",7,0
2020-07-23,Bondi,15.817261,11.253204,4.564057,2020-07-23 18:00:00,2020-07-24 05:00:00,14.928101,11.618622,11.0,11.0,0.30086172727272725,0,0,Not hot day,9.6664835,76.97499845833333,2.053162625,1020.3556866666667,0.0,0.5,0.5,1,coastal,19.5728,170988,873744.5671999999,873599.0,Bondi Beach - North Bondi,23849,9692.7,2.5,"ABS Regional Population 2019-20, SA2 proxy",7,0
2020-07-24,Bondi,15.872772,10.979919,4.892852999999999,2020-07-24 18:00:00,2020-07-25 05:00:00,15.454498,11.960175,11.0,11.0,0.31766572727272724,0,0,Not hot day,11.299355770833335,85.08315604166667,2.5436447891666667,1021.3752108333333,0.0061988830000000005,0.5,0.5,1,coastal,19.5728,170988,873744.5671999999,873599.0,Bondi Beach - North Bondi,23849,9692.7,2.5,"ABS Regional Population 2019-20, SA2 proxy",7,0
2020-07-25,Bondi,16.557404,11.142242,5.415161999999999,2020-07-25 18:00:00,2020-07-26 05:00:00,16.557404,14.692871,11.0,11.0,0.16950299999999982,0,0,Not hot day,11.8494174375,84.28214845833334,2.74846149625,1019.8676425,1.17206572656,0.5,0.5,1,coastal,19.5728,170988,873744.5671999999,873599.0,Bondi Beach - North Bondi,23849,9692.7,2.5,"ABS Regional Population 2019-20, SA2 proxy",7,0
2020-07-26,Bondi,16.942719,14.692871,2.249848,2020-07-26 18:00:00,2020-07-27 05:00:00,16.942657,16.491913,11.0,11.0,0.0409767272727273,0,0,Not hot day,14.129296645833334,88.83446975,4.50496724625,1009.68998,62.4585149885,0.5,0.5,1,coastal,19.5728,170988,873744.5671999999,873599.0,Bondi Beach - North Bondi,23849,9692.7,2.5,"ABS Regional Population 2019-20, SA2 proxy",7,0
2020-07-27,Bondi,16.90091,14.168549,2.732360999999999,2020-07-27 18:00:00,2020-07-27 22:00:00,14.723419,14.168549,4.0,11.0,0.13871749999999983,0,0,Not hot day,14.046797416666665,89.113768,6.708526545833333,994.02072125,20.47491073,0.5,0.5,1,coastal,19.5728,170988,873744.5671999999,873599.0,Bondi Beach - North Bondi,23849,9692.7,2.5,"ABS Regional Population 2019-20, SA2 proxy",7,0
2020-07-28,Bondi,16.467438,14.871246,1.596192000000002,2020-07-28 18:00:00,2020-07-29 05:00:00,16.12851,14.125092,11.0,11.0,0.18212890909090892,0,0,Not hot day,13.046066208333334,83.788254375,8.405810883333332,1003.3343370833333,10.20240782696,0.5,0.5,1,coastal,19.5728,170988,873744.5671999999,873599.0,Bondi Beach - North Bondi,23849,9692.7,2.5,"ABS Regional Population 2019-20, SA2 proxy",7,0
2020-07-29,Bondi,16.692108,14.125092,2.5670160000000006,2020-07-29 18:00:00,2020-07-30 05:00:00,15.525909,13.674988,11.0,11.0,0.16826554545454542,0,0,Not hot day,10.563599979166666,73.43744991666667,5.173107783333333,1011.3058979166667,0.2293586798,0.5,0.5,1,coastal,19.5728,170988,873744.5671999999,873599.0,Bondi Beach - North Bondi,23849,9692.7,2.5,"ABS Regional Population 2019-20, SA2 proxy",7,0
2020-07-30,Bondi,15.690094,13.310822,2.3792720000000003,2020-07-30 18:00:00,2020-07-31 05:00:00,14.987091,12.983978,11.0,11.0,0.18210118181818172,0,0,Not hot day,9.948555033333333,74.08577058333333,6.6721498624999995,1018.0038145833333,0.05054473832,0.5,0.5,1,coastal,19.5728,170988,873744.5671999999,873599.0,Bondi Beach - North Bondi,23849,9692.7,2.5,"ABS Regional Population 2019-20, SA2 proxy",7,0
2020-07-31,Bondi,14.611328,12.743713,1.8676150000000007,2020-07-31 18:00:00,2020-08-01 05:00:00,13.865997,11.781036,11.0,11.0,0.18954190909090907,0,0,Not hot day,7.832763670833334,67.95454945833333,4.738379014583333,1022.41529,0.0014305115,0.5,0.5,1,coastal,19.5728,170988,873744.5671999999,873599.0,Bondi Beach - North Bondi,23849,9692.7,2.5,"ABS Regional Population 2019-20, SA2 proxy",7,0
2020-08-01,Bondi,16.203583,11.264923,4.938659999999999,2020-08-01 18:00:00,2020-08-02 05:00:00,15.250519,11.705231,11.0,11.0,0.3222989090909092,0,0,Not hot day,9.2432963625,74.82359158333334,3.0600747333333334,1020.4021320833334,0.0,0.5,0.5,1,coastal,19.5728,170988,873744.5671999999,873599.0,Bondi Beach - North Bondi,23849,9692.7,2.5,"ABS Regional Population 2019-20, SA2 proxy",8,0
2020-08-02,Bondi,15.917755,11.1979065,4.7198484999999994,2020-08-02 18:00:00,2020-08-03 05:00:00,15.278687,11.712494,11.0,11.0,0.32419936363636365,0,0,Not hot day,8.8700789875,73.47378166666667,2.3515707883333334,1018.8043899999999,0.0,0.5,0.5,1,coastal,19.5728,170988,873744.5671999999,873599.0,Bondi Beach - North Bondi,23849,9692.7,2.5,"ABS Regional Population 2019-20, SA2 proxy",8,0
2020-08-03,Bondi,17.740509,10.619659,7.120849999999999,2020-08-03 18:00:00,2020-08-04 05:00:00,17.13272,11.369415,11.0,11.0,0.5239368181818181,0,0,Not hot day,9.271114420833333,72.36895033333333,2.9770902375,1012.8332783333334,0.0,0.5,0.5,1,coastal,19.5728,170988,873744.5671999999,873599.0,Bondi Beach - North Bondi,23849,9692.7,2.5,"ABS Regional Population 2019-20, SA2 proxy",8,0
2020-08-04,Bondi,19.040863,11.070557,7.970306000000001,2020-08-04 18:00:00,2020-08-05 05:00:00,17.018158,9.489655,11.0,11.0,0.6844093636363635,0,0,Not hot day,7.413352995833333,64.17733079166666,5.29598025,1006.5385016666668,0.0,0.5,0.5,1,coastal,19.5728,170988,873744.5671999999,873599.0,Bondi Beach - North Bondi,23849,9692.7,2.5,"ABS Regional Population 2019-20, SA2 proxy",8,0
2020-08-05,Bondi,15.225861,9.1319275,6.0939335,2020-08-05 18:00:00,2020-08-06 05:00:00,13.660492,9.550262,11.0,11.0,0.37365727272727267,0,0,Not hot day,2.075255075,53.02164591666667,7.1577663708333334,1008.2215737500001,0.0,0.5,0.5,1,coastal,19.5728,170988,873744.5671999999,873599.0,Bondi Beach - North Bondi,23849,9692.7,2.5,"ABS Regional Population 2019-20, SA2 proxy",8,0
2020-08-06,Bondi,13.477142,9.243988,4.233154000000001,2020-08-06 18:00:00,2020-08-06 19:00:00,12.628845,12.379364,1.0,11.0,0.2494809999999994,0,0,Not hot day,3.3875757875,57.7245955,5.504688241666667,1013.6134775,0.0009536743,0.5,0.5,1,coastal,19.5728,170988,873744.5671999999,873599.0,Bondi Beach - North Bondi,23849,9692.7,2.5,"ABS Regional Population 2019-20, SA2 proxy",8,0
2020-08-07,Bondi,14.79483,12.609619,2.185210999999999,2020-08-07 18:00:00,2020-08-08 05:00:00,14.56897,13.8559265,11.0,11.0,0.06482213636363632,0,0,Not hot day,10.403180441666667,80.9676525,4.862130116666667,1014.9854637499999,20.3123092426,0.5,0.5,1,coastal,19.5728,170988,873744.5671999999,873599.0,Bondi Beach - North Bondi,23849,9692.7,2.5,"ABS Regional Population 2019-20, SA2 proxy",8,0
2020-08-08,Bondi,15.1987,12.700806,2.4978940000000005,2020-08-08 18:00:00,2020-08-09 05:00:00,14.213989,10.860565,11.0,11.0,0.30485672727272733,0,0,Not hot day,11.873153625,85.20616041666666,3.22970305,1007.8707120833333,4.7731399545999995,0.5,0.5,1,coastal,19.5728,170988,873744.5671999999,873599.0,Bondi Beach - North Bondi,23849,9692.7,2.5,"ABS Regional Population 2019-20, SA2 proxy",8,0
2020-08-09,Bondi,15.320068,10.83493,4.485137999999999,2020-08-09 18:00:00,2020-08-09 19:00:00,12.984894,12.939545,1.0,11.0,0.04534899999999986,0,0,Not hot day,8.993204770833334,79.08875970833333,6.854584466666666,1004.2437216666667,23.15378185026,0.5,0.5,1,coastal,19.5728,170988,873744.5671999999,873599.0,Bondi Beach - North Bondi,23849,9692.7,2.5,"ABS Regional Population 2019-20, SA2 proxy",8,0
2020-08-10,Bondi,14.957825,13.844482,1.1133430000000004,2020-08-10 18:00:00,2020-08-11 05:00:00,14.304962,13.627045,11.0,11.0,0.06162881818181809,0,0,Not hot day,9.950510770833334,74.73375729166666,10.538432420833333,1010.9224833333333,10.070800787,0.5,0.5,1,coastal,19.5728,170988,873744.5671999999,873599.0,Bondi Beach - North Bondi,23849,9692.7,2.5,"ABS Regional Population 2019-20, SA2 proxy",8,0
2020-08-11,Bondi,15.250641,13.497589,1.7530520000000003,2020-08-11 18:00:00,2020-08-12 05:00:00,14.80957,13.322418,11.0,11.0,0.13519563636363638,0,0,Not hot day,8.053436254166668,66.08961070833332,3.7685352125,1015.0087741666666,0.2522468612,0.5,0.5,1,coastal,19.5728,170988,873744.5671999999,873599.0,Bondi Beach - North Bondi,23849,9692.7,2.5,"ABS Regional Population 2019-20, SA2 proxy",8,0
2020-08-12,Bondi,16.890472,13.265472,3.6249999999999982,2020-08-12 18:00:00,2020-08-13 05:00:00,16.207184,11.857574,11.0,11.0,0.3954190909090911,0,0,Not hot day,11.555564833333333,80.88130216666667,3.679664079166667,1010.0813858333332,0.9984969833,0.5,0.5,1,coastal,19.5728,170988,873744.5671999999,873599.0,Bondi Beach - North Bondi,23849,9692.7,2.5,"ABS Regional Population 2019-20, SA2 proxy",8,0
2020-08-13,Bondi,18.149353,11.373871,6.775482000000002,2020-08-13 18:00:00,2020-08-14 05:00:00,16.550323,14.1267395,11.0,11.0,0.2203257727272727,0,0,Not hot day,11.6079649375,81.19868162499999,2.61234344,1008.6788766666667,0.0205039976,0.5,0.5,1,coastal,19.5728,170988,873744.5671999999,873599.0,Bondi Beach - North Bondi,23849,9692.7,2.5,"ABS Regional Population 2019-20, SA2 proxy",8,0
2020-08-14,Bondi,16.893707,13.891205,3.002502,2020-08-14 18:00:00,2020-08-15 05:00:00,15.67218,13.860931,11.0,11.0,0.164659,0,0,Not hot day,12.658927875000002,83.48604166666667,1.7531113683333333,1009.3816104166667,6.165504417759999,0.5,0.5,1,coastal,19.5728,170988,873744.5671999999,873599.0,Bondi Beach - North Bondi,23849,9692.7,2.5,"ABS Regional Population 2019-20, SA2 proxy",8,0
2020-08-15,Bondi,16.87915,13.742065,3.137084999999999,2020-08-15 18:00:00,2020-08-16 01:00:00,16.197693,13.847534,7.0,11.0,0.33573700000000023,0,0,Not hot day,10.588007479166667,75.11952325,4.759248539166666,1001.8435395833334,4.7845841036,0.5,0.5,1,coastal,19.5728,170988,873744.5671999999,873599.0,Bondi Beach - North Bondi,23849,9692.7,2.5,"ABS Regional Population 2019-20, SA2 proxy",8,0
2020-08-16,Bondi,17.29599,13.847534,3.448456,2020-08-16 18:00:00,2020-08-17 05:00:00,15.905792,13.42453,11.0,11.0,0.22556927272727265,0,0,Not hot day,8.362843795833333,64.31425395833334,7.076811283333334,1001.0168641666668,1.21545792,0.5,0.5,1,coastal,19.5728,170988,873744.5671999999,873599.0,Bondi Beach - North Bondi,23849,9692.7,2.5,"ABS Regional Population 2019-20, SA2 proxy",8,0
2020-08-17,Bondi,17.870636,13.385345,4.485291000000002,2020-08-17 18:00:00,2020-08-18 05:00:00,16.275574,12.39151,11.0,11.0,0.3530967272727272,0,0,Not hot day,7.398159016666667,60.3499265,6.717221029166667,1002.4890879166666,0.0,0.5,0.5,1,coastal,19.5728,170988,873744.5671999999,873599.0,Bondi Beach - North Bondi,23849,9692.7,2.5,"ABS Regional Population 2019-20, SA2 proxy",8,0
2020-08-18,Bondi,18.900024,12.242432,6.6575919999999975,2020-08-18 18:00:00,2020-08-19 05:00:00,17.741669,13.310638,11.0,11.0,0.4028210000000001,0,0,Not hot day,8.679393804166667,65.49157520833333,4.707955470833333,999.8200350000001,3.27777863306,0.5,0.5,1,coastal,19.5728,170988,873744.5671999999,873599.0,Bondi Beach - North Bondi,23849,9692.7,2.5,"ABS Regional Population 2019-20, SA2 proxy",8,0
2020-08-19,Bondi,17.872772,12.907074,4.9656980000000015,2020-08-19 18:00:00,2020-08-20 05:00:00,15.070404,12.555389,11.0,11.0,0.22863772727272727,0,0,Not hot day,7.9546864375,63.955497625,6.7912809958333336,991.5839220833333,0.2074241604,0.5,0.5,1,coastal,19.5728,170988,873744.5671999999,873599.0,Bondi Beach - North Bondi,23849,9692.7,2.5,"ABS Regional Population 2019-20, SA2 proxy",8,0
2020-08-20,Bondi,16.244629,12.394867,3.849762,2020-08-20 18:00:00,2020-08-21 05:00:00,14.671631,11.988922,11.0,11.0,0.24388263636363627,0,0,Not hot day,5.571833295833334,57.55525125,7.9246499125000005,996.6037083333334,0.0,0.5,0.5,1,coastal,19.5728,170988,873744.5671999999,873599.0,Bondi Beach - North Bondi,23849,9692.7,2.5,"ABS Regional Population 2019-20, SA2 proxy",8,0
2020-08-21,Bondi,16.710938,11.96283,4.748107999999998,2020-08-21 18:00:00,2020-08-22 05:00:00,15.195038,11.144775,11.0,11.0,0.3682057272727274,0,0,Not hot day,5.934276595833334,59.52119495833333,6.7263062666666675,1000.97646,0.33617019502,0.5,0.5,1,coastal,19.5728,170988,873744.5671999999,873599.0,Bondi Beach - North Bondi,23849,9692.7,2.5,"ABS Regional Population 2019-20, SA2 proxy",8,0
2020-08-22,Bondi,12.9626465,10.454376,2.5082705,2020-08-22 18:00:00,2020-08-23 05:00:00,11.6927185,10.89679,11.0,11.0,0.0723571363636364,0,0,Not hot day,4.3816273875,61.114699916666666,8.104428041666667,999.5586858333332,0.81014632492,0.5,0.5,1,coastal,19.5728,170988,873744.5671999999,873599.0,Bondi Beach - North Bondi,23849,9692.7,2.5,"ABS Regional Population 2019-20, SA2 proxy",8,0
2020-08-23,Bondi,15.263092,10.711792,4.5512999999999995,2020-08-23 18:00:00,2020-08-24 05:00:00,13.196106,10.699158,11.0,11.0,0.2269952727272727,0,0,Not hot day,4.319662725,57.93832233333333,9.489234762499999,1002.4048666666666,0.315666194,0.5,0.5,1,coastal,19.5728,170988,873744.5671999999,873599.0,Bondi Beach - North Bondi,23849,9692.7,2.5,"ABS Regional Population 2019-20, SA2 proxy",8,0
2020-08-24,Bondi,15.255463,10.152863,5.102600000000001,2020-08-24 18:00:00,2020-08-25 05:00:00,14.106659,9.9270935,11.0,11.0,0.3799605000000001,0,0,Not hot day,3.9021021416666666,56.676782333333335,5.909032766666667,1013.5372954166668,0.029563904,0.5,0.5,1,coastal,19.5728,170988,873744.5671999999,873599.0,Bondi Beach - North Bondi,23849,9692.7,2.5,"ABS Regional Population 2019-20, SA2 proxy",8,0
2020-08-25,Bondi,13.190216,9.806793,3.3834229999999987,2020-08-25 18:00:00,2020-08-26 05:00:00,12.767548,10.371429,11.0,11.0,0.21782900000000005,0,0,Not hot day,6.015083320833334,68.44596316666667,4.2255182583333335,1021.3900620833333,0.136375426,0.5,0.5,1,coastal,19.5728,170988,873744.5671999999,873599.0,Bondi Beach - North Bondi,23849,9692.7,2.5,"ABS Regional Population 2019-20, SA2 proxy",8,0
2020-08-26,Bondi,14.936798,9.798584,5.138214,2020-08-26 18:00:00,2020-08-27 05:00:00,14.262909,10.976776,11.0,11.0,0.2987393636363638,0,0,Not hot day,6.481444033333333,66.60651304166667,3.1799932933333337,1023.3791033333333,0.041007996000000005,0.5,0.5,1,coastal,19.5728,170988,873744.5671999999,873599.0,Bondi Beach - North Bondi,23849,9692.7,2.5,"ABS Regional Population 2019-20, SA2 proxy",8,0
2020-08-27,Bondi,17.658722,10.354675,7.304047000000001,2020-08-27 18:00:00,2020-08-28 05:00:00,16.832886,13.057312,11.0,11.0,0.3432339999999999,0,0,Not hot day,6.645041129166667,63.31774991666666,3.3760475125,1018.7733841666667,0.0,0.5,0.5,1,coastal,19.5728,170988,873744.5671999999,873599.0,Bondi Beach - North Bondi,23849,9692.7,2.5,"ABS Regional Population 2019-20, SA2 proxy",8,0
2020-08-28,Bondi,15.125153,12.920288,2.204865,2020-08-28 18:00:00,2020-08-29 05:00:00,14.38327,11.510925,11.0,11.0,0.2611222727272727,0,0,Not hot day,5.256716458333334,56.275594291666664,4.891102345833334,1019.1129008333334,0.0,0.5,0.5,1,coastal,19.5728,170988,873744.5671999999,873599.0,Bondi Beach - North Bondi,23849,9692.7,2.5,"ABS Regional Population 2019-20, SA2 proxy",8,0
2020-08-29,Bondi,17.023346,10.962463,6.0608830000000005,2020-08-29 18:00:00,2020-08-30 05:00:00,15.652313,12.756622,11.0,11.0,0.2632446363636363,0,0,Not hot day,8.176402995833334,68.14513066666667,3.8534923875,1023.7105866666666,0.0,0.5,0.5,1,coastal,19.5728,170988,873744.5671999999,873599.0,Bondi Beach - North Bondi,23849,9692.7,2.5,"ABS Regional Population 2019-20, SA2 proxy",8,0
2020-08-30,Bondi,19.450958,12.0060425,7.4449155000000005,2020-08-30 18:00:00,2020-08-31 05:00:00,18.954468,14.807526,11.0,11.0,0.3769947272727272,0,0,Not hot day,10.432336104166668,70.36918945833334,4.9707207166666665,1017.4324279166667,0.0,0.5,0.5,1,coastal,19.5728,170988,873744.5671999999,873599.0,Bondi Beach - North Bondi,23849,9692.7,2.5,"ABS Regional Population 2019-20, SA2 proxy",8,0
2020-08-31,Bondi,17.968536,13.934601,4.033935,2020-08-31 18:00:00,2020-09-01 05:00:00,14.45871,12.953796,11.0,11.0,0.1368103636363636,0,0,Not hot day,9.352378816666667,68.42394424999999,6.749655316666666,1013.7443629166668,0.17452239915999998,0.5,0.5,1,coastal,19.5728,170988,873744.5671999999,873599.0,Bondi Beach - North Bondi,23849,9692.7,2.5,"ABS Regional Population 2019-20, SA2 proxy",8,0
2020-09-01,Bondi,15.034515,12.675446,2.359069,2020-09-01 18:00:00,2020-09-02 05:00:00,14.368103,12.963348,11.0,11.0,0.12770499999999999,0,0,Not hot day,7.287493349999999,64.282637375,4.75967675,1018.2857566666667,0.0476837149,0.5,0.5,1,coastal,19.5728,170988,873744.5671999999,873599.0,Bondi Beach - North Bondi,23849,9692.7,2.5,"ABS Regional Population 2019-20, SA2 proxy",9,0
2020-09-02,Bondi,19.439362,12.441071,6.998290999999998,2020-09-02 18:00:00,2020-09-03 05:00:00,18.691559,15.821533,11.0,11.0,0.26091145454545467,0,0,Not hot day,10.635951916666667,71.73794091666666,5.195972104166667,1014.3945491666667,0.0,0.5,0.5,1,coastal,19.5728,170988,873744.5671999999,873599.0,Bondi Beach - North Bondi,23849,9692.7,2.5,"ABS Regional Population 2019-20, SA2 proxy",9,0
2020-09-03,Bondi,23.541656,15.821533,7.720122999999999,2020-09-03 18:00:00,2020-09-04 05:00:00,21.947723,17.126678,11.0,11.0,0.43827681818181835,0,0,Not hot day,11.635045312499999,60.699459958333335,6.288594754166667,1010.4324208333334,0.0,0.5,0.5,1,coastal,19.5728,170988,873744.5671999999,873599.0,Bondi Beach - North Bondi,23849,9692.7,2.5,"ABS Regional Population 2019-20, SA2 proxy",9,0
2020-09-04,Bondi,18.75824,15.98584,2.772400000000001,2020-09-04 18:00:00,2020-09-05 05:00:00,16.772614,13.655243,11.0,11.0,0.28339736363636364,0,0,Not hot day,13.2515983125,78.64090245833333,3.4368897041666666,1010.6839841666666,5.61809543916,0.5,0.5,1,coastal,19.5728,170988,873744.5671999999,873599.0,Bondi Beach - North Bondi,23849,9692.7,2.5,"ABS Regional Population 2019-20, SA2 proxy",9,0
2020-09-05,Bondi,17.868134,13.655243,4.212891000000001,2020-09-05 18:00:00,2020-09-06 05:00:00,15.926331,14.033356,11.0,11.0,0.17208863636363636,0,0,Not hot day,10.311824825,72.10619762500001,3.9539984166666664,1012.66715375,0.8392334242999999,0.5,0.5,1,coastal,19.5728,170988,873744.5671999999,873599.0,Bondi Beach - North Bondi,23849,9692.7,2.5,"ABS Regional Population 2019-20, SA2 proxy",9,0
2020-09-06,Bondi,16.57724,13.825623,2.7516169999999995,2020-09-06 18:00:00,2020-09-07 05:00:00,15.977142,15.057343,11.0,11.0,0.08361809090909102,0,0,Not hot day,10.41266,72.21831458333334,4.025675970833333,1022.6393833333333,0.747680665,0.5,0.5,1,coastal,19.5728,170988,873744.5671999999,873599.0,Bondi Beach - North Bondi,23849,9692.7,2.5,"ABS Regional Population 2019-20, SA2 proxy",9,0
2020-09-07,Bondi,17.772583,14.965973,2.806610000000001,2020-09-07 18:00:00,2020-09-08 05:00:00,16.885223,14.215942,11.0,11.0,0.24266190909090907,0,0,Not hot day,11.402024604166668,72.26591279166666,5.2873549791666665,1025.6673083333333,0.0,0.5,0.5,1,coastal,19.5728,170988,873744.5671999999,873599.0,Bondi Beach - North Bondi,23849,9692.7,2.5,"ABS Regional Population 2019-20, SA2 proxy",9,0
2020-09-08,Bondi,18.539337,14.215942,4.323395,2020-09-08 18:00:00,2020-09-09 03:00:00,17.951202,16.321198,9.0,11.0,0.1811115555555555,0,0,Not hot day,12.5120595,76.90666766666666,5.473787833333333,1022.6175679166666,0.0,0.5,0.5,1,coastal,19.5728,170988,873744.5671999999,873599.0,Bondi Beach - North Bondi,23849,9692.7,2.5,"ABS Regional Population 2019-20, SA2 proxy",9,0
2020-09-09,Bondi,16.789703,13.77359,3.016112999999999,2020-09-09 18:00:00,2020-09-09 20:00:00,14.217834,13.77359,2.0,11.0,0.2221219999999997,0,0,Not hot day,12.483567416666666,83.79185204166667,6.726112795833333,1021.8912354166667,14.17064663,0.5,0.5,1,coastal,19.5728,170988,873744.5671999999,873599.0,Bondi Beach - North Bondi,23849,9692.7,2.5,"ABS Regional Population 2019-20, SA2 proxy",9,0
2020-09-10,Bondi,15.65979,14.089508,1.5702819999999988,2020-09-10 18:00:00,2020-09-11 04:00:00,15.512238,14.204254,10.0,11.0,0.13079839999999993,0,0,Not hot day,8.645550954166668,66.27511766666667,6.308675020833333,1023.67845125,1.1992454478,0.5,0.5,1,coastal,19.5728,170988,873744.5671999999,873599.0,Bondi Beach - North Bondi,23849,9692.7,2.5,"ABS Regional Population 2019-20, SA2 proxy",9,0
2020-09-11,Bondi,16.746002,14.204254,2.541748,2020-09-11 18:00:00,2020-09-12 05:00:00,15.999573,13.399872,11.0,11.0,0.23633645454545452,0,0,Not hot day,9.687848408333332,68.669061875,4.516231183333333,1025.236825,0.10156631176,0.5,0.5,1,coastal,19.5728,170988,873744.5671999999,873599.0,Bondi Beach - North Bondi,23849,9692.7,2.5,"ABS Regional Population 2019-20, SA2 proxy",9,0
2020-09-12,Bondi,17.879639,13.34845,4.531189000000001,2020-09-12 18:00:00,2020-09-13 05:00:00,17.13498,13.922455,11.0,11.0,0.2920477272727272,0,0,Not hot day,11.895100937499999,78.08966208333334,5.086054079166667,1021.5159633333333,0.0047683716,0.5,0.5,1,coastal,19.5728,170988,873744.5671999999,873599.0,Bondi Beach - North Bondi,23849,9692.7,2.5,"ABS Regional Population 2019-20, SA2 proxy",9,0
2020-09-13,Bondi,19.389313,13.617462,5.771851000000002,2020-09-13 18:00:00,2020-09-14 05:00:00,18.59909,14.248322,11.0,11.0,0.3955243636363637,0,0,Not hot day,12.012463979166666,74.03498900000001,3.5065599375,1017.3969245833333,0.0042915344,0.5,0.5,1,coastal,19.5728,170988,873744.5671999999,873599.0,Bondi Beach - North Bondi,23849,9692.7,2.5,"ABS Regional Population 2019-20, SA2 proxy",9,0
2020-09-14,Bondi,17.542267,14.200531,3.341735999999999,2020-09-14 18:00:00,2020-09-15 05:00:00,16.330078,15.639893,11.0,11.0,0.06274409090909087,0,0,Not hot day,12.349597791666667,79.15288379166667,3.466350333333333,1019.5736183333333,0.00238418582,0.5,0.5,1,coastal,19.5728,170988,873744.5671999999,873599.0,Bondi Beach - North Bondi,23849,9692.7,2.5,"ABS Regional Population 2019-20, SA2 proxy",9,0
2020-09-15,Bondi,18.334015,15.635956,2.6980590000000007,2020-09-15 18:00:00,2020-09-16 05:00:00,17.482574,15.521423,11.0,11.0,0.17828645454545447,0,0,Not hot day,13.779439291666668,81.921167125,4.49720328875,1022.25118875,1.728534708,0.5,0.5,1,coastal,19.5728,170988,873744.5671999999,873599.0,Bondi Beach - North Bondi,23849,9692.7,2.5,"ABS Regional Population 2019-20, SA2 proxy",9,0
2020-09-16,Bondi,19.97293,15.29361,4.679320000000002,2020-09-16 18:00:00,2020-09-17 05:00:00,19.596436,15.77243,11.0,11.0,0.34763690909090916,0,0,Not hot day,14.156050395833333,80.08865166666666,4.9522081125,1017.27077125,0.0,0.5,0.5,1,coastal,19.5728,170988,873744.5671999999,873599.0,Bondi Beach - North Bondi,23849,9692.7,2.5,"ABS Regional Population 2019-20, SA2 proxy",9,0
2020-09-17,Bondi,22.488007,15.77243,6.715577,2020-09-17 18:00:00,2020-09-18 05:00:00,16.386871,15.479675,11.0,11.0,0.08247236363636355,0,0,Not hot day,13.269446,74.17016933333333,5.307918479166667,1017.6301129166667,0.2822875991,0.5,0.5,1,coastal,19.5728,170988,873744.5671999999,873599.0,Bondi Beach - North Bondi,23849,9692.7,2.5,"ABS Regional Population 2019-20, SA2 proxy",9,0
2020-09-18,Bondi,16.92453,15.479675,1.4448550000000004,2020-09-18 18:00:00,2020-09-18 18:00:00,16.688995,16.688995,0.0,11.0,0.0,0,0,Not hot day,13.593316375,84.28065875,3.91853225,1025.42191875,3.1328201189,0.5,0.5,1,coastal,19.5728,170988,873744.5671999999,873599.0,Bondi Beach - North Bondi,23849,9692.7,2.5,"ABS Regional Population 2019-20, SA2 proxy",9,0
2020-09-19,Bondi,18.527618,16.73935,1.7882679999999986,2020-09-19 18:00:00,2020-09-20 05:00:00,18.272614,17.692444,11.0,11.0,0.0527427272727275,0,0,Not hot day,15.822195729166667,88.18233633333334,5.308685916666667,1019.5821920833333,2.05326081082,0.5,0.5,1,coastal,19.5728,170988,873744.5671999999,873599.0,Bondi Beach - North Bondi,23849,9692.7,2.5,"ABS Regional Population 2019-20, SA2 proxy",9,0
2020-09-20,Bondi,18.194946,16.62497,1.5699760000000005,2020-09-20 18:00:00,2020-09-21 05:00:00,17.864685,16.459015,11.0,11.0,0.12778818181818188,0,0,Not hot day,15.275077875000001,86.273107875,6.983055516666667,1009.89603,12.1674539003,0.5,0.5,1,coastal,19.5728,170988,873744.5671999999,873599.0,Bondi Beach - North Bondi,23849,9692.7,2.5,"ABS Regional Population 2019-20, SA2 proxy",9,0
2020-09-21,Bondi,22.763824,16.391998,6.371825999999999,2020-09-21 18:00:00,2020-09-22 05:00:00,22.040863,19.320099,11.0,11.0,0.24734218181818204,0,0,Not hot day,15.979136166666665,80.18616795833333,5.116435845833333,1004.6791979166666,0.10347366329999999,0.5,0.5,1,coastal,19.5728,170988,873744.5671999999,873599.0,Bondi Beach - North Bondi,23849,9692.7,2.5,"ABS Regional Population 2019-20, SA2 proxy",9,0
2020-09-22,Bondi,22.016266,18.221313,3.794953000000003,2020-09-22 18:00:00,2020-09-23 05:00:00,21.351349,16.207489,11.0,11.0,0.46762363636363635,0,0,Not hot day,11.519264249999999,59.28235170833333,4.580521575,1004.2365579166667,0.106334686,0.5,0.5,1,coastal,19.5728,170988,873744.5671999999,873599.0,Bondi Beach - North Bondi,23849,9692.7,2.5,"ABS Regional Population 2019-20, SA2 proxy",9,0
2020-09-23,Bondi,20.443542,15.61972,4.823822000000002,2020-09-23 18:00:00,2020-09-24 05:00:00,18.578186,13.46225,11.0,11.0,0.4650850909090909,0,0,Not hot day,7.491686470833333,51.303053041666665,3.5501070041666662,1006.9970875,0.9946822999999999,0.5,0.5,1,coastal,19.5728,170988,873744.5671999999,873599.0,Bondi Beach - North Bondi,23849,9692.7,2.5,"ABS Regional Population 2019-20, SA2 proxy",9,0
2020-09-24,Bondi,18.933716,13.426605,5.507111,2020-09-24 18:00:00,2020-09-25 05:00:00,17.811066,13.924561,11.0,11.0,0.3533186363636363,0,0,Not hot day,5.9346720458333335,52.076699125000005,4.76544945,1007.8920212500001,0.0014305115,0.5,0.5,1,coastal,19.5728,170988,873744.5671999999,873599.0,Bondi Beach - North Bondi,23849,9692.7,2.5,"ABS Regional Population 2019-20, SA2 proxy",9,0
2020-09-25,Bondi,19.906403,10.945221,8.961182,2020-09-25 18:00:00,2020-09-26 05:00:00,16.526276,10.930511,11.0,11.0,0.5087059090909091,0,0,Not hot day,7.2195205583333335,58.09745883333333,7.6935415875,1001.0188970833333,1.117229464,0.5,0.5,1,coastal,19.5728,170988,873744.5671999999,873599.0,Bondi Beach - North Bondi,23849,9692.7,2.5,"ABS Regional Population 2019-20, SA2 proxy",9,0
2020-09-26,Bondi,15.6753845,10.775513,4.8998715,2020-09-26 18:00:00,2020-09-27 05:00:00,14.464905,11.479462,11.0,11.0,0.2714039090909091,0,0,Not hot day,4.075705195833334,55.386315749999994,8.9910140375,1005.2043941666667,0.10681152099999999,0.5,0.5,1,coastal,19.5728,170988,873744.5671999999,873599.0,Bondi Beach - North Bondi,23849,9692.7,2.5,"ABS Regional Population 2019-20, SA2 proxy",9,0
2020-09-27,Bondi,15.131348,11.479462,3.6518859999999993,2020-09-27 18:00:00,2020-09-28 05:00:00,13.72525,12.157196,11.0,11.0,0.14255036363636364,0,0,Not hot day,5.820892337499999,60.6658445,6.6138592208333336,1016.5586970833333,0.2598762531,0.5,0.5,1,coastal,19.5728,170988,873744.5671999999,873599.0,Bondi Beach - North Bondi,23849,9692.7,2.5,"ABS Regional Population 2019-20, SA2 proxy",9,0
2020-09-28,Bondi,15.752228,12.157196,3.595032,2020-09-28 18:00:00,2020-09-29 02:00:00,15.214691,13.871674,8.0,11.0,0.16787712499999996,0,0,Not hot day,7.300108566666666,63.62665095833333,2.8785347,1021.3035799999999,0.07486343236,0.5,0.5,1,coastal,19.5728,170988,873744.5671999999,873599.0,Bondi Beach - North Bondi,23849,9692.7,2.5,"ABS Regional Population 2019-20, SA2 proxy",9,0
2020-09-29,Bondi,16.063324,13.871674,2.191650000000001,2020-09-29 18:00:00,2020-09-30 03:00:00,15.771118,14.463226,9.0,11.0,0.14532133333333322,0,0,Not hot day,9.2598406625,68.19450562499999,3.8130899583333338,1020.3736020833334,0.08106231826,0.5,0.5,1,coastal,19.5728,170988,873744.5671999999,873599.0,Bondi Beach - North Bondi,23849,9692.7,2.5,"ABS Regional Population 2019-20, SA2 proxy",9,0
2020-09-30,Bondi,18.7482,14.463226,4.284974,2020-09-30 18:00:00,2020-10-01 03:00:00,17.870667,15.3715515,9.0,11.0,0.2776795,0,0,Not hot day,11.580067958333332,73.10219545833333,5.5885215666666666,1012.2726695833334,0.011920928760000001,0.5,0.5,1,coastal,19.5728,170988,873744.5671999999,873599.0,Bondi Beach - North Bondi,23849,9692.7,2.5,"ABS Regional Population 2019-20, SA2 proxy",9,0
2020-10-01,Bondi,19.881622,15.298004,4.5836179999999995,2020-10-01 18:00:00,2020-10-02 05:00:00,15.871002,14.142456,11.0,11.0,0.1571405454545456,0,0,Not hot day,12.1403960625,74.91910870833333,4.1156116625,1010.8309962500001,2.26449966448,0.5,0.5,1,coastal,19.5728,170988,873744.5671999999,873599.0,Bondi Beach - North Bondi,23849,9692.7,2.5,"ABS Regional Population 2019-20, SA2 proxy",10,0
2020-10-02,Bondi,19.013855,13.874298,5.139557,2020-10-02 18:00:00,2020-10-03 05:00:00,18.39914,15.419708,11.0,11.0,0.27085745454545446,0,0,Not hot day,12.915959645833333,78.56671158333333,3.7201448291666668,1018.4300975,0.0,0.5,0.5,1,coastal,19.5728,170988,873744.5671999999,873599.0,Bondi Beach - North Bondi,23849,9692.7,2.5,"ABS Regional Population 2019-20, SA2 proxy",10,0
2020-10-03,Bondi,20.02475,15.226288,4.798462000000001,2020-10-03 18:00:00,2020-10-04 05:00:00,18.868622,16.571564,11.0,11.0,0.20882345454545453,0,0,Not hot day,14.624088354166666,81.47954754166666,5.532103175,1018.9521670833333,0.0,0.5,0.5,1,coastal,19.5728,170988,873744.5671999999,873599.0,Bondi Beach - North Bondi,23849,9692.7,2.5,"ABS Regional Population 2019-20, SA2 proxy",10,0
2020-10-04,Bondi,20.84613,16.294098,4.552031999999997,2020-10-04 18:00:00,2020-10-05 05:00:00,20.186798,17.294586,11.0,11.0,0.2629283636363637,0,0,Not hot day,15.312864869565217,81.29859021739131,6.403849882608696,1014.4814626086956,0.0,0.5,0.5,1,coastal,19.5728,170988,873744.5671999999,873599.0,Bondi Beach - North Bondi,23849,9692.7,2.5,"ABS Regional Population 2019-20, SA2 proxy",10,0
2020-10-05,Bondi,23.555328,17.25113,6.3041979999999995,2020-10-05 18:00:00,2020-10-06 05:00:00,21.695892,16.230072,11.0,11.0,0.4968927272727273,0,0,Not hot day,14.6212209375,71.55487133333334,5.707934664166667,1011.5289070833333,0.0009536743,0.5,0.5,1,coastal,19.5728,170988,873744.5671999999,873599.0,Bondi Beach - North Bondi,23849,9692.7,2.5,"ABS Regional Population 2019-20, SA2 proxy",10,0
2020-10-06,Bondi,17.400421,16.230072,1.1703490000000016,2020-10-06 18:00:00,2020-10-07 03:00:00,17.007202,16.82129,9.0,11.0,0.0206568888888887,0,0,Not hot day,14.506375645833332,86.302645375,6.927320791666666,1016.2324133333333,0.5288124071,0.5,0.5,1,coastal,19.5728,170988,873744.5671999999,873599.0,Bondi Beach - North Bondi,23849,9692.7,2.5,"ABS Regional Population 2019-20, SA2 proxy",10,0
2020-10-07,Bondi,18.475616,16.82129,1.6543259999999975,2020-10-07 18:00:00,2020-10-07 19:00:00,18.17221,18.05014,1.0,11.0,0.12207000000000079,0,0,Not hot day,16.084793208333334,90.51132104166668,3.0877652166666665,1014.6245508333333,1.6164779638,0.5,0.5,1,coastal,19.5728,170988,873744.5671999999,873599.0,Bondi Beach - North Bondi,23849,9692.7,2.5,"ABS Regional Population 2019-20, SA2 proxy",10,0
2020-10-08,Bondi,22.449005,17.84842,4.600584999999999,2020-10-08 18:00:00,2020-10-09 05:00:00,22.388428,16.515228,11.0,11.0,0.5339272727272728,0,0,Not hot day,15.319306666666668,76.96426754166667,4.6207602,1006.6761266666667,6.1674118027,0.5,0.5,1,coastal,19.5728,170988,873744.5671999999,873599.0,Bondi Beach - North Bondi,23849,9692.7,2.5,"ABS Regional Population 2019-20, SA2 proxy",10,0
2020-10-09,Bondi,20.320312,16.013947,4.3063649999999996,2020-10-09 18:00:00,2020-10-10 05:00:00,19.924042,14.854492,11.0,11.0,0.4608681818181818,0,0,Not hot day,8.704280825,55.22511816666667,5.762855666666667,1008.8212954166667,0.0,0.5,0.5,1,coastal,19.5728,170988,873744.5671999999,873599.0,Bondi Beach - North Bondi,23849,9692.7,2.5,"ABS Regional Population 2019-20, SA2 proxy",10,0
2020-10-10,Bondi,19.59845,14.695709,4.902740999999999,2020-10-10 18:00:00,2020-10-11 05:00:00,19.03543,15.862518,11.0,11.0,0.2884465454545456,0,0,Not hot day,9.15623605,58.89181454166667,3.929722502083333,1013.1536070833334,0.0,0.5,0.5,1,coastal,19.5728,170988,873744.5671999999,873599.0,Bondi Beach - North Bondi,23849,9692.7,2.5,"ABS Regional Population 2019-20, SA2 proxy",10,0
2020-10-11,Bondi,21.28183,15.374237,5.9075929999999985,2020-10-11 18:00:00,2020-10-12 00:00:00,19.994843,17.970093,6.0,11.0,0.33745833333333347,0,0,Not hot day,12.044310208333334,67.31925520833333,3.558289229166667,1015.4884370833333,0.0,0.5,0.5,1,coastal,19.5728,170988,873744.5671999999,873599.0,Bondi Beach - North Bondi,23849,9692.7,2.5,"ABS Regional Population 2019-20, SA2 proxy",10,0
2020-10-12,Bondi,19.549469,17.970093,1.579376,2020-10-12 18:00:00,2020-10-13 05:00:00,19.141113,17.005981,11.0,11.0,0.1941029090909093,0,0,Not hot day,15.9640809375,84.22451758333334,4.8209445749999995,1017.6681866666667,1.2784004167999998,0.5,0.5,1,coastal,19.5728,170988,873744.5671999999,873599.0,Bondi Beach - North Bondi,23849,9692.7,2.5,"ABS Regional Population 2019-20, SA2 proxy",10,0
2020-10-13,Bondi,20.606293,15.996735,4.609558000000002,2020-10-13 18:00:00,2020-10-14 05:00:00,20.203094,16.71994,11.0,11.0,0.31665036363636356,0,0,Not hot day,15.7720019375,85.58937558333334,3.9194614541666666,1017.4450241666667,0.0834465023,0.5,0.5,1,coastal,19.5728,170988,873744.5671999999,873599.0,Bondi Beach - North Bondi,23849,9692.7,2.5,"ABS Regional Population 2019-20, SA2 proxy",10,0
2020-10-14,Bondi,18.088806,16.713593,1.3752130000000022,2020-10-14 18:00:00,2020-10-15 05:00:00,17.816193,16.907867,11.0,11.0,0.0825750909090908,0,0,Not hot day,14.460113625,82.58495091666667,5.300554745833334,1020.8542691666667,0.6060600296,0.5,0.5,1,coastal,19.5728,170988,873744.5671999999,873599.0,Bondi Beach - North Bondi,23849,9692.7,2.5,"ABS Regional Population 2019-20, SA2 proxy",10,0
2020-10-15,Bondi,20.221008,16.710907,3.5101010000000024,2020-10-15 18:00:00,2020-10-15 21:00:00,20.221008,19.285889,3.0,11.0,0.3117063333333334,0,0,Not hot day,15.666229291666667,82.60234208333334,5.3150649125,1013.6755683333334,0.3666877765,0.5,0.5,1,coastal,19.5728,170988,873744.5671999999,873599.0,Bondi Beach - North Bondi,23849,9692.7,2.5,"ABS Regional Population 2019-20, SA2 proxy",10,0
2020-10-16,Bondi,19.582306,16.44754,3.134765999999999,2020-10-16 18:00:00,2020-10-16 18:00:00,16.58371,16.58371,0.0,11.0,0.0,0,0,Not hot day,14.317887583333333,81.10984575,5.839932691666667,1012.7615716666666,0.21314621079999999,0.5,0.5,1,coastal,19.5728,170988,873744.5671999999,873599.0,Bondi Beach - North Bondi,23849,9692.7,2.5,"ABS Regional Population 2019-20, SA2 proxy",10,0
2020-10-17,Bondi,20.555817,17.08963,3.4661870000000015,2020-10-17 18:00:00,2020-10-18 05:00:00,20.455963,19.086884,11.0,11.0,0.12446172727272721,0,0,Not hot day,16.016075104166667,83.72063575,5.0712635,1007.9440354166667,0.6499290417,0.5,0.5,1,coastal,19.5728,170988,873744.5671999999,873599.0,Bondi Beach - North Bondi,23849,9692.7,2.5,"ABS Regional Population 2019-20, SA2 proxy",10,0
2020-10-18,Bondi,20.01175,16.732452,3.2792980000000007,2020-10-18 18:00:00,2020-10-19 04:00:00,17.253937,16.08963,10.0,11.0,0.11643070000000008,0,0,Not hot day,15.362593375000001,81.66098879166667,3.9998934666666663,1006.1754970833334,11.466503071,0.5,0.5,1,coastal,19.5728,170988,873744.5671999999,873599.0,Bondi Beach - North Bondi,23849,9692.7,2.5,"ABS Regional Population 2019-20, SA2 proxy",10,0
2020-10-19,Bondi,17.329742,16.024445,1.3052969999999995,2020-10-19 18:00:00,2020-10-20 05:00:00,16.95462,15.7221985,11.0,11.0,0.1120383181818181,0,0,Not hot day,13.121860437499999,80.14492341666667,5.805373974999999,1012.0372066666667,1.3465881393799999,0.5,0.5,1,coastal,19.5728,170988,873744.5671999999,873599.0,Bondi Beach - North Bondi,23849,9692.7,2.5,"ABS Regional Population 2019-20, SA2 proxy",10,0
2020-10-20,Bondi,18.120758,15.7221985,2.3985594999999993,2020-10-20 18:00:00,2020-10-21 05:00:00,17.9982,16.76529,11.0,11.0,0.1120827272727273,0,0,Not hot day,13.401003520833333,78.69604804166666,3.8511603791666666,1013.5935125,2.07424164016,0.5,0.5,1,coastal,19.5728,170988,873744.5671999999,873599.0,Bondi Beach - North Bondi,23849,9692.7,2.5,"ABS Regional Population 2019-20, SA2 proxy",10,0
2020-10-21,Bondi,19.382141,16.66681,2.715330999999999,2020-10-21 18:00:00,2020-10-22 04:00:00,18.80368,17.754486,10.0,11.0,0.1049194,0,0,Not hot day,14.203617104166668,78.14991058333332,6.248223220833334,1011.0548,0.1416206344,0.5,0.5,1,coastal,19.5728,170988,873744.5671999999,873599.0,Bondi Beach - North Bondi,23849,9692.7,2.5,"ABS Regional Population 2019-20, SA2 proxy",10,0
2020-10-22,Bondi,19.942047,17.754486,2.1875609999999988,2020-10-22 18:00:00,2020-10-23 04:00:00,19.758331,18.393616,10.0,11.0,0.1364714999999997,0,0,Not hot day,16.152406083333332,84.87229020833334,3.843430258333333,1009.8585400000001,0.1554489158,0.5,0.5,1,coastal,19.5728,170988,873744.5671999999,873599.0,Bondi Beach - North Bondi,23849,9692.7,2.5,"ABS Regional Population 2019-20, SA2 proxy",10,0
2020-10-23,Bondi,20.501373,18.30655,2.1948229999999995,2020-10-23 18:00:00,2020-10-24 04:00:00,20.207794,19.181122,10.0,11.0,0.10266720000000014,0,0,Not hot day,17.192170416666666,87.18747187499999,6.009011004166666,1007.1369883333333,0.0,0.5,0.5,1,coastal,19.5728,170988,873744.5671999999,873599.0,Bondi Beach - North Bondi,23849,9692.7,2.5,"ABS Regional Population 2019-20, SA2 proxy",10,0
2020-10-24,Bondi,20.649292,19.007843,1.641448999999998,2020-10-24 18:00:00,2020-10-25 01:00:00,20.085175,15.601837,7.0,11.0,0.6404768571428571,0,0,Not hot day,18.214614916666665,90.17406466666667,5.5222730250000005,1000.1150016666667,9.778022689,0.5,0.5,1,coastal,19.5728,170988,873744.5671999999,873599.0,Bondi Beach - North Bondi,23849,9692.7,2.5,"ABS Regional Population 2019-20, SA2 proxy",10,0
2020-10-25,Bondi,16.94696,14.771393,2.175567000000001,2020-10-25 18:00:00,2020-10-25 18:00:00,15.6094055,15.6094055,0.0,11.0,0.0,0,0,Not hot day,13.143924770833332,84.85633695833333,10.702735291666668,1007.4572170833334,31.80217748,0.5,0.5,1,coastal,19.5728,170988,873744.5671999999,873599.0,Bondi Beach - North Bondi,23849,9692.7,2.5,"ABS Regional Population 2019-20, SA2 proxy",10,0
2020-10-26,Bondi,16.239624,14.76889,1.4707339999999984,2020-10-26 18:00:00,2020-10-26 18:00:00,14.829193,14.829193,0.0,11.0,0.0,0,0,Not hot day,12.316632687499999,81.82747891666666,12.690739479166666,1012.4860145833333,36.66400923,0.5,0.5,1,coastal,19.5728,170988,873744.5671999999,873599.0,Bondi Beach - North Bondi,23849,9692.7,2.5,"ABS Regional Population 2019-20, SA2 proxy",10,0
2020-10-27,Bondi,17.442657,15.358368,2.084289,2020-10-27 18:00:00,2020-10-28 04:00:00,17.358856,15.385162,10.0,11.0,0.1973694,0,0,Not hot day,12.904271458333334,79.98538574999999,7.8866252999999995,1014.2694229166667,5.63478467846,0.5,0.5,1,coastal,19.5728,170988,873744.5671999999,873599.0,Bondi Beach - North Bondi,23849,9692.7,2.5,"ABS Regional Population 2019-20, SA2 proxy",10,0
2020-10-28,Bondi,17.9346,15.385162,2.5494380000000003,2020-10-28 18:00:00,2020-10-29 05:00:00,17.9346,16.144623,11.0,11.0,0.16272518181818185,0,0,Not hot day,13.378557833333334,80.839704,3.8043156249999996,1012.979015,0.511646274,0.5,0.5,1,coastal,19.5728,170988,873744.5671999999,873599.0,Bondi Beach - North Bondi,23849,9692.7,2.5,"ABS Regional Population 2019-20, SA2 proxy",10,0
2020-10-29,Bondi,17.585052,15.966644,1.6184080000000005,2020-10-29 18:00:00,2020-10-30 05:00:00,17.453674,15.637543,11.0,11.0,0.16510281818181805,0,0,Not hot day,14.284665395833335,85.14719608333333,3.5178865041666665,1007.3594904166666,15.24257656,0.5,0.5,1,coastal,19.5728,170988,873744.5671999999,873599.0,Bondi Beach - North Bondi,23849,9692.7,2.5,"ABS Regional Population 2019-20, SA2 proxy",10,0
2020-10-30,Bondi,18.407867,15.165466,3.242400999999999,2020-10-30 18:00:00,2020-10-31 03:00:00,18.118256,17.901764,9.0,11.0,0.024054666666666533,0,0,Not hot day,14.096356666666667,83.02052941666666,2.9362806708333333,1005.4997995833334,0.27084350758,0.5,0.5,1,coastal,19.5728,170988,873744.5671999999,873599.0,Bondi Beach - North Bondi,23849,9692.7,2.5,"ABS Regional Population 2019-20, SA2 proxy",10,0
2020-10-31,Bondi,19.40982,16.207794,3.202026,2020-10-31 18:00:00,2020-11-01 03:00:00,18.468903,15.728546,9.0,11.0,0.30448411111111123,0,0,Not hot day,15.4179688125,84.43013270833333,5.073532018333333,1003.7794854166667,42.2172546449,0.5,0.5,1,coastal,19.5728,170988,873744.5671999999,873599.0,Bondi Beach - North Bondi,23849,9692.7,2.5,"ABS Regional Population 2019-20, SA2 proxy",10,0
2020-11-01,Bondi,17.543732,15.728546,1.8151859999999989,2020-11-01 18:00:00,2020-11-02 02:00:00,17.42099,16.972565,8.0,11.0,0.05605312500000004,0,0,Not hot day,14.527786166666667,86.34897479166666,9.888916433333334,1011.2099908333333,27.0576476634,0.5,0.5,1,coastal,19.5728,170988,873744.5671999999,873599.0,Bondi Beach - North Bondi,23849,9692.7,2.5,"ABS Regional Population 2019-20, SA2 proxy",11,0
2020-11-02,Bondi,18.301056,16.770935,1.5301209999999976,2020-11-02 18:00:00,2020-11-03 05:00:00,17.879517,15.818329,11.0,11.0,0.18738072727272723,0,0,Not hot day,12.2084756875,71.07935120833334,7.3240620375,1021.0549579166667,0.061035155880000004,0.5,0.5,1,coastal,19.5728,170988,873744.5671999999,873599.0,Bondi Beach - North Bondi,23849,9692.7,2.5,"ABS Regional Population 2019-20, SA2 proxy",11,0
2020-11-03,Bondi,18.157074,15.68277,2.474304000000002,2020-11-03 18:00:00,2020-11-04 05:00:00,18.119965,16.1586,11.0,11.0,0.17830590909090915,0,0,Not hot day,11.736243041666667,70.196872,3.4438721375,1019.7386845833333,0.0829696645,0.5,0.5,1,coastal,19.5728,170988,873744.5671999999,873599.0,Bondi Beach - North Bondi,23849,9692.7,2.5,"ABS Regional Population 2019-20, SA2 proxy",11,0
2020-11-04,Bondi,20.009491,16.03421,3.975280999999999,2020-11-04 18:00:00,2020-11-05 05:00:00,19.99881,18.709991,11.0,11.0,0.11716536363636365,0,0,Not hot day,13.961570729166667,75.72922458333333,5.007169495833334,1010.0996258333333,0.0,0.5,0.5,1,coastal,19.5728,170988,873744.5671999999,873599.0,Bondi Beach - North Bondi,23849,9692.7,2.5,"ABS Regional Population 2019-20, SA2 proxy",11,0
2020-11-05,Bondi,20.174774,15.1596985,5.0150755,2020-11-05 18:00:00,2020-11-06 00:00:00,15.56012,14.859009,6.0,11.0,0.1168518333333332,0,0,Not hot day,14.3088303125,85.64016870833332,9.396837016666668,1005.38356625,13.4720802705,0.5,0.5,1,coastal,19.5728,170988,873744.5671999999,873599.0,Bondi Beach - North Bondi,23849,9692.7,2.5,"ABS Regional Population 2019-20, SA2 proxy",11,0
2020-11-06,Bondi,17.29892,14.859009,2.4399109999999986,2020-11-06 18:00:00,2020-11-07 05:00:00,17.29892,15.95639,11.0,11.0,0.12204818181818165,0,0,Not hot day,11.272116333333335,72.76012945833334,8.308066483333333,1012.1747783333334,2.242565169,0.5,0.5,1,coastal,19.5728,170988,873744.5671999999,873599.0,Bondi Beach - North Bondi,23849,9692.7,2.5,"ABS Regional Population 2019-20, SA2 proxy",11,0
2020-11-07,Bondi,17.059113,15.877045,1.1820679999999992,2020-11-07 18:00:00,2020-11-08 05:00:00,17.059113,15.750946,11.0,11.0,0.11892427272727266,0,0,Not hot day,11.561843833333334,72.91539891666666,6.621048283333334,1016.6510324999999,1.3570785492600002,0.5,0.5,1,coastal,19.5728,170988,873744.5671999999,873599.0,Bondi Beach - North Bondi,23849,9692.7,2.5,"ABS Regional Population 2019-20, SA2 proxy",11,0
2020-11-08,Bondi,17.603668,15.750946,1.8527219999999982,2020-11-08 18:00:00,2020-11-09 05:00:00,17.240295,15.948639,11.0,11.0,0.1174232727272727,0,0,Not hot day,8.931189233333333,60.05408454166667,4.5745877833333335,1023.1282533333333,0.06961822526,0.5,0.5,1,coastal,19.5728,170988,873744.5671999999,873599.0,Bondi Beach - North Bondi,23849,9692.7,2.5,"ABS Regional Population 2019-20, SA2 proxy",11,0
2020-11-09,Bondi,18.00772,15.857941,2.1497789999999988,2020-11-09 18:00:00,2020-11-10 05:00:00,17.94513,15.916595,11.0,11.0,0.1844122727272727,0,0,Not hot day,11.482763833333335,70.43157570833334,2.5669243204166667,1021.6904741666667,0.7939338723,0.5,0.5,1,coastal,19.5728,170988,873744.5671999999,873599.0,Bondi Beach - North Bondi,23849,9692.7,2.5,"ABS Regional Population 2019-20, SA2 proxy",11,0
2020-11-10,Bondi,18.7659,15.916595,2.8493049999999993,2020-11-10 18:00:00,2020-11-11 04:00:00,18.621552,16.965515,10.0,11.0,0.16560370000000013,0,0,Not hot day,11.433319124999999,67.51715045833333,3.9511035666666667,1017.7878604166667,0.023841858,0.5,0.5,1,coastal,19.5728,170988,873744.5671999999,873599.0,Bondi Beach - North Bondi,23849,9692.7,2.5,"ABS Regional Population 2019-20, SA2 proxy",11,0
2020-11-11,Bondi,20.215302,16.965515,3.2497870000000013,2020-11-11 18:00:00,2020-11-12 05:00:00,20.11142,18.907562,11.0,11.0,0.1094416363636364,0,0,Not hot day,15.802486416666667,82.26401829166666,5.6264555375,1012.2555916666666,0.00047683716,0.5,0.5,1,coastal,19.5728,170988,873744.5671999999,873599.0,Bondi Beach - North Bondi,23849,9692.7,2.5,"ABS Regional Population 2019-20, SA2 proxy",11,0
2020-11-12,Bondi,23.678223,18.907562,4.7706610000000005,2020-11-12 18:00:00,2020-11-13 05:00:00,23.523315,19.621307,11.0,11.0,0.3547279999999999,0,0,Not hot day,16.909829416666668,76.601932875,6.369677733333333,1004.209215,0.149726868,0.5,0.5,1,coastal,19.5728,170988,873744.5671999999,873599.0,Bondi Beach - North Bondi,23849,9692.7,2.5,"ABS Regional Population 2019-20, SA2 proxy",11,0
2020-11-13,Bondi,23.035858,19.528107,3.5077510000000025,2020-11-13 18:00:00,2020-11-14 05:00:00,19.881317,18.479065,11.0,11.0,0.12747745454545462,0,0,Not hot day,17.518024458333333,83.18927620833334,4.8097817166666665,999.7945354166667,4.7130584696,0.5,0.5,1,coastal,19.5728,170988,873744.5671999999,873599.0,Bondi Beach - North Bondi,23849,9692.7,2.5,"ABS Regional Population 2019-20, SA2 proxy",11,0
2020-11-14,Bondi,20.774963,18.259186,2.515777,2020-11-14 18:00:00,2020-11-15 05:00:00,19.256836,18.09842,11.0,11.0,0.10531054545454537,0,0,Not hot day,15.537843083333334,78.60965,3.317820825,1004.2143487499999,0.00286102296,0.5,0.5,1,coastal,19.5728,170988,873744.5671999999,873599.0,Bondi Beach - North Bondi,23849,9692.7,2.5,"ABS Regional Population 2019-20, SA2 proxy",11,0
2020-11-15,Bondi,21.402374,17.674713,3.7276609999999977,2020-11-15 18:00:00,2020-11-16 05:00:00,21.402374,20.11728,11.0,11.0,0.11682672727272703,0,0,Not hot day,17.491167708333332,86.693285875,4.1742597041666665,1010.0561029166666,0.00286102292,0.5,0.5,1,coastal,19.5728,170988,873744.5671999999,873599.0,Bondi Beach - North Bondi,23849,9692.7,2.5,"ABS Regional Population 2019-20, SA2 proxy",11,0
2020-11-16,Bondi,25.867157,20.004913,5.8622440000000005,2020-11-16 18:00:00,2020-11-17 04:00:00,24.676361,18.430634,10.0,11.0,0.6245726999999999,1,0,Moderate risk,17.609996708333334,73.860504,4.657742870833333,1006.2645379166667,0.0023841858,0.5,0.5,1,coastal,19.5728,170988,873744.5671999999,873599.0,Bondi Beach - North Bondi,23849,9692.7,2.5,"ABS Regional Population 2019-20, SA2 proxy",11,0
2020-11-17,Bondi,21.253387,17.740387,3.5130000000000017,2020-11-17 18:00:00,2020-11-18 02:00:00,18.503448,17.73648,8.0,11.0,0.09587099999999982,0,0,Not hot day,14.848489229166667,78.30200954166666,6.1614541916666665,1014.3760641666667,0.79441070746,0.5,0.5,1,coastal,19.5728,170988,873744.5671999999,873599.0,Bondi Beach - North Bondi,23849,9692.7,2.5,"ABS Regional Population 2019-20, SA2 proxy",11,0
2020-11-18,Bondi,19.463226,17.73648,1.7267459999999986,2020-11-18 18:00:00,2020-11-19 05:00:00,19.342743,18.045135,11.0,11.0,0.11796436363636366,0,0,Not hot day,13.9157168125,73.694935875,5.333684625,1018.8996699999999,0.57268142742,0.5,0.5,1,coastal,19.5728,170988,873744.5671999999,873599.0,Bondi Beach - North Bondi,23849,9692.7,2.5,"ABS Regional Population 2019-20, SA2 proxy",11,0
2020-11-19,Bondi,20.68686,18.045135,2.641725000000001,2020-11-19 18:00:00,2020-11-20 05:00:00,20.38562,19.058868,11.0,11.0,0.1206138181818181,0,0,Not hot day,15.629904458333334,77.73133470833334,5.836724916666667,1016.4012129166667,0.00047683716,0.5,0.5,1,coastal,19.5728,170988,873744.5671999999,873599.0,Bondi Beach - North Bondi,23849,9692.7,2.5,"ABS Regional Population 2019-20, SA2 proxy",11,0
2020-11-20,Bondi,23.835846,18.99289,4.842956000000001,2020-11-20 18:00:00,2020-11-21 04:00:00,23.394836,18.620575,10.0,11.0,0.4774261000000003,0,0,Not hot day,18.034455625,82.662586875,5.810857250000001,1011.8495004166666,0.549316405,0.5,0.5,1,coastal,19.5728,170988,873744.5671999999,873599.0,Bondi Beach - North Bondi,23849,9692.7,2.5,"ABS Regional Population 2019-20, SA2 proxy",11,0
2020-11-21,Bondi,19.803772,18.611023,1.1927489999999992,2020-11-21 18:00:00,2020-11-22 05:00:00,19.129578,18.47293,11.0,11.0,0.05969527272727246,0,0,Not hot day,15.841035208333333,81.116142625,6.180848370833334,1015.9925475,0.01907348646,0.5,0.5,1,coastal,19.5728,170988,873744.5671999999,873599.0,Bondi Beach - North Bondi,23849,9692.7,2.5,"ABS Regional Population 2019-20, SA2 proxy",11,0
2020-11-22,Bondi,22.089935,18.349274,3.7406609999999993,2020-11-22 18:00:00,2020-11-23 05:00:00,21.539764,21.379303,11.0,11.0,0.014587363636363775,0,0,Not hot day,17.797042791666666,86.07888891666666,3.093250558333333,1010.7125533333333,0.34046173446,0.5,0.5,1,coastal,19.5728,170988,873744.5671999999,873599.0,Bondi Beach - North Bondi,23849,9692.7,2.5,"ABS Regional Population 2019-20, SA2 proxy",11,0
2020-11-23,Bondi,24.599762,19.57846,5.021301999999999,2020-11-23 18:00:00,2020-11-24 05:00:00,23.59842,18.079681,11.0,11.0,0.5017035454545454,1,0,Moderate risk,18.016531541666666,78.05817616666667,4.415550945833333,1002.4711824999999,1.723766341,0.5,0.5,1,coastal,19.5728,170988,873744.5671999999,873599.0,Bondi Beach - North Bondi,23849,9692.7,2.5,"ABS Regional Population 2019-20, SA2 proxy",11,0
2020-11-24,Bondi,19.6846,18.062897,1.6217030000000001,2020-11-24 18:00:00,2020-11-25 05:00:00,19.4216,18.420624,11.0,11.0,0.0909978181818183,0,0,Not hot day,15.221463541666667,78.755696875,6.6808252125,1006.4334320833333,0.27322769676,0.5,0.5,1,coastal,19.5728,170988,873744.5671999999,873599.0,Bondi Beach - North Bondi,23849,9692.7,2.5,"ABS Regional Population 2019-20, SA2 proxy",11,0
2020-11-25,Bondi,20.261597,18.39798,1.8636169999999979,2020-11-25 18:00:00,2020-11-26 05:00:00,20.261597,18.555786,11.0,11.0,0.155073727272727,0,0,Not hot day,15.243019041666665,77.16805770833334,4.040352625,1008.7173579166666,0.6537437467,0.5,0.5,1,coastal,19.5728,170988,873744.5671999999,873599.0,Bondi Beach - North Bondi,23849,9692.7,2.5,"ABS Regional Population 2019-20, SA2 proxy",11,0
2020-11-26,Bondi,22.789703,18.555786,4.233916999999998,2020-11-26 18:00:00,2020-11-27 05:00:00,22.50064,18.56668,11.0,11.0,0.35763272727272716,0,0,Not hot day,17.199831791666664,80.76432633333333,4.7941402958333335,1007.2124679166667,0.00095367432,0.5,0.5,1,coastal,19.5728,170988,873744.5671999999,873599.0,Bondi Beach - North Bondi,23849,9692.7,2.5,"ABS Regional Population 2019-20, SA2 proxy",11,0
2020-11-27,Bondi,21.406464,18.466156,2.940307999999998,2020-11-27 18:00:00,2020-11-28 05:00:00,21.332306,20.852142,11.0,11.0,0.04365127272727259,0,0,Not hot day,16.915747395833332,82.02928183333334,5.600210140416666,1011.3984483333334,0.1020431533,0.5,0.5,1,coastal,19.5728,170988,873744.5671999999,873599.0,Bondi Beach - North Bondi,23849,9692.7,2.5,"ABS Regional Population 2019-20, SA2 proxy",11,0
2020-11-28,Bondi,30.488464,20.852142,9.636322,2020-11-28 18:00:00,2020-11-29 02:00:00,27.33902,22.44577,8.0,11.0,0.6116562500000002,1,0,Moderate risk,17.945563,66.60643945833333,4.9464668125,1002.7456308333334,0.0,0.5,0.5,1,coastal,19.5728,170988,873744.5671999999,873599.0,Bondi Beach - North Bondi,23849,9692.7,2.5,"ABS Regional Population 2019-20, SA2 proxy",11,0
2020-11-29,Bondi,32.37497,19.51535,12.859619999999996,2020-11-29 18:00:00,2020-11-30 04:00:00,20.289276,18.208344,10.0,11.0,0.20809320000000006,1,1,Extreme risk,15.683479166666666,56.799031041666666,8.509308716666666,998.4106158333334,0.01859664916,0.5,0.5,1,coastal,19.5728,170988,873744.5671999999,873599.0,Bondi Beach - North Bondi,23849,9692.7,2.5,"ABS Regional Population 2019-20, SA2 proxy",11,0
2020-11-30,Bondi,20.461517,18.208344,2.2531730000000003,2020-11-30 18:00:00,2020-11-30 20:00:00,20.253296,19.912506,2.0,11.0,0.17039499999999919,0,0,Not hot day,14.269220916666667,71.84603425,5.867745074999999,1011.5861283333334,0.52738189628,0.5,0.5,1,coastal,19.5728,170988,873744.5671999999,873599.0,Bondi Beach - North Bondi,23849,9692.7,2.5,"ABS Regional Population 2019-20, SA2 proxy",11,0
2020-12-01,Bondi,22.515564,19.99292,2.5226439999999997,2020-12-01 18:00:00,2020-12-02 05:00:00,21.661835,18.800385,11.0,11.0,0.2601318181818183,0,0,Not hot day,17.940765375,81.847663125,6.8094324125000005,1006.3624770833334,0.20933151206,0.5,0.5,1,coastal,19.5728,170988,873744.5671999999,873599.0,Bondi Beach - North Bondi,23849,9692.7,2.5,"ABS Regional Population 2019-20, SA2 proxy",12,1
2020-12-02,Bondi,22.513092,18.737854,3.7752380000000016,2020-12-02 18:00:00,2020-12-03 00:00:00,19.330292,18.698547,6.0,11.0,0.10529083333333311,0,0,Not hot day,16.318047875,81.072744875,6.276070591666667,1013.2836341666666,0.5946159425,0.5,0.5,1,coastal,19.5728,170988,873744.5671999999,873599.0,Bondi Beach - North Bondi,23849,9692.7,2.5,"ABS Regional Population 2019-20, SA2 proxy",12,1
2020-12-03,Bondi,20.407013,18.698547,1.7084659999999978,2020-12-03 18:00:00,2020-12-04 05:00:00,19.990936,19.60318,11.0,11.0,0.035250545454545736,0,0,Not hot day,16.107845375,80.67839254166667,5.13579085,1016.1178895833333,0.9002685526599999,0.5,0.5,1,coastal,19.5728,170988,873744.5671999999,873599.0,Bondi Beach - North Bondi,23849,9692.7,2.5,"ABS Regional Population 2019-20, SA2 proxy",12,1
2020-12-04,Bondi,22.746796,19.60318,3.1436160000000015,2020-12-04 18:00:00,2020-12-05 05:00:00,22.530548,19.16153,11.0,11.0,0.3062743636363637,0,0,Not hot day,18.609434708333335,86.47827308333332,3.0237854208333332,1008.5653820833332,0.00524520872,0.5,0.5,1,coastal,19.5728,170988,873744.5671999999,873599.0,Bondi Beach - North Bondi,23849,9692.7,2.5,"ABS Regional Population 2019-20, SA2 proxy",12,1
2020-12-05,Bondi,22.74704,19.153473,3.5935669999999966,2020-12-05 18:00:00,2020-12-05 23:00:00,21.61496,21.448822,5.0,11.0,0.033227600000000024,0,0,Not hot day,18.077435791666666,85.66500437500001,5.578472495833334,1004.0480191666667,12.21227658142,0.5,0.5,1,coastal,19.5728,170988,873744.5671999999,873599.0,Bondi Beach - North Bondi,23849,9692.7,2.5,"ABS Regional Population 2019-20, SA2 proxy",12,1
2020-12-06,Bondi,25.955536,21.348083,4.607453,2020-12-06 18:00:00,2020-12-07 05:00:00,25.269012,19.405731,11.0,11.0,0.5330255454545455,1,0,Moderate risk,14.7875253125,60.770451,5.284742929166667,996.7801599999999,0.253677366,0.5,0.5,1,coastal,19.5728,170988,873744.5671999999,873599.0,Bondi Beach - North Bondi,23849,9692.7,2.5,"ABS Regional Population 2019-20, SA2 proxy",12,1
2020-12-07,Bondi,25.372223,19.232574,6.139649000000002,2020-12-07 18:00:00,2020-12-08 05:00:00,25.27243,16.375244,11.0,11.0,0.808835090909091,1,0,Low risk,11.712685916666667,52.17182545833333,3.4068733208333337,999.6021308333334,0.0,0.5,0.5,1,coastal,19.5728,170988,873744.5671999999,873599.0,Bondi Beach - North Bondi,23849,9692.7,2.5,"ABS Regional Population 2019-20, SA2 proxy",12,1
2020-12-08,Bondi,20.663757,16.006744,4.657012999999999,2020-12-08 18:00:00,2020-12-09 05:00:00,18.055603,16.671906,11.0,11.0,0.1257906363636365,0,0,Not hot day,9.97802225,60.647174791666664,6.859378195833333,1007.7022208333333,0.3743171721,0.5,0.5,1,coastal,19.5728,170988,873744.5671999999,873599.0,Bondi Beach - North Bondi,23849,9692.7,2.5,"ABS Regional Population 2019-20, SA2 proxy",12,1
2020-12-09,Bondi,20.60028,16.481995,4.118285,2020-12-09 18:00:00,2020-12-10 05:00:00,20.60028,18.920685,11.0,11.0,0.1526904545454548,0,0,Not hot day,12.591116625,66.71506925,4.096659033333333,1013.1551154166667,0.07104873646,0.5,0.5,1,coastal,19.5728,170988,873744.5671999999,873599.0,Bondi Beach - North Bondi,23849,9692.7,2.5,"ABS Regional Population 2019-20, SA2 proxy",12,1
2020-12-10,Bondi,21.624603,18.507965,3.116638000000002,2020-12-10 18:00:00,2020-12-11 05:00:00,19.328308,17.565765,11.0,11.0,0.16023118181818188,0,0,Not hot day,15.550421395833332,77.50976454166667,6.447675465,1014.5067166666666,0.7276535005,0.5,0.5,1,coastal,19.5728,170988,873744.5671999999,873599.0,Bondi Beach - North Bondi,23849,9692.7,2.5,"ABS Regional Population 2019-20, SA2 proxy",12,1
2020-12-11,Bondi,19.089813,17.37436,1.7154530000000001,2020-12-11 18:00:00,2020-12-12 05:00:00,18.450775,18.252136,11.0,11.0,0.01805809090909091,0,0,Not hot day,11.442462895833332,64.66705370833334,7.2566721916666665,1022.7069158333334,0.6847381553,0.5,0.5,1,coastal,19.5728,170988,873744.5671999999,873599.0,Bondi Beach - North Bondi,23849,9692.7,2.5,"ABS Regional Population 2019-20, SA2 proxy",12,1
2020-12-12,Bondi,19.942078,18.139221,1.8028569999999995,2020-12-12 18:00:00,2020-12-13 04:00:00,19.547272,18.869507,10.0,11.0,0.06777650000000009,0,0,Not hot day,12.020991125,63.597233249999995,5.803218666666666,1023.6596416666666,1.0738372758599999,0.5,0.5,1,coastal,19.5728,170988,873744.5671999999,873599.0,Bondi Beach - North Bondi,23849,9692.7,2.5,"ABS Regional Population 2019-20, SA2 proxy",12,1
2020-12-13,Bondi,20.80893,18.869507,1.9394230000000015,2020-12-13 18:00:00,2020-12-13 20:00:00,20.274109,19.84726,2.0,11.0,0.21342450000000035,0,0,Not hot day,14.896963666666666,73.029290375,4.5707987375,1019.6645841666667,0.84161757846,0.5,0.5,1,coastal,19.5728,170988,873744.5671999999,873599.0,Bondi Beach - North Bondi,23849,9692.7,2.5,"ABS Regional Population 2019-20, SA2 proxy",12,1
2020-12-14,Bondi,21.909698,19.999298,1.9103999999999992,2020-12-14 18:00:00,2020-12-15 04:00:00,21.271393,20.110504,10.0,11.0,0.11608890000000009,0,0,Not hot day,16.92495741666667,78.20292179166667,4.2607292333333335,1015.0901954166667,1.87444687392,0.5,0.5,1,coastal,19.5728,170988,873744.5671999999,873599.0,Bondi Beach - North Bondi,23849,9692.7,2.5,"ABS Regional Population 2019-20, SA2 proxy",12,1
2020-12-15,Bondi,22.667847,20.110504,2.5573429999999995,2020-12-15 18:00:00,2020-12-16 02:00:00,22.208221,21.830536,8.0,11.0,0.047210625000000395,0,0,Not hot day,19.516367499999998,88.373829625,4.893510429166667,1010.8563016666667,8.53013989916,0.5,0.5,1,coastal,19.5728,170988,873744.5671999999,873599.0,Bondi Beach - North Bondi,23849,9692.7,2.5,"ABS Regional Population 2019-20, SA2 proxy",12,1
2020-12-16,Bondi,23.379364,21.830536,1.5488280000000003,2020-12-16 18:00:00,2020-12-17 05:00:00,22.474579,21.626709,11.0,11.0,0.07707909090909061,0,0,Not hot day,20.677352958333334,90.16327475000001,7.600861516666666,1005.8101383333333,17.7764893571,0.5,0.5,1,coastal,19.5728,170988,873744.5671999999,873599.0,Bondi Beach - North Bondi,23849,9692.7,2.5,"ABS Regional Population 2019-20, SA2 proxy",12,1
2020-12-17,Bondi,24.059052,21.565948,2.4931040000000024,2020-12-17 18:00:00,2020-12-18 05:00:00,23.813019,22.368256,11.0,11.0,0.13134209090909107,1,1,Extreme risk,20.507517458333332,86.64314474999999,5.495059458333333,1001.1834195833334,1.8568038951199999,0.5,0.5,1,coastal,19.5728,170988,873744.5671999999,873599.0,Bondi Beach - North Bondi,23849,9692.7,2.5,"ABS Regional Population 2019-20, SA2 proxy",12,1
2020-12-18,Bondi,26.136688,20.77127,5.365417999999998,2020-12-18 18:00:00,2020-12-19 05:00:00,22.295868,19.410187,11.0,11.0,0.2623346363636362,1,1,High risk,20.736526541666667,86.23432316666667,4.70298385,1001.8469383333332,9.413719162,0.5,0.5,1,coastal,19.5728,170988,873744.5671999999,873599.0,Bondi Beach - North Bondi,23849,9692.7,2.5,"ABS Regional Population 2019-20, SA2 proxy",12,1
2020-12-19,Bondi,20.142517,19.24405,0.8984670000000001,2020-12-19 18:00:00,2020-12-19 18:00:00,19.322723,19.322723,0.0,11.0,0.0,0,0,Not hot day,16.003994145833335,80.175441375,5.946539433333334,1011.0991224999999,3.643989564,0.5,0.5,1,coastal,19.5728,170988,873744.5671999999,873599.0,Bondi Beach - North Bondi,23849,9692.7,2.5,"ABS Regional Population 2019-20, SA2 proxy",12,1
2020-12-20,Bondi,20.827087,19.542206,1.2848809999999986,2020-12-20 18:00:00,2020-12-21 04:00:00,20.827087,19.47165,10.0,11.0,0.13554369999999985,0,0,Not hot day,17.426230041666667,83.817419625,3.1620925916666667,1007.8792233333334,6.93416604076,0.5,0.5,1,coastal,19.5728,170988,873744.5671999999,873599.0,Bondi Beach - North Bondi,23849,9692.7,2.5,"ABS Regional Population 2019-20, SA2 proxy",12,1
2020-12-21,Bondi,21.297974,19.47165,1.8263239999999996,2020-12-21 18:00:00,2020-12-22 03:00:00,20.573181,19.91983,9.0,11.0,0.07259455555555563,0,0,Not hot day,18.259258291666665,87.41236683333334,2.847072366666667,1005.4970654166667,13.493061082,0.5,0.5,1,coastal,19.5728,170988,873744.5671999999,873599.0,Bondi Beach - North Bondi,23849,9692.7,2.5,"ABS Regional Population 2019-20, SA2 proxy",12,1
2020-12-22,Bondi,24.973572,19.91983,5.053742,2020-12-22 18:00:00,2020-12-23 05:00:00,24.601349,18.062683,11.0,11.0,0.5944241818181818,1,0,Moderate risk,15.896925583333333,70.77521258333333,3.7642761791666666,998.0326924999999,7.24887848216,0.5,0.5,1,coastal,19.5728,170988,873744.5671999999,873599.0,Bondi Beach - North Bondi,23849,9692.7,2.5,"ABS Regional Population 2019-20, SA2 proxy",12,1
2020-12-23,Bondi,20.90921,17.996216,2.912994000000001,2020-12-23 18:00:00,2020-12-24 05:00:00,20.821075,19.053833,11.0,11.0,0.1606583636363636,0,0,Not hot day,13.132354708333333,65.293229125,6.5218313666666665,1008.4538816666667,0.0,0.5,0.5,1,coastal,19.5728,170988,873744.5671999999,873599.0,Bondi Beach - North Bondi,23849,9692.7,2.5,"ABS Regional Population 2019-20, SA2 proxy",12,1
2020-12-24,Bondi,22.151947,19.00946,3.142486999999999,2020-12-24 18:00:00,2020-12-25 05:00:00,22.151947,18.88742,11.0,11.0,0.2967751818181819,0,0,Not hot day,16.14245352083333,75.22454641666667,4.0818715375000005,1010.3935466666667,0.18453598116,0.5,0.5,1,coastal,19.5728,170988,873744.5671999999,873599.0,Bondi Beach - North Bondi,23849,9692.7,2.5,"ABS Regional Population 2019-20, SA2 proxy",12,1
2020-12-25,Bondi,20.528656,18.84372,1.6849360000000004,2020-12-25 18:00:00,2020-12-26 02:00:00,19.765503,19.013428,8.0,11.0,0.09400937499999973,0,0,Not hot day,15.1879106875,76.78143250000001,6.666614883333334,1013.9364258333334,1.36804580476,0.5,0.5,1,coastal,19.5728,170988,873744.5671999999,873599.0,Bondi Beach - North Bondi,23849,9692.7,2.5,"ABS Regional Population 2019-20, SA2 proxy",12,1
2020-12-26,Bondi,21.28006,18.959747,2.3203129999999987,2020-12-26 18:00:00,2020-12-27 05:00:00,21.198517,19.313324,11.0,11.0,0.1713811818181816,0,0,Not hot day,16.013130166666667,77.31278154166667,5.3974679875,1013.5070091666666,6.157398327299999,0.5,0.5,1,coastal,19.5728,170988,873744.5671999999,873599.0,Bondi Beach - North Bondi,23849,9692.7,2.5,"ABS Regional Population 2019-20, SA2 proxy",12,1
2020-12-27,Bondi,23.669952,19.031036,4.638915999999998,2020-12-27 18:00:00,2020-12-27 19:00:00,22.692596,22.656372,1.0,11.0,0.0362240000000007,0,0,Not hot day,18.816485125,85.53680395833334,4.451464958333333,1006.1267770833333,2.357482867,0.5,0.5,1,coastal,19.5728,170988,873744.5671999999,873599.0,Bondi Beach - North Bondi,23849,9692.7,2.5,"ABS Regional Population 2019-20, SA2 proxy",12,1
2020-12-28,Bondi,24.138885,18.86081,5.278074999999998,2020-12-28 18:00:00,2020-12-28 21:00:00,19.25644,18.86081,3.0,11.0,0.13187666666666686,1,1,Extreme risk,17.5341873125,79.120003125,6.496316575000001,1003.3099029166666,2.83241268936,0.5,0.5,1,coastal,19.5728,170988,873744.5671999999,873599.0,Bondi Beach - North Bondi,23849,9692.7,2.5,"ABS Regional Population 2019-20, SA2 proxy",12,1
2020-12-29,Bondi,20.222076,18.925385,1.2966910000000027,2020-12-29 18:00:00,2020-12-30 05:00:00,20.186432,19.3685,11.0,11.0,0.07435745454545445,0,0,Not hot day,16.768805145833333,83.96670954166667,5.140491337499999,1009.1982312499999,5.387783064,0.5,0.5,1,coastal,19.5728,170988,873744.5671999999,873599.0,Bondi Beach - North Bondi,23849,9692.7,2.5,"ABS Regional Population 2019-20, SA2 proxy",12,1
2020-12-30,Bondi,20.61142,19.366302,1.245117999999998,2020-12-30 18:00:00,2020-12-31 05:00:00,20.61142,20.01593,11.0,11.0,0.05413545454545437,0,0,Not hot day,16.887166291666666,81.83592866666667,5.925335166666667,1013.3584633333334,11.87753680316,0.5,0.5,1,coastal,19.5728,170988,873744.5671999999,873599.0,Bondi Beach - North Bondi,23849,9692.7,2.5,"ABS Regional Population 2019-20, SA2 proxy",12,1
2020-12-31,Bondi,21.13501,20.01593,1.1190800000000003,2020-12-31 18:00:00,2020-12-31 21:00:00,21.049713,20.175598,3.0,5.0,0.2913716666666666,0,0,Not hot day,16.048448041666667,75.25577091666666,4.726236741666667,1014.6186925000001,0.5731582641,0.5,0.5,1,coastal,19.5728,170988,873744.5671999999,873599.0,Bondi Beach - North Bondi,23849,9692.7,2.5,"ABS Regional Population 2019-20, SA2 proxy",12,1
2020-01-01,Campbelltown,27.013153,19.949158,7.0639949999999985,2020-01-01 18:00:00,2020-01-02 05:00:00,23.02005,18.579132,11.0,11.0,0.4037198181818182,1,1,High risk,15.109370192307692,59.085692615384616,3.362183807692308,1000.1109661538461,0.0,40.0,10.0,0,far_inland,10.7411,1197240,11143979.7879,11146300.0,Campbelltown - Woodbine,21690,1577.7,13.7,"ABS Regional Population 2019-20, SA2 proxy",1,1
2020-01-02,Campbelltown,27.600983,18.41452,9.186463,2020-01-02 18:00:00,2020-01-03 05:00:00,25.300934,21.327545,11.0,11.0,0.3612171818181819,1,1,High risk,15.184286666666667,66.558902875,2.7630452208333334,1003.4773783333334,0.07724761842,40.0,10.0,0,far_inland,10.7411,1197240,11143979.7879,11146300.0,Campbelltown - Woodbine,21690,1577.7,13.7,"ABS Regional Population 2019-20, SA2 proxy",1,1
2020-01-03,Campbelltown,32.163788,21.023407,11.140380999999998,2020-01-03 18:00:00,2020-01-04 05:00:00,29.208221,19.911224,11.0,11.0,0.8451815454545456,1,0,Low risk,18.345741333333333,66.84721266666666,2.6021488416666667,1000.0500220833334,0.7667541563,40.0,10.0,0,far_inland,10.7411,1197240,11143979.7879,11146300.0,Campbelltown - Woodbine,21690,1577.7,13.7,"ABS Regional Population 2019-20, SA2 proxy",1,1
2020-01-04,Campbelltown,44.992065,19.436554,25.555510999999996,2020-01-04 18:00:00,2020-01-05 05:00:00,42.45273,21.182037,11.0,11.0,1.9336993636363637,1,0,Low risk,15.828420041666668,48.76864304166667,2.3818974679166667,993.45505625,0.0,40.0,10.0,0,far_inland,10.7411,1197240,11143979.7879,11146300.0,Campbelltown - Woodbine,21690,1577.7,13.7,"ABS Regional Population 2019-20, SA2 proxy",1,1
2020-01-05,Campbelltown,26.171875,18.975067,7.196808000000001,2020-01-05 18:00:00,2020-01-06 05:00:00,20.644989,17.648956,11.0,11.0,0.2723666363636364,1,1,High risk,12.316435529166666,54.276541791666666,4.769337416666667,1003.2100875,0.061988829999999995,40.0,10.0,0,far_inland,10.7411,1197240,11143979.7879,11146300.0,Campbelltown - Woodbine,21690,1577.7,13.7,"ABS Regional Population 2019-20, SA2 proxy",1,1
2020-01-06,Campbelltown,24.065948,17.648956,6.4169920000000005,2020-01-06 18:00:00,2020-01-07 05:00:00,22.751434,20.247437,11.0,11.0,0.22763609090909076,1,1,High risk,15.253026333333333,71.81342966666666,2.402990808333333,1004.9955775,0.424861907,40.0,10.0,0,far_inland,10.7411,1197240,11143979.7879,11146300.0,Campbelltown - Woodbine,21690,1577.7,13.7,"ABS Regional Population 2019-20, SA2 proxy",1,1
2020-01-07,Campbelltown,32.616364,20.18695,12.429413999999998,2020-01-07 18:00:00,2020-01-08 05:00:00,29.742004,21.767334,11.0,11.0,0.72497,1,0,Low risk,19.202574375,72.19280341666666,2.5479635541666665,999.14306,2.8567313584600003,40.0,10.0,0,far_inland,10.7411,1197240,11143979.7879,11146300.0,Campbelltown - Woodbine,21690,1577.7,13.7,"ABS Regional Population 2019-20, SA2 proxy",1,1
2020-01-08,Campbelltown,27.189117,21.411926,5.777190999999998,2020-01-08 18:00:00,2020-01-09 05:00:00,24.60315,20.71286,11.0,11.0,0.3536627272727273,1,1,High risk,18.70340979166667,74.998110125,3.1259656000000002,1000.2133062500001,0.39148330316,40.0,10.0,0,far_inland,10.7411,1197240,11143979.7879,11146300.0,Campbelltown - Woodbine,21690,1577.7,13.7,"ABS Regional Population 2019-20, SA2 proxy",1,1
2020-01-09,Campbelltown,25.4003,20.71286,4.687440000000002,2020-01-09 18:00:00,2020-01-10 05:00:00,24.088776,20.627228,11.0,11.0,0.31468618181818186,1,1,High risk,17.398053416666666,72.665341625,2.5426542541666666,1002.1755441666666,0.95462798766,40.0,10.0,0,far_inland,10.7411,1197240,11143979.7879,11146300.0,Campbelltown - Woodbine,21690,1577.7,13.7,"ABS Regional Population 2019-20, SA2 proxy",1,1
2020-01-10,Campbelltown,35.953156,20.627228,15.325928000000001,2020-01-10 18:00:00,2020-01-11 05:00:00,33.19754,19.431305,11.0,11.0,1.251475909090909,1,0,Low risk,19.566476208333334,67.52850854166667,2.585080785416667,994.6459658333333,0.0123977658,40.0,10.0,0,far_inland,10.7411,1197240,11143979.7879,11146300.0,Campbelltown - Woodbine,21690,1577.7,13.7,"ABS Regional Population 2019-20, SA2 proxy",1,1
2020-01-11,Campbelltown,27.183289,18.001251,9.182037999999999,2020-01-11 18:00:00,2020-01-12 05:00:00,21.944427,17.452393,11.0,11.0,0.4083667272727273,1,0,Moderate risk,14.581792291666666,67.610770375,3.596506175,996.96763,0.66184996986,40.0,10.0,0,far_inland,10.7411,1197240,11143979.7879,11146300.0,Campbelltown - Woodbine,21690,1577.7,13.7,"ABS Regional Population 2019-20, SA2 proxy",1,1
2020-01-12,Campbelltown,20.451874,17.452393,2.9994809999999994,2020-01-12 18:00:00,2020-01-13 05:00:00,19.532684,16.78775,11.0,11.0,0.2495394545454546,0,0,Not hot day,14.02157975,73.22730191666666,3.2654079416666666,1003.5332283333333,2.0422935565,40.0,10.0,0,far_inland,10.7411,1197240,11143979.7879,11146300.0,Campbelltown - Woodbine,21690,1577.7,13.7,"ABS Regional Population 2019-20, SA2 proxy",1,1
2020-01-13,Campbelltown,25.690582,16.75113,8.939452,2020-01-13 18:00:00,2020-01-14 05:00:00,24.162628,16.839142,11.0,11.0,0.6657714545454548,1,0,Moderate risk,14.5529963125,69.36477195833334,2.04046425625,1003.9357325,1.56164169426,40.0,10.0,0,far_inland,10.7411,1197240,11143979.7879,11146300.0,Campbelltown - Woodbine,21690,1577.7,13.7,"ABS Regional Population 2019-20, SA2 proxy",1,1
2020-01-14,Campbelltown,28.79419,16.839142,11.955048000000001,2020-01-14 18:00:00,2020-01-15 05:00:00,25.86673,17.55539,11.0,11.0,0.7555763636363637,1,0,Low risk,16.489573104166666,71.276352375,2.1269332766666667,1001.96000125,0.562191012,40.0,10.0,0,far_inland,10.7411,1197240,11143979.7879,11146300.0,Campbelltown - Woodbine,21690,1577.7,13.7,"ABS Regional Population 2019-20, SA2 proxy",1,1
2020-01-15,Campbelltown,29.25888,17.55539,11.703490000000002,2020-01-15 18:00:00,2020-01-16 05:00:00,27.351837,20.498138,11.0,11.0,0.6230635454545453,1,0,Moderate risk,16.979057333333333,70.93352879166666,1.7710449412499998,997.5472616666666,0.00047683716,40.0,10.0,0,far_inland,10.7411,1197240,11143979.7879,11146300.0,Campbelltown - Woodbine,21690,1577.7,13.7,"ABS Regional Population 2019-20, SA2 proxy",1,1
2020-01-16,Campbelltown,26.053192,20.048737,6.004455,2020-01-16 18:00:00,2020-01-17 05:00:00,24.577026,19.691467,11.0,11.0,0.4441417272727273,1,0,Moderate risk,19.60035458333333,84.885276875,1.86303295,992.8616904166666,14.40858837332,40.0,10.0,0,far_inland,10.7411,1197240,11143979.7879,11146300.0,Campbelltown - Woodbine,21690,1577.7,13.7,"ABS Regional Population 2019-20, SA2 proxy",1,1
2020-01-17,Campbelltown,22.384094,19.434906,2.9491879999999995,2020-01-17 18:00:00,2020-01-18 05:00:00,22.197021,20.143616,11.0,11.0,0.18667318181818163,0,0,Not hot day,17.710133791666667,83.062815625,3.6321910208333335,994.6003429166667,6.144523605,40.0,10.0,0,far_inland,10.7411,1197240,11143979.7879,11146300.0,Campbelltown - Woodbine,21690,1577.7,13.7,"ABS Regional Population 2019-20, SA2 proxy",1,1
2020-01-18,Campbelltown,23.129974,19.277435,3.852539,2020-01-18 18:00:00,2020-01-19 02:00:00,22.575287,18.885162,8.0,11.0,0.4612656249999998,0,0,Not hot day,17.201488541666667,77.90331441666667,3.131515512083333,994.9418220833332,1.7790794381200001,40.0,10.0,0,far_inland,10.7411,1197240,11143979.7879,11146300.0,Campbelltown - Woodbine,21690,1577.7,13.7,"ABS Regional Population 2019-20, SA2 proxy",1,1
2020-01-19,Campbelltown,23.667511,18.885162,4.782349,2020-01-19 18:00:00,2020-01-20 05:00:00,23.667511,18.918915,11.0,11.0,0.4316905454545457,0,0,Not hot day,18.658384958333333,86.214575875,1.0860686212500001,992.7260470833334,13.22841636096,40.0,10.0,0,far_inland,10.7411,1197240,11143979.7879,11146300.0,Campbelltown - Woodbine,21690,1577.7,13.7,"ABS Regional Population 2019-20, SA2 proxy",1,1
2020-01-20,Campbelltown,28.236542,18.71878,9.517762000000001,2020-01-20 18:00:00,2020-01-21 05:00:00,27.161743,15.5961,11.0,11.0,1.051422090909091,1,0,Low risk,19.319386708333333,80.114845125,1.4223048329166668,988.21259,15.781402531300001,40.0,10.0,0,far_inland,10.7411,1197240,11143979.7879,11146300.0,Campbelltown - Woodbine,21690,1577.7,13.7,"ABS Regional Population 2019-20, SA2 proxy",1,1
2020-01-21,Campbelltown,31.461731,15.5961,15.865631,2020-01-21 18:00:00,2020-01-22 05:00:00,28.893555,19.01236,11.0,11.0,0.8982904545454544,1,0,Low risk,14.511300333333333,62.301522250000005,2.0681842570833333,992.1251979166667,0.0,40.0,10.0,0,far_inland,10.7411,1197240,11143979.7879,11146300.0,Campbelltown - Woodbine,21690,1577.7,13.7,"ABS Regional Population 2019-20, SA2 proxy",1,1
2020-01-22,Campbelltown,32.567474,18.481537,14.085936999999998,2020-01-22 18:00:00,2020-01-23 05:00:00,30.342804,18.455719,11.0,11.0,1.080644090909091,1,0,Low risk,17.771990416666664,66.40464204166666,2.3736023333333334,994.1592175000001,0.0,40.0,10.0,0,far_inland,10.7411,1197240,11143979.7879,11146300.0,Campbelltown - Woodbine,21690,1577.7,13.7,"ABS Regional Population 2019-20, SA2 proxy",1,1
2020-01-23,Campbelltown,40.464325,18.455719,22.008606000000004,2020-01-23 18:00:00,2020-01-24 05:00:00,37.928375,23.13504,11.0,11.0,1.3448486363636365,1,0,Low risk,14.7501208125,47.037981374999994,3.402602882083333,987.3864595833334,0.0014305115,40.0,10.0,0,far_inland,10.7411,1197240,11143979.7879,11146300.0,Campbelltown - Woodbine,21690,1577.7,13.7,"ABS Regional Population 2019-20, SA2 proxy",1,1
2020-01-24,Campbelltown,28.025848,23.048492,4.977356,2020-01-24 18:00:00,2020-01-25 05:00:00,27.66623,22.098907,11.0,11.0,0.5061202727272726,1,0,Moderate risk,17.733047541666668,63.936559249999995,2.641459691666667,994.18902875,0.5159378112599999,40.0,10.0,0,far_inland,10.7411,1197240,11143979.7879,11146300.0,Campbelltown - Woodbine,21690,1577.7,13.7,"ABS Regional Population 2019-20, SA2 proxy",1,1
2020-01-25,Campbelltown,29.164673,21.951538,7.213135000000001,2020-01-25 18:00:00,2020-01-26 05:00:00,27.259308,23.447357,11.0,11.0,0.34654100000000004,1,1,High risk,20.702729416666667,77.743998875,2.455460304166667,998.6050708333333,2.91442872832,40.0,10.0,0,far_inland,10.7411,1197240,11143979.7879,11146300.0,Campbelltown - Woodbine,21690,1577.7,13.7,"ABS Regional Population 2019-20, SA2 proxy",1,1
2020-01-26,Campbelltown,35.48114,23.436218,12.044922000000003,2020-01-26 18:00:00,2020-01-27 05:00:00,33.091095,22.834656,11.0,11.0,0.9324035454545458,1,0,Low risk,21.319219083333333,69.166525,1.57966362,996.1902654166666,2.2869110179999996,40.0,10.0,0,far_inland,10.7411,1197240,11143979.7879,11146300.0,Campbelltown - Woodbine,21690,1577.7,13.7,"ABS Regional Population 2019-20, SA2 proxy",1,1
2020-01-27,Campbelltown,31.408234,22.766388,8.641846000000001,2020-01-27 18:00:00,2020-01-28 05:00:00,29.890411,23.413727,11.0,11.0,0.5887894545454544,1,0,Moderate risk,20.346669625,71.04693441666667,2.76646336125,998.2846529166667,0.14019012392,40.0,10.0,0,far_inland,10.7411,1197240,11143979.7879,11146300.0,Campbelltown - Woodbine,21690,1577.7,13.7,"ABS Regional Population 2019-20, SA2 proxy",1,1
2020-01-28,Campbelltown,32.58252,23.26529,9.317230000000002,2020-01-28 18:00:00,2020-01-29 05:00:00,27.212494,22.0831,11.0,11.0,0.46630854545454525,1,0,Moderate risk,21.879965375,77.682285,2.4485341666666667,997.1473529166666,0.95796587712,40.0,10.0,0,far_inland,10.7411,1197240,11143979.7879,11146300.0,Campbelltown - Woodbine,21690,1577.7,13.7,"ABS Regional Population 2019-20, SA2 proxy",1,1
2020-01-29,Campbelltown,29.195679,21.865143,7.330535999999999,2020-01-29 18:00:00,2020-01-30 05:00:00,25.977325,18.853485,11.0,11.0,0.6476218181818183,1,0,Moderate risk,18.471383499999998,70.15683833333334,2.6618907958333335,1001.2575712500001,0.41723251089999996,40.0,10.0,0,far_inland,10.7411,1197240,11143979.7879,11146300.0,Campbelltown - Woodbine,21690,1577.7,13.7,"ABS Regional Population 2019-20, SA2 proxy",1,1
2020-01-30,Campbelltown,30.882355,18.768585,12.113769999999999,2020-01-30 18:00:00,2020-01-31 02:00:00,29.606415,21.646759,8.0,11.0,0.9949569999999999,1,0,Low risk,18.371738458333333,71.23472008333333,2.052013939791667,1001.120055,0.00858306872,40.0,10.0,0,far_inland,10.7411,1197240,11143979.7879,11146300.0,Campbelltown - Woodbine,21690,1577.7,13.7,"ABS Regional Population 2019-20, SA2 proxy",1,1
2020-01-31,Campbelltown,35.881134,21.646759,14.234375000000004,2020-01-31 18:00:00,2020-02-01 05:00:00,33.816742,22.92691,11.0,11.0,0.9899847272727271,1,0,Low risk,21.5247485,72.04591012499999,1.9575290166666666,998.5848445833334,0.0,40.0,10.0,0,far_inland,10.7411,1197240,11143979.7879,11146300.0,Campbelltown - Woodbine,21690,1577.7,13.7,"ABS Regional Population 2019-20, SA2 proxy",1,1
2020-02-01,Campbelltown,43.021576,22.92691,20.094666000000004,2020-02-01 18:00:00,2020-02-02 05:00:00,40.931976,25.810303,11.0,11.0,1.3746975454545451,1,0,Low risk,20.629610833333334,57.771273916666665,1.7319218129166665,994.0901941666666,0.00047683716,40.0,10.0,0,far_inland,10.7411,1197240,11143979.7879,11146300.0,Campbelltown - Woodbine,21690,1577.7,13.7,"ABS Regional Population 2019-20, SA2 proxy",2,1
2020-02-02,Campbelltown,35.14801,21.817963,13.330047,2020-02-02 18:00:00,2020-02-02 23:00:00,25.957062,21.817963,5.0,11.0,0.8278198000000003,1,0,Low risk,21.490281375,70.63391791666668,2.38063833125,991.8557220833333,9.44900515376,40.0,10.0,0,far_inland,10.7411,1197240,11143979.7879,11146300.0,Campbelltown - Woodbine,21690,1577.7,13.7,"ABS Regional Population 2019-20, SA2 proxy",2,1
2020-02-03,Campbelltown,32.906525,18.463318,14.443207000000001,2020-02-03 18:00:00,2020-02-04 05:00:00,27.05423,16.261139,11.0,11.0,0.9811900909090909,1,0,Low risk,16.656820979166667,68.49237641666666,3.608626175,992.5223850000001,1.3208389295,40.0,10.0,0,far_inland,10.7411,1197240,11143979.7879,11146300.0,Campbelltown - Woodbine,21690,1577.7,13.7,"ABS Regional Population 2019-20, SA2 proxy",2,1
2020-02-04,Campbelltown,22.331451,16.1221,6.209351000000002,2020-02-04 18:00:00,2020-02-05 05:00:00,21.233246,16.172943,11.0,11.0,0.46002754545454555,0,0,Not hot day,9.754642495833334,54.080848583333335,3.2597609958333336,1005.0396158333333,0.3538131703,40.0,10.0,0,far_inland,10.7411,1197240,11143979.7879,11146300.0,Campbelltown - Woodbine,21690,1577.7,13.7,"ABS Regional Population 2019-20, SA2 proxy",2,1
2020-02-05,Campbelltown,25.958374,15.587433,10.370940999999998,2020-02-05 18:00:00,2020-02-06 05:00:00,24.04181,19.186798,11.0,11.0,0.44136472727272746,1,0,Moderate risk,13.901265500000001,65.346180875,2.508435845833333,1005.1439420833334,0.09489059345999999,40.0,10.0,0,far_inland,10.7411,1197240,11143979.7879,11146300.0,Campbelltown - Woodbine,21690,1577.7,13.7,"ABS Regional Population 2019-20, SA2 proxy",2,1
2020-02-06,Campbelltown,22.365631,18.823395,3.542235999999999,2020-02-06 18:00:00,2020-02-07 05:00:00,20.695282,19.199493,11.0,11.0,0.13598081818181804,0,0,Not hot day,17.858538375,85.27049370833333,1.6070608125,1006.7225920833333,5.9576035140000005,40.0,10.0,0,far_inland,10.7411,1197240,11143979.7879,11146300.0,Campbelltown - Woodbine,21690,1577.7,13.7,"ABS Regional Population 2019-20, SA2 proxy",2,1
2020-02-07,Campbelltown,20.7966,19.181122,1.615478000000003,2020-02-07 18:00:00,2020-02-08 04:00:00,20.3154,19.30243,10.0,11.0,0.10129699999999993,0,0,Not hot day,18.704282166666665,92.752325375,3.1237758166666665,1005.7271858333334,24.137020186,40.0,10.0,0,far_inland,10.7411,1197240,11143979.7879,11146300.0,Campbelltown - Woodbine,21690,1577.7,13.7,"ABS Regional Population 2019-20, SA2 proxy",2,1
2020-02-08,Campbelltown,21.514801,19.30243,2.2123709999999974,2020-02-08 18:00:00,2020-02-09 05:00:00,21.045593,19.920868,11.0,11.0,0.1022477272727274,0,0,Not hot day,18.899762541666668,91.86074708333332,3.7813500291666666,1003.9364833333334,30.90858441,40.0,10.0,0,far_inland,10.7411,1197240,11143979.7879,11146300.0,Campbelltown - Woodbine,21690,1577.7,13.7,"ABS Regional Population 2019-20, SA2 proxy",2,1
2020-02-09,Campbelltown,21.339996,19.545776,1.7942199999999993,2020-02-09 18:00:00,2020-02-10 05:00:00,21.339996,20.279907,11.0,11.0,0.09637172727272708,0,0,Not hot day,19.212931333333334,93.14485470833334,6.867238566666667,998.3667541666667,172.62983184,40.0,10.0,0,far_inland,10.7411,1197240,11143979.7879,11146300.0,Campbelltown - Woodbine,21690,1577.7,13.7,"ABS Regional Population 2019-20, SA2 proxy",2,1
2020-02-10,Campbelltown,28.11081,19.957611,8.153199,2020-02-10 18:00:00,2020-02-11 05:00:00,25.18509,20.207428,11.0,11.0,0.4525147272727272,1,0,Moderate risk,20.412994458333333,86.15830004166666,2.1627571441666666,993.9878108333334,29.36410912112,40.0,10.0,0,far_inland,10.7411,1197240,11143979.7879,11146300.0,Campbelltown - Woodbine,21690,1577.7,13.7,"ABS Regional Population 2019-20, SA2 proxy",2,1
2020-02-11,Campbelltown,29.32669,20.207428,9.119261999999999,2020-02-11 18:00:00,2020-02-12 02:00:00,25.625702,21.170013,8.0,11.0,0.556961125,1,0,Moderate risk,20.169023,81.18955016666666,1.2448769016666668,993.7643875,3.3116340566,40.0,10.0,0,far_inland,10.7411,1197240,11143979.7879,11146300.0,Campbelltown - Woodbine,21690,1577.7,13.7,"ABS Regional Population 2019-20, SA2 proxy",2,1
2020-02-12,Campbelltown,25.433624,21.170013,4.263610999999997,2020-02-12 18:00:00,2020-02-13 04:00:00,23.889496,21.330597,10.0,11.0,0.2558899,1,1,High risk,21.565558083333332,91.79718270833332,2.3121632045833334,995.2543000000001,8.642673541999999,40.0,10.0,0,far_inland,10.7411,1197240,11143979.7879,11146300.0,Campbelltown - Woodbine,21690,1577.7,13.7,"ABS Regional Population 2019-20, SA2 proxy",2,1
2020-02-13,Campbelltown,24.704071,21.330597,3.373473999999998,2020-02-13 18:00:00,2020-02-14 05:00:00,24.395477,20.04773,11.0,11.0,0.3952497272727271,1,1,High risk,21.383931458333333,92.05213245833333,1.8383892354166667,996.74306625,7.692337048,40.0,10.0,0,far_inland,10.7411,1197240,11143979.7879,11146300.0,Campbelltown - Woodbine,21690,1577.7,13.7,"ABS Regional Population 2019-20, SA2 proxy",2,1
2020-02-14,Campbelltown,26.586823,19.575195,7.011627999999998,2020-02-14 18:00:00,2020-02-15 05:00:00,24.708344,16.759186,11.0,11.0,0.7226507272727273,1,0,Low risk,17.990940041666665,76.811327125,2.2516135908333332,994.0503675,1.478195184,40.0,10.0,0,far_inland,10.7411,1197240,11143979.7879,11146300.0,Campbelltown - Woodbine,21690,1577.7,13.7,"ABS Regional Population 2019-20, SA2 proxy",2,1
2020-02-15,Campbelltown,26.932404,16.759186,10.173217999999999,2020-02-15 18:00:00,2020-02-16 05:00:00,25.840729,19.697235,11.0,11.0,0.5584994545454546,1,0,Moderate risk,17.884398083333334,79.96887220833334,1.1913785516666666,992.0491170833334,1.21355056114,40.0,10.0,0,far_inland,10.7411,1197240,11143979.7879,11146300.0,Campbelltown - Woodbine,21690,1577.7,13.7,"ABS Regional Population 2019-20, SA2 proxy",2,1
2020-02-16,Campbelltown,25.342072,19.443878,5.898194,2020-02-16 18:00:00,2020-02-17 05:00:00,22.429169,20.18576,11.0,11.0,0.20394627272727303,1,1,Extreme risk,18.301307625,80.70747141666666,1.6464112233333335,999.035955,2.0585060172,40.0,10.0,0,far_inland,10.7411,1197240,11143979.7879,11146300.0,Campbelltown - Woodbine,21690,1577.7,13.7,"ABS Regional Population 2019-20, SA2 proxy",2,1
2020-02-17,Campbelltown,24.72116,20.18576,4.535400000000003,2020-02-17 18:00:00,2020-02-18 04:00:00,23.599213,20.265717,10.0,11.0,0.3333496,1,1,High risk,19.386217708333334,85.28209679166666,1.1367620091666668,998.9988304166667,4.9476624097,40.0,10.0,0,far_inland,10.7411,1197240,11143979.7879,11146300.0,Campbelltown - Woodbine,21690,1577.7,13.7,"ABS Regional Population 2019-20, SA2 proxy",2,1
2020-02-18,Campbelltown,31.816528,20.085632,11.730896000000001,2020-02-18 18:00:00,2020-02-19 05:00:00,30.544708,20.079987,11.0,11.0,0.9513382727272728,1,0,Low risk,20.227116875,75.82924141666668,1.7595567391666667,992.5019720833334,0.61988830336,40.0,10.0,0,far_inland,10.7411,1197240,11143979.7879,11146300.0,Campbelltown - Woodbine,21690,1577.7,13.7,"ABS Regional Population 2019-20, SA2 proxy",2,1
2020-02-19,Campbelltown,26.615936,18.584076,8.031860000000002,2020-02-19 18:00:00,2020-02-20 05:00:00,25.572418,16.024506,11.0,11.0,0.867992,1,0,Low risk,11.988868833333333,51.64766395833333,3.7605104,989.1591866666666,0.0,40.0,10.0,0,far_inland,10.7411,1197240,11143979.7879,11146300.0,Campbelltown - Woodbine,21690,1577.7,13.7,"ABS Regional Population 2019-20, SA2 proxy",2,1
2020-02-20,Campbelltown,25.14273,15.9427185,9.2000115,2020-02-20 18:00:00,2020-02-21 05:00:00,21.34665,18.26889,11.0,11.0,0.2797963636363638,1,1,High risk,13.020370395833334,65.84613933333334,1.69395262125,995.9110779166667,0.4706382766,40.0,10.0,0,far_inland,10.7411,1197240,11143979.7879,11146300.0,Campbelltown - Woodbine,21690,1577.7,13.7,"ABS Regional Population 2019-20, SA2 proxy",2,1
2020-02-21,Campbelltown,24.734406,17.989319,6.745087000000002,2020-02-21 18:00:00,2020-02-22 05:00:00,22.430145,17.798187,11.0,11.0,0.42108709090909097,1,0,Moderate risk,15.114948291666666,70.80905204166667,1.7738859979166666,1001.6817958333332,0.9307861281,40.0,10.0,0,far_inland,10.7411,1197240,11143979.7879,11146300.0,Campbelltown - Woodbine,21690,1577.7,13.7,"ABS Regional Population 2019-20, SA2 proxy",2,1
2020-02-22,Campbelltown,22.164062,17.798187,4.365875000000003,2020-02-22 18:00:00,2020-02-23 05:00:00,21.042328,17.981232,11.0,11.0,0.2782814545454548,0,0,Not hot day,16.019561833333334,79.008720125,1.9407398333333334,1008.2841541666667,3.9916038156,40.0,10.0,0,far_inland,10.7411,1197240,11143979.7879,11146300.0,Campbelltown - Woodbine,21690,1577.7,13.7,"ABS Regional Population 2019-20, SA2 proxy",2,1
2020-02-23,Campbelltown,23.638763,17.981232,5.657531000000002,2020-02-23 18:00:00,2020-02-24 05:00:00,23.24237,18.641388,11.0,11.0,0.4182710909090911,0,0,Not hot day,16.948735625,78.85413783333333,1.6030281775,1008.7423112500001,2.0265579093,40.0,10.0,0,far_inland,10.7411,1197240,11143979.7879,11146300.0,Campbelltown - Woodbine,21690,1577.7,13.7,"ABS Regional Population 2019-20, SA2 proxy",2,1
2020-02-24,Campbelltown,26.747986,16.487854,10.260132000000002,2020-02-24 18:00:00,2020-02-25 05:00:00,25.414062,18.990295,11.0,11.0,0.5839788181818183,1,0,Moderate risk,16.837559791666667,73.612558625,2.083409060833333,1005.3545333333333,0.1287460324,40.0,10.0,0,far_inland,10.7411,1197240,11143979.7879,11146300.0,Campbelltown - Woodbine,21690,1577.7,13.7,"ABS Regional Population 2019-20, SA2 proxy",2,1
2020-02-25,Campbelltown,29.246796,18.591095,10.655701,2020-02-25 18:00:00,2020-02-26 05:00:00,27.697968,19.475006,11.0,11.0,0.7475419999999999,1,0,Low risk,18.178827916666666,74.05574862499999,1.8173136804166665,1000.1965441666666,0.00238418576,40.0,10.0,0,far_inland,10.7411,1197240,11143979.7879,11146300.0,Campbelltown - Woodbine,21690,1577.7,13.7,"ABS Regional Population 2019-20, SA2 proxy",2,1
2020-02-26,Campbelltown,31.085602,18.015839,13.069763000000002,2020-02-26 18:00:00,2020-02-27 05:00:00,28.815948,17.859222,11.0,11.0,0.996066,1,0,Low risk,17.80226516666667,69.63304025000001,2.7894471125,992.1385516666666,0.16689300562,40.0,10.0,0,far_inland,10.7411,1197240,11143979.7879,11146300.0,Campbelltown - Woodbine,21690,1577.7,13.7,"ABS Regional Population 2019-20, SA2 proxy",2,1
2020-02-27,Campbelltown,25.571045,17.641388,7.929657000000002,2020-02-27 18:00:00,2020-02-28 05:00:00,24.995514,14.212036,11.0,11.0,0.9803161818181819,1,0,Low risk,14.763661666666666,68.49024066666666,2.7211229958333334,995.0101812500001,0.6012916507,40.0,10.0,0,far_inland,10.7411,1197240,11143979.7879,11146300.0,Campbelltown - Woodbine,21690,1577.7,13.7,"ABS Regional Population 2019-20, SA2 proxy",2,1
2020-02-28,Campbelltown,25.709381,12.911804,12.797577,2020-02-28 18:00:00,2020-02-29 05:00:00,22.12915,16.87384,11.0,11.0,0.47775545454545437,1,0,Moderate risk,12.172856675,65.19031325,2.5485683166666666,996.9649804166667,0.1235008239,40.0,10.0,0,far_inland,10.7411,1197240,11143979.7879,11146300.0,Campbelltown - Woodbine,21690,1577.7,13.7,"ABS Regional Population 2019-20, SA2 proxy",2,1
2020-02-29,Campbelltown,25.695648,16.607605,9.088042999999999,2020-02-29 18:00:00,2020-03-01 04:00:00,24.176117,18.213776,10.0,11.0,0.5962341000000002,1,0,Moderate risk,15.302420395833332,71.25406116666666,2.081494892083333,1001.1737741666666,0.55027008032,40.0,10.0,0,far_inland,10.7411,1197240,11143979.7879,11146300.0,Campbelltown - Woodbine,21690,1577.7,13.7,"ABS Regional Population 2019-20, SA2 proxy",2,1
2020-03-01,Campbelltown,30.292023,17.524017,12.768006,2020-03-01 18:00:00,2020-03-02 05:00:00,28.57425,16.9794,11.0,11.0,1.054077272727273,1,0,Low risk,18.201480916666664,74.14049108333333,2.1649481649999998,997.1004154166667,0.09489059327999999,40.0,10.0,0,far_inland,10.7411,1197240,11143979.7879,11146300.0,Campbelltown - Woodbine,21690,1577.7,13.7,"ABS Regional Population 2019-20, SA2 proxy",3,0
2020-03-02,Campbelltown,36.555023,16.277374,20.277649,2020-03-02 18:00:00,2020-03-03 05:00:00,22.509491,18.708038,11.0,11.0,0.34558663636363657,1,1,High risk,14.887783054166666,65.9292855,2.5143291083333335,995.6197458333332,0.01907348636,40.0,10.0,0,far_inland,10.7411,1197240,11143979.7879,11146300.0,Campbelltown - Woodbine,21690,1577.7,13.7,"ABS Regional Population 2019-20, SA2 proxy",3,0
2020-03-03,Campbelltown,20.54129,18.126556,2.4147339999999993,2020-03-03 18:00:00,2020-03-03 23:00:00,18.673431,18.126556,5.0,11.0,0.109375,0,0,Not hot day,15.675993687499998,80.861413125,2.0014051204166665,1004.6864420833334,7.5407028015,40.0,10.0,0,far_inland,10.7411,1197240,11143979.7879,11146300.0,Campbelltown - Woodbine,21690,1577.7,13.7,"ABS Regional Population 2019-20, SA2 proxy",3,0
2020-03-04,Campbelltown,22.379242,18.134064,4.245178000000003,2020-03-04 18:00:00,2020-03-04 21:00:00,21.673065,20.53186,3.0,11.0,0.38040166666666647,0,0,Not hot day,18.893761916666666,92.38410266666666,1.4846613345833333,1003.4812270833332,18.3482170616,40.0,10.0,0,far_inland,10.7411,1197240,11143979.7879,11146300.0,Campbelltown - Woodbine,21690,1577.7,13.7,"ABS Regional Population 2019-20, SA2 proxy",3,0
2020-03-05,Campbelltown,21.524536,20.652008,0.8725280000000026,2020-03-05 18:00:00,2020-03-06 05:00:00,21.244171,19.440002,11.0,11.0,0.1640153636363638,0,0,Not hot day,20.179892249999998,94.47531066666666,3.095339749166667,995.5125095833333,26.8449782625,40.0,10.0,0,far_inland,10.7411,1197240,11143979.7879,11146300.0,Campbelltown - Woodbine,21690,1577.7,13.7,"ABS Regional Population 2019-20, SA2 proxy",3,0
2020-03-06,Campbelltown,27.357086,18.640656,8.716429999999999,2020-03-06 18:00:00,2020-03-07 05:00:00,22.143158,18.647552,11.0,11.0,0.31778236363636353,1,1,High risk,19.393559749999998,85.91445508333334,2.3068158,994.4469608333334,2.72750854676,40.0,10.0,0,far_inland,10.7411,1197240,11143979.7879,11146300.0,Campbelltown - Woodbine,21690,1577.7,13.7,"ABS Regional Population 2019-20, SA2 proxy",3,0
2020-03-07,Campbelltown,22.483185,17.758392,4.724792999999998,2020-03-07 18:00:00,2020-03-08 05:00:00,20.9935,16.612762,11.0,11.0,0.39824890909090915,0,0,Not hot day,15.376412729166667,75.39374833333333,3.0368220125,1004.24285375,0.9198188697,40.0,10.0,0,far_inland,10.7411,1197240,11143979.7879,11146300.0,Campbelltown - Woodbine,21690,1577.7,13.7,"ABS Regional Population 2019-20, SA2 proxy",3,0
2020-03-08,Campbelltown,21.708496,16.571167,5.137329000000001,2020-03-08 18:00:00,2020-03-09 05:00:00,19.952484,17.007843,11.0,11.0,0.2676946363636361,0,0,Not hot day,14.7819010625,78.88067504166666,1.9709572416666667,1005.6069591666666,2.6655197131,40.0,10.0,0,far_inland,10.7411,1197240,11143979.7879,11146300.0,Campbelltown - Woodbine,21690,1577.7,13.7,"ABS Regional Population 2019-20, SA2 proxy",3,0
2020-03-09,Campbelltown,21.451447,16.606903,4.844544000000003,2020-03-09 18:00:00,2020-03-10 05:00:00,19.643707,15.156403,11.0,11.0,0.4079367272727273,0,0,Not hot day,14.084274333333333,75.5531355,2.477700614166667,1006.0858066666666,1.1305809011,40.0,10.0,0,far_inland,10.7411,1197240,11143979.7879,11146300.0,Campbelltown - Woodbine,21690,1577.7,13.7,"ABS Regional Population 2019-20, SA2 proxy",3,0
2020-03-10,Campbelltown,22.402252,14.918793,7.483459,2020-03-10 18:00:00,2020-03-11 05:00:00,21.442963,13.441742,11.0,11.0,0.7273837272727272,0,0,Not hot day,14.192570937500001,76.62715583333333,1.4385106583333334,1006.5652195833333,1.3728141791000001,40.0,10.0,0,far_inland,10.7411,1197240,11143979.7879,11146300.0,Campbelltown - Woodbine,21690,1577.7,13.7,"ABS Regional Population 2019-20, SA2 proxy",3,0
2020-03-11,Campbelltown,23.885162,13.091461,10.793701,2020-03-11 18:00:00,2020-03-12 05:00:00,22.394989,14.470306,11.0,11.0,0.7204257272727271,1,0,Low risk,13.509596520833334,74.77091937499999,1.661189655,1008.1918329166666,1.4443397544,40.0,10.0,0,far_inland,10.7411,1197240,11143979.7879,11146300.0,Campbelltown - Woodbine,21690,1577.7,13.7,"ABS Regional Population 2019-20, SA2 proxy",3,0
2020-03-12,Campbelltown,23.843597,14.376495,9.467101999999999,2020-03-12 18:00:00,2020-03-13 05:00:00,22.400421,12.923309,11.0,11.0,0.8615556363636365,1,0,Low risk,14.249850020833334,77.12236716666666,1.9165950170833332,1009.1694208333333,1.6222000159,40.0,10.0,0,far_inland,10.7411,1197240,11143979.7879,11146300.0,Campbelltown - Woodbine,21690,1577.7,13.7,"ABS Regional Population 2019-20, SA2 proxy",3,0
2020-03-13,Campbelltown,25.643951,12.091644,13.552307,2020-03-13 18:00:00,2020-03-14 02:00:00,24.03067,15.050812,8.0,11.0,1.12248225,1,0,Low risk,12.601492583333332,70.97349920833334,2.3636437166666666,1003.71714125,0.0,40.0,10.0,0,far_inland,10.7411,1197240,11143979.7879,11146300.0,Campbelltown - Woodbine,21690,1577.7,13.7,"ABS Regional Population 2019-20, SA2 proxy",3,0
2020-03-14,Campbelltown,17.31427,13.269867,4.044403000000001,2020-03-14 18:00:00,2020-03-15 05:00:00,14.337067,13.145264,11.0,11.0,0.10834572727272729,0,0,Not hot day,12.348654375,83.46437383333334,3.2110315249999997,1002.2372399999999,3.9176941055,40.0,10.0,0,far_inland,10.7411,1197240,11143979.7879,11146300.0,Campbelltown - Woodbine,21690,1577.7,13.7,"ABS Regional Population 2019-20, SA2 proxy",3,0
2020-03-15,Campbelltown,19.276764,12.788788,6.487976,2020-03-15 18:00:00,2020-03-16 05:00:00,18.27597,15.306793,11.0,11.0,0.2699251818181818,0,0,Not hot day,11.040894854166666,71.24298954166666,3.5321733041666667,1007.2848370833334,0.7815361024,40.0,10.0,0,far_inland,10.7411,1197240,11143979.7879,11146300.0,Campbelltown - Woodbine,21690,1577.7,13.7,"ABS Regional Population 2019-20, SA2 proxy",3,0
2020-03-16,Campbelltown,20.958954,15.099152,5.859801999999998,2020-03-16 18:00:00,2020-03-17 05:00:00,19.565765,14.167267,11.0,11.0,0.4907725454545453,0,0,Not hot day,13.426441166666665,78.40414479166667,3.3372599083333334,1010.3347404166667,2.7637481795,40.0,10.0,0,far_inland,10.7411,1197240,11143979.7879,11146300.0,Campbelltown - Woodbine,21690,1577.7,13.7,"ABS Regional Population 2019-20, SA2 proxy",3,0
2020-03-17,Campbelltown,21.757965,13.629364,8.128600999999998,2020-03-17 18:00:00,2020-03-18 05:00:00,20.94336,11.866028,11.0,11.0,0.8252119999999998,0,0,Not hot day,13.993053395833334,79.38547416666667,1.7368993208333334,1012.1355420833333,1.909255986,40.0,10.0,0,far_inland,10.7411,1197240,11143979.7879,11146300.0,Campbelltown - Woodbine,21690,1577.7,13.7,"ABS Regional Population 2019-20, SA2 proxy",3,0
2020-03-18,Campbelltown,25.959473,11.742828,14.216645,2020-03-18 18:00:00,2020-03-19 05:00:00,24.563568,13.17746,11.0,11.0,1.0351007272727273,1,0,Low risk,13.676301416666666,76.36603545833333,1.49014283125,1009.5760616666666,0.00143051146,40.0,10.0,0,far_inland,10.7411,1197240,11143979.7879,11146300.0,Campbelltown - Woodbine,21690,1577.7,13.7,"ABS Regional Population 2019-20, SA2 proxy",3,0
2020-03-19,Campbelltown,32.134308,12.964172,19.170136,2020-03-19 18:00:00,2020-03-20 05:00:00,30.182343,17.076233,11.0,11.0,1.1914645454545456,1,0,Low risk,13.55729925,64.81880154166667,1.7353984445833335,1005.7777858333334,0.0,40.0,10.0,0,far_inland,10.7411,1197240,11143979.7879,11146300.0,Campbelltown - Woodbine,21690,1577.7,13.7,"ABS Regional Population 2019-20, SA2 proxy",3,0
2020-03-20,Campbelltown,34.436127,16.791992,17.644135,2020-03-20 18:00:00,2020-03-21 05:00:00,32.843414,14.46817,11.0,11.0,1.6704767272727274,1,0,Low risk,13.947064625000001,56.777778250000004,2.3873788875,999.6689829166667,0.0,40.0,10.0,0,far_inland,10.7411,1197240,11143979.7879,11146300.0,Campbelltown - Woodbine,21690,1577.7,13.7,"ABS Regional Population 2019-20, SA2 proxy",3,0
2020-03-21,Campbelltown,24.928131,13.91391,11.014221000000001,2020-03-21 18:00:00,2020-03-22 05:00:00,21.438446,16.776642,11.0,11.0,0.42380036363636364,1,0,Moderate risk,14.327997854166666,73.45185583333334,1.7705041295833333,1004.3840533333333,0.6918907156,40.0,10.0,0,far_inland,10.7411,1197240,11143979.7879,11146300.0,Campbelltown - Woodbine,21690,1577.7,13.7,"ABS Regional Population 2019-20, SA2 proxy",3,0
2020-03-22,Campbelltown,29.521698,16.042023,13.479675,2020-03-22 18:00:00,2020-03-23 05:00:00,23.21051,16.902863,11.0,11.0,0.5734224545454545,1,0,Moderate risk,14.174158716666668,68.59486904166667,2.2887144708333333,1004.0159945833334,0.3852844218,40.0,10.0,0,far_inland,10.7411,1197240,11143979.7879,11146300.0,Campbelltown - Woodbine,21690,1577.7,13.7,"ABS Regional Population 2019-20, SA2 proxy",3,0
2020-03-23,Campbelltown,20.910004,16.28476,4.625244000000002,2020-03-23 18:00:00,2020-03-24 05:00:00,19.533905,14.744476,11.0,11.0,0.43540263636363635,0,0,Not hot day,12.797920229166666,69.29347645833333,2.729565034583333,1009.6924095833333,1.64556502796,40.0,10.0,0,far_inland,10.7411,1197240,11143979.7879,11146300.0,Campbelltown - Woodbine,21690,1577.7,13.7,"ABS Regional Population 2019-20, SA2 proxy",3,0
2020-03-24,Campbelltown,22.06839,14.657501,7.410889000000001,2020-03-24 18:00:00,2020-03-25 05:00:00,21.379852,16.858795,11.0,11.0,0.41100518181818174,0,0,Not hot day,15.125036875,81.89124375,1.7142722433333333,1008.1778266666666,2.68125534306,40.0,10.0,0,far_inland,10.7411,1197240,11143979.7879,11146300.0,Campbelltown - Woodbine,21690,1577.7,13.7,"ABS Regional Population 2019-20, SA2 proxy",3,0
2020-03-25,Campbelltown,24.162903,15.50412,8.658783,2020-03-25 18:00:00,2020-03-26 05:00:00,19.00467,16.235382,11.0,11.0,0.2517534545454545,1,1,High risk,16.679264041666666,86.95725333333333,1.8519413798333335,1004.7711249999999,15.93399054262,40.0,10.0,0,far_inland,10.7411,1197240,11143979.7879,11146300.0,Campbelltown - Woodbine,21690,1577.7,13.7,"ABS Regional Population 2019-20, SA2 proxy",3,0
2020-03-26,Campbelltown,21.210724,15.713593,5.4971309999999995,2020-03-26 18:00:00,2020-03-27 02:00:00,20.030212,15.467865,8.0,11.0,0.5702933749999999,0,0,Not hot day,13.581891458333333,75.9276855,3.225450241666667,1010.0182304166666,3.8661956894,40.0,10.0,0,far_inland,10.7411,1197240,11143979.7879,11146300.0,Campbelltown - Woodbine,21690,1577.7,13.7,"ABS Regional Population 2019-20, SA2 proxy",3,0
2020-03-27,Campbelltown,21.447174,15.0538025,6.393371500000001,2020-03-27 18:00:00,2020-03-28 04:00:00,20.107056,13.100067,10.0,11.0,0.7006989000000001,0,0,Not hot day,13.970282124999999,79.00334954166667,1.8402675458333333,1011.2775295833334,1.4572143553,40.0,10.0,0,far_inland,10.7411,1197240,11143979.7879,11146300.0,Campbelltown - Woodbine,21690,1577.7,13.7,"ABS Regional Population 2019-20, SA2 proxy",3,0
2020-03-28,Campbelltown,22.180511,13.100067,9.080444,2020-03-28 18:00:00,2020-03-29 05:00:00,19.726685,16.958923,11.0,11.0,0.2516147272727274,0,0,Not hot day,13.960713708333335,81.144379875,1.6064954879166666,1009.3194258333333,4.84323495846,40.0,10.0,0,far_inland,10.7411,1197240,11143979.7879,11146300.0,Campbelltown - Woodbine,21690,1577.7,13.7,"ABS Regional Population 2019-20, SA2 proxy",3,0
2020-03-29,Campbelltown,24.24643,16.841217,7.405213,2020-03-29 18:00:00,2020-03-30 02:00:00,23.00473,17.67154,8.0,11.0,0.6666487499999998,1,0,Moderate risk,17.552975916666668,86.97194725000001,1.7615873770833332,1004.1470516666667,2.38561629666,40.0,10.0,0,far_inland,10.7411,1197240,11143979.7879,11146300.0,Campbelltown - Woodbine,21690,1577.7,13.7,"ABS Regional Population 2019-20, SA2 proxy",3,0
2020-03-30,Campbelltown,23.921844,17.585327,6.336517000000001,2020-03-30 18:00:00,2020-03-31 05:00:00,23.718475,15.229218,11.0,11.0,0.7717506363636365,1,0,Low risk,17.710221583333333,87.29044825,1.6620434333333334,998.7891704166667,2.21300122516,40.0,10.0,0,far_inland,10.7411,1197240,11143979.7879,11146300.0,Campbelltown - Woodbine,21690,1577.7,13.7,"ABS Regional Population 2019-20, SA2 proxy",3,0
2020-03-31,Campbelltown,26.376373,15.035675,11.340698000000001,2020-03-31 18:00:00,2020-04-01 05:00:00,22.76474,17.997375,11.0,11.0,0.433396818181818,1,0,Moderate risk,16.568195375,81.31817816666667,1.6131680308333334,1001.1202450000001,0.5006790087199999,40.0,10.0,0,far_inland,10.7411,1197240,11143979.7879,11146300.0,Campbelltown - Woodbine,21690,1577.7,13.7,"ABS Regional Population 2019-20, SA2 proxy",3,0
2020-04-01,Campbelltown,23.537659,17.96402,5.573639,2020-04-01 18:00:00,2020-04-02 05:00:00,22.37674,18.115143,11.0,11.0,0.3874179090909093,0,0,Not hot day,18.453509,88.75893483333334,2.0069182995833335,1003.77669875,3.591537485,40.0,10.0,0,far_inland,10.7411,1197240,11143979.7879,11146300.0,Campbelltown - Woodbine,21690,1577.7,13.7,"ABS Regional Population 2019-20, SA2 proxy",4,0
2020-04-02,Campbelltown,22.187622,17.249268,4.938354,2020-04-02 18:00:00,2020-04-03 05:00:00,20.696136,14.158142,11.0,11.0,0.5943630909090909,0,0,Not hot day,18.700784,94.60824729166666,1.75587013875,998.7611695833334,9.49621201216,40.0,10.0,0,far_inland,10.7411,1197240,11143979.7879,11146300.0,Campbelltown - Woodbine,21690,1577.7,13.7,"ABS Regional Population 2019-20, SA2 proxy",4,0
2020-04-03,Campbelltown,24.146576,13.889374,10.257202,2020-04-03 18:00:00,2020-04-04 02:00:00,20.815582,19.109192,8.0,11.0,0.21329874999999987,1,1,Extreme risk,17.190151166666666,90.61714024999999,1.6639222716666666,992.95281875,8.626937913779999,40.0,10.0,0,far_inland,10.7411,1197240,11143979.7879,11146300.0,Campbelltown - Woodbine,21690,1577.7,13.7,"ABS Regional Population 2019-20, SA2 proxy",4,0
2020-04-04,Campbelltown,24.188477,15.278412,8.910065,2020-04-04 18:00:00,2020-04-05 05:00:00,20.735443,11.300507,11.0,11.0,0.8577214545454546,1,0,Low risk,12.684534787499999,65.44735025,4.585146662500001,986.5885333333334,2.9635430254,40.0,10.0,0,far_inland,10.7411,1197240,11143979.7879,11146300.0,Campbelltown - Woodbine,21690,1577.7,13.7,"ABS Regional Population 2019-20, SA2 proxy",4,0
2020-04-05,Campbelltown,22.804749,11.075226,11.729523,2020-04-05 18:00:00,2020-04-06 05:00:00,17.887085,10.939575,11.0,11.0,0.6315918181818181,0,0,Not hot day,7.794053976,58.864073639999994,2.583121896,997.9644668,0.0,40.0,10.0,0,far_inland,10.7411,1197240,11143979.7879,11146300.0,Campbelltown - Woodbine,21690,1577.7,13.7,"ABS Regional Population 2019-20, SA2 proxy",4,0
2020-04-06,Campbelltown,22.729156,10.380035,12.349121,2020-04-06 18:00:00,2020-04-07 05:00:00,17.978546,14.368835,11.0,11.0,0.3281555454545455,0,0,Not hot day,10.600691541666666,70.270825,2.2484451208333334,1002.97475875,0.3037452669,40.0,10.0,0,far_inland,10.7411,1197240,11143979.7879,11146300.0,Campbelltown - Woodbine,21690,1577.7,13.7,"ABS Regional Population 2019-20, SA2 proxy",4,0
2020-04-07,Campbelltown,20.09201,14.210327,5.881682999999999,2020-04-07 18:00:00,2020-04-07 23:00:00,17.084137,14.225067,5.0,11.0,0.5718139999999998,0,0,Not hot day,12.30622625,76.15645554166666,1.8901509958333333,1006.6354854166666,0.9517669708,40.0,10.0,0,far_inland,10.7411,1197240,11143979.7879,11146300.0,Campbelltown - Woodbine,21690,1577.7,13.7,"ABS Regional Population 2019-20, SA2 proxy",4,0
2020-04-08,Campbelltown,17.9169,14.2612915,3.655608499999998,2020-04-08 18:00:00,2020-04-09 05:00:00,16.506195,15.144104,11.0,11.0,0.12382645454545466,0,0,Not hot day,13.606844541666668,85.53530333333333,1.6864531708333335,1007.5267141666667,5.3162575156,40.0,10.0,0,far_inland,10.7411,1197240,11143979.7879,11146300.0,Campbelltown - Woodbine,21690,1577.7,13.7,"ABS Regional Population 2019-20, SA2 proxy",4,0
2020-04-09,Campbelltown,21.036346,14.992493,6.043853000000002,2020-04-09 18:00:00,2020-04-10 02:00:00,18.355316,15.832428,8.0,11.0,0.3153609999999998,0,0,Not hot day,14.375351,81.54044566666667,1.78135346875,1010.6095037499999,1.5535354361,40.0,10.0,0,far_inland,10.7411,1197240,11143979.7879,11146300.0,Campbelltown - Woodbine,21690,1577.7,13.7,"ABS Regional Population 2019-20, SA2 proxy",4,0
2020-04-10,Campbelltown,21.858093,13.538849,8.319244,2020-04-10 18:00:00,2020-04-11 03:00:00,15.279175,13.140045,9.0,11.0,0.2376811111111111,0,0,Not hot day,15.277631166666666,90.55863562500001,2.1618268958333333,1001.96953,8.6183548086,40.0,10.0,0,far_inland,10.7411,1197240,11143979.7879,11146300.0,Campbelltown - Woodbine,21690,1577.7,13.7,"ABS Regional Population 2019-20, SA2 proxy",4,0
2020-04-11,Campbelltown,24.700256,13.140045,11.560210999999999,2020-04-11 18:00:00,2020-04-12 05:00:00,18.042877,9.949982,11.0,11.0,0.7357177272727273,1,0,Low risk,8.413253745833334,58.04458491666667,4.483631283333334,990.7841387499999,0.00333786,40.0,10.0,0,far_inland,10.7411,1197240,11143979.7879,11146300.0,Campbelltown - Woodbine,21690,1577.7,13.7,"ABS Regional Population 2019-20, SA2 proxy",4,0
2020-04-12,Campbelltown,21.014679,9.225555,11.789124000000001,2020-04-12 18:00:00,2020-04-13 04:00:00,15.59671,7.6494446,10.0,11.0,0.79472654,0,0,Not hot day,5.4162216291666665,55.495718124999996,2.56677798375,1000.2914099999999,0.0,40.0,10.0,0,far_inland,10.7411,1197240,11143979.7879,11146300.0,Campbelltown - Woodbine,21690,1577.7,13.7,"ABS Regional Population 2019-20, SA2 proxy",4,0
2020-04-13,Campbelltown,20.71463,7.341797,13.372833,2020-04-13 18:00:00,2020-04-14 05:00:00,16.746307,9.775421,11.0,11.0,0.6337169090909093,0,0,Not hot day,9.63189565,76.52337420833334,1.40884911875,1005.6874795833334,0.0,40.0,10.0,0,far_inland,10.7411,1197240,11143979.7879,11146300.0,Campbelltown - Woodbine,21690,1577.7,13.7,"ABS Regional Population 2019-20, SA2 proxy",4,0
2020-04-14,Campbelltown,24.82132,9.3906555,15.4306645,2020-04-14 18:00:00,2020-04-15 05:00:00,19.254242,12.02536,11.0,11.0,0.6571710909090911,1,0,Moderate risk,11.541979437499998,74.68967641666667,1.2224855329166666,1008.3843166666667,0.0,40.0,10.0,0,far_inland,10.7411,1197240,11143979.7879,11146300.0,Campbelltown - Woodbine,21690,1577.7,13.7,"ABS Regional Population 2019-20, SA2 proxy",4,0
2020-04-15,Campbelltown,27.591095,11.864532,15.726562999999999,2020-04-15 18:00:00,2020-04-16 04:00:00,21.835663,13.827606,10.0,11.0,0.8008057000000001,1,0,Low risk,13.671325604166666,74.14493204166666,1.5446137704166667,1005.82753,0.0,40.0,10.0,0,far_inland,10.7411,1197240,11143979.7879,11146300.0,Campbelltown - Woodbine,21690,1577.7,13.7,"ABS Regional Population 2019-20, SA2 proxy",4,0
2020-04-16,Campbelltown,25.451935,13.827606,11.624329,2020-04-16 18:00:00,2020-04-17 05:00:00,22.83493,14.980988,11.0,11.0,0.7139947272727273,1,0,Low risk,14.173071520833332,73.824610125,2.1518513791666667,997.1868529166667,0.1616478,40.0,10.0,0,far_inland,10.7411,1197240,11143979.7879,11146300.0,Campbelltown - Woodbine,21690,1577.7,13.7,"ABS Regional Population 2019-20, SA2 proxy",4,0
2020-04-17,Campbelltown,25.753998,14.081146,11.672851999999999,2020-04-17 18:00:00,2020-04-18 05:00:00,19.636993,9.554901,11.0,11.0,0.9165538181818182,1,0,Low risk,8.251861591666666,54.605125750000006,2.889286041666667,995.7012125,0.0,40.0,10.0,0,far_inland,10.7411,1197240,11143979.7879,11146300.0,Campbelltown - Woodbine,21690,1577.7,13.7,"ABS Regional Population 2019-20, SA2 proxy",4,0
2020-04-18,Campbelltown,23.435577,9.554901,13.880676,2020-04-18 18:00:00,2020-04-19 05:00:00,17.184967,9.645172,11.0,11.0,0.6854359090909091,0,0,Not hot day,7.394402808333333,61.172506875,2.2028000083333334,997.6121895833334,0.0014305115,40.0,10.0,0,far_inland,10.7411,1197240,11143979.7879,11146300.0,Campbelltown - Woodbine,21690,1577.7,13.7,"ABS Regional Population 2019-20, SA2 proxy",4,0
2020-04-19,Campbelltown,21.878693,9.459412,12.419280999999998,2020-04-19 18:00:00,2020-04-20 03:00:00,16.468964,10.3151245,9.0,11.0,0.6837599444444444,0,0,Not hot day,10.513184916666667,77.117963375,1.4972705541666667,999.1548645833333,0.68521499866,40.0,10.0,0,far_inland,10.7411,1197240,11143979.7879,11146300.0,Campbelltown - Woodbine,21690,1577.7,13.7,"ABS Regional Population 2019-20, SA2 proxy",4,0
2020-04-20,Campbelltown,20.208344,10.3151245,9.8932195,2020-04-20 18:00:00,2020-04-21 04:00:00,17.84372,10.663605,10.0,11.0,0.7180115,0,0,Not hot day,10.936239854166667,79.3332485,1.41955977125,999.8307791666666,0.0,40.0,10.0,0,far_inland,10.7411,1197240,11143979.7879,11146300.0,Campbelltown - Woodbine,21690,1577.7,13.7,"ABS Regional Population 2019-20, SA2 proxy",4,0
2020-04-21,Campbelltown,24.868134,9.945587,14.922547000000002,2020-04-21 18:00:00,2020-04-22 05:00:00,20.01715,10.210236,11.0,11.0,0.8915376363636365,1,0,Low risk,10.9130935625,71.144195875,1.6602931916666668,1001.8792875,0.0,40.0,10.0,0,far_inland,10.7411,1197240,11143979.7879,11146300.0,Campbelltown - Woodbine,21690,1577.7,13.7,"ABS Regional Population 2019-20, SA2 proxy",4,0
2020-04-22,Campbelltown,24.694305,10.026642,14.667663,2020-04-22 18:00:00,2020-04-23 05:00:00,18.391388,8.994293,11.0,11.0,0.8542813636363635,1,0,Low risk,9.2870686875,67.40340008333334,2.1521541166666665,1002.8503716666668,0.0,40.0,10.0,0,far_inland,10.7411,1197240,11143979.7879,11146300.0,Campbelltown - Woodbine,21690,1577.7,13.7,"ABS Regional Population 2019-20, SA2 proxy",4,0
2020-04-23,Campbelltown,24.21579,8.696838,15.518951999999999,2020-04-23 18:00:00,2020-04-24 04:00:00,20.608978,12.803375,10.0,11.0,0.7805603,1,0,Low risk,9.049034116666666,68.21086841666666,1.7692296666666667,1003.8653891666667,0.0,40.0,10.0,0,far_inland,10.7411,1197240,11143979.7879,11146300.0,Campbelltown - Woodbine,21690,1577.7,13.7,"ABS Regional Population 2019-20, SA2 proxy",4,0
2020-04-24,Campbelltown,27.10852,12.532288,14.576232,2020-04-24 18:00:00,2020-04-25 05:00:00,20.454987,10.160553,11.0,11.0,0.9358576363636363,1,0,Low risk,10.590821666666667,64.20049979166667,1.9480058624999999,1002.4405583333333,0.0,40.0,10.0,0,far_inland,10.7411,1197240,11143979.7879,11146300.0,Campbelltown - Woodbine,21690,1577.7,13.7,"ABS Regional Population 2019-20, SA2 proxy",4,0
2020-04-25,Campbelltown,26.300598,9.890198,16.410400000000003,2020-04-25 18:00:00,2020-04-26 05:00:00,20.162018,9.816681,11.0,11.0,0.9404851818181817,1,0,Low risk,11.760059416666666,73.71638324999999,1.805421235,1004.6850216666667,0.0,40.0,10.0,0,far_inland,10.7411,1197240,11143979.7879,11146300.0,Campbelltown - Woodbine,21690,1577.7,13.7,"ABS Regional Population 2019-20, SA2 proxy",4,0
2020-04-26,Campbelltown,25.20343,9.657776,15.545654,2020-04-26 18:00:00,2020-04-27 05:00:00,19.700165,11.59259,11.0,11.0,0.7370522727272726,1,0,Low risk,11.348312416666666,72.74002220833333,2.228083129166667,1000.5197945833334,0.1516342131,40.0,10.0,0,far_inland,10.7411,1197240,11143979.7879,11146300.0,Campbelltown - Woodbine,21690,1577.7,13.7,"ABS Regional Population 2019-20, SA2 proxy",4,0
2020-04-27,Campbelltown,21.042267,11.59259,9.449677,2020-04-27 18:00:00,2020-04-28 05:00:00,17.682892,14.754364,11.0,11.0,0.266229818181818,0,0,Not hot day,13.056018833333333,80.608731625,1.7221883833333334,1008.3390787499999,1.7333030782,40.0,10.0,0,far_inland,10.7411,1197240,11143979.7879,11146300.0,Campbelltown - Woodbine,21690,1577.7,13.7,"ABS Regional Population 2019-20, SA2 proxy",4,0
2020-04-28,Campbelltown,21.473999,14.754364,6.7196349999999985,2020-04-28 18:00:00,2020-04-29 05:00:00,18.55252,15.33374,11.0,11.0,0.2926163636363637,0,0,Not hot day,15.458536666666667,85.98891070833334,2.4491515083333333,1007.8066495833333,2.3884773301,40.0,10.0,0,far_inland,10.7411,1197240,11143979.7879,11146300.0,Campbelltown - Woodbine,21690,1577.7,13.7,"ABS Regional Population 2019-20, SA2 proxy",4,0
2020-04-29,Campbelltown,25.528107,15.33374,10.194366999999998,2020-04-29 18:00:00,2020-04-30 04:00:00,21.714813,15.979401,10.0,11.0,0.5735412,1,0,Moderate risk,16.021166395833333,81.159491875,2.3080185458333333,999.5238866666667,1.7113685821,40.0,10.0,0,far_inland,10.7411,1197240,11143979.7879,11146300.0,Campbelltown - Woodbine,21690,1577.7,13.7,"ABS Regional Population 2019-20, SA2 proxy",4,0
2020-04-30,Campbelltown,17.364166,9.531891,7.832275000000001,2020-04-30 18:00:00,2020-05-01 04:00:00,11.457855,9.025909,10.0,11.0,0.24319459999999998,0,0,Not hot day,11.847526545833333,86.37322645833332,2.7175837,992.4652391666667,10.03694534876,40.0,10.0,0,far_inland,10.7411,1197240,11143979.7879,11146300.0,Campbelltown - Woodbine,21690,1577.7,13.7,"ABS Regional Population 2019-20, SA2 proxy",4,0
2020-05-01,Campbelltown,15.036377,9.025909,6.0104679999999995,2020-05-01 18:00:00,2020-05-02 03:00:00,12.341736,11.341461,9.0,11.0,0.1111416666666665,0,0,Not hot day,3.7225367541666667,58.033443874999996,4.280751575,992.2509437499999,0.00476837156,40.0,10.0,0,far_inland,10.7411,1197240,11143979.7879,11146300.0,Campbelltown - Woodbine,21690,1577.7,13.7,"ABS Regional Population 2019-20, SA2 proxy",5,0
2020-05-02,Campbelltown,16.334747,11.107208,5.227539,2020-05-02 18:00:00,2020-05-03 05:00:00,13.094818,9.617767,11.0,11.0,0.3160955454545454,0,0,Not hot day,3.7638638583333335,53.80745645833333,5.4342782875,990.4377966666666,0.054836273000000005,40.0,10.0,0,far_inland,10.7411,1197240,11143979.7879,11146300.0,Campbelltown - Woodbine,21690,1577.7,13.7,"ABS Regional Population 2019-20, SA2 proxy",5,0
2020-05-03,Campbelltown,18.795685,8.053101,10.742583999999999,2020-05-03 18:00:00,2020-05-04 05:00:00,13.729462,5.813446,11.0,11.0,0.7196378181818182,0,0,Not hot day,4.446886695833333,58.21213958333333,3.519811064583333,1002.1624937500001,0.0,40.0,10.0,0,far_inland,10.7411,1197240,11143979.7879,11146300.0,Campbelltown - Woodbine,21690,1577.7,13.7,"ABS Regional Population 2019-20, SA2 proxy",5,0
2020-05-04,Campbelltown,18.365234,5.473175,12.892059,2020-05-04 18:00:00,2020-05-05 05:00:00,13.4002075,10.327301,11.0,11.0,0.2793551363636364,0,0,Not hot day,6.3027547,72.82834216666667,2.093259125,1010.59686625,0.00047683716,40.0,10.0,0,far_inland,10.7411,1197240,11143979.7879,11146300.0,Campbelltown - Woodbine,21690,1577.7,13.7,"ABS Regional Population 2019-20, SA2 proxy",5,0
2020-05-05,Campbelltown,19.521027,10.169342,9.351685,2020-05-05 18:00:00,2020-05-06 05:00:00,14.426025,6.3661194,11.0,11.0,0.7327186909090909,0,0,Not hot day,9.699668954166667,78.34242195833333,1.8283294691666667,1014.6696445833333,0.14781951846,40.0,10.0,0,far_inland,10.7411,1197240,11143979.7879,11146300.0,Campbelltown - Woodbine,21690,1577.7,13.7,"ABS Regional Population 2019-20, SA2 proxy",5,0
2020-05-06,Campbelltown,21.861206,6.3661194,15.4950866,2020-05-06 18:00:00,2020-05-07 05:00:00,15.143219,6.876068,11.0,11.0,0.7515591818181818,0,0,Not hot day,9.228979770833334,81.08812320833333,1.5402855933333335,1012.4109829166667,0.0,40.0,10.0,0,far_inland,10.7411,1197240,11143979.7879,11146300.0,Campbelltown - Woodbine,21690,1577.7,13.7,"ABS Regional Population 2019-20, SA2 proxy",5,0
2020-05-07,Campbelltown,22.860443,6.1480103,16.7124327,2020-05-07 18:00:00,2020-05-08 05:00:00,17.475952,10.052521,11.0,11.0,0.6748573636363635,0,0,Not hot day,9.8349749375,79.899413,1.9060731441666665,1006.0107416666666,0.0,40.0,10.0,0,far_inland,10.7411,1197240,11143979.7879,11146300.0,Campbelltown - Woodbine,21690,1577.7,13.7,"ABS Regional Population 2019-20, SA2 proxy",5,0
2020-05-08,Campbelltown,26.59262,9.17868,17.41394,2020-05-08 18:00:00,2020-05-09 03:00:00,19.456635,10.69162,9.0,11.0,0.9738905555555554,1,0,Low risk,10.541908291666667,71.48913270833333,1.8677175541666668,1002.3064570833334,0.0,40.0,10.0,0,far_inland,10.7411,1197240,11143979.7879,11146300.0,Campbelltown - Woodbine,21690,1577.7,13.7,"ABS Regional Population 2019-20, SA2 proxy",5,0
2020-05-09,Campbelltown,24.505127,10.69162,13.813507000000001,2020-05-09 18:00:00,2020-05-10 05:00:00,18.766693,9.422668,11.0,11.0,0.8494568181818182,1,0,Low risk,9.599234308333333,66.17216466666666,2.6253767333333333,997.7455733333333,0.78201294,40.0,10.0,0,far_inland,10.7411,1197240,11143979.7879,11146300.0,Campbelltown - Woodbine,21690,1577.7,13.7,"ABS Regional Population 2019-20, SA2 proxy",5,0
2020-05-10,Campbelltown,16.988739,7.091736,9.897002999999998,2020-05-10 18:00:00,2020-05-11 05:00:00,10.824738,4.200897,11.0,11.0,0.6021673636363636,0,0,Not hot day,1.5943183816666666,51.572033624999996,3.045917104166667,1005.3638008333334,0.0,40.0,10.0,0,far_inland,10.7411,1197240,11143979.7879,11146300.0,Campbelltown - Woodbine,21690,1577.7,13.7,"ABS Regional Population 2019-20, SA2 proxy",5,0
2020-05-11,Campbelltown,18.290192,3.9125671,14.3776249,2020-05-11 18:00:00,2020-05-12 05:00:00,11.38736,3.9634705,11.0,11.0,0.6748990454545454,0,0,Not hot day,3.3990084166666663,66.10852625,2.0521730108333336,1011.6172816666667,0.0,40.0,10.0,0,far_inland,10.7411,1197240,11143979.7879,11146300.0,Campbelltown - Woodbine,21690,1577.7,13.7,"ABS Regional Population 2019-20, SA2 proxy",5,0
2020-05-12,Campbelltown,19.401306,3.6128235,15.7884825,2020-05-12 18:00:00,2020-05-13 05:00:00,13.585236,6.0273743,11.0,11.0,0.6870783363636364,0,0,Not hot day,5.743584962499999,75.28305983333333,1.8458767208333333,1010.5924799999999,0.0,40.0,10.0,0,far_inland,10.7411,1197240,11143979.7879,11146300.0,Campbelltown - Woodbine,21690,1577.7,13.7,"ABS Regional Population 2019-20, SA2 proxy",5,0
2020-05-13,Campbelltown,17.797089,5.97287,11.824219,2020-05-13 18:00:00,2020-05-14 01:00:00,12.3385315,7.5755005,7.0,11.0,0.680433,0,0,Not hot day,6.494219466666667,77.52912179166667,1.4415551083333333,1008.0901470833334,0.046730042,40.0,10.0,0,far_inland,10.7411,1197240,11143979.7879,11146300.0,Campbelltown - Woodbine,21690,1577.7,13.7,"ABS Regional Population 2019-20, SA2 proxy",5,0
2020-05-14,Campbelltown,16.193878,7.5755005,8.618377500000001,2020-05-14 18:00:00,2020-05-15 05:00:00,12.920441,7.7742615,11.0,11.0,0.46783450000000004,0,0,Not hot day,7.6127383208333335,76.57841499999999,2.826116545833333,1012.1046299999999,1.57403946656,40.0,10.0,0,far_inland,10.7411,1197240,11143979.7879,11146300.0,Campbelltown - Woodbine,21690,1577.7,13.7,"ABS Regional Population 2019-20, SA2 proxy",5,0
2020-05-15,Campbelltown,16.786407,7.196869,9.589538000000001,2020-05-15 18:00:00,2020-05-16 04:00:00,13.615326,10.422791,10.0,11.0,0.31925349999999997,0,0,Not hot day,8.385628979166666,77.97904516666667,2.7564682208333333,1014.3922699999999,1.14345551212,40.0,10.0,0,far_inland,10.7411,1197240,11143979.7879,11146300.0,Campbelltown - Woodbine,21690,1577.7,13.7,"ABS Regional Population 2019-20, SA2 proxy",5,0
2020-05-16,Campbelltown,18.35147,9.353302,8.998168,2020-05-16 18:00:00,2020-05-17 04:00:00,14.552948,7.474884,10.0,11.0,0.7078064000000001,0,0,Not hot day,10.186553833333333,83.18715766666666,1.4318532583333334,1015.6449770833333,0.5860328607199999,40.0,10.0,0,far_inland,10.7411,1197240,11143979.7879,11146300.0,Campbelltown - Woodbine,21690,1577.7,13.7,"ABS Regional Population 2019-20, SA2 proxy",5,0
2020-05-17,Campbelltown,19.364807,7.1513977,12.213409299999999,2020-05-17 18:00:00,2020-05-18 01:00:00,15.542877,9.332672,7.0,11.0,0.8871721428571429,0,0,Not hot day,9.2539723375,81.3609735,1.4222793008333332,1015.9372529166667,0.0557899478,40.0,10.0,0,far_inland,10.7411,1197240,11143979.7879,11146300.0,Campbelltown - Woodbine,21690,1577.7,13.7,"ABS Regional Population 2019-20, SA2 proxy",5,0
2020-05-18,Campbelltown,17.84021,9.332672,8.507537999999998,2020-05-18 18:00:00,2020-05-19 05:00:00,16.482513,11.149963,11.0,11.0,0.48477727272727283,0,0,Not hot day,11.4364840625,87.13004670833334,1.2821562070833332,1016.9673145833334,1.0080337465,40.0,10.0,0,far_inland,10.7411,1197240,11143979.7879,11146300.0,Campbelltown - Woodbine,21690,1577.7,13.7,"ABS Regional Population 2019-20, SA2 proxy",5,0
2020-05-19,Campbelltown,20.215424,10.460236,9.755187999999999,2020-05-19 18:00:00,2020-05-20 05:00:00,15.401825,9.121735,11.0,11.0,0.5709172727272729,0,0,Not hot day,12.001045166666666,85.48776141666667,1.5277342083333334,1012.6692466666667,0.04482269236,40.0,10.0,0,far_inland,10.7411,1197240,11143979.7879,11146300.0,Campbelltown - Woodbine,21690,1577.7,13.7,"ABS Regional Population 2019-20, SA2 proxy",5,0
2020-05-20,Campbelltown,23.489655,9.094543,14.395112,2020-05-20 18:00:00,2020-05-21 03:00:00,17.963837,12.330414,9.0,11.0,0.6259358888888892,0,0,Not hot day,10.826499916666668,77.03932558333334,2.2674686875,1003.1073070833332,0.0,40.0,10.0,0,far_inland,10.7411,1197240,11143979.7879,11146300.0,Campbelltown - Woodbine,21690,1577.7,13.7,"ABS Regional Population 2019-20, SA2 proxy",5,0
2020-05-21,Campbelltown,17.149628,9.797241,7.352387,2020-05-21 18:00:00,2020-05-22 01:00:00,13.298096,9.489166,7.0,11.0,0.5441328571428569,0,0,Not hot day,11.875993179166665,90.25214749999999,1.8587512124999999,997.5596883333333,39.9632456873,40.0,10.0,0,far_inland,10.7411,1197240,11143979.7879,11146300.0,Campbelltown - Woodbine,21690,1577.7,13.7,"ABS Regional Population 2019-20, SA2 proxy",5,0
2020-05-22,Campbelltown,14.7291565,9.489166,5.239990499999999,2020-05-22 18:00:00,2020-05-23 01:00:00,13.574188,11.620148,7.0,11.0,0.2791485714285713,0,0,Not hot day,7.274150829166667,71.82385345833333,5.41970215,995.4923279166666,28.4919738753,40.0,10.0,0,far_inland,10.7411,1197240,11143979.7879,11146300.0,Campbelltown - Woodbine,21690,1577.7,13.7,"ABS Regional Population 2019-20, SA2 proxy",5,0
2020-05-23,Campbelltown,16.182343,11.620148,4.562194999999999,2020-05-23 18:00:00,2020-05-23 20:00:00,13.312347,13.239136,2.0,11.0,0.03660550000000029,0,0,Not hot day,8.353272804166666,70.56653866666666,4.6586308875,993.0063987499999,5.585193622,40.0,10.0,0,far_inland,10.7411,1197240,11143979.7879,11146300.0,Campbelltown - Woodbine,21690,1577.7,13.7,"ABS Regional Population 2019-20, SA2 proxy",5,0
2020-05-24,Campbelltown,17.519562,12.358551,5.161011,2020-05-24 18:00:00,2020-05-25 04:00:00,14.79248,11.924194,10.0,11.0,0.28682859999999993,0,0,Not hot day,7.104357316666667,60.558465500000004,4.8030647958333335,997.54284625,0.08773803634,40.0,10.0,0,far_inland,10.7411,1197240,11143979.7879,11146300.0,Campbelltown - Woodbine,21690,1577.7,13.7,"ABS Regional Population 2019-20, SA2 proxy",5,0
2020-05-25,Campbelltown,15.577484,11.924194,3.65329,2020-05-25 18:00:00,2020-05-26 05:00:00,14.138031,12.992828,11.0,11.0,0.10410936363636368,0,0,Not hot day,9.083909345833334,75.07691683333333,5.101947079166666,1003.0790341666667,3.6344528026600003,40.0,10.0,0,far_inland,10.7411,1197240,11143979.7879,11146300.0,Campbelltown - Woodbine,21690,1577.7,13.7,"ABS Regional Population 2019-20, SA2 proxy",5,0
2020-05-26,Campbelltown,17.930878,12.905182,5.025696,2020-05-26 18:00:00,2020-05-27 05:00:00,14.742035,11.1223755,11.0,11.0,0.32905995454545445,0,0,Not hot day,11.515581729166668,82.25727808333333,3.623868241666667,1007.5426654166666,2.0546912971,40.0,10.0,0,far_inland,10.7411,1197240,11143979.7879,11146300.0,Campbelltown - Woodbine,21690,1577.7,13.7,"ABS Regional Population 2019-20, SA2 proxy",5,0
2020-05-27,Campbelltown,18.047394,10.144104,7.90329,2020-05-27 18:00:00,2020-05-28 04:00:00,14.826996,8.039246,10.0,11.0,0.6787749999999999,0,0,Not hot day,10.77687575,83.114807375,1.5459593141666668,1006.8076258333334,0.03862380986,40.0,10.0,0,far_inland,10.7411,1197240,11143979.7879,11146300.0,Campbelltown - Woodbine,21690,1577.7,13.7,"ABS Regional Population 2019-20, SA2 proxy",5,0
2020-05-28,Campbelltown,21.052032,7.7549744,13.2970576,2020-05-28 18:00:00,2020-05-29 04:00:00,15.508942,8.791534,10.0,11.0,0.6717407999999999,0,0,Not hot day,9.577381108333332,81.33329108333334,1.549902555,1006.1317116666668,0.0166893009,40.0,10.0,0,far_inland,10.7411,1197240,11143979.7879,11146300.0,Campbelltown - Woodbine,21690,1577.7,13.7,"ABS Regional Population 2019-20, SA2 proxy",5,0
2020-05-29,Campbelltown,17.223297,8.791534,8.431762999999998,2020-05-29 18:00:00,2020-05-30 05:00:00,12.884399,7.416046,11.0,11.0,0.49712300000000004,0,0,Not hot day,10.1004803125,87.26641370833333,1.2356826425,1011.58437125,0.5631446828,40.0,10.0,0,far_inland,10.7411,1197240,11143979.7879,11146300.0,Campbelltown - Woodbine,21690,1577.7,13.7,"ABS Regional Population 2019-20, SA2 proxy",5,0
2020-05-30,Campbelltown,18.870392,7.0509644,11.8194276,2020-05-30 18:00:00,2020-05-31 04:00:00,13.939117,7.933838,10.0,11.0,0.6005279,0,0,Not hot day,9.7958985625,86.72835404166666,2.062546858333333,1010.4937745833334,0.008583068899999999,40.0,10.0,0,far_inland,10.7411,1197240,11143979.7879,11146300.0,Campbelltown - Woodbine,21690,1577.7,13.7,"ABS Regional Population 2019-20, SA2 proxy",5,0
2020-05-31,Campbelltown,20.49289,7.933838,12.559052,2020-05-31 18:00:00,2020-06-01 04:00:00,14.677032,8.961334,10.0,11.0,0.5715698,0,0,Not hot day,9.481089270833333,81.85060020833333,1.7707061,1002.687805,0.04720688,40.0,10.0,0,far_inland,10.7411,1197240,11143979.7879,11146300.0,Campbelltown - Woodbine,21690,1577.7,13.7,"ABS Regional Population 2019-20, SA2 proxy",5,0
2020-06-01,Campbelltown,20.940155,8.871124,12.069031,2020-06-01 18:00:00,2020-06-02 03:00:00,13.874512,7.5517273,9.0,11.0,0.7025316333333333,0,0,Not hot day,6.3567022374999995,66.696887875,2.9722408416666664,995.1428883333333,0.01001358026,40.0,10.0,0,far_inland,10.7411,1197240,11143979.7879,11146300.0,Campbelltown - Woodbine,21690,1577.7,13.7,"ABS Regional Population 2019-20, SA2 proxy",6,0
2020-06-02,Campbelltown,15.458954,7.5517273,7.907226700000001,2020-06-02 18:00:00,2020-06-03 03:00:00,10.249481,8.593475,9.0,11.0,0.18400066666666662,0,0,Not hot day,3.6149177541666666,64.17839416666666,4.626566191666666,1000.0883708333334,1.7256736730000002,40.0,10.0,0,far_inland,10.7411,1197240,11143979.7879,11146300.0,Campbelltown - Woodbine,21690,1577.7,13.7,"ABS Regional Population 2019-20, SA2 proxy",6,0
2020-06-03,Campbelltown,17.919525,8.593475,9.32605,2020-06-03 18:00:00,2020-06-04 03:00:00,12.363861,7.9689636,9.0,11.0,0.4883219333333333,0,0,Not hot day,4.888871483333333,62.314065,3.7782019874999997,1007.8630175,0.0,40.0,10.0,0,far_inland,10.7411,1197240,11143979.7879,11146300.0,Campbelltown - Woodbine,21690,1577.7,13.7,"ABS Regional Population 2019-20, SA2 proxy",6,0
2020-06-04,Campbelltown,16.06363,5.3749084,10.688721600000001,2020-06-04 18:00:00,2020-06-05 04:00:00,9.795746,3.0591736,10.0,11.0,0.67365724,0,0,Not hot day,4.552494041666667,68.97336620833333,2.1439000916666666,1016.3350262499999,0.0,40.0,10.0,0,far_inland,10.7411,1197240,11143979.7879,11146300.0,Campbelltown - Woodbine,21690,1577.7,13.7,"ABS Regional Population 2019-20, SA2 proxy",6,0
2020-06-05,Campbelltown,18.047485,2.8607788,15.186706200000001,2020-06-05 18:00:00,2020-06-06 05:00:00,12.644836,3.5129395,11.0,11.0,0.8301724090909091,0,0,Not hot day,5.231438941666666,80.47107820833334,1.3104210408333332,1013.2498270833333,0.0,40.0,10.0,0,far_inland,10.7411,1197240,11143979.7879,11146300.0,Campbelltown - Woodbine,21690,1577.7,13.7,"ABS Regional Population 2019-20, SA2 proxy",6,0
2020-06-06,Campbelltown,17.153412,2.6325378,14.5208742,2020-06-06 18:00:00,2020-06-07 05:00:00,11.728241,4.9216003,11.0,11.0,0.6187855181818183,0,0,Not hot day,5.355219545833333,78.35658383333333,1.7158170212500001,1009.4596866666667,0.0014305115,40.0,10.0,0,far_inland,10.7411,1197240,11143979.7879,11146300.0,Campbelltown - Woodbine,21690,1577.7,13.7,"ABS Regional Population 2019-20, SA2 proxy",6,0
2020-06-07,Campbelltown,16.02127,4.7628174,11.258452600000002,2020-06-07 18:00:00,2020-06-08 05:00:00,11.524689,8.239532,11.0,11.0,0.29865063636363637,0,0,Not hot day,7.291097054166666,84.78473295833334,2.0334737416666666,1008.29244,2.69889829686,40.0,10.0,0,far_inland,10.7411,1197240,11143979.7879,11146300.0,Campbelltown - Woodbine,21690,1577.7,13.7,"ABS Regional Population 2019-20, SA2 proxy",6,0
2020-06-08,Campbelltown,16.906677,7.4320374,9.4746396,2020-06-08 18:00:00,2020-06-09 05:00:00,13.281525,10.4878845,11.0,11.0,0.2539673181818182,0,0,Not hot day,7.892297129166667,77.07440687500001,2.7217708166666665,1013.2652883333334,1.9435882709999999,40.0,10.0,0,far_inland,10.7411,1197240,11143979.7879,11146300.0,Campbelltown - Woodbine,21690,1577.7,13.7,"ABS Regional Population 2019-20, SA2 proxy",6,0
2020-06-09,Campbelltown,17.918793,10.042694,7.876099000000002,2020-06-09 18:00:00,2020-06-10 05:00:00,14.762054,11.8246155,11.0,11.0,0.26703986363636356,0,0,Not hot day,10.822344541666666,84.51750525,2.1277537125,1017.0335008333333,1.23834609416,40.0,10.0,0,far_inland,10.7411,1197240,11143979.7879,11146300.0,Campbelltown - Woodbine,21690,1577.7,13.7,"ABS Regional Population 2019-20, SA2 proxy",6,0
2020-06-10,Campbelltown,16.991547,11.8246155,5.1669315000000005,2020-06-10 18:00:00,2020-06-11 05:00:00,14.601288,11.047638,11.0,11.0,0.323059090909091,0,0,Not hot day,13.137580916666666,93.961943125,0.9717884408333334,1012.9446437500001,0.8010864217,40.0,10.0,0,far_inland,10.7411,1197240,11143979.7879,11146300.0,Campbelltown - Woodbine,21690,1577.7,13.7,"ABS Regional Population 2019-20, SA2 proxy",6,0
2020-06-11,Campbelltown,19.816864,10.4409485,9.3759155,2020-06-11 18:00:00,2020-06-12 01:00:00,14.910431,10.722778,7.0,11.0,0.598236142857143,0,0,Not hot day,11.294944708333333,84.47649620833333,2.0625320108333334,1008.79702125,0.23794174096,40.0,10.0,0,far_inland,10.7411,1197240,11143979.7879,11146300.0,Campbelltown - Woodbine,21690,1577.7,13.7,"ABS Regional Population 2019-20, SA2 proxy",6,0
2020-06-12,Campbelltown,16.548462,10.722778,5.825684000000001,2020-06-12 18:00:00,2020-06-13 05:00:00,13.195587,9.310883,11.0,11.0,0.353154909090909,0,0,Not hot day,10.768812791666667,86.41131866666666,1.7884918345833334,1010.0872783333333,0.9131431627,40.0,10.0,0,far_inland,10.7411,1197240,11143979.7879,11146300.0,Campbelltown - Woodbine,21690,1577.7,13.7,"ABS Regional Population 2019-20, SA2 proxy",6,0
2020-06-13,Campbelltown,18.661652,8.968964,9.692688,2020-06-13 18:00:00,2020-06-14 03:00:00,14.795227,11.9210205,9.0,11.0,0.3193562777777779,0,0,Not hot day,12.071145375,91.98874620833334,1.67617166375,1005.9192200000001,0.08964538466000001,40.0,10.0,0,far_inland,10.7411,1197240,11143979.7879,11146300.0,Campbelltown - Woodbine,21690,1577.7,13.7,"ABS Regional Population 2019-20, SA2 proxy",6,0
2020-06-14,Campbelltown,19.487946,9.636261,9.851685000000002,2020-06-14 18:00:00,2020-06-15 04:00:00,13.959808,7.088745,10.0,11.0,0.6871063000000001,0,0,Not hot day,8.790023816666666,73.61022870833334,2.611041558333333,1000.6281404166666,4.021167728000001,40.0,10.0,0,far_inland,10.7411,1197240,11143979.7879,11146300.0,Campbelltown - Woodbine,21690,1577.7,13.7,"ABS Regional Population 2019-20, SA2 proxy",6,0
2020-06-15,Campbelltown,19.050262,6.691681,12.358581000000001,2020-06-15 18:00:00,2020-06-16 05:00:00,13.358093,5.6615295,11.0,11.0,0.6996875909090909,0,0,Not hot day,6.370349875,71.00056091666667,2.6273026083333333,1007.0535933333334,0.0,40.0,10.0,0,far_inland,10.7411,1197240,11143979.7879,11146300.0,Campbelltown - Woodbine,21690,1577.7,13.7,"ABS Regional Population 2019-20, SA2 proxy",6,0
2020-06-16,Campbelltown,20.107788,4.942169,15.165619,2020-06-16 18:00:00,2020-06-17 00:00:00,13.421753,7.6128845,6.0,11.0,0.9681447500000001,0,0,Not hot day,6.9796320666666665,75.95067508333334,2.0803615041666665,1008.3241845833332,0.0,40.0,10.0,0,far_inland,10.7411,1197240,11143979.7879,11146300.0,Campbelltown - Woodbine,21690,1577.7,13.7,"ABS Regional Population 2019-20, SA2 proxy",6,0
2020-06-17,Campbelltown,15.943207,7.056732,8.886474999999999,2020-06-17 18:00:00,2020-06-18 05:00:00,13.04422,11.067047,11.0,11.0,0.17974299999999988,0,0,Not hot day,8.732702908333334,83.06481295833333,2.861284416666667,1016.7137108333333,0.92935563416,40.0,10.0,0,far_inland,10.7411,1197240,11143979.7879,11146300.0,Campbelltown - Woodbine,21690,1577.7,13.7,"ABS Regional Population 2019-20, SA2 proxy",6,0
2020-06-18,Campbelltown,17.160278,8.158051,9.002227000000001,2020-06-18 18:00:00,2020-06-19 04:00:00,13.00592,6.183136,10.0,11.0,0.6822784,0,0,Not hot day,8.085591641666667,74.909727875,1.5515333520833334,1021.0378516666666,0.2012252817,40.0,10.0,0,far_inland,10.7411,1197240,11143979.7879,11146300.0,Campbelltown - Woodbine,21690,1577.7,13.7,"ABS Regional Population 2019-20, SA2 proxy",6,0
2020-06-19,Campbelltown,18.53653,5.8361206,12.700409399999998,2020-06-19 18:00:00,2020-06-20 05:00:00,12.626892,7.9580994,11.0,11.0,0.4244356909090909,0,0,Not hot day,8.313406616666667,84.8222715,1.7531784791666667,1015.0398650000001,0.00047683716,40.0,10.0,0,far_inland,10.7411,1197240,11143979.7879,11146300.0,Campbelltown - Woodbine,21690,1577.7,13.7,"ABS Regional Population 2019-20, SA2 proxy",6,0
2020-06-20,Campbelltown,18.865631,6.3355713,12.5300597,2020-06-20 18:00:00,2020-06-21 04:00:00,14.770355,9.402374,10.0,11.0,0.5367981000000001,0,0,Not hot day,9.153085145833334,83.51114841666667,1.8121407462499999,1007.0925604166667,0.0,40.0,10.0,0,far_inland,10.7411,1197240,11143979.7879,11146300.0,Campbelltown - Woodbine,21690,1577.7,13.7,"ABS Regional Population 2019-20, SA2 proxy",6,0
2020-06-21,Campbelltown,17.220825,7.7758484,9.4449766,2020-06-21 18:00:00,2020-06-22 05:00:00,11.4774475,3.8070984,11.0,11.0,0.6973044636363637,0,0,Not hot day,8.509247995833332,83.19334829166667,1.6800168800000002,997.3702283333333,5.8484077036999995,40.0,10.0,0,far_inland,10.7411,1197240,11143979.7879,11146300.0,Campbelltown - Woodbine,21690,1577.7,13.7,"ABS Regional Population 2019-20, SA2 proxy",6,0
2020-06-22,Campbelltown,14.963318,3.8070984,11.1562196,2020-06-22 18:00:00,2020-06-23 05:00:00,10.259644,5.949646,11.0,11.0,0.39181799999999994,0,0,Not hot day,4.545413970833333,75.46812533333333,2.3110477499999997,995.0753470833333,1.13677977598,40.0,10.0,0,far_inland,10.7411,1197240,11143979.7879,11146300.0,Campbelltown - Woodbine,21690,1577.7,13.7,"ABS Regional Population 2019-20, SA2 proxy",6,0
2020-06-23,Campbelltown,15.326538,5.483795,9.842742999999999,2020-06-23 18:00:00,2020-06-24 03:00:00,10.327179,6.2972717,9.0,11.0,0.44776747777777776,0,0,Not hot day,3.8824742708333333,68.876056125,3.5273905125,996.9979758333334,0.0,40.0,10.0,0,far_inland,10.7411,1197240,11143979.7879,11146300.0,Campbelltown - Woodbine,21690,1577.7,13.7,"ABS Regional Population 2019-20, SA2 proxy",6,0
2020-06-24,Campbelltown,17.57248,6.2972717,11.2752083,2020-06-24 18:00:00,2020-06-25 05:00:00,13.331512,7.643341,11.0,11.0,0.5171064545454546,0,0,Not hot day,5.9848315125000004,70.31558375,3.9725491749999997,999.6188645833332,0.036239624059999996,40.0,10.0,0,far_inland,10.7411,1197240,11143979.7879,11146300.0,Campbelltown - Woodbine,21690,1577.7,13.7,"ABS Regional Population 2019-20, SA2 proxy",6,0
2020-06-25,Campbelltown,17.290527,7.290436,10.000091000000001,2020-06-25 18:00:00,2020-06-26 05:00:00,11.6423645,5.607605,11.0,11.0,0.5486144999999999,0,0,Not hot day,6.119233479166667,72.28128883333333,2.957740616666667,1004.2219720833333,0.0,40.0,10.0,0,far_inland,10.7411,1197240,11143979.7879,11146300.0,Campbelltown - Woodbine,21690,1577.7,13.7,"ABS Regional Population 2019-20, SA2 proxy",6,0
2020-06-26,Campbelltown,17.783356,5.082489,12.700867000000002,2020-06-26 18:00:00,2020-06-27 05:00:00,12.274719,7.318054,11.0,11.0,0.45060590909090903,0,0,Not hot day,5.052347845833333,71.18880929166666,2.20819769,1008.27239,0.206470488,40.0,10.0,0,far_inland,10.7411,1197240,11143979.7879,11146300.0,Campbelltown - Woodbine,21690,1577.7,13.7,"ABS Regional Population 2019-20, SA2 proxy",6,0
2020-06-27,Campbelltown,15.075897,7.318054,7.757842999999999,2020-06-27 18:00:00,2020-06-28 04:00:00,10.883636,7.3750305,10.0,11.0,0.3508605499999999,0,0,Not hot day,6.5132547999999995,77.31923825,1.7428037020833334,1012.1549304166666,0.2837181058,40.0,10.0,0,far_inland,10.7411,1197240,11143979.7879,11146300.0,Campbelltown - Woodbine,21690,1577.7,13.7,"ABS Regional Population 2019-20, SA2 proxy",6,0
2020-06-28,Campbelltown,15.884308,6.811798,9.072510000000001,2020-06-28 18:00:00,2020-06-29 05:00:00,11.460175,8.391785,11.0,11.0,0.2789445454545454,0,0,Not hot day,6.609582266666667,76.464381375,1.9445953833333334,1012.5583216666668,0.0519752497,40.0,10.0,0,far_inland,10.7411,1197240,11143979.7879,11146300.0,Campbelltown - Woodbine,21690,1577.7,13.7,"ABS Regional Population 2019-20, SA2 proxy",6,0
2020-06-29,Campbelltown,15.276215,8.109131,7.167084000000001,2020-06-29 18:00:00,2020-06-30 05:00:00,12.304047,6.0298157,11.0,11.0,0.5703846636363636,0,0,Not hot day,8.6132203,86.11008141666667,1.6856126195833332,1012.31596875,1.0061264122,40.0,10.0,0,far_inland,10.7411,1197240,11143979.7879,11146300.0,Campbelltown - Woodbine,21690,1577.7,13.7,"ABS Regional Population 2019-20, SA2 proxy",6,0
2020-06-30,Campbelltown,17.056946,5.4321594,11.6247866,2020-06-30 18:00:00,2020-07-01 05:00:00,11.003204,4.406952,11.0,11.0,0.5996592727272727,0,0,Not hot day,7.950812029166666,89.1016985,1.7860182125000001,1009.4573329166666,0.11301040752,40.0,10.0,0,far_inland,10.7411,1197240,11143979.7879,11146300.0,Campbelltown - Woodbine,21690,1577.7,13.7,"ABS Regional Population 2019-20, SA2 proxy",6,0
2020-07-01,Campbelltown,20.020569,4.247162,15.773406999999999,2020-07-01 18:00:00,2020-07-02 03:00:00,13.841522,6.109436,9.0,11.0,0.8591206666666666,0,0,Not hot day,6.817396783333333,79.39228762500001,1.6994605125,1005.0194483333333,0.0,40.0,10.0,0,far_inland,10.7411,1197240,11143979.7879,11146300.0,Campbelltown - Woodbine,21690,1577.7,13.7,"ABS Regional Population 2019-20, SA2 proxy",7,0
2020-07-02,Campbelltown,22.208069,6.109436,16.098633,2020-07-02 18:00:00,2020-07-03 05:00:00,16.158905,7.5851135,11.0,11.0,0.779435590909091,0,0,Not hot day,7.8949661,71.80071829166667,2.2624756291666666,1000.7653216666666,0.00190734862,40.0,10.0,0,far_inland,10.7411,1197240,11143979.7879,11146300.0,Campbelltown - Woodbine,21690,1577.7,13.7,"ABS Regional Population 2019-20, SA2 proxy",7,0
2020-07-03,Campbelltown,17.158173,6.3145447,10.843628300000002,2020-07-03 18:00:00,2020-07-04 04:00:00,10.962372,6.130005,10.0,11.0,0.4832367000000001,0,0,Not hot day,4.4560470375,66.07178429166667,2.6277712458333333,1003.9223499999999,0.0009536743,40.0,10.0,0,far_inland,10.7411,1197240,11143979.7879,11146300.0,Campbelltown - Woodbine,21690,1577.7,13.7,"ABS Regional Population 2019-20, SA2 proxy",7,0
2020-07-04,Campbelltown,15.73764,6.1148376,9.622802400000001,2020-07-04 18:00:00,2020-07-05 05:00:00,10.429535,7.8128357,11.0,11.0,0.23788175454545452,0,0,Not hot day,2.957990014583333,63.63610970833333,3.072510322083333,1004.1654591666667,2.1257400545,40.0,10.0,0,far_inland,10.7411,1197240,11143979.7879,11146300.0,Campbelltown - Woodbine,21690,1577.7,13.7,"ABS Regional Population 2019-20, SA2 proxy",7,0
2020-07-05,Campbelltown,17.278412,7.1351013,10.1433107,2020-07-05 18:00:00,2020-07-06 05:00:00,10.742767,5.353882,11.0,11.0,0.48989863636363645,0,0,Not hot day,4.621198025,66.283363,3.6952846666666663,1007.0234525,0.0,40.0,10.0,0,far_inland,10.7411,1197240,11143979.7879,11146300.0,Campbelltown - Woodbine,21690,1577.7,13.7,"ABS Regional Population 2019-20, SA2 proxy",7,0
2020-07-06,Campbelltown,17.490692,4.4458313,13.0448607,2020-07-06 18:00:00,2020-07-07 05:00:00,10.610962,8.108551,11.0,11.0,0.22749190909090913,0,0,Not hot day,5.938110325,77.19070012499999,1.7187609212500001,1011.99188125,0.0166893006,40.0,10.0,0,far_inland,10.7411,1197240,11143979.7879,11146300.0,Campbelltown - Woodbine,21690,1577.7,13.7,"ABS Regional Population 2019-20, SA2 proxy",7,0
2020-07-07,Campbelltown,16.200897,7.8645325,8.336364500000002,2020-07-07 18:00:00,2020-07-08 05:00:00,13.0208435,9.973358,11.0,11.0,0.2770441363636364,0,0,Not hot day,7.433980304166667,77.19346075,2.0911335583333335,1014.4341008333334,0.5593299925599999,40.0,10.0,0,far_inland,10.7411,1197240,11143979.7879,11146300.0,Campbelltown - Woodbine,21690,1577.7,13.7,"ABS Regional Population 2019-20, SA2 proxy",7,0
2020-07-08,Campbelltown,14.969635,7.460785,7.508850000000001,2020-07-08 18:00:00,2020-07-09 05:00:00,11.7942505,5.252594,11.0,11.0,0.5946960454545455,0,0,Not hot day,9.223959545833333,86.71330891666668,1.24721830625,1015.0800595833333,0.45347213906,40.0,10.0,0,far_inland,10.7411,1197240,11143979.7879,11146300.0,Campbelltown - Woodbine,21690,1577.7,13.7,"ABS Regional Population 2019-20, SA2 proxy",7,0
2020-07-09,Campbelltown,17.236298,3.5925293,13.643768700000003,2020-07-09 18:00:00,2020-07-10 05:00:00,11.052643,7.015869,11.0,11.0,0.3669794545454545,0,0,Not hot day,8.2026925875,88.479542,1.4879311629166667,1014.23086,0.4229545646,40.0,10.0,0,far_inland,10.7411,1197240,11143979.7879,11146300.0,Campbelltown - Woodbine,21690,1577.7,13.7,"ABS Regional Population 2019-20, SA2 proxy",7,0
2020-07-10,Campbelltown,16.669098,6.973358,9.69574,2020-07-10 18:00:00,2020-07-11 05:00:00,12.345184,9.590546,11.0,11.0,0.25042163636363635,0,0,Not hot day,9.922331508333334,91.48739541666667,1.2436170820833332,1010.3840233333334,2.499580355,40.0,10.0,0,far_inland,10.7411,1197240,11143979.7879,11146300.0,Campbelltown - Woodbine,21690,1577.7,13.7,"ABS Regional Population 2019-20, SA2 proxy",7,0
2020-07-11,Campbelltown,15.865997,8.542633,7.323364,2020-07-11 18:00:00,2020-07-12 04:00:00,12.890533,5.790863,10.0,11.0,0.709967,0,0,Not hot day,10.452414166666665,92.52879279166666,1.145339935,1001.9933833333333,7.18164439458,40.0,10.0,0,far_inland,10.7411,1197240,11143979.7879,11146300.0,Campbelltown - Woodbine,21690,1577.7,13.7,"ABS Regional Population 2019-20, SA2 proxy",7,0
2020-07-12,Campbelltown,16.627686,5.7398987,10.8877873,2020-07-12 18:00:00,2020-07-13 05:00:00,10.562897,7.4114685,11.0,11.0,0.28649349999999996,0,0,Not hot day,8.300150529166666,89.84182500000001,1.26039702375,1000.76546875,7.06624974346,40.0,10.0,0,far_inland,10.7411,1197240,11143979.7879,11146300.0,Campbelltown - Woodbine,21690,1577.7,13.7,"ABS Regional Population 2019-20, SA2 proxy",7,0
2020-07-13,Campbelltown,16.002289,7.0297546,8.9725344,2020-07-13 18:00:00,2020-07-13 22:00:00,10.903839,9.528687,4.0,11.0,0.343788,0,0,Not hot day,7.7479502875,84.06734995833334,1.8762579070833334,1002.7521016666666,3.7088393951,40.0,10.0,0,far_inland,10.7411,1197240,11143979.7879,11146300.0,Campbelltown - Woodbine,21690,1577.7,13.7,"ABS Regional Population 2019-20, SA2 proxy",7,0
2020-07-14,Campbelltown,14.944183,9.825287,5.118896000000001,2020-07-14 18:00:00,2020-07-15 05:00:00,12.483185,11.083282,11.0,11.0,0.1272639090909091,0,0,Not hot day,8.692616745833334,77.742395125,5.773885991666667,1002.8436262499999,5.13362888236,40.0,10.0,0,far_inland,10.7411,1197240,11143979.7879,11146300.0,Campbelltown - Woodbine,21690,1577.7,13.7,"ABS Regional Population 2019-20, SA2 proxy",7,0
2020-07-15,Campbelltown,15.288727,10.02597,5.262757000000001,2020-07-15 18:00:00,2020-07-16 05:00:00,12.542572,9.124786,11.0,11.0,0.31070781818181814,0,0,Not hot day,5.980194099999999,65.20436475000001,4.98638995,1003.08310625,0.17976760708,40.0,10.0,0,far_inland,10.7411,1197240,11143979.7879,11146300.0,Campbelltown - Woodbine,21690,1577.7,13.7,"ABS Regional Population 2019-20, SA2 proxy",7,0
2020-07-16,Campbelltown,16.118256,8.948334,7.169922,2020-07-16 18:00:00,2020-07-17 05:00:00,12.855316,9.223755,11.0,11.0,0.33014190909090907,0,0,Not hot day,5.013041195833334,62.80348516666667,4.140435833333333,1002.5686020833333,0.020503997819999998,40.0,10.0,0,far_inland,10.7411,1197240,11143979.7879,11146300.0,Campbelltown - Woodbine,21690,1577.7,13.7,"ABS Regional Population 2019-20, SA2 proxy",7,0
2020-07-17,Campbelltown,15.975769,8.975739,7.000029999999999,2020-07-17 18:00:00,2020-07-18 01:00:00,12.758026,9.724091,7.0,11.0,0.4334192857142857,0,0,Not hot day,6.73129525,70.65609383333333,3.2588230874999997,1005.4157799999999,0.031948089299999996,40.0,10.0,0,far_inland,10.7411,1197240,11143979.7879,11146300.0,Campbelltown - Woodbine,21690,1577.7,13.7,"ABS Regional Population 2019-20, SA2 proxy",7,0
2020-07-18,Campbelltown,15.716522,6.9478455,8.7686765,2020-07-18 18:00:00,2020-07-19 05:00:00,10.6631775,4.10141,11.0,11.0,0.5965243181818182,0,0,Not hot day,7.114536304166666,76.501832375,1.5201840537500002,1005.9032891666667,0.099658965,40.0,10.0,0,far_inland,10.7411,1197240,11143979.7879,11146300.0,Campbelltown - Woodbine,21690,1577.7,13.7,"ABS Regional Population 2019-20, SA2 proxy",7,0
2020-07-19,Campbelltown,19.418304,3.892334,15.52597,2020-07-19 18:00:00,2020-07-20 04:00:00,13.495544,6.525482,10.0,11.0,0.6970062,0,0,Not hot day,5.891517625,76.33186458333334,1.6880894066666665,1000.9671320833332,0.0,40.0,10.0,0,far_inland,10.7411,1197240,11143979.7879,11146300.0,Campbelltown - Woodbine,21690,1577.7,13.7,"ABS Regional Population 2019-20, SA2 proxy",7,0
2020-07-20,Campbelltown,17.353302,6.525482,10.82782,2020-07-20 18:00:00,2020-07-21 05:00:00,10.933746,5.2182617,11.0,11.0,0.5195894818181818,0,0,Not hot day,1.9412612991666667,57.15564,3.012468479166667,1003.15906,0.0,40.0,10.0,0,far_inland,10.7411,1197240,11143979.7879,11146300.0,Campbelltown - Woodbine,21690,1577.7,13.7,"ABS Regional Population 2019-20, SA2 proxy",7,0
2020-07-21,Campbelltown,15.9062195,4.5914,11.3148195,2020-07-21 18:00:00,2020-07-22 05:00:00,9.772827,3.346222,11.0,11.0,0.5842368181818182,0,0,Not hot day,3.1000111875,67.159261625,2.3481215445833334,1011.0381712499999,0.0,40.0,10.0,0,far_inland,10.7411,1197240,11143979.7879,11146300.0,Campbelltown - Woodbine,21690,1577.7,13.7,"ABS Regional Population 2019-20, SA2 proxy",7,0
2020-07-22,Campbelltown,17.578827,2.707611,14.871216,2020-07-22 18:00:00,2020-07-23 05:00:00,11.245026,3.901825,11.0,11.0,0.6675637272727272,0,0,Not hot day,4.749891920833334,76.99624791666666,1.64456335,1011.29739125,0.0,40.0,10.0,0,far_inland,10.7411,1197240,11143979.7879,11146300.0,Campbelltown - Woodbine,21690,1577.7,13.7,"ABS Regional Population 2019-20, SA2 proxy",7,0
2020-07-23,Campbelltown,17.914917,2.8801575,15.0347595,2020-07-23 18:00:00,2020-07-24 05:00:00,11.990601,3.935028,11.0,11.0,0.732324818181818,0,0,Not hot day,5.506652841666667,78.46249383333334,1.4061493154166669,1010.3469358333333,0.0,40.0,10.0,0,far_inland,10.7411,1197240,11143979.7879,11146300.0,Campbelltown - Woodbine,21690,1577.7,13.7,"ABS Regional Population 2019-20, SA2 proxy",7,0
2020-07-24,Campbelltown,17.376556,3.935028,13.441528000000002,2020-07-24 18:00:00,2020-07-25 05:00:00,12.21817,5.874237,11.0,11.0,0.5767211818181819,0,0,Not hot day,7.413206645833333,84.9741305,1.5519618920833331,1011.28938875,0.0009536743,40.0,10.0,0,far_inland,10.7411,1197240,11143979.7879,11146300.0,Campbelltown - Woodbine,21690,1577.7,13.7,"ABS Regional Population 2019-20, SA2 proxy",7,0
2020-07-25,Campbelltown,17.29367,5.874237,11.419432999999998,2020-07-25 18:00:00,2020-07-26 04:00:00,12.914825,10.446625,10.0,11.0,0.24682000000000012,0,0,Not hot day,9.878632879166666,91.83287845833333,1.311911335,1009.8551408333333,1.98364257596,40.0,10.0,0,far_inland,10.7411,1197240,11143979.7879,11146300.0,Campbelltown - Woodbine,21690,1577.7,13.7,"ABS Regional Population 2019-20, SA2 proxy",7,0
2020-07-26,Campbelltown,14.559784,10.446625,4.113159000000001,2020-07-26 18:00:00,2020-07-26 22:00:00,14.077423,13.979492,4.0,11.0,0.024482749999999776,0,0,Not hot day,12.579980270833333,98.18200545833334,2.8697037,1000.41622625,51.556110033,40.0,10.0,0,far_inland,10.7411,1197240,11143979.7879,11146300.0,Campbelltown - Woodbine,21690,1577.7,13.7,"ABS Regional Population 2019-20, SA2 proxy",7,0
2020-07-27,Campbelltown,15.6163025,12.246674,3.3696284999999992,2020-07-27 18:00:00,2020-07-27 22:00:00,12.944122,12.246674,4.0,11.0,0.1743619999999999,0,0,Not hot day,12.190108,87.58400129166667,6.576133408333334,985.5586333333334,18.642425454,40.0,10.0,0,far_inland,10.7411,1197240,11143979.7879,11146300.0,Campbelltown - Woodbine,21690,1577.7,13.7,"ABS Regional Population 2019-20, SA2 proxy",7,0
2020-07-28,Campbelltown,17.59784,12.481049,5.116791000000001,2020-07-28 18:00:00,2020-07-29 05:00:00,14.562103,8.86142,11.0,11.0,0.5182439090909091,0,0,Not hot day,11.5953828125,81.51302633333333,4.241863116666667,994.1247554166666,5.29956816858,40.0,10.0,0,far_inland,10.7411,1197240,11143979.7879,11146300.0,Campbelltown - Woodbine,21690,1577.7,13.7,"ABS Regional Population 2019-20, SA2 proxy",7,0
2020-07-29,Campbelltown,19.033844,8.007782,11.026061999999998,2020-07-29 18:00:00,2020-07-30 05:00:00,13.52005,7.630066,11.0,11.0,0.5354530909090909,0,0,Not hot day,8.999391008333333,79.30948829166667,1.6899105487500001,1001.4638125,0.3018379244,40.0,10.0,0,far_inland,10.7411,1197240,11143979.7879,11146300.0,Campbelltown - Woodbine,21690,1577.7,13.7,"ABS Regional Population 2019-20, SA2 proxy",7,0
2020-07-30,Campbelltown,17.080719,6.162384,10.918334999999999,2020-07-30 18:00:00,2020-07-31 05:00:00,13.09256,6.9566345,11.0,11.0,0.5578114090909092,0,0,Not hot day,7.575345370833333,77.05812270833333,2.2678976395833335,1008.1734,0.06532669049999999,40.0,10.0,0,far_inland,10.7411,1197240,11143979.7879,11146300.0,Campbelltown - Woodbine,21690,1577.7,13.7,"ABS Regional Population 2019-20, SA2 proxy",7,0
2020-07-31,Campbelltown,16.035156,5.8125305,10.2226255,2020-07-31 18:00:00,2020-08-01 05:00:00,10.651154,3.0349426,11.0,11.0,0.6923828545454546,0,0,Not hot day,5.4383138125,73.188655,1.63574837,1012.5165274999999,0.0,40.0,10.0,0,far_inland,10.7411,1197240,11143979.7879,11146300.0,Campbelltown - Woodbine,21690,1577.7,13.7,"ABS Regional Population 2019-20, SA2 proxy",7,0
2020-08-01,Campbelltown,18.319733,2.546173,15.77356,2020-08-01 18:00:00,2020-08-02 05:00:00,12.152863,3.7189026,11.0,11.0,0.7667236727272727,0,0,Not hot day,6.023651170833333,81.781772375,1.075015265,1010.2250395833333,0.0,40.0,10.0,0,far_inland,10.7411,1197240,11143979.7879,11146300.0,Campbelltown - Woodbine,21690,1577.7,13.7,"ABS Regional Population 2019-20, SA2 proxy",8,0
2020-08-02,Campbelltown,18.804108,2.8287659,15.975342099999999,2020-08-02 18:00:00,2020-08-03 05:00:00,12.052124,3.183197,11.0,11.0,0.8062660909090908,0,0,Not hot day,4.971071895833334,74.75949658333333,1.4941253333333335,1008.75065125,0.0,40.0,10.0,0,far_inland,10.7411,1197240,11143979.7879,11146300.0,Campbelltown - Woodbine,21690,1577.7,13.7,"ABS Regional Population 2019-20, SA2 proxy",8,0
2020-08-03,Campbelltown,20.360443,2.361847,17.998596,2020-08-03 18:00:00,2020-08-04 05:00:00,13.880768,3.9787903,11.0,11.0,0.9001797909090908,0,0,Not hot day,4.659867616666667,72.62697899999999,1.5148674916666665,1002.9095170833334,0.0,40.0,10.0,0,far_inland,10.7411,1197240,11143979.7879,11146300.0,Campbelltown - Woodbine,21690,1577.7,13.7,"ABS Regional Population 2019-20, SA2 proxy",8,0
2020-08-04,Campbelltown,20.112488,3.1896973,16.9227907,2020-08-04 18:00:00,2020-08-05 05:00:00,13.891205,4.102936,11.0,11.0,0.8898426363636364,0,0,Not hot day,3.5566635316666666,64.49657320833333,2.4524120750000002,996.7276645833334,0.0,40.0,10.0,0,far_inland,10.7411,1197240,11143979.7879,11146300.0,Campbelltown - Woodbine,21690,1577.7,13.7,"ABS Regional Population 2019-20, SA2 proxy",8,0
2020-08-05,Campbelltown,15.750214,3.4600525,12.2901615,2020-08-05 18:00:00,2020-08-06 05:00:00,10.496429,4.3197937,11.0,11.0,0.5615123,0,0,Not hot day,-1.4335339845833335,50.069656916666666,3.49111165,998.3386529166665,0.0,40.0,10.0,0,far_inland,10.7411,1197240,11143979.7879,11146300.0,Campbelltown - Woodbine,21690,1577.7,13.7,"ABS Regional Population 2019-20, SA2 proxy",8,0
2020-08-06,Campbelltown,15.477539,3.0896912,12.3878478,2020-08-06 18:00:00,2020-08-07 01:00:00,9.02533,5.847992,7.0,11.0,0.4539054285714287,0,0,Not hot day,0.13505300874999998,57.144686875,2.42963445,1003.5776429166667,0.0,40.0,10.0,0,far_inland,10.7411,1197240,11143979.7879,11146300.0,Campbelltown - Woodbine,21690,1577.7,13.7,"ABS Regional Population 2019-20, SA2 proxy",8,0
2020-08-07,Campbelltown,11.459686,5.847992,5.611694,2020-08-07 18:00:00,2020-08-08 00:00:00,10.904907,10.595551,6.0,11.0,0.051559333333333214,0,0,Not hot day,7.813906354166666,89.66858254166665,1.7442941083333334,1005.1267129166666,19.3333626446,40.0,10.0,0,far_inland,10.7411,1197240,11143979.7879,11146300.0,Campbelltown - Woodbine,21690,1577.7,13.7,"ABS Regional Population 2019-20, SA2 proxy",8,0
2020-08-08,Campbelltown,15.706512,10.308014,5.398498,2020-08-08 18:00:00,2020-08-09 05:00:00,12.790161,7.8468933,11.0,11.0,0.4493879727272727,0,0,Not hot day,10.8118743125,89.49148187499999,2.1719646483333332,998.1123758333333,3.49855424,40.0,10.0,0,far_inland,10.7411,1197240,11143979.7879,11146300.0,Campbelltown - Woodbine,21690,1577.7,13.7,"ABS Regional Population 2019-20, SA2 proxy",8,0
2020-08-09,Campbelltown,13.923737,7.329071,6.594665999999999,2020-08-09 18:00:00,2020-08-09 18:00:00,10.256378,10.256378,0.0,11.0,0.0,0,0,Not hot day,7.661743179166667,81.40224675,4.338130566666667,994.9137333333333,18.405437448,40.0,10.0,0,far_inland,10.7411,1197240,11143979.7879,11146300.0,Campbelltown - Woodbine,21690,1577.7,13.7,"ABS Regional Population 2019-20, SA2 proxy",8,0
2020-08-10,Campbelltown,15.014465,10.42691,4.587555,2020-08-10 18:00:00,2020-08-11 05:00:00,11.861603,9.880951,11.0,11.0,0.18005927272727282,0,0,Not hot day,9.262034116666667,80.89548483333333,5.417464729166666,1001.8304016666666,6.0367584286,40.0,10.0,0,far_inland,10.7411,1197240,11143979.7879,11146300.0,Campbelltown - Woodbine,21690,1577.7,13.7,"ABS Regional Population 2019-20, SA2 proxy",8,0
2020-08-11,Campbelltown,15.959503,8.368439,7.591063999999999,2020-08-11 18:00:00,2020-08-12 05:00:00,11.575195,7.816559,11.0,11.0,0.3416941818181819,0,0,Not hot day,7.714080820833334,77.74902983333332,1.91918588125,1005.0866875,0.025749206099999998,40.0,10.0,0,far_inland,10.7411,1197240,11143979.7879,11146300.0,Campbelltown - Woodbine,21690,1577.7,13.7,"ABS Regional Population 2019-20, SA2 proxy",8,0
2020-08-12,Campbelltown,17.599457,7.5875854,10.011871600000001,2020-08-12 18:00:00,2020-08-13 05:00:00,14.744293,7.129059,11.0,11.0,0.6922940000000001,0,0,Not hot day,9.078920995833334,85.630497875,1.3159138158333332,999.9734745833333,0.5068778943,40.0,10.0,0,far_inland,10.7411,1197240,11143979.7879,11146300.0,Campbelltown - Woodbine,21690,1577.7,13.7,"ABS Regional Population 2019-20, SA2 proxy",8,0
2020-08-13,Campbelltown,22.086456,6.1785583,15.9078977,2020-08-13 18:00:00,2020-08-14 05:00:00,15.755402,7.3962708,11.0,11.0,0.7599210181818182,0,0,Not hot day,8.822971291666667,77.19051233333333,1.4173601679166667,998.6972137500001,0.03576278676,40.0,10.0,0,far_inland,10.7411,1197240,11143979.7879,11146300.0,Campbelltown - Woodbine,21690,1577.7,13.7,"ABS Regional Population 2019-20, SA2 proxy",8,0
2020-08-14,Campbelltown,17.03537,7.1548767,9.880493300000001,2020-08-14 18:00:00,2020-08-15 05:00:00,13.627258,10.417572,11.0,11.0,0.2917896363636363,0,0,Not hot day,10.345288654166668,89.78054216666668,1.20972902875,999.4424420833334,6.7152977516,40.0,10.0,0,far_inland,10.7411,1197240,11143979.7879,11146300.0,Campbelltown - Woodbine,21690,1577.7,13.7,"ABS Regional Population 2019-20, SA2 proxy",8,0
2020-08-15,Campbelltown,17.277771,10.104828,7.172943000000002,2020-08-15 18:00:00,2020-08-16 00:00:00,14.746521,12.472321,6.0,11.0,0.3790333333333331,0,0,Not hot day,9.533401441666667,77.41341341666667,3.0639955000000003,992.2239583333334,3.37314603822,40.0,10.0,0,far_inland,10.7411,1197240,11143979.7879,11146300.0,Campbelltown - Woodbine,21690,1577.7,13.7,"ABS Regional Population 2019-20, SA2 proxy",8,0
2020-08-16,Campbelltown,18.077972,12.472321,5.605650999999998,2020-08-16 18:00:00,2020-08-17 05:00:00,13.810089,11.446014,11.0,11.0,0.21491590909090907,0,0,Not hot day,6.494028733333334,59.45393625,4.810473866666666,991.3293783333334,0.286102293,40.0,10.0,0,far_inland,10.7411,1197240,11143979.7879,11146300.0,Campbelltown - Woodbine,21690,1577.7,13.7,"ABS Regional Population 2019-20, SA2 proxy",8,0
2020-08-17,Campbelltown,18.575287,9.684235,8.891052,2020-08-17 18:00:00,2020-08-18 05:00:00,13.593933,8.448151,11.0,11.0,0.4677983636363637,0,0,Not hot day,5.4510561583333335,58.03133195833333,4.276531820833333,992.7949295833333,0.0,40.0,10.0,0,far_inland,10.7411,1197240,11143979.7879,11146300.0,Campbelltown - Woodbine,21690,1577.7,13.7,"ABS Regional Population 2019-20, SA2 proxy",8,0
2020-08-18,Campbelltown,19.649048,7.857666,11.791382,2020-08-18 18:00:00,2020-08-19 05:00:00,15.181122,6.6700134,11.0,11.0,0.7737371454545454,0,0,Not hot day,6.927684737500001,67.64188962499999,2.2002916291666668,989.7133733333334,1.5110969456,40.0,10.0,0,far_inland,10.7411,1197240,11143979.7879,11146300.0,Campbelltown - Woodbine,21690,1577.7,13.7,"ABS Regional Population 2019-20, SA2 proxy",8,0
2020-08-19,Campbelltown,18.773071,5.9060974,12.866973600000001,2020-08-19 18:00:00,2020-08-20 05:00:00,12.470795,10.444061,11.0,11.0,0.18424854545454555,0,0,Not hot day,5.2985992416666665,66.22966829166667,3.5999741249999997,981.803085,0.24461746010000002,40.0,10.0,0,far_inland,10.7411,1197240,11143979.7879,11146300.0,Campbelltown - Woodbine,21690,1577.7,13.7,"ABS Regional Population 2019-20, SA2 proxy",8,0
2020-08-20,Campbelltown,16.58966,10.158539,6.431120999999999,2020-08-20 18:00:00,2020-08-21 05:00:00,12.501709,7.0221252,11.0,11.0,0.49814398181818187,0,0,Not hot day,3.3768463208333332,53.51658366666666,4.699132316666667,986.8103820833334,0.0,40.0,10.0,0,far_inland,10.7411,1197240,11143979.7879,11146300.0,Campbelltown - Woodbine,21690,1577.7,13.7,"ABS Regional Population 2019-20, SA2 proxy",8,0
2020-08-21,Campbelltown,17.02591,6.5214233,10.5044867,2020-08-21 18:00:00,2020-08-22 05:00:00,13.122772,7.0549316,11.0,11.0,0.5516218545454545,0,0,Not hot day,3.7628084708333334,59.713113875,3.085414091666667,990.9739545833332,0.053405761999999996,40.0,10.0,0,far_inland,10.7411,1197240,11143979.7879,11146300.0,Campbelltown - Woodbine,21690,1577.7,13.7,"ABS Regional Population 2019-20, SA2 proxy",8,0
2020-08-22,Campbelltown,13.257568,6.8070374,6.4505306,2020-08-22 18:00:00,2020-08-23 04:00:00,9.903656,8.888794,10.0,11.0,0.1014861999999999,0,0,Not hot day,1.6876983745833334,58.10191075,4.695837875,989.6195195833334,0.12063979996,40.0,10.0,0,far_inland,10.7411,1197240,11143979.7879,11146300.0,Campbelltown - Woodbine,21690,1577.7,13.7,"ABS Regional Population 2019-20, SA2 proxy",8,0
2020-08-23,Campbelltown,15.32962,8.506714,6.822906,2020-08-23 18:00:00,2020-08-24 05:00:00,11.205872,7.497986,11.0,11.0,0.3370805454545454,0,0,Not hot day,1.6337089395833333,52.05291641666667,5.944524366666666,992.7469500000001,0.0,40.0,10.0,0,far_inland,10.7411,1197240,11143979.7879,11146300.0,Campbelltown - Woodbine,21690,1577.7,13.7,"ABS Regional Population 2019-20, SA2 proxy",8,0
2020-08-24,Campbelltown,16.893707,6.3597107,10.533996299999998,2020-08-24 18:00:00,2020-08-25 05:00:00,11.153534,3.0774841,11.0,11.0,0.7341863545454547,0,0,Not hot day,1.20939382,52.74910895833333,3.5305687166666666,1003.67021875,0.0,40.0,10.0,0,far_inland,10.7411,1197240,11143979.7879,11146300.0,Campbelltown - Woodbine,21690,1577.7,13.7,"ABS Regional Population 2019-20, SA2 proxy",8,0
2020-08-25,Campbelltown,15.730743,2.7063293,13.0244137,2020-08-25 18:00:00,2020-08-26 05:00:00,10.6874695,2.1507263,11.0,11.0,0.7760675636363636,0,0,Not hot day,2.5868606708333335,68.59526783333332,1.8000914000000001,1011.2625545833333,0.010967255,40.0,10.0,0,far_inland,10.7411,1197240,11143979.7879,11146300.0,Campbelltown - Woodbine,21690,1577.7,13.7,"ABS Regional Population 2019-20, SA2 proxy",8,0
2020-08-26,Campbelltown,18.204376,1.7826843,16.4216917,2020-08-26 18:00:00,2020-08-27 05:00:00,13.602753,2.0939636,11.0,11.0,1.0462535818181817,0,0,Not hot day,3.131834668333333,69.54632745833334,1.5911967179166666,1013.1953425,0.0,40.0,10.0,0,far_inland,10.7411,1197240,11143979.7879,11146300.0,Campbelltown - Woodbine,21690,1577.7,13.7,"ABS Regional Population 2019-20, SA2 proxy",8,0
2020-08-27,Campbelltown,20.84903,1.8749084,18.9741216,2020-08-27 18:00:00,2020-08-28 03:00:00,14.6414795,7.728302,9.0,11.0,0.7681308333333334,0,0,Not hot day,2.0050671891666667,62.473588125,2.298642975,1008.8008708333333,0.0,40.0,10.0,0,far_inland,10.7411,1197240,11143979.7879,11146300.0,Campbelltown - Woodbine,21690,1577.7,13.7,"ABS Regional Population 2019-20, SA2 proxy",8,0
2020-08-28,Campbelltown,18.203278,6.119171,12.084107000000001,2020-08-28 18:00:00,2020-08-29 05:00:00,12.492645,3.5499878,11.0,11.0,0.8129688363636363,0,0,Not hot day,1.9806747482083333,54.379488625,2.0782871025,1009.0554029166666,0.0,40.0,10.0,0,far_inland,10.7411,1197240,11143979.7879,11146300.0,Campbelltown - Woodbine,21690,1577.7,13.7,"ABS Regional Population 2019-20, SA2 proxy",8,0
2020-08-29,Campbelltown,21.20401,3.2402039,17.9638061,2020-08-29 18:00:00,2020-08-30 05:00:00,14.408173,3.158966,11.0,11.0,1.022655181818182,0,0,Not hot day,4.086640695833333,66.98347154166667,1.9138459208333334,1013.52516625,0.0,40.0,10.0,0,far_inland,10.7411,1197240,11143979.7879,11146300.0,Campbelltown - Woodbine,21690,1577.7,13.7,"ABS Regional Population 2019-20, SA2 proxy",8,0
2020-08-30,Campbelltown,25.352448,2.6261292,22.726318799999998,2020-08-30 18:00:00,2020-08-31 05:00:00,19.184937,9.864166,11.0,11.0,0.8473428181818182,1,0,Low risk,5.698205325,65.13010995833334,1.7365311016666667,1007.2520029166667,0.0,40.0,10.0,0,far_inland,10.7411,1197240,11143979.7879,11146300.0,Campbelltown - Woodbine,21690,1577.7,13.7,"ABS Regional Population 2019-20, SA2 proxy",8,0
2020-08-31,Campbelltown,20.349915,9.12973,11.220184999999999,2020-08-31 18:00:00,2020-09-01 05:00:00,13.187225,9.1276245,11.0,11.0,0.36905459090909093,0,0,Not hot day,7.322186795833333,67.14584558333333,2.5608803041666666,1003.8139550000001,0.1373291025,40.0,10.0,0,far_inland,10.7411,1197240,11143979.7879,11146300.0,Campbelltown - Woodbine,21690,1577.7,13.7,"ABS Regional Population 2019-20, SA2 proxy",8,0
2020-09-01,Campbelltown,17.217865,7.7467346,9.4711304,2020-09-01 18:00:00,2020-09-02 04:00:00,13.088806,5.3697205,10.0,11.0,0.77190855,0,0,Not hot day,6.224667870833333,68.96826733333333,1.7345426320833333,1008.09866875,0.01764297466,40.0,10.0,0,far_inland,10.7411,1197240,11143979.7879,11146300.0,Campbelltown - Woodbine,21690,1577.7,13.7,"ABS Regional Population 2019-20, SA2 proxy",9,0
2020-09-02,Campbelltown,23.67749,5.3697205,18.3077695,2020-09-02 18:00:00,2020-09-03 05:00:00,18.359528,9.700439,11.0,11.0,0.7871899090909092,0,0,Not hot day,6.5103009541666665,67.870627875,2.2185141708333336,1004.2078845833333,0.0,40.0,10.0,0,far_inland,10.7411,1197240,11143979.7879,11146300.0,Campbelltown - Woodbine,21690,1577.7,13.7,"ABS Regional Population 2019-20, SA2 proxy",9,0
2020-09-03,Campbelltown,29.221039,9.700439,19.5206,2020-09-03 18:00:00,2020-09-04 05:00:00,23.109833,12.857147,11.0,11.0,0.9320623636363635,1,0,Low risk,8.658727041666667,54.98785516666667,2.7223538641666667,1000.2374204166667,0.0,40.0,10.0,0,far_inland,10.7411,1197240,11143979.7879,11146300.0,Campbelltown - Woodbine,21690,1577.7,13.7,"ABS Regional Population 2019-20, SA2 proxy",9,0
2020-09-04,Campbelltown,20.242523,12.366547,7.875975999999998,2020-09-04 18:00:00,2020-09-05 05:00:00,18.911285,8.24704,11.0,11.0,0.9694768181818181,0,0,Not hot day,12.018118583333333,75.67444620833334,1.3630853125,1000.6873158333333,3.6754608218,40.0,10.0,0,far_inland,10.7411,1197240,11143979.7879,11146300.0,Campbelltown - Woodbine,21690,1577.7,13.7,"ABS Regional Population 2019-20, SA2 proxy",9,0
2020-09-05,Campbelltown,21.595032,8.24704,13.347992,2020-09-05 18:00:00,2020-09-06 04:00:00,15.318909,6.429535,10.0,11.0,0.8889374,0,0,Not hot day,7.795792879166666,69.88906595833333,2.1578096125,1002.7700658333333,0.0,40.0,10.0,0,far_inland,10.7411,1197240,11143979.7879,11146300.0,Campbelltown - Woodbine,21690,1577.7,13.7,"ABS Regional Population 2019-20, SA2 proxy",9,0
2020-09-06,Campbelltown,18.299896,6.429535,11.870361,2020-09-06 18:00:00,2020-09-07 05:00:00,14.945892,9.645233,11.0,11.0,0.481878090909091,0,0,Not hot day,8.7437146875,77.99946641666666,1.8522863208333333,1012.56564375,0.7381439163,40.0,10.0,0,far_inland,10.7411,1197240,11143979.7879,11146300.0,Campbelltown - Woodbine,21690,1577.7,13.7,"ABS Regional Population 2019-20, SA2 proxy",9,0
2020-09-07,Campbelltown,21.222687,8.874603,12.348084,2020-09-07 18:00:00,2020-09-08 05:00:00,16.582489,7.2667236,11.0,11.0,0.8468877636363636,0,0,Not hot day,9.9889387375,73.65074941666667,2.447029675,1015.4048054166666,0.00762939454,40.0,10.0,0,far_inland,10.7411,1197240,11143979.7879,11146300.0,Campbelltown - Woodbine,21690,1577.7,13.7,"ABS Regional Population 2019-20, SA2 proxy",9,0
2020-09-08,Campbelltown,24.44754,6.7896423,17.6578977,2020-09-08 18:00:00,2020-09-09 01:00:00,18.933624,12.991577,7.0,11.0,0.848863857142857,1,0,Low risk,10.576594041666667,75.61955608333334,1.933681225,1012.3079695833334,0.0,40.0,10.0,0,far_inland,10.7411,1197240,11143979.7879,11146300.0,Campbelltown - Woodbine,21690,1577.7,13.7,"ABS Regional Population 2019-20, SA2 proxy",9,0
2020-09-09,Campbelltown,14.99234,11.356171,3.6361690000000007,2020-09-09 18:00:00,2020-09-10 01:00:00,12.350647,11.071289,7.0,11.0,0.1827654285714286,0,0,Not hot day,11.954840312499998,91.55459379166666,2.7212332125,1012.1070675,13.395786242,40.0,10.0,0,far_inland,10.7411,1197240,11143979.7879,11146300.0,Campbelltown - Woodbine,21690,1577.7,13.7,"ABS Regional Population 2019-20, SA2 proxy",9,0
2020-09-10,Campbelltown,16.346252,11.071289,5.274963,2020-09-10 18:00:00,2020-09-11 05:00:00,12.967316,10.279205,11.0,11.0,0.24437372727272735,0,0,Not hot day,8.654909729166667,75.17783216666668,2.7110418499999995,1013.83179375,0.6346702572,40.0,10.0,0,far_inland,10.7411,1197240,11143979.7879,11146300.0,Campbelltown - Woodbine,21690,1577.7,13.7,"ABS Regional Population 2019-20, SA2 proxy",9,0
2020-09-11,Campbelltown,18.84134,9.885895,8.955445,2020-09-11 18:00:00,2020-09-12 05:00:00,15.099182,7.4272156,11.0,11.0,0.697451490909091,0,0,Not hot day,9.315859458333334,76.67019704166667,2.0765593416666666,1015.16141625,0.33950805592,40.0,10.0,0,far_inland,10.7411,1197240,11143979.7879,11146300.0,Campbelltown - Woodbine,21690,1577.7,13.7,"ABS Regional Population 2019-20, SA2 proxy",9,0
2020-09-12,Campbelltown,22.342072,6.948059,15.394013000000001,2020-09-12 18:00:00,2020-09-13 05:00:00,16.87912,7.615814,11.0,11.0,0.8421187272727273,0,0,Not hot day,9.661865225,76.64049470833334,1.75594464,1011.1997091666667,0.0,40.0,10.0,0,far_inland,10.7411,1197240,11143979.7879,11146300.0,Campbelltown - Woodbine,21690,1577.7,13.7,"ABS Regional Population 2019-20, SA2 proxy",9,0
2020-09-13,Campbelltown,23.10617,7.615814,15.490355999999998,2020-09-13 18:00:00,2020-09-14 05:00:00,16.989716,7.4338684,11.0,11.0,0.8687134181818184,0,0,Not hot day,9.260510829166668,75.48172241666667,1.8937408233333333,1007.46317375,0.0996589695,40.0,10.0,0,far_inland,10.7411,1197240,11143979.7879,11146300.0,Campbelltown - Woodbine,21690,1577.7,13.7,"ABS Regional Population 2019-20, SA2 proxy",9,0
2020-09-14,Campbelltown,22.514404,7.2688904,15.245513599999999,2020-09-14 18:00:00,2020-09-15 02:00:00,15.580078,13.180939,8.0,11.0,0.299892375,0,0,Not hot day,10.50088375,78.372731375,1.7562105191666666,1009.45152375,0.0305175777,40.0,10.0,0,far_inland,10.7411,1197240,11143979.7879,11146300.0,Campbelltown - Woodbine,21690,1577.7,13.7,"ABS Regional Population 2019-20, SA2 proxy",9,0
2020-09-15,Campbelltown,22.591827,13.180939,9.410887999999998,2020-09-15 18:00:00,2020-09-16 05:00:00,18.0607,9.997986,11.0,11.0,0.7329740000000001,0,0,Not hot day,13.150695749999999,81.56023270833333,1.7656530816666667,1012.0140979166666,0.9427070591,40.0,10.0,0,far_inland,10.7411,1197240,11143979.7879,11146300.0,Campbelltown - Woodbine,21690,1577.7,13.7,"ABS Regional Population 2019-20, SA2 proxy",9,0
2020-09-16,Campbelltown,27.131165,9.307648,17.823517,2020-09-16 18:00:00,2020-09-17 05:00:00,21.447998,10.100555,11.0,11.0,1.0315857272727271,1,0,Low risk,11.379032041666667,72.12828133333333,1.5687890224999999,1007.0745179166667,0.02908706606,40.0,10.0,0,far_inland,10.7411,1197240,11143979.7879,11146300.0,Campbelltown - Woodbine,21690,1577.7,13.7,"ABS Regional Population 2019-20, SA2 proxy",9,0
2020-09-17,Campbelltown,29.33371,10.100555,19.233155,2020-09-17 18:00:00,2020-09-18 05:00:00,16.164215,13.169128,11.0,11.0,0.2722806363636362,1,1,High risk,10.874100895833335,68.26867887499999,2.6477448291666668,1007.7367875,0.9307861277,40.0,10.0,0,far_inland,10.7411,1197240,11143979.7879,11146300.0,Campbelltown - Woodbine,21690,1577.7,13.7,"ABS Regional Population 2019-20, SA2 proxy",9,0
2020-09-18,Campbelltown,16.958344,13.169128,3.7892159999999997,2020-09-18 18:00:00,2020-09-19 05:00:00,15.821808,14.60025,11.0,11.0,0.11105072727272726,0,0,Not hot day,12.575901,84.4054295,1.53473320625,1015.5123341666667,3.1456947119,40.0,10.0,0,far_inland,10.7411,1197240,11143979.7879,11146300.0,Campbelltown - Woodbine,21690,1577.7,13.7,"ABS Regional Population 2019-20, SA2 proxy",9,0
2020-09-19,Campbelltown,21.905243,14.60025,7.304992999999998,2020-09-19 18:00:00,2020-09-20 05:00:00,18.46402,15.721741,11.0,11.0,0.24929809090909105,0,0,Not hot day,15.189545916666667,86.14745383333333,2.0688772408333334,1009.4388650000001,2.1886825372,40.0,10.0,0,far_inland,10.7411,1197240,11143979.7879,11146300.0,Campbelltown - Woodbine,21690,1577.7,13.7,"ABS Regional Population 2019-20, SA2 proxy",9,0
2020-09-20,Campbelltown,19.980194,13.079742,6.900452000000001,2020-09-20 18:00:00,2020-09-21 05:00:00,17.120544,9.853546,11.0,11.0,0.6606361818181817,0,0,Not hot day,14.822766729166666,89.66887108333333,2.571492533333333,999.6235275,12.38107674536,40.0,10.0,0,far_inland,10.7411,1197240,11143979.7879,11146300.0,Campbelltown - Woodbine,21690,1577.7,13.7,"ABS Regional Population 2019-20, SA2 proxy",9,0
2020-09-21,Campbelltown,29.104706,9.688873,19.415833,2020-09-21 18:00:00,2020-09-22 04:00:00,24.574066,17.978546,10.0,11.0,0.6595519999999997,1,0,Moderate risk,13.8259786875,73.210190875,2.2968515000000003,994.64668625,0.0243186945,40.0,10.0,0,far_inland,10.7411,1197240,11143979.7879,11146300.0,Campbelltown - Woodbine,21690,1577.7,13.7,"ABS Regional Population 2019-20, SA2 proxy",9,0
2020-09-22,Campbelltown,25.579926,16.026001,9.553925,2020-09-22 18:00:00,2020-09-23 04:00:00,20.77127,12.321869,10.0,11.0,0.8449401000000002,1,0,Low risk,7.7816340166666675,47.552483875,3.495675454166667,994.48614125,0.0009536743,40.0,10.0,0,far_inland,10.7411,1197240,11143979.7879,11146300.0,Campbelltown - Woodbine,21690,1577.7,13.7,"ABS Regional Population 2019-20, SA2 proxy",9,0
2020-09-23,Campbelltown,21.922058,11.385345,10.536713,2020-09-23 18:00:00,2020-09-24 05:00:00,16.812561,8.647797,11.0,11.0,0.7422512727272725,0,0,Not hot day,4.530667608333333,46.37053541666666,2.8436546291666667,997.1162533333332,0.0,40.0,10.0,0,far_inland,10.7411,1197240,11143979.7879,11146300.0,Campbelltown - Woodbine,21690,1577.7,13.7,"ABS Regional Population 2019-20, SA2 proxy",9,0
2020-09-24,Campbelltown,20.085175,8.647797,11.437377999999999,2020-09-24 18:00:00,2020-09-25 04:00:00,15.291534,6.721588,10.0,11.0,0.8569946000000002,0,0,Not hot day,4.0850626708333335,54.23523408333333,3.031846804166667,998.0995241666666,0.0,40.0,10.0,0,far_inland,10.7411,1197240,11143979.7879,11146300.0,Campbelltown - Woodbine,21690,1577.7,13.7,"ABS Regional Population 2019-20, SA2 proxy",9,0
2020-09-25,Campbelltown,20.81717,6.721588,14.095582,2020-09-25 18:00:00,2020-09-26 05:00:00,11.469635,8.616058,11.0,11.0,0.25941609090909085,0,0,Not hot day,4.464068120833333,60.34499175,4.392475741666667,990.9868129166666,1.394271848,40.0,10.0,0,far_inland,10.7411,1197240,11143979.7879,11146300.0,Campbelltown - Woodbine,21690,1577.7,13.7,"ABS Regional Population 2019-20, SA2 proxy",9,0
2020-09-26,Campbelltown,15.89505,8.507935,7.387115,2020-09-26 18:00:00,2020-09-27 05:00:00,12.427795,8.012665,11.0,11.0,0.4013754545454545,0,0,Not hot day,1.3445854129166666,50.16941129166667,5.912370966666667,995.2310591666666,0.0,40.0,10.0,0,far_inland,10.7411,1197240,11143979.7879,11146300.0,Campbelltown - Woodbine,21690,1577.7,13.7,"ABS Regional Population 2019-20, SA2 proxy",9,0
2020-09-27,Campbelltown,17.451965,8.012665,9.439300000000001,2020-09-27 18:00:00,2020-09-28 05:00:00,11.908844,5.231415,11.0,11.0,0.607039,0,0,Not hot day,3.8431905166666667,58.53964608333333,3.0945844091666665,1006.4695295833334,0.5521774257,40.0,10.0,0,far_inland,10.7411,1197240,11143979.7879,11146300.0,Campbelltown - Woodbine,21690,1577.7,13.7,"ABS Regional Population 2019-20, SA2 proxy",9,0
2020-09-28,Campbelltown,19.348907,5.0852966,14.263610400000001,2020-09-28 18:00:00,2020-09-29 05:00:00,14.675629,9.180817,11.0,11.0,0.49952836363636377,0,0,Not hot day,5.598529804166667,67.41960633333333,1.5168476883333335,1011.0164845833333,0.00143051146,40.0,10.0,0,far_inland,10.7411,1197240,11143979.7879,11146300.0,Campbelltown - Woodbine,21690,1577.7,13.7,"ABS Regional Population 2019-20, SA2 proxy",9,0
2020-09-29,Campbelltown,19.32727,9.180817,10.146453,2020-09-29 18:00:00,2020-09-30 03:00:00,14.771118,8.969086,9.0,11.0,0.644670222222222,0,0,Not hot day,8.178379099999999,72.30462266666667,1.9244583729166667,1010.1052716666667,0.0677108756,40.0,10.0,0,far_inland,10.7411,1197240,11143979.7879,11146300.0,Campbelltown - Woodbine,21690,1577.7,13.7,"ABS Regional Population 2019-20, SA2 proxy",9,0
2020-09-30,Campbelltown,20.093903,8.969086,11.124817,2020-09-30 18:00:00,2020-10-01 03:00:00,16.552307,13.394989,9.0,11.0,0.3508131111111109,0,0,Not hot day,10.125315404166667,77.8521865,2.2616316770833333,1002.0322433333334,1.14011764,40.0,10.0,0,far_inland,10.7411,1197240,11143979.7879,11146300.0,Campbelltown - Woodbine,21690,1577.7,13.7,"ABS Regional Population 2019-20, SA2 proxy",9,0
2020-10-01,Campbelltown,24.118256,12.001129,12.117126999999998,2020-10-01 18:00:00,2020-10-02 05:00:00,17.20694,6.644409,11.0,11.0,0.960230090909091,1,0,Low risk,8.964777533333333,63.2509415,2.618733054166667,1000.7484916666667,0.9932518036,40.0,10.0,0,far_inland,10.7411,1197240,11143979.7879,11146300.0,Campbelltown - Woodbine,21690,1577.7,13.7,"ABS Regional Population 2019-20, SA2 proxy",10,0
2020-10-02,Campbelltown,26.769714,6.644409,20.125305,2020-10-02 18:00:00,2020-10-03 05:00:00,20.61789,7.4040833,11.0,11.0,1.2012551545454544,1,0,Low risk,7.5658619875,61.618299416666666,1.3671336816666668,1008.2959266666667,0.0,40.0,10.0,0,far_inland,10.7411,1197240,11143979.7879,11146300.0,Campbelltown - Woodbine,21690,1577.7,13.7,"ABS Regional Population 2019-20, SA2 proxy",10,0
2020-10-03,Campbelltown,28.551147,7.4040833,21.1470637,2020-10-03 18:00:00,2020-10-04 05:00:00,20.899872,11.122345,11.0,11.0,0.8888660909090909,1,0,Low risk,9.358626025,62.185758791666665,1.9225671675000002,1008.6679945833333,0.0,40.0,10.0,0,far_inland,10.7411,1197240,11143979.7879,11146300.0,Campbelltown - Woodbine,21690,1577.7,13.7,"ABS Regional Population 2019-20, SA2 proxy",10,0
2020-10-04,Campbelltown,30.617523,10.546143,20.071379999999998,2020-10-04 18:00:00,2020-10-05 05:00:00,27.495392,11.761383,11.0,11.0,1.4303644545454544,1,0,Low risk,12.139631195652175,65.47661213043477,2.019980877826087,1004.1332147826087,0.0,40.0,10.0,0,far_inland,10.7411,1197240,11143979.7879,11146300.0,Campbelltown - Woodbine,21690,1577.7,13.7,"ABS Regional Population 2019-20, SA2 proxy",10,0
2020-10-05,Campbelltown,32.71518,11.415192,21.299988,2020-10-05 18:00:00,2020-10-06 04:00:00,29.777924,15.473938,10.0,11.0,1.4303985999999997,1,0,Low risk,11.210413666666668,57.534861166666666,2.398351508333333,1001.4472370833333,0.0,40.0,10.0,0,far_inland,10.7411,1197240,11143979.7879,11146300.0,Campbelltown - Woodbine,21690,1577.7,13.7,"ABS Regional Population 2019-20, SA2 proxy",10,0
2020-10-06,Campbelltown,20.7966,15.473938,5.322662000000001,2020-10-06 18:00:00,2020-10-07 02:00:00,18.34314,16.35318,8.0,11.0,0.248745,0,0,Not hot day,13.513292958333333,78.535809,2.638621966666667,1006.3203308333333,0.18215179422,40.0,10.0,0,far_inland,10.7411,1197240,11143979.7879,11146300.0,Campbelltown - Woodbine,21690,1577.7,13.7,"ABS Regional Population 2019-20, SA2 proxy",10,0
2020-10-07,Campbelltown,20.104584,16.35318,3.751404000000001,2020-10-07 18:00:00,2020-10-08 05:00:00,18.57846,16.174469,11.0,11.0,0.2185446363636365,0,0,Not hot day,15.705398583333334,87.660372625,1.2602118525000001,1004.7337191666667,4.7259329674,40.0,10.0,0,far_inland,10.7411,1197240,11143979.7879,11146300.0,Campbelltown - Woodbine,21690,1577.7,13.7,"ABS Regional Population 2019-20, SA2 proxy",10,0
2020-10-08,Campbelltown,25.930542,15.821075,10.109466999999999,2020-10-08 18:00:00,2020-10-09 05:00:00,24.849365,10.87265,11.0,11.0,1.2706104545454544,1,0,Low risk,14.033743625,72.255945125,2.674269066666667,996.7077920833334,5.2027702262,40.0,10.0,0,far_inland,10.7411,1197240,11143979.7879,11146300.0,Campbelltown - Woodbine,21690,1577.7,13.7,"ABS Regional Population 2019-20, SA2 proxy",10,0
2020-10-09,Campbelltown,21.782562,10.231384,11.551177999999998,2020-10-09 18:00:00,2020-10-10 05:00:00,19.945526,11.141602,11.0,11.0,0.8003567272727273,0,0,Not hot day,6.400407145833333,52.865501916666666,3.526618025,999.2492050000001,0.0009536743,40.0,10.0,0,far_inland,10.7411,1197240,11143979.7879,11146300.0,Campbelltown - Woodbine,21690,1577.7,13.7,"ABS Regional Population 2019-20, SA2 proxy",10,0
2020-10-10,Campbelltown,24.766296,10.232849,14.533447,2020-10-10 18:00:00,2020-10-11 05:00:00,22.213165,8.341034,11.0,11.0,1.2611028181818182,1,0,Low risk,4.735988616666667,46.72915179166667,3.1476677208333332,1003.1819345833334,0.0,40.0,10.0,0,far_inland,10.7411,1197240,11143979.7879,11146300.0,Campbelltown - Woodbine,21690,1577.7,13.7,"ABS Regional Population 2019-20, SA2 proxy",10,0
2020-10-11,Campbelltown,26.52597,8.082428,18.443542,2020-10-11 18:00:00,2020-10-12 05:00:00,24.115936,13.862427,11.0,11.0,0.932137181818182,1,0,Low risk,7.717487358333333,59.14048995833334,2.0687658316666666,1005.4475945833333,0.010967254499999999,40.0,10.0,0,far_inland,10.7411,1197240,11143979.7879,11146300.0,Campbelltown - Woodbine,21690,1577.7,13.7,"ABS Regional Population 2019-20, SA2 proxy",10,0
2020-10-12,Campbelltown,24.47525,13.587494,10.887756,2020-10-12 18:00:00,2020-10-13 05:00:00,21.555176,10.222778,11.0,11.0,1.0302179999999999,1,0,Low risk,13.349660354166666,74.15504308333333,1.9907247416666667,1007.7777666666666,1.49869917296,40.0,10.0,0,far_inland,10.7411,1197240,11143979.7879,11146300.0,Campbelltown - Woodbine,21690,1577.7,13.7,"ABS Regional Population 2019-20, SA2 proxy",10,0
2020-10-13,Campbelltown,29.21286,9.975983,19.236877,2020-10-13 18:00:00,2020-10-14 05:00:00,25.74411,13.936737,11.0,11.0,1.0733975454545452,1,0,Low risk,10.7244759,66.05805600000001,1.98824093875,1007.4237704166667,0.038146973,40.0,10.0,0,far_inland,10.7411,1197240,11143979.7879,11146300.0,Campbelltown - Woodbine,21690,1577.7,13.7,"ABS Regional Population 2019-20, SA2 proxy",10,0
2020-10-14,Campbelltown,21.100525,13.375702,7.724823000000001,2020-10-14 18:00:00,2020-10-15 05:00:00,19.659943,12.69693,11.0,11.0,0.6330011818181817,0,0,Not hot day,12.546946166666666,73.97812745833333,2.339054941666667,1010.89468,0.8182525735,40.0,10.0,0,far_inland,10.7411,1197240,11143979.7879,11146300.0,Campbelltown - Woodbine,21690,1577.7,13.7,"ABS Regional Population 2019-20, SA2 proxy",10,0
2020-10-15,Campbelltown,28.610687,12.2030945,16.4075925,2020-10-15 18:00:00,2020-10-16 03:00:00,26.48468,15.681366,9.0,11.0,1.2003682222222223,1,0,Low risk,13.307016979166667,69.281123875,1.8112238625000001,1003.4122283333332,0.026702880199999997,40.0,10.0,0,far_inland,10.7411,1197240,11143979.7879,11146300.0,Campbelltown - Woodbine,21690,1577.7,13.7,"ABS Regional Population 2019-20, SA2 proxy",10,0
2020-10-16,Campbelltown,19.781464,15.252563,4.528900999999999,2020-10-16 18:00:00,2020-10-17 04:00:00,16.39035,14.623444,10.0,11.0,0.17669060000000023,0,0,Not hot day,12.889339541666667,77.179781375,2.850127941666667,1002.920745,0.25844574218,40.0,10.0,0,far_inland,10.7411,1197240,11143979.7879,11146300.0,Campbelltown - Woodbine,21690,1577.7,13.7,"ABS Regional Population 2019-20, SA2 proxy",10,0
2020-10-17,Campbelltown,28.452301,14.623444,13.828857,2020-10-17 18:00:00,2020-10-18 05:00:00,24.032135,16.719696,11.0,11.0,0.664767181818182,1,0,Moderate risk,13.718711812499999,70.4650315,2.0242474483333335,997.92444875,0.33950806322,40.0,10.0,0,far_inland,10.7411,1197240,11143979.7879,11146300.0,Campbelltown - Woodbine,21690,1577.7,13.7,"ABS Regional Population 2019-20, SA2 proxy",10,0
2020-10-18,Campbelltown,24.910248,15.0781555,9.8320925,2020-10-18 18:00:00,2020-10-19 05:00:00,17.277374,14.105072,11.0,11.0,0.28839109090909076,1,1,High risk,13.921756729166667,74.181602375,1.9703395404166668,996.3925725,4.280090339,40.0,10.0,0,far_inland,10.7411,1197240,11143979.7879,11146300.0,Campbelltown - Woodbine,21690,1577.7,13.7,"ABS Regional Population 2019-20, SA2 proxy",10,0
2020-10-19,Campbelltown,19.362885,13.897369,5.465515999999999,2020-10-19 18:00:00,2020-10-20 05:00:00,17.769073,14.569855,11.0,11.0,0.2908379999999999,0,0,Not hot day,12.152459375,76.57038791666666,2.5864317166666666,1002.0538695833334,0.7886886535,40.0,10.0,0,far_inland,10.7411,1197240,11143979.7879,11146300.0,Campbelltown - Woodbine,21690,1577.7,13.7,"ABS Regional Population 2019-20, SA2 proxy",10,0
2020-10-20,Campbelltown,20.673431,14.518433,6.154998000000001,2020-10-20 18:00:00,2020-10-21 05:00:00,19.269684,12.583649,11.0,11.0,0.6078213636363639,0,0,Not hot day,12.8647079375,77.19176358333333,2.0599479833333336,1003.49601625,1.55544280472,40.0,10.0,0,far_inland,10.7411,1197240,11143979.7879,11146300.0,Campbelltown - Woodbine,21690,1577.7,13.7,"ABS Regional Population 2019-20, SA2 proxy",10,0
2020-10-21,Campbelltown,24.272766,12.117981,12.154785,2020-10-21 18:00:00,2020-10-22 01:00:00,21.53415,15.040192,7.0,11.0,0.9277082857142859,1,0,Low risk,13.237471333333334,76.337023875,2.4399707999999998,1000.8289625000001,0.07295608346,40.0,10.0,0,far_inland,10.7411,1197240,11143979.7879,11146300.0,Campbelltown - Woodbine,21690,1577.7,13.7,"ABS Regional Population 2019-20, SA2 proxy",10,0
2020-10-22,Campbelltown,25.490997,14.893463,10.597534,2020-10-22 18:00:00,2020-10-23 05:00:00,22.729034,15.090729,11.0,11.0,0.6943913636363636,1,0,Low risk,14.611715875,77.599074125,1.5817814516666668,999.7785375,0.1964569132,40.0,10.0,0,far_inland,10.7411,1197240,11143979.7879,11146300.0,Campbelltown - Woodbine,21690,1577.7,13.7,"ABS Regional Population 2019-20, SA2 proxy",10,0
2020-10-23,Campbelltown,27.184906,14.964752,12.220154,2020-10-23 18:00:00,2020-10-24 05:00:00,24.12967,17.514984,11.0,11.0,0.6013350909090911,1,0,Moderate risk,15.8918775625,77.37926775,2.078322475833333,996.98574125,0.03767013566,40.0,10.0,0,far_inland,10.7411,1197240,11143979.7879,11146300.0,Campbelltown - Woodbine,21690,1577.7,13.7,"ABS Regional Population 2019-20, SA2 proxy",10,0
2020-10-24,Campbelltown,24.045776,17.214874,6.830902000000002,2020-10-24 18:00:00,2020-10-25 02:00:00,20.122284,13.330597,8.0,11.0,0.8489608750000002,1,0,Low risk,18.17595916666667,91.17617233333334,1.7935301620833333,990.17125,10.51950445366,40.0,10.0,0,far_inland,10.7411,1197240,11143979.7879,11146300.0,Campbelltown - Woodbine,21690,1577.7,13.7,"ABS Regional Population 2019-20, SA2 proxy",10,0
2020-10-25,Campbelltown,15.587585,12.189484,3.3981010000000005,2020-10-25 18:00:00,2020-10-25 18:00:00,12.189484,12.189484,0.0,11.0,0.0,0,0,Not hot day,11.436486541666667,88.02600191666666,4.206604991666667,998.1813804166667,24.8045920407,40.0,10.0,0,far_inland,10.7411,1197240,11143979.7879,11146300.0,Campbelltown - Woodbine,21690,1577.7,13.7,"ABS Regional Population 2019-20, SA2 proxy",10,0
2020-10-26,Campbelltown,14.8263855,12.424774,2.4016115000000013,2020-10-26 18:00:00,2020-10-27 01:00:00,13.020599,12.226532,7.0,11.0,0.11343814285714286,0,0,Not hot day,11.493146229166667,87.96343041666667,5.596240758333334,1003.4285108333333,29.2019843,40.0,10.0,0,far_inland,10.7411,1197240,11143979.7879,11146300.0,Campbelltown - Woodbine,21690,1577.7,13.7,"ABS Regional Population 2019-20, SA2 proxy",10,0
2020-10-27,Campbelltown,19.128204,12.226532,6.901672,2020-10-27 18:00:00,2020-10-28 05:00:00,17.763153,11.992432,11.0,11.0,0.5246109999999998,0,0,Not hot day,11.435114562499999,79.50909379166667,3.3690888708333335,1004.8594175,2.898216244,40.0,10.0,0,far_inland,10.7411,1197240,11143979.7879,11146300.0,Campbelltown - Woodbine,21690,1577.7,13.7,"ABS Regional Population 2019-20, SA2 proxy",10,0
2020-10-28,Campbelltown,20.059296,11.870636,8.18866,2020-10-28 18:00:00,2020-10-29 05:00:00,18.03421,13.933685,11.0,11.0,0.3727750000000001,0,0,Not hot day,12.180152875,80.455545125,1.7061977208333332,1003.0390050000001,0.53358078122,40.0,10.0,0,far_inland,10.7411,1197240,11143979.7879,11146300.0,Campbelltown - Woodbine,21690,1577.7,13.7,"ABS Regional Population 2019-20, SA2 proxy",10,0
2020-10-29,Campbelltown,20.878021,13.763855,7.114166000000001,2020-10-29 18:00:00,2020-10-30 04:00:00,18.18219,9.912323,10.0,11.0,0.8269866999999997,0,0,Not hot day,13.270261104166666,82.50283154166667,1.8627056816666665,997.5469933333334,9.0370178228,40.0,10.0,0,far_inland,10.7411,1197240,11143979.7879,11146300.0,Campbelltown - Woodbine,21690,1577.7,13.7,"ABS Regional Population 2019-20, SA2 proxy",10,0
2020-10-30,Campbelltown,22.30017,9.912323,12.387847,2020-10-30 18:00:00,2020-10-31 01:00:00,19.13974,16.040253,7.0,11.0,0.4427838571428571,0,0,Not hot day,12.551841770833333,80.60958866666667,1.7259361183333333,995.4810545833334,0.45251846945999996,40.0,10.0,0,far_inland,10.7411,1197240,11143979.7879,11146300.0,Campbelltown - Woodbine,21690,1577.7,13.7,"ABS Regional Population 2019-20, SA2 proxy",10,0
2020-10-31,Campbelltown,21.91568,13.990997,7.924682999999998,2020-10-31 18:00:00,2020-11-01 02:00:00,17.984528,13.301727,8.0,11.0,0.5853501250000002,0,0,Not hot day,14.210449208333335,81.71007,2.5405572708333333,994.2511549999999,52.4034497925,40.0,10.0,0,far_inland,10.7411,1197240,11143979.7879,11146300.0,Campbelltown - Woodbine,21690,1577.7,13.7,"ABS Regional Population 2019-20, SA2 proxy",10,0
2020-11-01,Campbelltown,18.827545,13.301727,5.525818000000001,2020-11-01 18:00:00,2020-11-02 03:00:00,18.106537,12.810394,9.0,11.0,0.5884603333333333,0,0,Not hot day,12.964391125,82.87262545833333,4.5263360375,1002.2074858333334,18.20707311676,40.0,10.0,0,far_inland,10.7411,1197240,11143979.7879,11146300.0,Campbelltown - Woodbine,21690,1577.7,13.7,"ABS Regional Population 2019-20, SA2 proxy",11,0
2020-11-02,Campbelltown,21.904419,12.529175,9.375244,2020-11-02 18:00:00,2020-11-03 05:00:00,19.539673,10.46286,11.0,11.0,0.8251648181818183,0,0,Not hot day,11.321757125,72.000989,2.9420049583333334,1011.3437129166667,0.00238418578,40.0,10.0,0,far_inland,10.7411,1197240,11143979.7879,11146300.0,Campbelltown - Woodbine,21690,1577.7,13.7,"ABS Regional Population 2019-20, SA2 proxy",11,0
2020-11-03,Campbelltown,22.729279,10.192535,12.536743999999999,2020-11-03 18:00:00,2020-11-04 05:00:00,21.172699,10.830475,11.0,11.0,0.9402021818181819,0,0,Not hot day,11.578527979166665,75.56775708333333,1.5344306816666666,1009.6082566666668,0.0071525573,40.0,10.0,0,far_inland,10.7411,1197240,11143979.7879,11146300.0,Campbelltown - Woodbine,21690,1577.7,13.7,"ABS Regional Population 2019-20, SA2 proxy",11,0
2020-11-04,Campbelltown,27.802155,10.418976,17.383179,2020-11-04 18:00:00,2020-11-05 01:00:00,26.233185,18.28592,7.0,11.0,1.1353235714285712,1,0,Low risk,13.133852604166668,71.57948275,1.8640538041666668,999.9229645833334,0.00095367432,40.0,10.0,0,far_inland,10.7411,1197240,11143979.7879,11146300.0,Campbelltown - Woodbine,21690,1577.7,13.7,"ABS Regional Population 2019-20, SA2 proxy",11,0
2020-11-05,Campbelltown,18.956024,13.26767,5.688353999999999,2020-11-05 18:00:00,2020-11-06 05:00:00,14.106995,12.6215515,11.0,11.0,0.13504031818181808,0,0,Not hot day,12.698397375,84.032865,3.9730341208333333,996.2044016666667,16.3822172733,40.0,10.0,0,far_inland,10.7411,1197240,11143979.7879,11146300.0,Campbelltown - Woodbine,21690,1577.7,13.7,"ABS Regional Population 2019-20, SA2 proxy",11,0
2020-11-06,Campbelltown,21.355804,12.292145,9.063659,2020-11-06 18:00:00,2020-11-07 05:00:00,17.86142,10.95639,11.0,11.0,0.6277299999999998,0,0,Not hot day,9.758525854166667,69.294752375,3.36882847125,1002.4847804166667,0.2560615541,40.0,10.0,0,far_inland,10.7411,1197240,11143979.7879,11146300.0,Campbelltown - Woodbine,21690,1577.7,13.7,"ABS Regional Population 2019-20, SA2 proxy",11,0
2020-11-07,Campbelltown,19.6091,10.837982,8.771118000000001,2020-11-07 18:00:00,2020-11-08 05:00:00,16.908722,12.821259,11.0,11.0,0.3715875454545456,0,0,Not hot day,10.506423916666668,75.86653879166667,2.543489306666667,1006.6735158333332,0.47159195118,40.0,10.0,0,far_inland,10.7411,1197240,11143979.7879,11146300.0,Campbelltown - Woodbine,21690,1577.7,13.7,"ABS Regional Population 2019-20, SA2 proxy",11,0
2020-11-08,Campbelltown,19.10559,12.449005,6.656585,2020-11-08 18:00:00,2020-11-09 05:00:00,17.875061,12.376373,11.0,11.0,0.49988072727272725,0,0,Not hot day,9.1833864375,65.72188691666666,1.8377060708333335,1013.1324087500001,0.01525878936,40.0,10.0,0,far_inland,10.7411,1197240,11143979.7879,11146300.0,Campbelltown - Woodbine,21690,1577.7,13.7,"ABS Regional Population 2019-20, SA2 proxy",11,0
2020-11-09,Campbelltown,20.833344,12.254425,8.578919,2020-11-09 18:00:00,2020-11-10 05:00:00,19.411926,10.566986,11.0,11.0,0.8040854545454547,0,0,Not hot day,11.017106354166666,72.76093254166666,1.5517832345833333,1011.5009029166666,1.189231882,40.0,10.0,0,far_inland,10.7411,1197240,11143979.7879,11146300.0,Campbelltown - Woodbine,21690,1577.7,13.7,"ABS Regional Population 2019-20, SA2 proxy",11,0
2020-11-10,Campbelltown,23.22293,10.5217285,12.701201500000002,2020-11-10 18:00:00,2020-11-11 05:00:00,21.176239,11.334045,11.0,11.0,0.894744909090909,0,0,Not hot day,10.831919354166667,70.64205754166666,2.0744786,1007.5220183333334,0.0,40.0,10.0,0,far_inland,10.7411,1197240,11143979.7879,11146300.0,Campbelltown - Woodbine,21690,1577.7,13.7,"ABS Regional Population 2019-20, SA2 proxy",11,0
2020-11-11,Campbelltown,25.838654,10.879852,14.958801999999999,2020-11-11 18:00:00,2020-11-12 05:00:00,24.13681,15.6927185,11.0,11.0,0.7676446818181819,1,0,Low risk,14.2555299375,77.35062004166666,2.0584831516666666,1002.0751825000001,0.0009536743,40.0,10.0,0,far_inland,10.7411,1197240,11143979.7879,11146300.0,Campbelltown - Woodbine,21690,1577.7,13.7,"ABS Regional Population 2019-20, SA2 proxy",11,0
2020-11-12,Campbelltown,29.242676,15.175018,14.067658,2020-11-12 18:00:00,2020-11-13 05:00:00,26.185425,17.672089,11.0,11.0,0.7739396363636363,1,0,Low risk,15.6940905,71.1830205,1.9523667541666667,994.10631,0.61464309982,40.0,10.0,0,far_inland,10.7411,1197240,11143979.7879,11146300.0,Campbelltown - Woodbine,21690,1577.7,13.7,"ABS Regional Population 2019-20, SA2 proxy",11,0
2020-11-13,Campbelltown,27.344452,15.29068,12.053772,2020-11-13 18:00:00,2020-11-14 05:00:00,21.988739,13.043518,11.0,11.0,0.813201909090909,1,0,Low risk,15.504678208333333,73.83711283333334,2.018482472916667,989.9736991666667,5.650520285,40.0,10.0,0,far_inland,10.7411,1197240,11143979.7879,11146300.0,Campbelltown - Woodbine,21690,1577.7,13.7,"ABS Regional Population 2019-20, SA2 proxy",11,0
2020-11-14,Campbelltown,27.25003,13.043518,14.206511999999998,2020-11-14 18:00:00,2020-11-15 05:00:00,26.143555,12.264435,11.0,11.0,1.2617381818181816,1,0,Low risk,12.4563001875,67.95751925,1.7336668054166668,994.2293416666666,0.0,40.0,10.0,0,far_inland,10.7411,1197240,11143979.7879,11146300.0,Campbelltown - Woodbine,21690,1577.7,13.7,"ABS Regional Population 2019-20, SA2 proxy",11,0
2020-11-15,Campbelltown,30.262909,11.953522,18.309387,2020-11-15 18:00:00,2020-11-16 05:00:00,27.648468,15.82431,11.0,11.0,1.0749234545454547,1,0,Low risk,14.983111041666668,71.16004870833333,1.7392667358333334,999.9365179166666,0.0,40.0,10.0,0,far_inland,10.7411,1197240,11143979.7879,11146300.0,Campbelltown - Woodbine,21690,1577.7,13.7,"ABS Regional Population 2019-20, SA2 proxy",11,0
2020-11-16,Campbelltown,37.117126,15.563507,21.553618999999998,2020-11-16 18:00:00,2020-11-17 05:00:00,32.340424,16.842651,11.0,11.0,1.4088884545454545,1,0,Low risk,14.198701291666666,56.12783066666666,2.8991808375,996.4120266666667,0.0,40.0,10.0,0,far_inland,10.7411,1197240,11143979.7879,11146300.0,Campbelltown - Woodbine,21690,1577.7,13.7,"ABS Regional Population 2019-20, SA2 proxy",11,0
2020-11-17,Campbelltown,24.40387,16.271149,8.132721,2020-11-17 18:00:00,2020-11-18 03:00:00,18.702667,16.214935,9.0,11.0,0.2764146666666668,1,1,High risk,13.54640575,68.91921725,3.1574560333333337,1004.3114875,0.9641647342999999,40.0,10.0,0,far_inland,10.7411,1197240,11143979.7879,11146300.0,Campbelltown - Woodbine,21690,1577.7,13.7,"ABS Regional Population 2019-20, SA2 proxy",11,0
2020-11-18,Campbelltown,22.607758,16.214935,6.392823,2020-11-18 18:00:00,2020-11-19 05:00:00,21.557587,14.009979,11.0,11.0,0.686146181818182,0,0,Not hot day,14.063828833333332,74.81133833333332,2.8624128666666664,1008.65634375,2.1104812651,40.0,10.0,0,far_inland,10.7411,1197240,11143979.7879,11146300.0,Campbelltown - Woodbine,21690,1577.7,13.7,"ABS Regional Population 2019-20, SA2 proxy",11,0
2020-11-19,Campbelltown,25.741547,13.967346,11.774201000000001,2020-11-19 18:00:00,2020-11-20 05:00:00,24.10437,16.404572,11.0,11.0,0.6999816363636362,1,0,Low risk,14.602072416666667,73.66002520833334,2.336026905416667,1006.1712079166667,0.00047683716,40.0,10.0,0,far_inland,10.7411,1197240,11143979.7879,11146300.0,Campbelltown - Woodbine,21690,1577.7,13.7,"ABS Regional Population 2019-20, SA2 proxy",11,0
2020-11-20,Campbelltown,34.535645,15.264374,19.271271000000002,2020-11-20 18:00:00,2020-11-21 05:00:00,31.51593,16.553925,11.0,11.0,1.3601822727272728,1,0,Low risk,17.068228395833334,68.67447766666668,2.0873661475,1001.7582600000001,2.1262168887,40.0,10.0,0,far_inland,10.7411,1197240,11143979.7879,11146300.0,Campbelltown - Woodbine,21690,1577.7,13.7,"ABS Regional Population 2019-20, SA2 proxy",11,0
2020-11-21,Campbelltown,24.496613,16.553925,7.942688,2020-11-21 18:00:00,2020-11-22 05:00:00,20.758484,16.168243,11.0,11.0,0.4172946363636363,1,0,Moderate risk,14.209443375,69.21712454166666,2.605527925,1006.0567137500001,0.0,40.0,10.0,0,far_inland,10.7411,1197240,11143979.7879,11146300.0,Campbelltown - Woodbine,21690,1577.7,13.7,"ABS Regional Population 2019-20, SA2 proxy",11,0
2020-11-22,Campbelltown,27.246521,15.812164,11.434357000000002,2020-11-22 18:00:00,2020-11-23 03:00:00,27.133514,18.120392,9.0,11.0,1.0014580000000004,1,0,Low risk,17.181971229166667,75.93298187500001,1.29607115375,1000.7783850000001,0.67234040456,40.0,10.0,0,far_inland,10.7411,1197240,11143979.7879,11146300.0,Campbelltown - Woodbine,21690,1577.7,13.7,"ABS Regional Population 2019-20, SA2 proxy",11,0
2020-11-23,Campbelltown,25.70755,17.61557,8.09198,2020-11-23 18:00:00,2020-11-24 05:00:00,23.594513,15.495697,11.0,11.0,0.7362559999999999,1,0,Low risk,17.3565381875,80.100064625,2.549337920833333,992.9636854166666,2.2764206075,40.0,10.0,0,far_inland,10.7411,1197240,11143979.7879,11146300.0,Campbelltown - Woodbine,21690,1577.7,13.7,"ABS Regional Population 2019-20, SA2 proxy",11,0
2020-11-24,Campbelltown,23.043304,15.350006,7.693297999999999,2020-11-24 18:00:00,2020-11-25 05:00:00,20.534882,16.334686,11.0,11.0,0.38183599999999984,0,0,Not hot day,14.107775479166667,74.13644420833333,2.3797426991666666,996.5080170833334,1.4567375258,40.0,10.0,0,far_inland,10.7411,1197240,11143979.7879,11146300.0,Campbelltown - Woodbine,21690,1577.7,13.7,"ABS Regional Population 2019-20, SA2 proxy",11,0
2020-11-25,Campbelltown,24.656006,15.950714,8.705292000000002,2020-11-25 18:00:00,2020-11-26 05:00:00,23.9198,14.630005,11.0,11.0,0.844526818181818,1,0,Low risk,15.142921375,75.14744666666667,2.114012079583333,998.6206916666666,0.7815361013600001,40.0,10.0,0,far_inland,10.7411,1197240,11143979.7879,11146300.0,Campbelltown - Woodbine,21690,1577.7,13.7,"ABS Regional Population 2019-20, SA2 proxy",11,0
2020-11-26,Campbelltown,34.377533,14.295746,20.081787,2020-11-26 18:00:00,2020-11-27 05:00:00,30.69986,17.199493,11.0,11.0,1.227306090909091,1,0,Low risk,15.069135041666668,64.69068629166667,2.0557367691666664,997.1466279166666,0.00047683716,40.0,10.0,0,far_inland,10.7411,1197240,11143979.7879,11146300.0,Campbelltown - Woodbine,21690,1577.7,13.7,"ABS Regional Population 2019-20, SA2 proxy",11,0
2020-11-27,Campbelltown,28.46286,16.977875,11.484984999999998,2020-11-27 18:00:00,2020-11-28 05:00:00,26.562775,16.920502,11.0,11.0,0.8765702727272727,1,0,Low risk,15.854386625000002,69.54372074999999,2.60333666,1001.3792804166666,0.00047683716,40.0,10.0,0,far_inland,10.7411,1197240,11143979.7879,11146300.0,Campbelltown - Woodbine,21690,1577.7,13.7,"ABS Regional Population 2019-20, SA2 proxy",11,0
2020-11-28,Campbelltown,40.240753,16.920502,23.320251,2020-11-28 18:00:00,2020-11-29 01:00:00,37.69449,23.935608,7.0,11.0,1.9655545714285718,1,0,Low risk,15.776373541666667,55.953313333333334,2.9348796020833334,993.0589641666667,0.0,40.0,10.0,0,far_inland,10.7411,1197240,11143979.7879,11146300.0,Campbelltown - Woodbine,21690,1577.7,13.7,"ABS Regional Population 2019-20, SA2 proxy",11,0
2020-11-29,Campbelltown,37.73941,18.507538,19.231872,2020-11-29 18:00:00,2020-11-30 05:00:00,29.463104,17.159088,11.0,11.0,1.1185469090909093,1,0,Low risk,14.049608979166665,45.32150470833333,5.6847869583333335,988.69978875,0.00047683716,40.0,10.0,0,far_inland,10.7411,1197240,11143979.7879,11146300.0,Campbelltown - Woodbine,21690,1577.7,13.7,"ABS Regional Population 2019-20, SA2 proxy",11,0
2020-11-30,Campbelltown,22.711517,17.159088,5.552429,2020-11-30 18:00:00,2020-12-01 05:00:00,21.40564,17.386993,11.0,11.0,0.36533154545454527,0,0,Not hot day,13.330907125000001,67.29472116666666,3.0553941208333337,1001.6382104166668,0.31185150112,40.0,10.0,0,far_inland,10.7411,1197240,11143979.7879,11146300.0,Campbelltown - Woodbine,21690,1577.7,13.7,"ABS Regional Population 2019-20, SA2 proxy",11,0
2020-12-01,Campbelltown,33.792206,17.285889,16.506317,2020-12-01 18:00:00,2020-12-02 05:00:00,30.368866,19.46054,11.0,11.0,0.9916659999999999,1,0,Low risk,17.259531625,69.148722625,2.7428924625,996.2299716666666,0.1115798949,40.0,10.0,0,far_inland,10.7411,1197240,11143979.7879,11146300.0,Campbelltown - Woodbine,21690,1577.7,13.7,"ABS Regional Population 2019-20, SA2 proxy",12,1
2020-12-02,Campbelltown,23.058258,16.939026,6.119232,2020-12-02 18:00:00,2020-12-03 01:00:00,19.16037,16.571411,7.0,11.0,0.3698512857142856,0,0,Not hot day,15.805677958333334,75.93969966666667,3.2034231374999997,1003.2573779166668,1.18684769308,40.0,10.0,0,far_inland,10.7411,1197240,11143979.7879,11146300.0,Campbelltown - Woodbine,21690,1577.7,13.7,"ABS Regional Population 2019-20, SA2 proxy",12,1
2020-12-03,Campbelltown,20.993378,16.571411,4.421966999999999,2020-12-03 18:00:00,2020-12-04 05:00:00,20.572968,16.028961,11.0,11.0,0.4130915454545455,0,0,Not hot day,15.927181291666665,83.58679875,2.7072935375,1006.1124754166667,1.64556502972,40.0,10.0,0,far_inland,10.7411,1197240,11143979.7879,11146300.0,Campbelltown - Woodbine,21690,1577.7,13.7,"ABS Regional Population 2019-20, SA2 proxy",12,1
2020-12-04,Campbelltown,32.68268,16.028961,16.653719,2020-12-04 18:00:00,2020-12-05 05:00:00,31.684845,16.216217,11.0,11.0,1.406238909090909,1,0,Low risk,12.029519441666666,58.43333420833333,2.1309318354166664,998.5499599999999,0.00238418582,40.0,10.0,0,far_inland,10.7411,1197240,11143979.7879,11146300.0,Campbelltown - Woodbine,21690,1577.7,13.7,"ABS Regional Population 2019-20, SA2 proxy",12,1
2020-12-05,Campbelltown,25.470428,16.216217,9.254210999999998,2020-12-05 18:00:00,2020-12-06 05:00:00,25.470428,18.374542,11.0,11.0,0.6450805454545452,1,0,Moderate risk,16.510134395833333,77.45337266666667,2.969647029166667,994.12509375,16.250610446379998,40.0,10.0,0,far_inland,10.7411,1197240,11143979.7879,11146300.0,Campbelltown - Woodbine,21690,1577.7,13.7,"ABS Regional Population 2019-20, SA2 proxy",12,1
2020-12-06,Campbelltown,28.365692,17.152771,11.212920999999998,2020-12-06 18:00:00,2020-12-07 05:00:00,27.405731,12.931122,11.0,11.0,1.3158735454545454,1,0,Low risk,11.166675633333334,52.08034895833333,3.1880948458333336,987.2743395833332,0.0472068783,40.0,10.0,0,far_inland,10.7411,1197240,11143979.7879,11146300.0,Campbelltown - Woodbine,21690,1577.7,13.7,"ABS Regional Population 2019-20, SA2 proxy",12,1
2020-12-07,Campbelltown,28.49649,12.879059,15.617431000000002,2020-12-07 18:00:00,2020-12-08 05:00:00,27.588837,13.609619,11.0,11.0,1.2708380000000001,1,0,Low risk,7.674111766666667,45.747602416666666,3.5317853983333336,989.9550533333332,0.0,40.0,10.0,0,far_inland,10.7411,1197240,11143979.7879,11146300.0,Campbelltown - Woodbine,21690,1577.7,13.7,"ABS Regional Population 2019-20, SA2 proxy",12,1
2020-12-08,Campbelltown,23.902924,13.3993225,10.503601499999998,2020-12-08 18:00:00,2020-12-09 05:00:00,22.151306,11.822296,11.0,11.0,0.9390009090909093,1,0,Low risk,6.162267033333333,47.540253375,3.6772964624999998,997.6822216666666,0.0963211049,40.0,10.0,0,far_inland,10.7411,1197240,11143979.7879,11146300.0,Campbelltown - Woodbine,21690,1577.7,13.7,"ABS Regional Population 2019-20, SA2 proxy",12,1
2020-12-09,Campbelltown,27.249176,11.690979,15.558196999999998,2020-12-09 18:00:00,2020-12-10 05:00:00,23.920593,14.778107,11.0,11.0,0.8311350909090909,1,0,Low risk,10.709768895833333,61.83365033333333,1.89452975875,1002.9705266666666,0.0143051145,40.0,10.0,0,far_inland,10.7411,1197240,11143979.7879,11146300.0,Campbelltown - Woodbine,21690,1577.7,13.7,"ABS Regional Population 2019-20, SA2 proxy",12,1
2020-12-10,Campbelltown,27.033752,13.779358,13.254394,2020-12-10 18:00:00,2020-12-11 05:00:00,19.94159,15.745453,11.0,11.0,0.38146700000000017,1,1,High risk,13.070766375,68.23651645833333,3.430006776666667,1004.6342074999999,0.3123283389,40.0,10.0,0,far_inland,10.7411,1197240,11143979.7879,11146300.0,Campbelltown - Woodbine,21690,1577.7,13.7,"ABS Regional Population 2019-20, SA2 proxy",12,1
2020-12-11,Campbelltown,19.713226,15.593109,4.120116999999999,2020-12-11 18:00:00,2020-12-12 05:00:00,18.323822,15.045105,11.0,11.0,0.29806518181818187,0,0,Not hot day,9.471190250000001,59.5913255,3.8137973499999998,1012.8806549999999,1.19256973286,40.0,10.0,0,far_inland,10.7411,1197240,11143979.7879,11146300.0,Campbelltown - Woodbine,21690,1577.7,13.7,"ABS Regional Population 2019-20, SA2 proxy",12,1
2020-12-12,Campbelltown,21.908905,14.781799,7.127106000000001,2020-12-12 18:00:00,2020-12-13 05:00:00,19.828522,14.379547,11.0,11.0,0.49536136363636357,0,0,Not hot day,11.3009389375,65.17598158333332,3.1536837,1013.7317258333333,1.2722015431,40.0,10.0,0,far_inland,10.7411,1197240,11143979.7879,11146300.0,Campbelltown - Woodbine,21690,1577.7,13.7,"ABS Regional Population 2019-20, SA2 proxy",12,1
2020-12-13,Campbelltown,23.875336,14.250275,9.625061,2020-12-13 18:00:00,2020-12-14 03:00:00,22.522156,16.933807,9.0,11.0,0.6209276666666663,1,0,Moderate risk,13.947663687499999,74.12202591666666,2.4762716708333334,1009.6220783333333,1.59978866832,40.0,10.0,0,far_inland,10.7411,1197240,11143979.7879,11146300.0,Campbelltown - Woodbine,21690,1577.7,13.7,"ABS Regional Population 2019-20, SA2 proxy",12,1
2020-12-14,Campbelltown,24.171173,16.787445,7.383727999999998,2020-12-14 18:00:00,2020-12-15 02:00:00,22.533112,17.810516,8.0,11.0,0.5903244999999999,1,0,Moderate risk,16.440093958333332,80.92502520833334,1.9844217979166665,1005.2943529166668,4.54711913626,40.0,10.0,0,far_inland,10.7411,1197240,11143979.7879,11146300.0,Campbelltown - Woodbine,21690,1577.7,13.7,"ABS Regional Population 2019-20, SA2 proxy",12,1
2020-12-15,Campbelltown,24.22052,17.810516,6.410004000000001,2020-12-15 18:00:00,2020-12-16 05:00:00,23.284393,21.160248,11.0,11.0,0.19310409090909111,1,1,Extreme risk,19.191986083333333,90.4516625,1.8171922820833333,1001.1254791666667,8.456707025,40.0,10.0,0,far_inland,10.7411,1197240,11143979.7879,11146300.0,Campbelltown - Woodbine,21690,1577.7,13.7,"ABS Regional Population 2019-20, SA2 proxy",12,1
2020-12-16,Campbelltown,28.232513,21.015808,7.216705000000001,2020-12-16 18:00:00,2020-12-17 05:00:00,23.615204,20.579834,11.0,11.0,0.275942727272727,1,1,High risk,21.5308685,90.58918966666666,2.4361048916666665,995.8255558333334,30.17234836196,40.0,10.0,0,far_inland,10.7411,1197240,11143979.7879,11146300.0,Campbelltown - Woodbine,21690,1577.7,13.7,"ABS Regional Population 2019-20, SA2 proxy",12,1
2020-12-17,Campbelltown,31.457367,20.569855,10.887512000000001,2020-12-17 18:00:00,2020-12-18 05:00:00,28.502472,18.997162,11.0,11.0,0.864119090909091,1,0,Low risk,21.029408874999998,80.18644208333333,1.4292895654166669,991.2625937500001,5.88130959312,40.0,10.0,0,far_inland,10.7411,1197240,11143979.7879,11146300.0,Campbelltown - Woodbine,21690,1577.7,13.7,"ABS Regional Population 2019-20, SA2 proxy",12,1
2020-12-18,Campbelltown,31.005188,18.997162,12.008026000000001,2020-12-18 18:00:00,2020-12-19 05:00:00,24.790009,18.015656,11.0,11.0,0.6158502727272729,1,0,Moderate risk,19.579706791666666,77.81015004166666,2.5697757500000002,992.2910958333333,9.3307493825,40.0,10.0,0,far_inland,10.7411,1197240,11143979.7879,11146300.0,Campbelltown - Woodbine,21690,1577.7,13.7,"ABS Regional Population 2019-20, SA2 proxy",12,1
2020-12-19,Campbelltown,19.410095,17.509186,1.9009089999999986,2020-12-19 18:00:00,2020-12-20 04:00:00,18.25827,16.692413,10.0,11.0,0.1565857000000001,0,0,Not hot day,15.340094291666666,82.50005529166667,2.7007170670833336,1001.4674591666667,2.761840814,40.0,10.0,0,far_inland,10.7411,1197240,11143979.7879,11146300.0,Campbelltown - Woodbine,21690,1577.7,13.7,"ABS Regional Population 2019-20, SA2 proxy",12,1
2020-12-20,Campbelltown,23.834076,16.692413,7.141663000000001,2020-12-20 18:00:00,2020-12-21 05:00:00,23.555603,17.989838,11.0,11.0,0.5059786363636366,0,0,Not hot day,17.277548499999998,86.12755954166666,1.5439935150000001,998.1821504166666,2.67696379216,40.0,10.0,0,far_inland,10.7411,1197240,11143979.7879,11146300.0,Campbelltown - Woodbine,21690,1577.7,13.7,"ABS Regional Population 2019-20, SA2 proxy",12,1
2020-12-21,Campbelltown,22.616333,17.901947,4.714386000000001,2020-12-21 18:00:00,2020-12-22 05:00:00,18.887634,17.539185,11.0,11.0,0.12258627272727261,0,0,Not hot day,18.39337275,92.77182929166668,1.2644426841666667,995.6558125,10.534763251000001,40.0,10.0,0,far_inland,10.7411,1197240,11143979.7879,11146300.0,Campbelltown - Woodbine,21690,1577.7,13.7,"ABS Regional Population 2019-20, SA2 proxy",12,1
2020-12-22,Campbelltown,25.526306,17.539185,7.987121000000002,2020-12-22 18:00:00,2020-12-23 05:00:00,25.18924,14.759949,11.0,11.0,0.9481173636363637,1,0,Low risk,13.880405320833333,67.98592058333334,3.11440894,988.5922766666666,5.94568260516,40.0,10.0,0,far_inland,10.7411,1197240,11143979.7879,11146300.0,Campbelltown - Woodbine,21690,1577.7,13.7,"ABS Regional Population 2019-20, SA2 proxy",12,1
2020-12-23,Campbelltown,24.858887,14.484497,10.37439,2020-12-23 18:00:00,2020-12-24 05:00:00,22.619904,15.919067,11.0,11.0,0.6091669999999998,1,0,Moderate risk,11.305531854166667,58.710784125,3.5938846833333336,998.627215,0.0,40.0,10.0,0,far_inland,10.7411,1197240,11143979.7879,11146300.0,Campbelltown - Woodbine,21690,1577.7,13.7,"ABS Regional Population 2019-20, SA2 proxy",12,1
2020-12-24,Campbelltown,27.281769,15.337585,11.944184,2020-12-24 18:00:00,2020-12-25 05:00:00,26.151947,17.463593,11.0,11.0,0.7898503636363636,1,0,Low risk,15.188189166666668,70.570041125,2.220750457083333,1000.28229625,0.2098083476,40.0,10.0,0,far_inland,10.7411,1197240,11143979.7879,11146300.0,Campbelltown - Woodbine,21690,1577.7,13.7,"ABS Regional Population 2019-20, SA2 proxy",12,1
2020-12-25,Campbelltown,20.12558,16.804504,3.321075999999998,2020-12-25 18:00:00,2020-12-26 03:00:00,19.054565,16.123322,9.0,11.0,0.3256936666666665,0,0,Not hot day,14.210941270833333,75.96152716666667,3.5564729183333337,1004.3097575,1.53446198206,40.0,10.0,0,far_inland,10.7411,1197240,11143979.7879,11146300.0,Campbelltown - Woodbine,21690,1577.7,13.7,"ABS Regional Population 2019-20, SA2 proxy",12,1
2020-12-26,Campbelltown,23.596466,16.123322,7.473143999999998,2020-12-26 18:00:00,2020-12-27 05:00:00,20.88211,15.659027,11.0,11.0,0.47482572727272737,0,0,Not hot day,16.045112624999998,82.80051275,2.1169577983333334,1003.50242875,19.2551612747,40.0,10.0,0,far_inland,10.7411,1197240,11143979.7879,11146300.0,Campbelltown - Woodbine,21690,1577.7,13.7,"ABS Regional Population 2019-20, SA2 proxy",12,1
2020-12-27,Campbelltown,32.187836,15.581818,16.606018,2020-12-27 18:00:00,2020-12-28 02:00:00,30.208221,20.49466,8.0,11.0,1.2141951250000003,1,0,Low risk,16.807289145833334,71.82730637499999,1.60455744,996.0742720833333,2.3255348183,40.0,10.0,0,far_inland,10.7411,1197240,11143979.7879,11146300.0,Campbelltown - Woodbine,21690,1577.7,13.7,"ABS Regional Population 2019-20, SA2 proxy",12,1
2020-12-28,Campbelltown,26.444427,16.03894,10.405487,2020-12-28 18:00:00,2020-12-29 04:00:00,18.086517,15.973114,10.0,11.0,0.21134029999999998,1,1,Extreme risk,16.419603875,76.07973008333333,2.889833825,993.52073375,7.57122036656,40.0,10.0,0,far_inland,10.7411,1197240,11143979.7879,11146300.0,Campbelltown - Woodbine,21690,1577.7,13.7,"ABS Regional Population 2019-20, SA2 proxy",12,1
2020-12-29,Campbelltown,19.634552,15.973114,3.6614379999999986,2020-12-29 18:00:00,2020-12-30 05:00:00,19.231354,16.95639,11.0,11.0,0.20681490909090916,0,0,Not hot day,15.391933333333334,87.52917558333333,2.6308695945833334,999.6203145833333,2.7761459258,40.0,10.0,0,far_inland,10.7411,1197240,11143979.7879,11146300.0,Campbelltown - Woodbine,21690,1577.7,13.7,"ABS Regional Population 2019-20, SA2 proxy",12,1
2020-12-30,Campbelltown,21.408905,16.905365,4.503540000000001,2020-12-30 18:00:00,2020-12-31 04:00:00,20.79306,17.11679,10.0,11.0,0.36762699999999987,0,0,Not hot day,16.087280291666666,83.74225266666667,2.5570604375,1003.8167916666666,4.0440559501,40.0,10.0,0,far_inland,10.7411,1197240,11143979.7879,11146300.0,Campbelltown - Woodbine,21690,1577.7,13.7,"ABS Regional Population 2019-20, SA2 proxy",12,1
2020-12-31,Campbelltown,22.32837,17.11679,5.211579999999998,2020-12-31 18:00:00,2020-12-31 23:00:00,20.559479,18.788818,5.0,5.0,0.3541322000000001,0,0,Not hot day,15.776963541666667,78.52802958333334,2.2941974983333333,1004.9470225,0.9984970116999999,40.0,10.0,0,far_inland,10.7411,1197240,11143979.7879,11146300.0,Campbelltown - Woodbine,21690,1577.7,13.7,"ABS Regional Population 2019-20, SA2 proxy",12,1
2020-01-01,Parramatta,26.624481,20.917908,5.706572999999999,2020-01-01 18:00:00,2020-01-02 05:00:00,23.133331,19.702179,11.0,11.0,0.31192290909090886,1,1,High risk,15.954322230769233,61.76063353846154,4.081554361538462,1007.4071207692307,0.01335144,20.0,1.0,0,middle_inland,17.0356,933920,5481959.1784,5482170.0,Parramatta - Rosehill,34732,4087.8,8.5,"ABS Regional Population 2019-20, SA2 proxy",1,1
2020-01-02,Parramatta,26.6221,19.697723,6.924377,2020-01-02 18:00:00,2020-01-03 05:00:00,24.297028,21.987701,11.0,11.0,0.20993881818181814,1,1,Extreme risk,15.9588635625,67.841818875,3.5835200083333336,1010.7444637499999,0.11587142922,20.0,1.0,0,middle_inland,17.0356,933920,5481959.1784,5482170.0,Parramatta - Rosehill,34732,4087.8,8.5,"ABS Regional Population 2019-20, SA2 proxy",1,1
2020-01-03,Parramatta,31.16449,21.884491,9.279999,2020-01-03 18:00:00,2020-01-04 05:00:00,28.44455,20.485443,11.0,11.0,0.7235551818181818,1,0,Low risk,19.203244458333334,69.55545641666667,3.109996527916667,1007.2704454166666,1.2583732453,20.0,1.0,0,middle_inland,17.0356,933920,5481959.1784,5482170.0,Parramatta - Rosehill,34732,4087.8,8.5,"ABS Regional Population 2019-20, SA2 proxy",1,1
2020-01-04,Parramatta,45.30652,20.295929,25.010590999999998,2020-01-04 18:00:00,2020-01-05 05:00:00,42.69101,21.578522,11.0,11.0,1.9193170909090909,1,0,Low risk,15.815968958333334,48.37795675,2.515926142916667,1000.6183912500001,0.0,20.0,1.0,0,middle_inland,17.0356,933920,5481959.1784,5482170.0,Parramatta - Rosehill,34732,4087.8,8.5,"ABS Regional Population 2019-20, SA2 proxy",1,1
2020-01-05,Parramatta,26.9216,19.97116,6.95044,2020-01-05 18:00:00,2020-01-06 05:00:00,21.592255,18.590363,11.0,11.0,0.2728992727272729,1,1,High risk,13.635934145833334,56.78836079166666,5.750492887499999,1010.3984179166667,0.270366666,20.0,1.0,0,middle_inland,17.0356,933920,5481959.1784,5482170.0,Parramatta - Rosehill,34732,4087.8,8.5,"ABS Regional Population 2019-20, SA2 proxy",1,1
2020-01-06,Parramatta,23.83548,18.590363,5.2451170000000005,2020-01-06 18:00:00,2020-01-07 05:00:00,22.356903,21.003296,11.0,11.0,0.12305518181818184,0,0,Not hot day,15.7965646875,71.739317875,2.7466033625,1012.26974875,0.6842613223,20.0,1.0,0,middle_inland,17.0356,933920,5481959.1784,5482170.0,Parramatta - Rosehill,34732,4087.8,8.5,"ABS Regional Population 2019-20, SA2 proxy",1,1
2020-01-07,Parramatta,31.060791,21.003296,10.057495,2020-01-07 18:00:00,2020-01-08 05:00:00,29.25763,21.863037,11.0,11.0,0.6722357272727273,1,0,Moderate risk,19.868101749999997,73.31384383333334,2.3952576979166667,1006.4801295833332,0.46634673406,20.0,1.0,0,middle_inland,17.0356,933920,5481959.1784,5482170.0,Parramatta - Rosehill,34732,4087.8,8.5,"ABS Regional Population 2019-20, SA2 proxy",1,1
2020-01-08,Parramatta,26.87857,21.852997,5.025573000000001,2020-01-08 18:00:00,2020-01-09 05:00:00,23.985962,21.339813,11.0,11.0,0.2405590000000001,1,1,High risk,18.963989208333334,75.07200912500001,4.0116974291666665,1007.4008108333334,0.11157989478,20.0,1.0,0,middle_inland,17.0356,933920,5481959.1784,5482170.0,Parramatta - Rosehill,34732,4087.8,8.5,"ABS Regional Population 2019-20, SA2 proxy",1,1
2020-01-09,Parramatta,25.79483,21.339813,4.455017000000002,2020-01-09 18:00:00,2020-01-10 03:00:00,24.750885,21.141022,9.0,11.0,0.401095888888889,1,1,High risk,17.912620625,73.119870875,3.2165797499999997,1009.3730379166667,0.96082687366,20.0,1.0,0,middle_inland,17.0356,933920,5481959.1784,5482170.0,Parramatta - Rosehill,34732,4087.8,8.5,"ABS Regional Population 2019-20, SA2 proxy",1,1
2020-01-10,Parramatta,33.9552,21.141022,12.814177999999998,2020-01-10 18:00:00,2020-01-11 05:00:00,32.187775,20.273102,11.0,11.0,1.083152090909091,1,0,Low risk,19.858631,67.61446541666668,3.1790272487499998,1002.0226383333334,0.0171661379,20.0,1.0,0,middle_inland,17.0356,933920,5481959.1784,5482170.0,Parramatta - Rosehill,34732,4087.8,8.5,"ABS Regional Population 2019-20, SA2 proxy",1,1
2020-01-11,Parramatta,27.987976,18.821564,9.166412000000001,2020-01-11 18:00:00,2020-01-12 05:00:00,21.682709,18.528564,11.0,11.0,0.28674045454545455,1,1,High risk,15.259689375,67.58904295833334,4.467870641666667,1004.0834620833333,1.1844635042,20.0,1.0,0,middle_inland,17.0356,933920,5481959.1784,5482170.0,Parramatta - Rosehill,34732,4087.8,8.5,"ABS Regional Population 2019-20, SA2 proxy",1,1
2020-01-12,Parramatta,21.045807,18.45462,2.5911870000000015,2020-01-12 18:00:00,2020-01-13 02:00:00,20.306122,17.417572,8.0,11.0,0.3610687499999998,0,0,Not hot day,14.449965145833334,71.56525229166667,3.609953191666667,1010.73822875,2.500534066,20.0,1.0,0,middle_inland,17.0356,933920,5481959.1784,5482170.0,Parramatta - Rosehill,34732,4087.8,8.5,"ABS Regional Population 2019-20, SA2 proxy",1,1
2020-01-13,Parramatta,25.619965,17.405426,8.214539000000002,2020-01-13 18:00:00,2020-01-14 05:00:00,24.293488,17.698517,11.0,11.0,0.5995428181818183,1,0,Moderate risk,15.405616791666667,71.29309233333333,2.4582048375,1011.1448970833334,2.1939277426,20.0,1.0,0,middle_inland,17.0356,933920,5481959.1784,5482170.0,Parramatta - Rosehill,34732,4087.8,8.5,"ABS Regional Population 2019-20, SA2 proxy",1,1
2020-01-14,Parramatta,27.284424,17.698517,9.585907000000002,2020-01-14 18:00:00,2020-01-15 05:00:00,25.597198,17.977264,11.0,11.0,0.6927212727272725,1,0,Low risk,17.198150583333334,73.40338737500001,2.4204770483333333,1009.3020845833333,1.36184692016,20.0,1.0,0,middle_inland,17.0356,933920,5481959.1784,5482170.0,Parramatta - Rosehill,34732,4087.8,8.5,"ABS Regional Population 2019-20, SA2 proxy",1,1
2020-01-15,Parramatta,28.494476,17.855927,10.638548999999998,2020-01-15 18:00:00,2020-01-16 02:00:00,26.654572,21.39151,8.0,11.0,0.6578827500000002,1,0,Moderate risk,17.857068354166667,73.50671675,2.1400104208333333,1004.8868554166667,0.00238418576,20.0,1.0,0,middle_inland,17.0356,933920,5481959.1784,5482170.0,Parramatta - Rosehill,34732,4087.8,8.5,"ABS Regional Population 2019-20, SA2 proxy",1,1
2020-01-16,Parramatta,26.217255,20.61319,5.604065000000002,2020-01-16 18:00:00,2020-01-17 05:00:00,25.026245,20.558655,11.0,11.0,0.40614454545454526,1,0,Moderate risk,19.817558208333335,84.17396195833334,1.7172110995833334,999.9900250000001,10.5066297845,20.0,1.0,0,middle_inland,17.0356,933920,5481959.1784,5482170.0,Parramatta - Rosehill,34732,4087.8,8.5,"ABS Regional Population 2019-20, SA2 proxy",1,1
2020-01-17,Parramatta,22.100891,20.197357,1.9035340000000005,2020-01-17 18:00:00,2020-01-18 05:00:00,21.997803,20.667053,11.0,11.0,0.12097727272727289,0,0,Not hot day,18.538258916666667,85.38058983333333,4.2438012625,1001.6020212499999,6.397247286,20.0,1.0,0,middle_inland,17.0356,933920,5481959.1784,5482170.0,Parramatta - Rosehill,34732,4087.8,8.5,"ABS Regional Population 2019-20, SA2 proxy",1,1
2020-01-18,Parramatta,23.102814,19.812592,3.290222,2020-01-18 18:00:00,2020-01-19 05:00:00,22.491302,19.47287,11.0,11.0,0.27440290909090914,0,0,Not hot day,18.142894791666667,81.43947570833333,3.4022126020833334,1002.0768262500001,4.8809051731,20.0,1.0,0,middle_inland,17.0356,933920,5481959.1784,5482170.0,Parramatta - Rosehill,34732,4087.8,8.5,"ABS Regional Population 2019-20, SA2 proxy",1,1
2020-01-19,Parramatta,23.49173,19.47287,4.01886,2020-01-19 18:00:00,2020-01-20 05:00:00,23.49173,19.40915,11.0,11.0,0.3711436363636364,0,0,Not hot day,19.409768375,89.35145758333334,1.64883077,999.9052058333333,11.3320349113,20.0,1.0,0,middle_inland,17.0356,933920,5481959.1784,5482170.0,Parramatta - Rosehill,34732,4087.8,8.5,"ABS Regional Population 2019-20, SA2 proxy",1,1
2020-01-20,Parramatta,28.564667,19.294952,9.269715000000001,2020-01-20 18:00:00,2020-01-21 05:00:00,26.859009,17.728912,11.0,11.0,0.8300088181818182,1,0,Low risk,19.996388791666664,81.18009091666667,1.49061013625,995.3996695833333,16.7341232838,20.0,1.0,0,middle_inland,17.0356,933920,5481959.1784,5482170.0,Parramatta - Rosehill,34732,4087.8,8.5,"ABS Regional Population 2019-20, SA2 proxy",1,1
2020-01-21,Parramatta,31.041351,17.479492,13.561858999999998,2020-01-21 18:00:00,2020-01-22 05:00:00,26.149414,18.819,11.0,11.0,0.6664012727272728,1,0,Moderate risk,15.622791270833334,64.01469241666666,2.234549435,999.4668704166667,0.0,20.0,1.0,0,middle_inland,17.0356,933920,5481959.1784,5482170.0,Parramatta - Rosehill,34732,4087.8,8.5,"ABS Regional Population 2019-20, SA2 proxy",1,1
2020-01-22,Parramatta,31.838257,18.579193,13.259063999999999,2020-01-22 18:00:00,2020-01-23 05:00:00,30.139679,20.551422,11.0,11.0,0.8716597272727274,1,0,Low risk,18.805844583333332,69.01471220833334,2.71932830125,1001.41797375,0.0,20.0,1.0,0,middle_inland,17.0356,933920,5481959.1784,5482170.0,Parramatta - Rosehill,34732,4087.8,8.5,"ABS Regional Population 2019-20, SA2 proxy",1,1
2020-01-23,Parramatta,41.11862,20.551422,20.567198,2020-01-23 18:00:00,2020-01-24 05:00:00,36.928375,25.23465,11.0,11.0,1.0630659090909094,1,0,Low risk,15.014280895833332,43.54653241666667,4.207933720833333,994.69354625,0.70524216,20.0,1.0,0,middle_inland,17.0356,933920,5481959.1784,5482170.0,Parramatta - Rosehill,34732,4087.8,8.5,"ABS Regional Population 2019-20, SA2 proxy",1,1
2020-01-24,Parramatta,30.946869,23.680908,7.265961000000001,2020-01-24 18:00:00,2020-01-25 02:00:00,26.81076,23.609772,8.0,11.0,0.40012349999999985,1,1,High risk,18.825088541666666,65.09149558333333,3.136150733333333,1001.4415329166667,0.2002716019,20.0,1.0,0,middle_inland,17.0356,933920,5481959.1784,5482170.0,Parramatta - Rosehill,34732,4087.8,8.5,"ABS Regional Population 2019-20, SA2 proxy",1,1
2020-01-25,Parramatta,28.604126,23.2406,5.363526,2020-01-25 18:00:00,2020-01-26 05:00:00,27.440948,23.843842,11.0,11.0,0.3270096363636364,1,1,High risk,21.037690458333334,76.598285375,2.4598202125,1005.8092416666667,1.6813278025,20.0,1.0,0,middle_inland,17.0356,933920,5481959.1784,5482170.0,Parramatta - Rosehill,34732,4087.8,8.5,"ABS Regional Population 2019-20, SA2 proxy",1,1
2020-01-26,Parramatta,35.210785,23.743988,11.466797,2020-01-26 18:00:00,2020-01-27 05:00:00,30.878204,23.340515,11.0,11.0,0.6852444545454546,1,0,Moderate risk,21.766972874999997,70.14454504166666,1.98011596,1003.4035920833334,1.2340545442000002,20.0,1.0,0,middle_inland,17.0356,933920,5481959.1784,5482170.0,Parramatta - Rosehill,34732,4087.8,8.5,"ABS Regional Population 2019-20, SA2 proxy",1,1
2020-01-27,Parramatta,30.1055,23.264435,6.841065,2020-01-27 18:00:00,2020-01-28 05:00:00,28.497833,22.644196,11.0,11.0,0.5321488181818181,1,0,Moderate risk,21.009267166666667,73.65240658333333,3.2143917583333335,1005.4684112499999,0.06723403936,20.0,1.0,0,middle_inland,17.0356,933920,5481959.1784,5482170.0,Parramatta - Rosehill,34732,4087.8,8.5,"ABS Regional Population 2019-20, SA2 proxy",1,1
2020-01-28,Parramatta,32.123535,22.644196,9.479338999999996,2020-01-28 18:00:00,2020-01-29 05:00:00,28.107025,22.981537,11.0,11.0,0.4659534545454546,1,0,Moderate risk,21.722576125,76.43631691666667,2.5468516729166666,1004.23235875,1.000881186,20.0,1.0,0,middle_inland,17.0356,933920,5481959.1784,5482170.0,Parramatta - Rosehill,34732,4087.8,8.5,"ABS Regional Population 2019-20, SA2 proxy",1,1
2020-01-29,Parramatta,27.878204,22.396393,5.481811,2020-01-29 18:00:00,2020-01-30 05:00:00,26.199982,18.730438,11.0,11.0,0.6790494545454545,1,0,Moderate risk,19.561552541666668,73.47877749999999,3.4468125625,1008.4538141666667,0.5002021726,20.0,1.0,0,middle_inland,17.0356,933920,5481959.1784,5482170.0,Parramatta - Rosehill,34732,4087.8,8.5,"ABS Regional Population 2019-20, SA2 proxy",1,1
2020-01-30,Parramatta,30.089996,18.664337,11.425659,2020-01-30 18:00:00,2020-01-31 05:00:00,28.532196,21.74643,11.0,11.0,0.616887818181818,1,0,Moderate risk,19.045485166666666,73.840573875,2.40729083125,1008.4817270833333,0.01049041752,20.0,1.0,0,middle_inland,17.0356,933920,5481959.1784,5482170.0,Parramatta - Rosehill,34732,4087.8,8.5,"ABS Regional Population 2019-20, SA2 proxy",1,1
2020-01-31,Parramatta,35.334076,21.74643,13.587646000000003,2020-01-31 18:00:00,2020-02-01 05:00:00,32.648773,24.008942,11.0,11.0,0.7854391818181816,1,0,Low risk,21.794686708333334,72.91344429166666,2.52290879625,1005.8215183333333,0.0,20.0,1.0,0,middle_inland,17.0356,933920,5481959.1784,5482170.0,Parramatta - Rosehill,34732,4087.8,8.5,"ABS Regional Population 2019-20, SA2 proxy",1,1
2020-02-01,Parramatta,42.03012,23.91568,18.11444,2020-02-01 18:00:00,2020-02-02 05:00:00,37.506195,28.503662,11.0,11.0,0.8184120909090908,1,0,Low risk,20.5893275,55.47090670833333,2.86857732375,1001.31560875,0.0,20.0,1.0,0,middle_inland,17.0356,933920,5481959.1784,5482170.0,Parramatta - Rosehill,34732,4087.8,8.5,"ABS Regional Population 2019-20, SA2 proxy",2,1
2020-02-02,Parramatta,33.809967,22.2789,11.531067,2020-02-02 18:00:00,2020-02-02 23:00:00,24.441437,22.2789,5.0,11.0,0.4325074000000001,1,0,Moderate risk,20.483364124999998,65.167006125,3.0877976375,998.9661504166667,12.089252329199999,20.0,1.0,0,middle_inland,17.0356,933920,5481959.1784,5482170.0,Parramatta - Rosehill,34732,4087.8,8.5,"ABS Regional Population 2019-20, SA2 proxy",2,1
2020-02-03,Parramatta,33.807922,19.40863,14.399291999999999,2020-02-03 18:00:00,2020-02-04 05:00:00,26.11673,17.727936,11.0,11.0,0.7626176363636364,1,0,Low risk,18.607179,73.18495399999999,3.4830312708333335,999.68821375,3.0884742675,20.0,1.0,0,middle_inland,17.0356,933920,5481959.1784,5482170.0,Parramatta - Rosehill,34732,4087.8,8.5,"ABS Regional Population 2019-20, SA2 proxy",2,1
2020-02-04,Parramatta,22.63028,17.702423,4.9278569999999995,2020-02-04 18:00:00,2020-02-05 05:00:00,21.795746,16.528412,11.0,11.0,0.47884854545454564,0,0,Not hot day,10.3291867,52.99316675,4.159794125,1012.3033633333333,0.49972533529999996,20.0,1.0,0,middle_inland,17.0356,933920,5481959.1784,5482170.0,Parramatta - Rosehill,34732,4087.8,8.5,"ABS Regional Population 2019-20, SA2 proxy",2,1
2020-02-05,Parramatta,25.630463,16.151886,9.478576999999998,2020-02-05 18:00:00,2020-02-06 05:00:00,24.055481,20.567657,11.0,11.0,0.3170749090909091,1,1,High risk,14.388244666666667,65.489464,2.6160372666666665,1012.4822762499999,0.01144409176,20.0,1.0,0,middle_inland,17.0356,933920,5481959.1784,5482170.0,Parramatta - Rosehill,34732,4087.8,8.5,"ABS Regional Population 2019-20, SA2 proxy",2,1
2020-02-06,Parramatta,23.268158,20.30777,2.9603879999999982,2020-02-06 18:00:00,2020-02-07 05:00:00,21.458954,20.12918,11.0,11.0,0.12088854545454518,0,0,Not hot day,18.013486291666666,80.921045875,2.3858759541666665,1013.7642579166667,5.180835741,20.0,1.0,0,middle_inland,17.0356,933920,5481959.1784,5482170.0,Parramatta - Rosehill,34732,4087.8,8.5,"ABS Regional Population 2019-20, SA2 proxy",2,1
2020-02-07,Parramatta,21.657928,19.97342,1.6845079999999975,2020-02-07 18:00:00,2020-02-08 02:00:00,20.643524,20.247162,8.0,11.0,0.049545249999999985,0,0,Not hot day,19.156756166666668,91.03150212499999,4.178290916666667,1012.5901054166667,27.272701174999998,20.0,1.0,0,middle_inland,17.0356,933920,5481959.1784,5482170.0,Parramatta - Rosehill,34732,4087.8,8.5,"ABS Regional Population 2019-20, SA2 proxy",2,1
2020-02-08,Parramatta,22.570099,20.247162,2.3229369999999996,2020-02-08 18:00:00,2020-02-09 05:00:00,21.592468,20.95993,11.0,11.0,0.05750345454545457,0,0,Not hot day,19.327089833333336,88.91897525,5.03511255,1010.6144045833333,49.203396569999995,20.0,1.0,0,middle_inland,17.0356,933920,5481959.1784,5482170.0,Parramatta - Rosehill,34732,4087.8,8.5,"ABS Regional Population 2019-20, SA2 proxy",2,1
2020-02-09,Parramatta,22.000458,20.39148,1.608977999999997,2020-02-09 18:00:00,2020-02-10 04:00:00,21.865387,21.079132,10.0,11.0,0.07862549999999971,0,0,Not hot day,20.02575675,92.266202,8.720497045833334,1004.6304983333333,154.5443544,20.0,1.0,0,middle_inland,17.0356,933920,5481959.1784,5482170.0,Parramatta - Rosehill,34732,4087.8,8.5,"ABS Regional Population 2019-20, SA2 proxy",2,1
2020-02-10,Parramatta,27.278778,21.079132,6.199645999999998,2020-02-10 18:00:00,2020-02-11 05:00:00,25.196808,21.023834,11.0,11.0,0.3793612727272727,1,1,High risk,20.890696125,86.29195750000001,2.7812540083333332,1001.0923933333333,19.35005184576,20.0,1.0,0,middle_inland,17.0356,933920,5481959.1784,5482170.0,Parramatta - Rosehill,34732,4087.8,8.5,"ABS Regional Population 2019-20, SA2 proxy",2,1
2020-02-11,Parramatta,29.378174,20.638214,8.73996,2020-02-11 18:00:00,2020-02-12 05:00:00,26.834686,22.263855,11.0,11.0,0.4155300909090911,1,0,Moderate risk,20.630855458333333,80.94256416666667,2.005537622083333,1000.8718895833334,0.9660720844,20.0,1.0,0,middle_inland,17.0356,933920,5481959.1784,5482170.0,Parramatta - Rosehill,34732,4087.8,8.5,"ABS Regional Population 2019-20, SA2 proxy",2,1
2020-02-12,Parramatta,26.003937,22.196228,3.807708999999999,2020-02-12 18:00:00,2020-02-13 04:00:00,24.369965,22.094269,10.0,11.0,0.22756959999999998,1,1,High risk,21.745327,88.95727279166665,2.3751207541666663,1002.2459629166666,4.3582916263,20.0,1.0,0,middle_inland,17.0356,933920,5481959.1784,5482170.0,Parramatta - Rosehill,34732,4087.8,8.5,"ABS Regional Population 2019-20, SA2 proxy",2,1
2020-02-13,Parramatta,25.038147,21.988312,3.049834999999998,2020-02-13 18:00:00,2020-02-14 05:00:00,24.59079,20.369995,11.0,11.0,0.3837086363636363,1,1,High risk,21.471740583333332,89.15041525,2.479534308333333,1003.70348375,6.846904736,20.0,1.0,0,middle_inland,17.0356,933920,5481959.1784,5482170.0,Parramatta - Rosehill,34732,4087.8,8.5,"ABS Regional Population 2019-20, SA2 proxy",2,1
2020-02-14,Parramatta,26.446991,18.819336,7.627655000000001,2020-02-14 18:00:00,2020-02-15 05:00:00,24.720062,17.038483,11.0,11.0,0.6983253636363635,1,0,Low risk,18.210910583333334,77.06908870833333,2.9011966458333336,1001.1457820833333,1.2383460983,20.0,1.0,0,middle_inland,17.0356,933920,5481959.1784,5482170.0,Parramatta - Rosehill,34732,4087.8,8.5,"ABS Regional Population 2019-20, SA2 proxy",2,1
2020-02-15,Parramatta,26.418732,17.038483,9.380249,2020-02-15 18:00:00,2020-02-16 05:00:00,25.364166,20.589813,11.0,11.0,0.43403209090909106,1,0,Moderate risk,17.805052458333332,79.703235625,1.5149013675,999.3353804166667,0.6108283998999999,20.0,1.0,0,middle_inland,17.0356,933920,5481959.1784,5482170.0,Parramatta - Rosehill,34732,4087.8,8.5,"ABS Regional Population 2019-20, SA2 proxy",2,1
2020-02-16,Parramatta,25.592072,20.39505,5.1970220000000005,2020-02-16 18:00:00,2020-02-17 05:00:00,23.315887,20.69162,11.0,11.0,0.23856972727272724,1,1,High risk,18.501014708333333,78.55539208333333,2.180851145833333,1006.2659554166667,0.47159195,20.0,1.0,0,middle_inland,17.0356,933920,5481959.1784,5482170.0,Parramatta - Rosehill,34732,4087.8,8.5,"ABS Regional Population 2019-20, SA2 proxy",2,1
2020-02-17,Parramatta,24.230927,20.6362,3.5947270000000024,2020-02-17 18:00:00,2020-02-18 05:00:00,23.831635,19.67923,11.0,11.0,0.3774913636363635,1,1,High risk,19.80793,86.53941458333333,1.2666525775000002,1006.2709104166667,3.88860702826,20.0,1.0,0,middle_inland,17.0356,933920,5481959.1784,5482170.0,Parramatta - Rosehill,34732,4087.8,8.5,"ABS Regional Population 2019-20, SA2 proxy",2,1
2020-02-18,Parramatta,31.27356,19.67923,11.59433,2020-02-18 18:00:00,2020-02-19 05:00:00,30.449005,20.947174,11.0,11.0,0.8638028181818181,1,0,Low risk,20.480128,76.82230770833333,2.3514598858333335,999.8669679166666,0.58507920226,20.0,1.0,0,middle_inland,17.0356,933920,5481959.1784,5482170.0,Parramatta - Rosehill,34732,4087.8,8.5,"ABS Regional Population 2019-20, SA2 proxy",2,1
2020-02-19,Parramatta,27.84726,19.363373,8.483887,2020-02-19 18:00:00,2020-02-20 05:00:00,26.644684,15.987396,11.0,11.0,0.9688443636363637,1,0,Low risk,12.489112916666668,50.778211999999996,3.328418741666667,996.3483466666667,0.0,20.0,1.0,0,middle_inland,17.0356,933920,5481959.1784,5482170.0,Parramatta - Rosehill,34732,4087.8,8.5,"ABS Regional Population 2019-20, SA2 proxy",2,1
2020-02-20,Parramatta,23.838043,15.867523,7.970519999999999,2020-02-20 18:00:00,2020-02-21 05:00:00,22.141571,18.61264,11.0,11.0,0.3208119090909091,0,0,Not hot day,13.770614520833334,68.77278491666667,2.3617677958333334,1003.2781512500001,0.8320808348000001,20.0,1.0,0,middle_inland,17.0356,933920,5481959.1784,5482170.0,Parramatta - Rosehill,34732,4087.8,8.5,"ABS Regional Population 2019-20, SA2 proxy",2,1
2020-02-21,Parramatta,24.517609,18.592834,5.924775,2020-02-21 18:00:00,2020-02-22 05:00:00,22.918427,18.477875,11.0,11.0,0.40368654545454546,1,1,High risk,15.7528064375,71.86131895833333,2.0736432358333334,1008.9513720833334,1.3203620988,20.0,1.0,0,middle_inland,17.0356,933920,5481959.1784,5482170.0,Parramatta - Rosehill,34732,4087.8,8.5,"ABS Regional Population 2019-20, SA2 proxy",2,1
2020-02-22,Parramatta,22.40384,18.462189,3.9416510000000002,2020-02-22 18:00:00,2020-02-23 05:00:00,21.639984,19.057404,11.0,11.0,0.23478000000000002,0,0,Not hot day,16.954864458333333,80.62118754166667,2.2739502083333334,1015.4699783333334,7.677078246,20.0,1.0,0,middle_inland,17.0356,933920,5481959.1784,5482170.0,Parramatta - Rosehill,34732,4087.8,8.5,"ABS Regional Population 2019-20, SA2 proxy",2,1
2020-02-23,Parramatta,24.039154,19.057404,4.981750000000002,2020-02-23 18:00:00,2020-02-24 05:00:00,23.74823,18.080841,11.0,11.0,0.5152171818181818,1,0,Moderate risk,16.997400833333334,75.81415525,1.8930731558333334,1016.0414895833334,2.8705596924,20.0,1.0,0,middle_inland,17.0356,933920,5481959.1784,5482170.0,Parramatta - Rosehill,34732,4087.8,8.5,"ABS Regional Population 2019-20, SA2 proxy",2,1
2020-02-24,Parramatta,26.539001,17.74762,8.791380999999998,2020-02-24 18:00:00,2020-02-25 05:00:00,25.291016,19.625061,11.0,11.0,0.5150868181818182,1,0,Moderate risk,17.471023666666667,75.06645266666666,2.0963024541666666,1012.7532837499999,0.07820129381999999,20.0,1.0,0,middle_inland,17.0356,933920,5481959.1784,5482170.0,Parramatta - Rosehill,34732,4087.8,8.5,"ABS Regional Population 2019-20, SA2 proxy",2,1
2020-02-25,Parramatta,29.15033,18.958954,10.191376000000002,2020-02-25 18:00:00,2020-02-26 05:00:00,27.569061,20.894928,11.0,11.0,0.6067393636363637,1,0,Moderate risk,18.772903333333335,74.66498658333333,2.1056918254166668,1007.5106970833334,0.0076293945,20.0,1.0,0,middle_inland,17.0356,933920,5481959.1784,5482170.0,Parramatta - Rosehill,34732,4087.8,8.5,"ABS Regional Population 2019-20, SA2 proxy",2,1
2020-02-26,Parramatta,31.747711,19.10373,12.643981,2020-02-26 18:00:00,2020-02-27 05:00:00,28.409698,19.054535,11.0,11.0,0.8504693636363634,1,0,Low risk,18.129250958333333,66.6627805,3.5993004625,999.5052066666667,0.9975433383,20.0,1.0,0,middle_inland,17.0356,933920,5481959.1784,5482170.0,Parramatta - Rosehill,34732,4087.8,8.5,"ABS Regional Population 2019-20, SA2 proxy",2,1
2020-02-27,Parramatta,25.151123,18.877716,6.273406999999999,2020-02-27 18:00:00,2020-02-28 05:00:00,24.466217,15.028442,11.0,11.0,0.8579795454545455,1,0,Low risk,15.561594583333333,69.61126825000001,2.9726782625,1002.3710170833333,0.8940696729,20.0,1.0,0,middle_inland,17.0356,933920,5481959.1784,5482170.0,Parramatta - Rosehill,34732,4087.8,8.5,"ABS Regional Population 2019-20, SA2 proxy",2,1
2020-02-28,Parramatta,25.451569,14.32782,11.123749,2020-02-28 18:00:00,2020-02-29 05:00:00,22.60962,17.358215,11.0,11.0,0.4774004545454544,1,0,Moderate risk,13.465255795833334,68.726688,2.813147520833333,1004.2254045833333,0.300884254,20.0,1.0,0,middle_inland,17.0356,933920,5481959.1784,5482170.0,Parramatta - Rosehill,34732,4087.8,8.5,"ABS Regional Population 2019-20, SA2 proxy",2,1
2020-02-29,Parramatta,25.825684,16.894714,8.930969999999999,2020-02-29 18:00:00,2020-03-01 05:00:00,24.30893,17.726715,11.0,11.0,0.598383181818182,1,0,Moderate risk,15.973074541666668,72.59286808333333,2.306208520833333,1008.4912733333334,0.5822181715,20.0,1.0,0,middle_inland,17.0356,933920,5481959.1784,5482170.0,Parramatta - Rosehill,34732,4087.8,8.5,"ABS Regional Population 2019-20, SA2 proxy",2,1
2020-03-01,Parramatta,30.055267,17.726715,12.328552000000002,2020-03-01 18:00:00,2020-03-02 05:00:00,28.632843,17.6669,11.0,11.0,0.9969039090909093,1,0,Low risk,18.451643625,74.42616166666666,2.5906369208333335,1004.3900079166666,0.042438506,20.0,1.0,0,middle_inland,17.0356,933920,5481959.1784,5482170.0,Parramatta - Rosehill,34732,4087.8,8.5,"ABS Regional Population 2019-20, SA2 proxy",3,0
2020-03-02,Parramatta,36.64682,17.222687,19.424132999999998,2020-03-02 18:00:00,2020-03-03 05:00:00,24.159882,19.584991,11.0,11.0,0.4158991818181819,1,0,Moderate risk,14.592291541666667,59.695560875000005,3.2226344208333333,1002.8268270833333,0.02288818316,20.0,1.0,0,middle_inland,17.0356,933920,5481959.1784,5482170.0,Parramatta - Rosehill,34732,4087.8,8.5,"ABS Regional Population 2019-20, SA2 proxy",3,0
2020-03-03,Parramatta,21.69754,18.988678,2.708862,2020-03-03 18:00:00,2020-03-03 19:00:00,19.114838,18.988678,1.0,11.0,0.12615999999999872,0,0,Not hot day,16.494190166666666,80.89310958333333,2.84531,1011.8443666666667,7.3761939523999995,20.0,1.0,0,middle_inland,17.0356,933920,5481959.1784,5482170.0,Parramatta - Rosehill,34732,4087.8,8.5,"ABS Regional Population 2019-20, SA2 proxy",3,0
2020-03-04,Parramatta,23.517914,19.1138,4.404114,2020-03-04 18:00:00,2020-03-05 02:00:00,23.034393,22.302399,8.0,11.0,0.09149925000000003,0,0,Not hot day,19.215376541666668,87.7071135,2.5644104904166665,1010.5928883333332,15.00129696646,20.0,1.0,0,middle_inland,17.0356,933920,5481959.1784,5482170.0,Parramatta - Rosehill,34732,4087.8,8.5,"ABS Regional Population 2019-20, SA2 proxy",3,0
2020-03-05,Parramatta,22.600067,21.910187,0.6898799999999987,2020-03-05 18:00:00,2020-03-06 05:00:00,22.388702,20.885315,11.0,11.0,0.13667154545454546,0,0,Not hot day,20.716106541666665,91.16021579166666,3.8648059458333335,1002.74583875,23.8041878066,20.0,1.0,0,middle_inland,17.0356,933920,5481959.1784,5482170.0,Parramatta - Rosehill,34732,4087.8,8.5,"ABS Regional Population 2019-20, SA2 proxy",3,0
2020-03-06,Parramatta,27.466461,20.06253,7.403931,2020-03-06 18:00:00,2020-03-07 05:00:00,23.070892,19.495209,11.0,11.0,0.32506209090909105,1,1,High risk,19.769861916666667,83.854889125,2.7666365658333336,1001.65903375,1.2936592067800001,20.0,1.0,0,middle_inland,17.0356,933920,5481959.1784,5482170.0,Parramatta - Rosehill,34732,4087.8,8.5,"ABS Regional Population 2019-20, SA2 proxy",3,0
2020-03-07,Parramatta,22.93631,18.41269,4.5236199999999975,2020-03-07 18:00:00,2020-03-08 05:00:00,21.323578,17.132294,11.0,11.0,0.38102581818181813,0,0,Not hot day,16.402210208333333,77.08241991666667,3.838110908333333,1011.4432779166667,0.8139610289,20.0,1.0,0,middle_inland,17.0356,933920,5481959.1784,5482170.0,Parramatta - Rosehill,34732,4087.8,8.5,"ABS Regional Population 2019-20, SA2 proxy",3,0
2020-03-08,Parramatta,21.978027,16.889526,5.088501000000001,2020-03-08 18:00:00,2020-03-09 05:00:00,20.696625,17.25003,11.0,11.0,0.31332681818181835,0,0,Not hot day,15.882324229166665,82.30516708333333,2.2713048125,1012.9065416666667,3.7193298610000003,20.0,1.0,0,middle_inland,17.0356,933920,5481959.1784,5482170.0,Parramatta - Rosehill,34732,4087.8,8.5,"ABS Regional Population 2019-20, SA2 proxy",3,0
2020-03-09,Parramatta,21.648712,17.066559,4.582152999999998,2020-03-09 18:00:00,2020-03-10 05:00:00,20.143707,15.746246,11.0,11.0,0.39976918181818183,0,0,Not hot day,15.330123958333333,80.06671250000001,2.880265595833333,1013.3828941666667,1.7852783191000001,20.0,1.0,0,middle_inland,17.0356,933920,5481959.1784,5482170.0,Parramatta - Rosehill,34732,4087.8,8.5,"ABS Regional Population 2019-20, SA2 proxy",3,0
2020-03-10,Parramatta,23.029205,15.340668,7.688537,2020-03-10 18:00:00,2020-03-11 05:00:00,22.142181,14.129242,11.0,11.0,0.7284490000000001,0,0,Not hot day,14.5770925,77.771758125,1.8153960400000002,1013.8773074999999,2.51674654,20.0,1.0,0,middle_inland,17.0356,933920,5481959.1784,5482170.0,Parramatta - Rosehill,34732,4087.8,8.5,"ABS Regional Population 2019-20, SA2 proxy",3,0
2020-03-11,Parramatta,24.065826,13.687164,10.378662000000002,2020-03-11 18:00:00,2020-03-12 05:00:00,22.691864,15.5035095,11.0,11.0,0.6534867727272726,1,0,Moderate risk,14.718499541666667,77.08660175,2.1373556775,1015.4868291666667,0.72908400896,20.0,1.0,0,middle_inland,17.0356,933920,5481959.1784,5482170.0,Parramatta - Rosehill,34732,4087.8,8.5,"ABS Regional Population 2019-20, SA2 proxy",3,0
2020-03-12,Parramatta,24.44516,15.310089,9.135071000000002,2020-03-12 18:00:00,2020-03-13 05:00:00,23.019562,12.743622,11.0,11.0,0.9341763636363637,1,0,Low risk,14.737398895833332,76.16884695833333,1.9409222074999999,1016.4990029166667,2.7251243803,20.0,1.0,0,middle_inland,17.0356,933920,5481959.1784,5482170.0,Parramatta - Rosehill,34732,4087.8,8.5,"ABS Regional Population 2019-20, SA2 proxy",3,0
2020-03-13,Parramatta,25.302155,11.962738,13.339417,2020-03-13 18:00:00,2020-03-14 04:00:00,23.735748,15.507355,10.0,11.0,0.8228393,1,0,Low risk,13.966808375,75.119259375,2.4143937345833333,1011.14130375,0.0,20.0,1.0,0,middle_inland,17.0356,933920,5481959.1784,5482170.0,Parramatta - Rosehill,34732,4087.8,8.5,"ABS Regional Population 2019-20, SA2 proxy",3,0
2020-03-14,Parramatta,17.59555,14.066742,3.5288079999999997,2020-03-14 18:00:00,2020-03-15 05:00:00,15.02066,14.651123,11.0,11.0,0.03359427272727267,0,0,Not hot day,13.324891375,84.38027833333332,4.003532465416667,1009.3784925,3.8304328807999997,20.0,1.0,0,middle_inland,17.0356,933920,5481959.1784,5482170.0,Parramatta - Rosehill,34732,4087.8,8.5,"ABS Regional Population 2019-20, SA2 proxy",3,0
2020-03-15,Parramatta,19.804108,14.183319,5.620789,2020-03-15 18:00:00,2020-03-16 05:00:00,18.887299,15.881012,11.0,11.0,0.27329881818181806,0,0,Not hot day,12.0916760625,72.19913687500001,4.459637833333333,1014.3890029166668,1.4066696167,20.0,1.0,0,middle_inland,17.0356,933920,5481959.1784,5482170.0,Parramatta - Rosehill,34732,4087.8,8.5,"ABS Regional Population 2019-20, SA2 proxy",3,0
2020-03-16,Parramatta,20.88092,15.881012,4.999908,2020-03-16 18:00:00,2020-03-17 05:00:00,19.804047,14.596954,11.0,11.0,0.47337209090909094,0,0,Not hot day,14.978931479166667,83.33010195833333,3.7604574083333335,1017.4593258333333,7.0633888189,20.0,1.0,0,middle_inland,17.0356,933920,5481959.1784,5482170.0,Parramatta - Rosehill,34732,4087.8,8.5,"ABS Regional Population 2019-20, SA2 proxy",3,0
2020-03-17,Parramatta,21.951324,14.269989,7.681334999999999,2020-03-17 18:00:00,2020-03-18 05:00:00,21.15039,12.670715,11.0,11.0,0.7708795454545456,0,0,Not hot day,14.411266333333332,80.749606,2.0289038875,1019.4867891666667,2.065181728,20.0,1.0,0,middle_inland,17.0356,933920,5481959.1784,5482170.0,Parramatta - Rosehill,34732,4087.8,8.5,"ABS Regional Population 2019-20, SA2 proxy",3,0
2020-03-18,Parramatta,25.518066,12.139313,13.378753000000001,2020-03-18 18:00:00,2020-03-19 05:00:00,24.254974,14.154022,11.0,11.0,0.9182683636363638,1,0,Low risk,13.869335187499999,76.24270125,1.7605612187500002,1017.1243883333333,0.0014305115,20.0,1.0,0,middle_inland,17.0356,933920,5481959.1784,5482170.0,Parramatta - Rosehill,34732,4087.8,8.5,"ABS Regional Population 2019-20, SA2 proxy",3,0
2020-03-19,Parramatta,31.300446,13.286438,18.014008,2020-03-19 18:00:00,2020-03-20 05:00:00,29.248749,17.056702,11.0,11.0,1.1083679090909089,1,0,Low risk,14.2827225,67.20037129166667,1.7497862645833333,1013.1915354166667,0.0,20.0,1.0,0,middle_inland,17.0356,933920,5481959.1784,5482170.0,Parramatta - Rosehill,34732,4087.8,8.5,"ABS Regional Population 2019-20, SA2 proxy",3,0
2020-03-20,Parramatta,34.80136,16.764648,18.036712,2020-03-20 18:00:00,2020-03-21 05:00:00,33.46646,16.24942,11.0,11.0,1.5651854545454542,1,0,Low risk,14.2935816875,56.95570716666666,2.938560879166667,1006.9960695833333,0.0,20.0,1.0,0,middle_inland,17.0356,933920,5481959.1784,5482170.0,Parramatta - Rosehill,34732,4087.8,8.5,"ABS Regional Population 2019-20, SA2 proxy",3,0
2020-03-21,Parramatta,24.455475,15.492035,8.96344,2020-03-21 18:00:00,2020-03-22 05:00:00,21.717743,17.399689,11.0,11.0,0.39255036363636364,1,1,High risk,16.26557925,78.43805954166668,2.4184906779166666,1011.69531125,1.37758254006,20.0,1.0,0,middle_inland,17.0356,933920,5481959.1784,5482170.0,Parramatta - Rosehill,34732,4087.8,8.5,"ABS Regional Population 2019-20, SA2 proxy",3,0
2020-03-22,Parramatta,29.304657,16.850616,12.454041,2020-03-22 18:00:00,2020-03-23 05:00:00,23.370667,18.078644,11.0,11.0,0.48109300000000005,1,0,Moderate risk,15.316411291666666,69.276697875,2.2445148375,1011.3276545833334,0.2622604341,20.0,1.0,0,middle_inland,17.0356,933920,5481959.1784,5482170.0,Parramatta - Rosehill,34732,4087.8,8.5,"ABS Regional Population 2019-20, SA2 proxy",3,0
2020-03-23,Parramatta,21.548187,16.892181,4.656005999999998,2020-03-23 18:00:00,2020-03-24 05:00:00,20.113983,16.269867,11.0,11.0,0.3494650909090909,0,0,Not hot day,13.886950166666667,70.93796545833332,3.4744695416666667,1016.98574125,2.4175643921,20.0,1.0,0,middle_inland,17.0356,933920,5481959.1784,5482170.0,Parramatta - Rosehill,34732,4087.8,8.5,"ABS Regional Population 2019-20, SA2 proxy",3,0
2020-03-24,Parramatta,22.537628,15.460236,7.0773920000000015,2020-03-24 18:00:00,2020-03-25 05:00:00,22.020477,16.013092,11.0,11.0,0.5461259090909091,0,0,Not hot day,15.332393625,78.43531454166667,1.8884978245833333,1015.5349112499999,1.69086456806,20.0,1.0,0,middle_inland,17.0356,933920,5481959.1784,5482170.0,Parramatta - Rosehill,34732,4087.8,8.5,"ABS Regional Population 2019-20, SA2 proxy",3,0
2020-03-25,Parramatta,23.446106,15.616638,7.829468,2020-03-25 18:00:00,2020-03-26 05:00:00,19.957794,17.520538,11.0,11.0,0.2215687272727274,0,0,Not hot day,16.828840958333334,85.80951116666667,2.2794545791666665,1012.1190391666668,12.616634381,20.0,1.0,0,middle_inland,17.0356,933920,5481959.1784,5482170.0,Parramatta - Rosehill,34732,4087.8,8.5,"ABS Regional Population 2019-20, SA2 proxy",3,0
2020-03-26,Parramatta,21.515411,16.533386,4.982025,2020-03-26 18:00:00,2020-03-27 02:00:00,20.120056,16.067474,8.0,11.0,0.5065727500000001,0,0,Not hot day,14.828961645833333,78.99235804166666,3.8510168208333333,1017.1644679166667,6.2227249095,20.0,1.0,0,middle_inland,17.0356,933920,5481959.1784,5482170.0,Parramatta - Rosehill,34732,4087.8,8.5,"ABS Regional Population 2019-20, SA2 proxy",3,0
2020-03-27,Parramatta,22.142487,14.563568,7.578918999999999,2020-03-27 18:00:00,2020-03-28 05:00:00,20.60315,13.671143,11.0,11.0,0.6301824545454544,0,0,Not hot day,14.283189104166667,78.38744670833333,2.2480125291666666,1018.4779429166666,1.286983496,20.0,1.0,0,middle_inland,17.0356,933920,5481959.1784,5482170.0,Parramatta - Rosehill,34732,4087.8,8.5,"ABS Regional Population 2019-20, SA2 proxy",3,0
2020-03-28,Parramatta,22.429352,13.460297,8.969055,2020-03-28 18:00:00,2020-03-29 05:00:00,20.224731,17.814392,11.0,11.0,0.219121727272727,0,0,Not hot day,15.120463104166667,84.31619966666666,1.9183919458333334,1016.5702570833333,6.6909789890999996,20.0,1.0,0,middle_inland,17.0356,933920,5481959.1784,5482170.0,Parramatta - Rosehill,34732,4087.8,8.5,"ABS Regional Population 2019-20, SA2 proxy",3,0
2020-03-29,Parramatta,24.43277,17.814392,6.618378,2020-03-29 18:00:00,2020-03-30 05:00:00,23.62973,18.370361,11.0,11.0,0.4781244545454545,1,0,Moderate risk,17.993161458333333,84.56603904166667,2.329692066666667,1011.4612083333333,2.3136138933,20.0,1.0,0,middle_inland,17.0356,933920,5481959.1784,5482170.0,Parramatta - Rosehill,34732,4087.8,8.5,"ABS Regional Population 2019-20, SA2 proxy",3,0
2020-03-30,Parramatta,24.512299,18.152527,6.3597719999999995,2020-03-30 18:00:00,2020-03-31 05:00:00,24.185272,15.008514,11.0,11.0,0.8342507272727274,1,0,Low risk,18.021419583333333,85.23966133333333,2.019781876666667,1006.1833441666666,3.364086153,20.0,1.0,0,middle_inland,17.0356,933920,5481959.1784,5482170.0,Parramatta - Rosehill,34732,4087.8,8.5,"ABS Regional Population 2019-20, SA2 proxy",3,0
2020-03-31,Parramatta,26.751373,14.791534,11.959839,2020-03-31 18:00:00,2020-04-01 05:00:00,23.190521,18.725891,11.0,11.0,0.40587545454545454,1,1,High risk,17.095946041666668,82.37859916666666,1.6350543616666666,1008.446495,0.5230903606,20.0,1.0,0,middle_inland,17.0356,933920,5481959.1784,5482170.0,Parramatta - Rosehill,34732,4087.8,8.5,"ABS Regional Population 2019-20, SA2 proxy",3,0
2020-04-01,Parramatta,24.320862,18.606293,5.714569000000001,2020-04-01 18:00:00,2020-04-02 05:00:00,22.968536,18.07608,11.0,11.0,0.4447687272727272,1,0,Moderate risk,18.845354625,86.634397125,2.5431060975,1010.9983679166667,2.624988581,20.0,1.0,0,middle_inland,17.0356,933920,5481959.1784,5482170.0,Parramatta - Rosehill,34732,4087.8,8.5,"ABS Regional Population 2019-20, SA2 proxy",4,0
2020-04-02,Parramatta,23.750122,17.600891,6.149231,2020-04-02 18:00:00,2020-04-03 05:00:00,21.03012,16.560486,11.0,11.0,0.40633036363636355,0,0,Not hot day,18.625425916666668,89.1556655,2.3550552208333335,1006.1495016666667,7.95030591066,20.0,1.0,0,middle_inland,17.0356,933920,5481959.1784,5482170.0,Parramatta - Rosehill,34732,4087.8,8.5,"ABS Regional Population 2019-20, SA2 proxy",4,0
2020-04-03,Parramatta,25.123138,16.560486,8.562652,2020-04-03 18:00:00,2020-04-04 01:00:00,21.237457,20.30075,7.0,11.0,0.1338152857142855,1,1,Extreme risk,17.970668833333335,86.77446333333334,2.5828951333333334,1000.4349045833333,9.44614420558,20.0,1.0,0,middle_inland,17.0356,933920,5481959.1784,5482170.0,Parramatta - Rosehill,34732,4087.8,8.5,"ABS Regional Population 2019-20, SA2 proxy",4,0
2020-04-04,Parramatta,25.684967,15.7881775,9.8967895,2020-04-04 18:00:00,2020-04-05 05:00:00,21.891693,11.909882,11.0,11.0,0.9074373636363636,1,0,Low risk,12.862920125,62.07460445833333,5.367298266666666,994.3301979166666,5.7249068725,20.0,1.0,0,middle_inland,17.0356,933920,5481959.1784,5482170.0,Parramatta - Rosehill,34732,4087.8,8.5,"ABS Regional Population 2019-20, SA2 proxy",4,0
2020-04-05,Parramatta,23.90503,11.907257,11.997773,2020-04-05 18:00:00,2020-04-06 05:00:00,19.150757,12.103638,11.0,11.0,0.6406471818181817,1,0,Moderate risk,8.062569596,56.5049504,3.01117406,1005.5372684,0.0,20.0,1.0,0,middle_inland,17.0356,933920,5481959.1784,5482170.0,Parramatta - Rosehill,34732,4087.8,8.5,"ABS Regional Population 2019-20, SA2 proxy",4,0
2020-04-06,Parramatta,22.961578,11.434723,11.526855,2020-04-06 18:00:00,2020-04-07 05:00:00,18.31253,15.128601,11.0,11.0,0.28944809090909085,0,0,Not hot day,11.189558624999998,69.4193995,2.7513656833333333,1010.47225625,0.0896453848,20.0,1.0,0,middle_inland,17.0356,933920,5481959.1784,5482170.0,Parramatta - Rosehill,34732,4087.8,8.5,"ABS Regional Population 2019-20, SA2 proxy",4,0
2020-04-07,Parramatta,20.332245,14.862671,5.469574,2020-04-07 18:00:00,2020-04-08 04:00:00,17.793121,14.536163,10.0,11.0,0.3256957999999999,0,0,Not hot day,13.153719541666668,77.78368437499999,2.536556158333333,1013.9429870833334,1.2912750112,20.0,1.0,0,middle_inland,17.0356,933920,5481959.1784,5482170.0,Parramatta - Rosehill,34732,4087.8,8.5,"ABS Regional Population 2019-20, SA2 proxy",4,0
2020-04-08,Parramatta,18.452057,14.536163,3.9158939999999998,2020-04-08 18:00:00,2020-04-09 05:00:00,17.535492,16.157776,11.0,11.0,0.12524690909090938,0,0,Not hot day,14.507642145833332,87.79585729166666,2.1403549791666667,1014.7846316666668,9.987354226499999,20.0,1.0,0,middle_inland,17.0356,933920,5481959.1784,5482170.0,Parramatta - Rosehill,34732,4087.8,8.5,"ABS Regional Population 2019-20, SA2 proxy",4,0
2020-04-09,Parramatta,21.65866,15.92804,5.730620000000002,2020-04-09 18:00:00,2020-04-10 00:00:00,19.021332,16.667206,6.0,11.0,0.39235433333333347,0,0,Not hot day,15.310572395833333,83.15239020833333,2.056057425,1017.9236629166667,1.3251304558,20.0,1.0,0,middle_inland,17.0356,933920,5481959.1784,5482170.0,Parramatta - Rosehill,34732,4087.8,8.5,"ABS Regional Population 2019-20, SA2 proxy",4,0
2020-04-10,Parramatta,22.207703,15.232941,6.974761999999998,2020-04-10 18:00:00,2020-04-11 04:00:00,17.189331,12.971222,10.0,11.0,0.4218109,0,0,Not hot day,15.763633854166665,87.89971195833334,2.9017069875000003,1009.46328125,6.835937443,20.0,1.0,0,middle_inland,17.0356,933920,5481959.1784,5482170.0,Parramatta - Rosehill,34732,4087.8,8.5,"ABS Regional Population 2019-20, SA2 proxy",4,0
2020-04-11,Parramatta,25.460022,12.971222,12.4888,2020-04-11 18:00:00,2020-04-12 05:00:00,19.579987,10.946075,11.0,11.0,0.7849010909090908,1,0,Low risk,8.6212616375,56.68758679166667,4.961870595833333,998.4758125,0.0071525574,20.0,1.0,0,middle_inland,17.0356,933920,5481959.1784,5482170.0,Parramatta - Rosehill,34732,4087.8,8.5,"ABS Regional Population 2019-20, SA2 proxy",4,0
2020-04-12,Parramatta,20.75772,10.186493,10.571226999999999,2020-04-12 18:00:00,2020-04-13 05:00:00,15.901398,7.799347,11.0,11.0,0.7365500909090908,0,0,Not hot day,5.6450627833333336,54.775178958333335,2.744793634583333,1007.8347320833333,0.0,20.0,1.0,0,middle_inland,17.0356,933920,5481959.1784,5482170.0,Parramatta - Rosehill,34732,4087.8,8.5,"ABS Regional Population 2019-20, SA2 proxy",4,0
2020-04-13,Parramatta,21.350677,7.4487,13.901977000000002,2020-04-13 18:00:00,2020-04-14 05:00:00,17.820526,9.898468,11.0,11.0,0.720187090909091,0,0,Not hot day,10.221251204166666,77.38368579166666,1.6927347358333333,1013.1337316666667,0.0,20.0,1.0,0,middle_inland,17.0356,933920,5481959.1784,5482170.0,Parramatta - Rosehill,34732,4087.8,8.5,"ABS Regional Population 2019-20, SA2 proxy",4,0
2020-04-14,Parramatta,24.791473,9.668243,15.12323,2020-04-14 18:00:00,2020-04-15 04:00:00,19.517914,12.424011,10.0,11.0,0.7093903000000001,1,0,Low risk,12.276598708333333,77.73177654166666,1.457264865,1015.8322308333333,0.0009536743,20.0,1.0,0,middle_inland,17.0356,933920,5481959.1784,5482170.0,Parramatta - Rosehill,34732,4087.8,8.5,"ABS Regional Population 2019-20, SA2 proxy",4,0
2020-04-15,Parramatta,27.782501,12.153595,15.628906,2020-04-15 18:00:00,2020-04-16 04:00:00,22.513397,15.765106,10.0,11.0,0.6748291000000002,1,0,Moderate risk,13.931579541666666,74.09338333333334,1.8599252766666667,1013.3183574999999,0.0009536743,20.0,1.0,0,middle_inland,17.0356,933920,5481959.1784,5482170.0,Parramatta - Rosehill,34732,4087.8,8.5,"ABS Regional Population 2019-20, SA2 proxy",4,0
2020-04-16,Parramatta,26.757782,15.765106,10.992676,2020-04-16 18:00:00,2020-04-17 04:00:00,24.61618,16.988678,10.0,11.0,0.7627501999999999,1,0,Low risk,13.409236833333333,62.581130124999994,3.261632216666667,1004.7901808333332,0.021457672,20.0,1.0,0,middle_inland,17.0356,933920,5481959.1784,5482170.0,Parramatta - Rosehill,34732,4087.8,8.5,"ABS Regional Population 2019-20, SA2 proxy",4,0
2020-04-17,Parramatta,26.714935,15.440155,11.27478,2020-04-17 18:00:00,2020-04-18 05:00:00,19.840118,8.709198,11.0,11.0,1.0119018181818182,1,0,Low risk,9.335194945833333,52.474822375,2.7426362083333333,1003.057455,0.0,20.0,1.0,0,middle_inland,17.0356,933920,5481959.1784,5482170.0,Parramatta - Rosehill,34732,4087.8,8.5,"ABS Regional Population 2019-20, SA2 proxy",4,0
2020-04-18,Parramatta,23.138702,8.709198,14.429503999999998,2020-04-18 18:00:00,2020-04-19 04:00:00,16.997467,10.289032,10.0,11.0,0.6708434999999999,0,0,Not hot day,7.928989358333333,64.22929325,1.8917123041666668,1005.09927,0.0,20.0,1.0,0,middle_inland,17.0356,933920,5481959.1784,5482170.0,Parramatta - Rosehill,34732,4087.8,8.5,"ABS Regional Population 2019-20, SA2 proxy",4,0
2020-04-19,Parramatta,21.757599,10.289032,11.468566999999998,2020-04-19 18:00:00,2020-04-20 03:00:00,17.545135,11.278015,9.0,11.0,0.6963466666666664,0,0,Not hot day,11.913738270833333,81.580148,1.6222250708333332,1006.4823716666666,2.24637984266,20.0,1.0,0,middle_inland,17.0356,933920,5481959.1784,5482170.0,Parramatta - Rosehill,34732,4087.8,8.5,"ABS Regional Population 2019-20, SA2 proxy",4,0
2020-04-20,Parramatta,20.707916,11.278015,9.429901000000001,2020-04-20 18:00:00,2020-04-21 05:00:00,18.107391,11.510101,11.0,11.0,0.5997536363636363,0,0,Not hot day,10.5839449375,73.09868204166666,2.150053816666667,1007.3516166666667,0.0,20.0,1.0,0,middle_inland,17.0356,933920,5481959.1784,5482170.0,Parramatta - Rosehill,34732,4087.8,8.5,"ABS Regional Population 2019-20, SA2 proxy",4,0
2020-04-21,Parramatta,25.02243,10.775452,14.246978,2020-04-21 18:00:00,2020-04-22 05:00:00,20.290588,11.466095,11.0,11.0,0.8022266363636364,1,0,Low risk,10.807380729166667,65.68162995833333,2.1377391833333332,1009.3567954166666,0.0,20.0,1.0,0,middle_inland,17.0356,933920,5481959.1784,5482170.0,Parramatta - Rosehill,34732,4087.8,8.5,"ABS Regional Population 2019-20, SA2 proxy",4,0
2020-04-22,Parramatta,25.324188,10.954376,14.369812,2020-04-22 18:00:00,2020-04-23 05:00:00,19.407013,8.824371,11.0,11.0,0.9620583636363637,1,0,Low risk,9.994099916666666,64.38852370833332,1.9287861670833335,1010.25328125,0.0,20.0,1.0,0,middle_inland,17.0356,933920,5481959.1784,5482170.0,Parramatta - Rosehill,34732,4087.8,8.5,"ABS Regional Population 2019-20, SA2 proxy",4,0
2020-04-23,Parramatta,24.526337,8.65097,15.875367000000002,2020-04-23 18:00:00,2020-04-24 05:00:00,19.062103,13.723785,11.0,11.0,0.48530163636363643,1,0,Moderate risk,9.210166916666667,67.36494216666667,2.0458395916666667,1011.3387241666666,0.0,20.0,1.0,0,middle_inland,17.0356,933920,5481959.1784,5482170.0,Parramatta - Rosehill,34732,4087.8,8.5,"ABS Regional Population 2019-20, SA2 proxy",4,0
2020-04-24,Parramatta,27.606567,13.142487,14.46408,2020-04-24 18:00:00,2020-04-25 05:00:00,20.531158,10.299225,11.0,11.0,0.9301757272727275,1,0,Low risk,10.852052041666667,62.199682708333334,2.014093627083333,1009.8234741666666,0.0,20.0,1.0,0,middle_inland,17.0356,933920,5481959.1784,5482170.0,Parramatta - Rosehill,34732,4087.8,8.5,"ABS Regional Population 2019-20, SA2 proxy",4,0
2020-04-25,Parramatta,26.896301,10.178314,16.717987,2020-04-25 18:00:00,2020-04-26 05:00:00,21.548737,11.840118,11.0,11.0,0.8826017272727271,1,0,Low risk,11.812631000000001,70.32652070833333,2.051527092916667,1012.157515,0.0,20.0,1.0,0,middle_inland,17.0356,933920,5481959.1784,5482170.0,Parramatta - Rosehill,34732,4087.8,8.5,"ABS Regional Population 2019-20, SA2 proxy",4,0
2020-04-26,Parramatta,27.010498,11.840118,15.170379999999998,2020-04-26 18:00:00,2020-04-27 05:00:00,21.735321,13.526184,11.0,11.0,0.7462851818181817,1,0,Low risk,10.599533062499999,62.218071916666666,2.9073682124999998,1008.0335437499999,0.0548362735,20.0,1.0,0,middle_inland,17.0356,933920,5481959.1784,5482170.0,Parramatta - Rosehill,34732,4087.8,8.5,"ABS Regional Population 2019-20, SA2 proxy",4,0
2020-04-27,Parramatta,20.960236,13.331238,7.6289979999999975,2020-04-27 18:00:00,2020-04-28 05:00:00,18.50711,16.182098,11.0,11.0,0.21136472727272737,0,0,Not hot day,14.147978416666668,81.41797895833334,2.2649731583333335,1015.6978308333333,2.3918151733,20.0,1.0,0,middle_inland,17.0356,933920,5481959.1784,5482170.0,Parramatta - Rosehill,34732,4087.8,8.5,"ABS Regional Population 2019-20, SA2 proxy",4,0
2020-04-28,Parramatta,22.59256,16.182098,6.410461999999999,2020-04-28 18:00:00,2020-04-29 05:00:00,19.943146,16.724365,11.0,11.0,0.29261645454545454,0,0,Not hot day,15.842732708333335,81.53649391666667,2.736205329166667,1015.2033191666666,1.39188766176,20.0,1.0,0,middle_inland,17.0356,933920,5481959.1784,5482170.0,Parramatta - Rosehill,34732,4087.8,8.5,"ABS Regional Population 2019-20, SA2 proxy",4,0
2020-04-29,Parramatta,25.862091,16.450531,9.411559999999998,2020-04-29 18:00:00,2020-04-30 04:00:00,22.460907,17.963776,10.0,11.0,0.4497131,1,0,Moderate risk,16.244229708333332,77.85326820833333,3.0705359041666664,1007.1518025,0.60606003296,20.0,1.0,0,middle_inland,17.0356,933920,5481959.1784,5482170.0,Parramatta - Rosehill,34732,4087.8,8.5,"ABS Regional Population 2019-20, SA2 proxy",4,0
2020-04-30,Parramatta,19.825287,10.875336,8.949950999999999,2020-04-30 18:00:00,2020-05-01 04:00:00,12.412933,9.654816,10.0,11.0,0.27581170000000005,0,0,Not hot day,12.436475141666667,80.92102666666666,3.529333683333333,999.9935708333334,8.520603196,20.0,1.0,0,middle_inland,17.0356,933920,5481959.1784,5482170.0,Parramatta - Rosehill,34732,4087.8,8.5,"ABS Regional Population 2019-20, SA2 proxy",4,0
2020-05-01,Parramatta,16.348877,9.654816,6.694061000000001,2020-05-01 18:00:00,2020-05-02 03:00:00,13.521423,12.503571,9.0,11.0,0.11309466666666662,0,0,Not hot day,3.4599227875,54.13037075,5.3255903625,1000.4755254166666,0.00143051146,20.0,1.0,0,middle_inland,17.0356,933920,5481959.1784,5482170.0,Parramatta - Rosehill,34732,4087.8,8.5,"ABS Regional Population 2019-20, SA2 proxy",5,0
2020-05-02,Parramatta,17.996857,11.741119,6.255737999999999,2020-05-02 18:00:00,2020-05-03 05:00:00,14.0538025,10.029877,11.0,11.0,0.365811409090909,0,0,Not hot day,3.5220832666666664,49.205363291666664,5.7447316625000004,998.5057125,0.0114440916,20.0,1.0,0,middle_inland,17.0356,933920,5481959.1784,5482170.0,Parramatta - Rosehill,34732,4087.8,8.5,"ABS Regional Population 2019-20, SA2 proxy",5,0
2020-05-03,Parramatta,18.98526,9.570038,9.415222,2020-05-03 18:00:00,2020-05-04 05:00:00,13.483368,6.108368,11.0,11.0,0.6704545454545455,0,0,Not hot day,4.623074895833333,57.022430125,3.8296511875,1009.6954133333334,0.0,20.0,1.0,0,middle_inland,17.0356,933920,5481959.1784,5482170.0,Parramatta - Rosehill,34732,4087.8,8.5,"ABS Regional Population 2019-20, SA2 proxy",5,0
2020-05-04,Parramatta,18.865234,6.004364,12.860870000000002,2020-05-04 18:00:00,2020-05-05 05:00:00,14.247864,11.587067,11.0,11.0,0.24189063636363642,0,0,Not hot day,6.675883,70.75590604166668,2.4411531958333335,1018.0576945833333,0.0,20.0,1.0,0,middle_inland,17.0356,933920,5481959.1784,5482170.0,Parramatta - Rosehill,34732,4087.8,8.5,"ABS Regional Population 2019-20, SA2 proxy",5,0
2020-05-05,Parramatta,19.570404,10.7925415,8.7778625,2020-05-05 18:00:00,2020-05-06 05:00:00,14.994385,7.8954163,11.0,11.0,0.6453607909090908,0,0,Not hot day,10.673383170833333,78.57324541666667,2.450723404166667,1022.1292295833333,0.2336502069,20.0,1.0,0,middle_inland,17.0356,933920,5481959.1784,5482170.0,Parramatta - Rosehill,34732,4087.8,8.5,"ABS Regional Population 2019-20, SA2 proxy",5,0
2020-05-06,Parramatta,22.38855,7.725128,14.663421999999999,2020-05-06 18:00:00,2020-05-07 05:00:00,16.592438,7.42099,11.0,11.0,0.8337680000000002,0,0,Not hot day,10.0605226375,80.06900925000001,1.9563179249999998,1020.0238945833333,0.0,20.0,1.0,0,middle_inland,17.0356,933920,5481959.1784,5482170.0,Parramatta - Rosehill,34732,4087.8,8.5,"ABS Regional Population 2019-20, SA2 proxy",5,0
2020-05-07,Parramatta,23.606537,7.241852,16.364685,2020-05-07 18:00:00,2020-05-08 05:00:00,18.782593,12.443146,11.0,11.0,0.5763133636363634,0,0,Not hot day,9.717136404166666,74.52480554166667,2.500144370833333,1013.7099170833334,0.0,20.0,1.0,0,middle_inland,17.0356,933920,5481959.1784,5482170.0,Parramatta - Rosehill,34732,4087.8,8.5,"ABS Regional Population 2019-20, SA2 proxy",5,0
2020-05-08,Parramatta,27.211761,12.096649,15.115112,2020-05-08 18:00:00,2020-05-09 03:00:00,20.726166,12.662323,9.0,11.0,0.8959825555555554,1,0,Low risk,10.30110425,62.84946516666667,2.973808125,1009.9881270833333,0.0,20.0,1.0,0,middle_inland,17.0356,933920,5481959.1784,5482170.0,Parramatta - Rosehill,34732,4087.8,8.5,"ABS Regional Population 2019-20, SA2 proxy",5,0
2020-05-09,Parramatta,25.118408,12.662323,12.456084999999998,2020-05-09 18:00:00,2020-05-10 05:00:00,19.631927,10.172668,11.0,11.0,0.8599326363636365,1,0,Low risk,9.984081270833334,60.872126875,3.4349870166666663,1005.3734929166667,0.20551681300000002,20.0,1.0,0,middle_inland,17.0356,933920,5481959.1784,5482170.0,Parramatta - Rosehill,34732,4087.8,8.5,"ABS Regional Population 2019-20, SA2 proxy",5,0
2020-05-10,Parramatta,17.707489,7.8690796,9.8384094,2020-05-10 18:00:00,2020-05-11 05:00:00,11.305206,5.1774597,11.0,11.0,0.5570678454545455,0,0,Not hot day,1.4338366208333333,48.36837245833333,3.5382575791666664,1012.8029654166667,0.0,20.0,1.0,0,middle_inland,17.0356,933920,5481959.1784,5482170.0,Parramatta - Rosehill,34732,4087.8,8.5,"ABS Regional Population 2019-20, SA2 proxy",5,0
2020-05-11,Parramatta,18.41861,4.771942,13.646668000000002,2020-05-11 18:00:00,2020-05-12 05:00:00,11.195953,4.178314,11.0,11.0,0.6379671818181817,0,0,Not hot day,3.0851249708333337,62.33542775,2.5508916249999998,1019.1522816666667,0.0,20.0,1.0,0,middle_inland,17.0356,933920,5481959.1784,5482170.0,Parramatta - Rosehill,34732,4087.8,8.5,"ABS Regional Population 2019-20, SA2 proxy",5,0
2020-05-12,Parramatta,20.104431,3.953949,16.150482,2020-05-12 18:00:00,2020-05-13 05:00:00,14.639923,6.646515,11.0,11.0,0.7266734545454545,0,0,Not hot day,6.4493954874999995,74.28319604166667,2.1115246874999998,1018.21373125,0.0,20.0,1.0,0,middle_inland,17.0356,933920,5481959.1784,5482170.0,Parramatta - Rosehill,34732,4087.8,8.5,"ABS Regional Population 2019-20, SA2 proxy",5,0
2020-05-13,Parramatta,18.32425,6.2814636,12.042786399999999,2020-05-13 18:00:00,2020-05-14 00:00:00,12.945953,8.610748,6.0,11.0,0.7225341666666667,0,0,Not hot day,6.523434975,74.64170349999999,1.7866981416666665,1015.6151541666667,0.0,20.0,1.0,0,middle_inland,17.0356,933920,5481959.1784,5482170.0,Parramatta - Rosehill,34732,4087.8,8.5,"ABS Regional Population 2019-20, SA2 proxy",5,0
2020-05-14,Parramatta,17.143097,8.610748,8.532349000000002,2020-05-14 18:00:00,2020-05-15 05:00:00,13.453644,9.112152,11.0,11.0,0.394681090909091,0,0,Not hot day,9.201117208333333,80.56669220833334,3.6513077541666665,1019.4683708333333,2.55298617362,20.0,1.0,0,middle_inland,17.0356,933920,5481959.1784,5482170.0,Parramatta - Rosehill,34732,4087.8,8.5,"ABS Regional Population 2019-20, SA2 proxy",5,0
2020-05-15,Parramatta,16.741516,8.464447,8.277069000000001,2020-05-15 18:00:00,2020-05-16 04:00:00,14.183685,10.998962,10.0,11.0,0.3184723,0,0,Not hot day,9.688119325,80.79601420833333,3.2922398666666663,1021.7201920833332,2.25162507076,20.0,1.0,0,middle_inland,17.0356,933920,5481959.1784,5482170.0,Parramatta - Rosehill,34732,4087.8,8.5,"ABS Regional Population 2019-20, SA2 proxy",5,0
2020-05-16,Parramatta,19.148773,10.522064,8.626708999999998,2020-05-16 18:00:00,2020-05-17 04:00:00,14.195526,8.178009,10.0,11.0,0.6017517,0,0,Not hot day,11.091176354166668,84.968090375,1.7562161333333333,1023.0191575,0.7581710759,20.0,1.0,0,middle_inland,17.0356,933920,5481959.1784,5482170.0,Parramatta - Rosehill,34732,4087.8,8.5,"ABS Regional Population 2019-20, SA2 proxy",5,0
2020-05-17,Parramatta,20.165588,8.178009,11.987579,2020-05-17 18:00:00,2020-05-18 03:00:00,14.537018,10.59613,9.0,11.0,0.43787644444444435,0,0,Not hot day,9.956853245833333,81.63308170833334,1.8103500458333333,1023.3068483333333,0.11062622180000001,20.0,1.0,0,middle_inland,17.0356,933920,5481959.1784,5482170.0,Parramatta - Rosehill,34732,4087.8,8.5,"ABS Regional Population 2019-20, SA2 proxy",5,0
2020-05-18,Parramatta,18.557007,10.374115,8.182891999999999,2020-05-18 18:00:00,2020-05-19 05:00:00,15.757904,12.356995,11.0,11.0,0.3091735454545455,0,0,Not hot day,12.149049145833333,86.175768375,1.1281233670833333,1024.4214675,1.39808655006,20.0,1.0,0,middle_inland,17.0356,933920,5481959.1784,5482170.0,Parramatta - Rosehill,34732,4087.8,8.5,"ABS Regional Population 2019-20, SA2 proxy",5,0
2020-05-19,Parramatta,20.93222,11.311798,9.620422000000001,2020-05-19 18:00:00,2020-05-20 05:00:00,15.849091,10.5572815,11.0,11.0,0.48107359090909085,0,0,Not hot day,12.282702166666667,82.92542458333334,1.4822031191666667,1020.2142454166666,0.18692016445999998,20.0,1.0,0,middle_inland,17.0356,933920,5481959.1784,5482170.0,Parramatta - Rosehill,34732,4087.8,8.5,"ABS Regional Population 2019-20, SA2 proxy",5,0
2020-05-20,Parramatta,24.147858,10.5572815,13.5905765,2020-05-20 18:00:00,2020-05-21 05:00:00,19.043915,14.319214,11.0,11.0,0.42951827272727255,1,0,Moderate risk,11.292564416666666,74.05794404166666,2.9117917666666666,1010.8439675,0.002861023,20.0,1.0,0,middle_inland,17.0356,933920,5481959.1784,5482170.0,Parramatta - Rosehill,34732,4087.8,8.5,"ABS Regional Population 2019-20, SA2 proxy",5,0
2020-05-21,Parramatta,18.340057,9.976929,8.363128000000001,2020-05-21 18:00:00,2020-05-22 01:00:00,14.387939,9.64151,7.0,11.0,0.6780612857142856,0,0,Not hot day,12.251074541666666,84.353388125,2.613005622083333,1004.9746833333334,31.4574242192,20.0,1.0,0,middle_inland,17.0356,933920,5481959.1784,5482170.0,Parramatta - Rosehill,34732,4087.8,8.5,"ABS Regional Population 2019-20, SA2 proxy",5,0
2020-05-22,Parramatta,15.615875,9.64151,5.974365000000001,2020-05-22 18:00:00,2020-05-23 02:00:00,14.318329,12.381744,8.0,11.0,0.2420731250000001,0,0,Not hot day,7.184307083333334,69.31204845833334,5.9776788041666675,1002.9231666666666,26.5111925858,20.0,1.0,0,middle_inland,17.0356,933920,5481959.1784,5482170.0,Parramatta - Rosehill,34732,4087.8,8.5,"ABS Regional Population 2019-20, SA2 proxy",5,0
2020-05-23,Parramatta,16.654297,12.381744,4.272553,2020-05-23 18:00:00,2020-05-23 18:00:00,13.404144,13.404144,0.0,11.0,0.0,0,0,Not hot day,8.53051885,69.65949133333334,4.375966675,1000.5476525,5.845069891,20.0,1.0,0,middle_inland,17.0356,933920,5481959.1784,5482170.0,Parramatta - Rosehill,34732,4087.8,8.5,"ABS Regional Population 2019-20, SA2 proxy",5,0
2020-05-24,Parramatta,17.558624,13.192535,4.366088999999999,2020-05-24 18:00:00,2020-05-25 04:00:00,15.540527,12.834351,10.0,11.0,0.2706176000000001,0,0,Not hot day,7.650093054166667,60.79831420833333,5.364974758333333,1004.7607562500001,0.76341629,20.0,1.0,0,middle_inland,17.0356,933920,5481959.1784,5482170.0,Parramatta - Rosehill,34732,4087.8,8.5,"ABS Regional Population 2019-20, SA2 proxy",5,0
2020-05-25,Parramatta,16.251312,12.615814,3.6354979999999983,2020-05-25 18:00:00,2020-05-26 05:00:00,14.33139,13.7565,11.0,11.0,0.052262727272727266,0,0,Not hot day,9.955491454166667,76.550567875,5.759310883333334,1010.1581916666668,5.8374404753,20.0,1.0,0,middle_inland,17.0356,933920,5481959.1784,5482170.0,Parramatta - Rosehill,34732,4087.8,8.5,"ABS Regional Population 2019-20, SA2 proxy",5,0
2020-05-26,Parramatta,18.708221,13.678619,5.029602000000002,2020-05-26 18:00:00,2020-05-27 05:00:00,15.708832,11.520813,11.0,11.0,0.3807289999999999,0,0,Not hot day,12.520464604166667,83.916845125,4.203299783333333,1014.6426716666666,2.575874327,20.0,1.0,0,middle_inland,17.0356,933920,5481959.1784,5482170.0,Parramatta - Rosehill,34732,4087.8,8.5,"ABS Regional Population 2019-20, SA2 proxy",5,0
2020-05-27,Parramatta,18.508331,10.99762,7.510710999999999,2020-05-27 18:00:00,2020-05-28 05:00:00,13.94223,8.877472,11.0,11.0,0.46043254545454554,0,0,Not hot day,11.5932820625,84.86768370833333,1.8086978929166666,1014.2267875000001,0.2899169943,20.0,1.0,0,middle_inland,17.0356,933920,5481959.1784,5482170.0,Parramatta - Rosehill,34732,4087.8,8.5,"ABS Regional Population 2019-20, SA2 proxy",5,0
2020-05-28,Parramatta,21.151642,8.004974,13.146667999999998,2020-05-28 18:00:00,2020-05-29 05:00:00,16.184723,10.305267,11.0,11.0,0.5344960000000001,0,0,Not hot day,10.450021066666666,82.37873070833334,1.6194126625,1013.6188033333333,0.0,20.0,1.0,0,middle_inland,17.0356,933920,5481959.1784,5482170.0,Parramatta - Rosehill,34732,4087.8,8.5,"ABS Regional Population 2019-20, SA2 proxy",5,0
2020-05-29,Parramatta,17.811249,10.009003,7.802246,2020-05-29 18:00:00,2020-05-30 05:00:00,13.872681,8.9219055,11.0,11.0,0.45007050000000004,0,0,Not hot day,11.084855270833332,87.28978354166667,1.8217563916666666,1019.0497845833333,0.8068084763,20.0,1.0,0,middle_inland,17.0356,933920,5481959.1784,5482170.0,Parramatta - Rosehill,34732,4087.8,8.5,"ABS Regional Population 2019-20, SA2 proxy",5,0
2020-05-30,Parramatta,19.591095,8.3966675,11.1944275,2020-05-30 18:00:00,2020-05-31 04:00:00,14.788727,10.043213,10.0,11.0,0.4745514,0,0,Not hot day,10.652506479166666,85.856828375,2.171254858333333,1018.0975229166667,0.00190734862,20.0,1.0,0,middle_inland,17.0356,933920,5481959.1784,5482170.0,Parramatta - Rosehill,34732,4087.8,8.5,"ABS Regional Population 2019-20, SA2 proxy",5,0
2020-05-31,Parramatta,20.803436,10.043213,10.760223000000002,2020-05-31 18:00:00,2020-06-01 02:00:00,15.833282,10.572052,8.0,11.0,0.6576537500000001,0,0,Not hot day,10.5930684375,81.05117191666666,2.5454875291666665,1010.3832245833333,0.0267028811,20.0,1.0,0,middle_inland,17.0356,933920,5481959.1784,5482170.0,Parramatta - Rosehill,34732,4087.8,8.5,"ABS Regional Population 2019-20, SA2 proxy",5,0
2020-06-01,Parramatta,22.020233,9.992218,12.028015000000002,2020-06-01 18:00:00,2020-06-02 05:00:00,15.563965,7.9534607,11.0,11.0,0.6918640272727272,0,0,Not hot day,6.91814425,62.57868808333333,4.0420645041666665,1002.8516358333333,0.0662803653,20.0,1.0,0,middle_inland,17.0356,933920,5481959.1784,5482170.0,Parramatta - Rosehill,34732,4087.8,8.5,"ABS Regional Population 2019-20, SA2 proxy",6,0
2020-06-02,Parramatta,15.594635,7.9534607,7.6411743,2020-06-02 18:00:00,2020-06-03 03:00:00,11.054169,8.157928,9.0,11.0,0.32180455555555554,0,0,Not hot day,3.5605557749999996,62.299467125,4.709240416666667,1007.8133733333334,2.0151138333,20.0,1.0,0,middle_inland,17.0356,933920,5481959.1784,5482170.0,Parramatta - Rosehill,34732,4087.8,8.5,"ABS Regional Population 2019-20, SA2 proxy",6,0
2020-06-03,Parramatta,18.3414,8.157928,10.183472,2020-06-03 18:00:00,2020-06-04 05:00:00,13.731049,9.489532,11.0,11.0,0.38559245454545454,0,0,Not hot day,4.90278755,60.724083875,4.116323441666666,1015.4671929166667,0.0,20.0,1.0,0,middle_inland,17.0356,933920,5481959.1784,5482170.0,Parramatta - Rosehill,34732,4087.8,8.5,"ABS Regional Population 2019-20, SA2 proxy",6,0
2020-06-04,Parramatta,16.260895,6.103424,10.157471000000001,2020-06-04 18:00:00,2020-06-05 05:00:00,10.797699,3.0786133,11.0,11.0,0.7017350636363635,0,0,Not hot day,5.1458371375,67.99619204166667,3.0142753708333334,1023.8792012499999,0.0,20.0,1.0,0,middle_inland,17.0356,933920,5481959.1784,5482170.0,Parramatta - Rosehill,34732,4087.8,8.5,"ABS Regional Population 2019-20, SA2 proxy",6,0
2020-06-05,Parramatta,18.373657,2.707306,15.666351000000002,2020-06-05 18:00:00,2020-06-06 05:00:00,12.041321,4.612549,11.0,11.0,0.6753429090909091,0,0,Not hot day,5.730543745833334,79.109843625,1.4829940541666666,1020.8694116666667,0.0,20.0,1.0,0,middle_inland,17.0356,933920,5481959.1784,5482170.0,Parramatta - Rosehill,34732,4087.8,8.5,"ABS Regional Population 2019-20, SA2 proxy",6,0
2020-06-06,Parramatta,17.846771,4.2399597,13.6068113,2020-06-06 18:00:00,2020-06-07 05:00:00,11.874725,5.732147,11.0,11.0,0.5584161818181818,0,0,Not hot day,6.46866355,78.080569,1.8348795516666667,1016.9646854166667,0.0014305115,20.0,1.0,0,middle_inland,17.0356,933920,5481959.1784,5482170.0,Parramatta - Rosehill,34732,4087.8,8.5,"ABS Regional Population 2019-20, SA2 proxy",6,0
2020-06-07,Parramatta,16.194763,5.335846,10.858916999999998,2020-06-07 18:00:00,2020-06-08 05:00:00,12.559845,9.85672,11.0,11.0,0.24573863636363635,0,0,Not hot day,8.452229820833333,87.89344145833333,2.080995533333333,1015.7249329166666,3.178596432,20.0,1.0,0,middle_inland,17.0356,933920,5481959.1784,5482170.0,Parramatta - Rosehill,34732,4087.8,8.5,"ABS Regional Population 2019-20, SA2 proxy",6,0
2020-06-08,Parramatta,17.18988,9.223053,7.9668269999999985,2020-06-08 18:00:00,2020-06-09 05:00:00,14.178009,10.917572,11.0,11.0,0.2964033636363636,0,0,Not hot day,9.043827041666667,78.476259375,3.541660041666667,1020.6344558333334,0.9813308856,20.0,1.0,0,middle_inland,17.0356,933920,5481959.1784,5482170.0,Parramatta - Rosehill,34732,4087.8,8.5,"ABS Regional Population 2019-20, SA2 proxy",6,0
2020-06-09,Parramatta,18.41684,10.703918,7.712922000000001,2020-06-09 18:00:00,2020-06-10 05:00:00,14.621429,12.506256,11.0,11.0,0.19228845454545443,0,0,Not hot day,11.871091229166666,86.71631287499999,2.2267592874999997,1024.3805725,3.0288696324,20.0,1.0,0,middle_inland,17.0356,933920,5481959.1784,5482170.0,Parramatta - Rosehill,34732,4087.8,8.5,"ABS Regional Population 2019-20, SA2 proxy",6,0
2020-06-10,Parramatta,17.347015,12.506256,4.8407589999999985,2020-06-10 18:00:00,2020-06-11 05:00:00,15.816132,12.90506,11.0,11.0,0.264642909090909,0,0,Not hot day,13.588915395833332,93.08768500000001,1.1638119925000001,1020.42088375,3.3388138009,20.0,1.0,0,middle_inland,17.0356,933920,5481959.1784,5482170.0,Parramatta - Rosehill,34732,4087.8,8.5,"ABS Regional Population 2019-20, SA2 proxy",6,0
2020-06-11,Parramatta,20.03952,12.45462,7.584899999999999,2020-06-11 18:00:00,2020-06-12 02:00:00,15.394806,11.958801,8.0,11.0,0.4295006250000002,0,0,Not hot day,12.497500145833333,85.79793241666665,2.3760373820833336,1016.1920154166668,0.0739097612,20.0,1.0,0,middle_inland,17.0356,933920,5481959.1784,5482170.0,Parramatta - Rosehill,34732,4087.8,8.5,"ABS Regional Population 2019-20, SA2 proxy",6,0
2020-06-12,Parramatta,17.198853,11.853485,5.345368000000001,2020-06-12 18:00:00,2020-06-13 04:00:00,13.972931,10.852631,10.0,11.0,0.31203000000000003,0,0,Not hot day,11.9279110625,88.13531516666666,2.21521089625,1017.4256175,1.56068800902,20.0,1.0,0,middle_inland,17.0356,933920,5481959.1784,5482170.0,Parramatta - Rosehill,34732,4087.8,8.5,"ABS Regional Population 2019-20, SA2 proxy",6,0
2020-06-13,Parramatta,19.435547,10.8107605,8.624786499999999,2020-06-13 18:00:00,2020-06-14 02:00:00,15.715149,13.507446,8.0,11.0,0.27596287500000005,0,0,Not hot day,12.7967313125,90.10283670833333,1.8399892416666666,1013.4609,0.037670135699999996,20.0,1.0,0,middle_inland,17.0356,933920,5481959.1784,5482170.0,Parramatta - Rosehill,34732,4087.8,8.5,"ABS Regional Population 2019-20, SA2 proxy",6,0
2020-06-14,Parramatta,20.870758,9.721832,11.148926,2020-06-14 18:00:00,2020-06-15 05:00:00,13.59848,7.217865,11.0,11.0,0.5800559090909091,0,0,Not hot day,9.3468272,72.02622595833334,2.9773223916666667,1008.2577183333333,5.9223174116,20.0,1.0,0,middle_inland,17.0356,933920,5481959.1784,5482170.0,Parramatta - Rosehill,34732,4087.8,8.5,"ABS Regional Population 2019-20, SA2 proxy",6,0
2020-06-15,Parramatta,19.699066,6.210785,13.488280999999999,2020-06-15 18:00:00,2020-06-16 05:00:00,13.51239,5.821686,11.0,11.0,0.6991549090909092,0,0,Not hot day,6.918038645833334,72.985405125,1.8655827183333333,1014.8940045833333,0.0,20.0,1.0,0,middle_inland,17.0356,933920,5481959.1784,5482170.0,Parramatta - Rosehill,34732,4087.8,8.5,"ABS Regional Population 2019-20, SA2 proxy",6,0
2020-06-16,Parramatta,20.70935,5.0691223,15.6402277,2020-06-16 18:00:00,2020-06-17 04:00:00,13.437378,7.375824,10.0,11.0,0.6061554000000001,0,0,Not hot day,7.341285725,76.64795616666667,2.2403315,1016.1516820833334,0.0,20.0,1.0,0,middle_inland,17.0356,933920,5481959.1784,5482170.0,Parramatta - Rosehill,34732,4087.8,8.5,"ABS Regional Population 2019-20, SA2 proxy",6,0
2020-06-17,Parramatta,15.972107,7.375824,8.596283,2020-06-17 18:00:00,2020-06-18 05:00:00,14.003204,12.047516,11.0,11.0,0.17778981818181822,0,0,Not hot day,9.408565525,84.86732066666667,2.947760520833333,1024.1712025,2.071380611,20.0,1.0,0,middle_inland,17.0356,933920,5481959.1784,5482170.0,Parramatta - Rosehill,34732,4087.8,8.5,"ABS Regional Population 2019-20, SA2 proxy",6,0
2020-06-18,Parramatta,18.098602,10.207001,7.891601,2020-06-18 18:00:00,2020-06-19 05:00:00,12.628967,6.5623474,11.0,11.0,0.5515108727272726,0,0,Not hot day,8.9204712,74.52563562499999,1.7382577504166667,1028.530775,0.58364868396,20.0,1.0,0,middle_inland,17.0356,933920,5481959.1784,5482170.0,Parramatta - Rosehill,34732,4087.8,8.5,"ABS Regional Population 2019-20, SA2 proxy",6,0
2020-06-19,Parramatta,19.145905,6.21698,12.928925,2020-06-19 18:00:00,2020-06-20 05:00:00,13.853455,7.938568,11.0,11.0,0.537717,0,0,Not hot day,9.0740674125,83.71886716666667,1.7660479375,1022.7106945833333,0.0,20.0,1.0,0,middle_inland,17.0356,933920,5481959.1784,5482170.0,Parramatta - Rosehill,34732,4087.8,8.5,"ABS Regional Population 2019-20, SA2 proxy",6,0
2020-06-20,Parramatta,19.7211,6.9000244,12.8210756,2020-06-20 18:00:00,2020-06-21 04:00:00,15.811371,11.322296,10.0,11.0,0.44890749999999996,0,0,Not hot day,9.233651404166666,82.194042,2.2548330808333334,1014.8467287499999,0.00047683716,20.0,1.0,0,middle_inland,17.0356,933920,5481959.1784,5482170.0,Parramatta - Rosehill,34732,4087.8,8.5,"ABS Regional Population 2019-20, SA2 proxy",6,0
2020-06-21,Parramatta,17.447388,9.748932,7.698456,2020-06-21 18:00:00,2020-06-22 04:00:00,12.264557,6.709503,10.0,11.0,0.5555054,0,0,Not hot day,9.447561949999999,81.18431516666666,2.3952007666666666,1005.0627312500001,6.5774917649999995,20.0,1.0,0,middle_inland,17.0356,933920,5481959.1784,5482170.0,Parramatta - Rosehill,34732,4087.8,8.5,"ABS Regional Population 2019-20, SA2 proxy",6,0
2020-06-22,Parramatta,15.402435,6.629669,8.772766,2020-06-22 18:00:00,2020-06-23 05:00:00,11.427612,5.3324585,11.0,11.0,0.5541048636363636,0,0,Not hot day,5.071211508333334,71.13383320833333,2.8420453291666665,1002.7653449999999,0.24890899896,20.0,1.0,0,middle_inland,17.0356,933920,5481959.1784,5482170.0,Parramatta - Rosehill,34732,4087.8,8.5,"ABS Regional Population 2019-20, SA2 proxy",6,0
2020-06-23,Parramatta,15.865601,5.0457153,10.8198857,2020-06-23 18:00:00,2020-06-24 05:00:00,11.713898,5.7151794,11.0,11.0,0.5453380545454546,0,0,Not hot day,4.12262725,69.01870895833333,3.041395616666667,1004.74797125,0.0,20.0,1.0,0,middle_inland,17.0356,933920,5481959.1784,5482170.0,Parramatta - Rosehill,34732,4087.8,8.5,"ABS Regional Population 2019-20, SA2 proxy",6,0
2020-06-24,Parramatta,18.218964,5.7151794,12.5037846,2020-06-24 18:00:00,2020-06-25 05:00:00,14.411591,7.864044,11.0,11.0,0.5952315454545455,0,0,Not hot day,5.95659255,68.959385875,3.6591438083333334,1007.20428125,0.0,20.0,1.0,0,middle_inland,17.0356,933920,5481959.1784,5482170.0,Parramatta - Rosehill,34732,4087.8,8.5,"ABS Regional Population 2019-20, SA2 proxy",6,0
2020-06-25,Parramatta,17.782715,7.1283264,10.6543886,2020-06-25 18:00:00,2020-06-26 05:00:00,12.695099,5.892761,11.0,11.0,0.6183943636363637,0,0,Not hot day,6.576590262500001,71.98650579166666,2.4421693833333333,1011.7794704166666,0.0,20.0,1.0,0,middle_inland,17.0356,933920,5481959.1784,5482170.0,Parramatta - Rosehill,34732,4087.8,8.5,"ABS Regional Population 2019-20, SA2 proxy",6,0
2020-06-26,Parramatta,17.886871,5.3090515,12.5778195,2020-06-26 18:00:00,2020-06-27 05:00:00,11.079407,7.6696167,11.0,11.0,0.3099809363636364,0,0,Not hot day,5.6674194125,73.61705120833334,2.3072928999999998,1015.7794670833333,0.0019073486,20.0,1.0,0,middle_inland,17.0356,933920,5481959.1784,5482170.0,Parramatta - Rosehill,34732,4087.8,8.5,"ABS Regional Population 2019-20, SA2 proxy",6,0
2020-06-27,Parramatta,15.511444,7.6696167,7.841827299999999,2020-06-27 18:00:00,2020-06-28 04:00:00,11.469574,8.0469055,10.0,11.0,0.34226685,0,0,Not hot day,7.650950133333333,81.16776133333333,2.3403836666666664,1019.6495170833333,0.6422996513,20.0,1.0,0,middle_inland,17.0356,933920,5481959.1784,5482170.0,Parramatta - Rosehill,34732,4087.8,8.5,"ABS Regional Population 2019-20, SA2 proxy",6,0
2020-06-28,Parramatta,16.25476,7.6352844,8.619475600000001,2020-06-28 18:00:00,2020-06-29 05:00:00,12.516815,8.794128,11.0,11.0,0.3384260909090908,0,0,Not hot day,7.603071858333333,78.89343033333334,2.357585295833333,1020.0549858333334,0.1125335713,20.0,1.0,0,middle_inland,17.0356,933920,5481959.1784,5482170.0,Parramatta - Rosehill,34732,4087.8,8.5,"ABS Regional Population 2019-20, SA2 proxy",6,0
2020-06-29,Parramatta,15.639496,8.31723,7.322265999999999,2020-06-29 18:00:00,2020-06-30 05:00:00,11.86264,6.234894,11.0,11.0,0.5116132727272729,0,0,Not hot day,9.3956095625,88.90681229166667,1.9191762375,1019.8326254166667,3.764629366,20.0,1.0,0,middle_inland,17.0356,933920,5481959.1784,5482170.0,Parramatta - Rosehill,34732,4087.8,8.5,"ABS Regional Population 2019-20, SA2 proxy",6,0
2020-06-30,Parramatta,17.867493,5.740753,12.12674,2020-06-30 18:00:00,2020-07-01 04:00:00,12.042267,5.451935,10.0,11.0,0.6590332000000001,0,0,Not hot day,8.196824429166666,87.00811595833333,1.8439814916666668,1017.0864920833333,0.07009506376,20.0,1.0,0,middle_inland,17.0356,933920,5481959.1784,5482170.0,Parramatta - Rosehill,34732,4087.8,8.5,"ABS Regional Population 2019-20, SA2 proxy",6,0
2020-07-01,Parramatta,20.840881,4.876068,15.964813,2020-07-01 18:00:00,2020-07-02 05:00:00,14.534882,8.983978,11.0,11.0,0.5046276363636363,0,0,Not hot day,6.475111616666666,72.80883979166667,2.4849398416666664,1012.8161166666667,0.0,20.0,1.0,0,middle_inland,17.0356,933920,5481959.1784,5482170.0,Parramatta - Rosehill,34732,4087.8,8.5,"ABS Regional Population 2019-20, SA2 proxy",7,0
2020-07-02,Parramatta,23.235413,8.983978,14.251435,2020-07-02 18:00:00,2020-07-03 05:00:00,17.96164,9.606598,11.0,11.0,0.7595492727272727,0,0,Not hot day,7.9405390874999995,63.458702499999994,3.5975231500000002,1008.6228229166667,0.0,20.0,1.0,0,middle_inland,17.0356,933920,5481959.1784,5482170.0,Parramatta - Rosehill,34732,4087.8,8.5,"ABS Regional Population 2019-20, SA2 proxy",7,0
2020-07-03,Parramatta,17.925598,7.4448547,10.4807433,2020-07-03 18:00:00,2020-07-04 00:00:00,12.394012,6.9709167,6.0,11.0,0.9038492166666666,0,0,Not hot day,5.056388841666666,64.209456375,2.4509966166666666,1011.4756783333333,0.0,20.0,1.0,0,middle_inland,17.0356,933920,5481959.1784,5482170.0,Parramatta - Rosehill,34732,4087.8,8.5,"ABS Regional Population 2019-20, SA2 proxy",7,0
2020-07-04,Parramatta,15.897797,6.9709167,8.9268803,2020-07-04 18:00:00,2020-07-05 05:00:00,11.103363,7.8382263,11.0,11.0,0.29683060909090914,0,0,Not hot day,3.2633285708333335,63.91367266666666,3.228000204166667,1011.8325383333332,1.5664100716,20.0,1.0,0,middle_inland,17.0356,933920,5481959.1784,5482170.0,Parramatta - Rosehill,34732,4087.8,8.5,"ABS Regional Population 2019-20, SA2 proxy",7,0
2020-07-05,Parramatta,17.924316,7.374939,10.549377,2020-07-05 18:00:00,2020-07-06 05:00:00,10.979095,5.7679443,11.0,11.0,0.47374097272727267,0,0,Not hot day,4.451845808333333,64.01461679166667,3.697340875,1014.5913662500001,0.0,20.0,1.0,0,middle_inland,17.0356,933920,5481959.1784,5482170.0,Parramatta - Rosehill,34732,4087.8,8.5,"ABS Regional Population 2019-20, SA2 proxy",7,0
2020-07-06,Parramatta,17.620087,5.141144,12.478943000000001,2020-07-06 18:00:00,2020-07-07 05:00:00,10.765259,8.340973,11.0,11.0,0.2203896363636364,0,0,Not hot day,6.0442301375000005,76.04651195833334,1.9558675266666665,1019.5502129166666,0.00381469726,20.0,1.0,0,middle_inland,17.0356,933920,5481959.1784,5482170.0,Parramatta - Rosehill,34732,4087.8,8.5,"ABS Regional Population 2019-20, SA2 proxy",7,0
2020-07-07,Parramatta,16.510986,8.249298,8.261688,2020-07-07 18:00:00,2020-07-08 05:00:00,13.6185,10.899139,11.0,11.0,0.2472146363636363,0,0,Not hot day,7.923238133333332,77.60994708333332,2.3850830958333336,1021.9174370833333,0.5774498057599999,20.0,1.0,0,middle_inland,17.0356,933920,5481959.1784,5482170.0,Parramatta - Rosehill,34732,4087.8,8.5,"ABS Regional Population 2019-20, SA2 proxy",7,0
2020-07-08,Parramatta,15.497864,9.260956,6.236908,2020-07-08 18:00:00,2020-07-09 05:00:00,12.6223755,5.7096252,11.0,11.0,0.6284318454545456,0,0,Not hot day,9.851482395833333,85.29784124999999,1.4537050758333334,1022.6521433333334,0.7162094133,20.0,1.0,0,middle_inland,17.0356,933920,5481959.1784,5482170.0,Parramatta - Rosehill,34732,4087.8,8.5,"ABS Regional Population 2019-20, SA2 proxy",7,0
2020-07-09,Parramatta,17.821808,5.1706543,12.651153700000002,2020-07-09 18:00:00,2020-07-10 04:00:00,12.820221,8.330933,10.0,11.0,0.4489288,0,0,Not hot day,8.810033220833335,88.13174729166667,1.642454675,1021.8446049999999,0.06341934016,20.0,1.0,0,middle_inland,17.0356,933920,5481959.1784,5482170.0,Parramatta - Rosehill,34732,4087.8,8.5,"ABS Regional Population 2019-20, SA2 proxy",7,0
2020-07-10,Parramatta,16.441437,7.9753113,8.4661257,2020-07-10 18:00:00,2020-07-11 05:00:00,13.272919,11.522186,11.0,11.0,0.1591575454545455,0,0,Not hot day,10.534229291666668,91.280308375,1.4273195708333333,1017.9856883333333,2.53343584,20.0,1.0,0,middle_inland,17.0356,933920,5481959.1784,5482170.0,Parramatta - Rosehill,34732,4087.8,8.5,"ABS Regional Population 2019-20, SA2 proxy",7,0
2020-07-11,Parramatta,16.045685,9.804352,6.241332999999999,2020-07-11 18:00:00,2020-07-12 05:00:00,13.079987,7.046173,11.0,11.0,0.5485285454545454,0,0,Not hot day,11.5003471875,92.91428045833334,1.2649082720833333,1009.5621358333333,7.0133209589800005,20.0,1.0,0,middle_inland,17.0356,933920,5481959.1784,5482170.0,Parramatta - Rosehill,34732,4087.8,8.5,"ABS Regional Population 2019-20, SA2 proxy",7,0
2020-07-12,Parramatta,17.104248,6.229187,10.875060999999999,2020-07-12 18:00:00,2020-07-13 05:00:00,11.457428,7.292328,11.0,11.0,0.3786454545454545,0,0,Not hot day,8.88730875,88.48927462500001,1.2842156016666666,1008.2458933333334,3.62253191406,20.0,1.0,0,middle_inland,17.0356,933920,5481959.1784,5482170.0,Parramatta - Rosehill,34732,4087.8,8.5,"ABS Regional Population 2019-20, SA2 proxy",7,0
2020-07-13,Parramatta,16.443695,6.801239,9.642456000000003,2020-07-13 18:00:00,2020-07-13 22:00:00,11.415558,10.11853,4.0,11.0,0.32425700000000024,0,0,Not hot day,8.011622108333333,84.321067375,1.8735600541666668,1010.2233520833333,2.2816657997,20.0,1.0,0,middle_inland,17.0356,933920,5481959.1784,5482170.0,Parramatta - Rosehill,34732,4087.8,8.5,"ABS Regional Population 2019-20, SA2 proxy",7,0
2020-07-14,Parramatta,15.39621,10.276459,5.119751000000001,2020-07-14 18:00:00,2020-07-15 05:00:00,12.987091,11.846954,11.0,11.0,0.10364881818181812,0,0,Not hot day,9.2525940625,79.116206125,6.663867333333333,1009.8611279166666,7.146358557259999,20.0,1.0,0,middle_inland,17.0356,933920,5481959.1784,5482170.0,Parramatta - Rosehill,34732,4087.8,8.5,"ABS Regional Population 2019-20, SA2 proxy",7,0
2020-07-15,Parramatta,15.528961,10.922455,4.606506000000001,2020-07-15 18:00:00,2020-07-16 05:00:00,13.3316345,10.040802,11.0,11.0,0.299166590909091,0,0,Not hot day,6.516896545833333,64.95907295833334,5.777277225,1010.3368554166667,0.2174377438,20.0,1.0,0,middle_inland,17.0356,933920,5481959.1784,5482170.0,Parramatta - Rosehill,34732,4087.8,8.5,"ABS Regional Population 2019-20, SA2 proxy",7,0
2020-07-16,Parramatta,16.24884,9.979584,6.269256000000002,2020-07-16 18:00:00,2020-07-17 05:00:00,13.730316,10.692505,11.0,11.0,0.2761646363636363,0,0,Not hot day,5.243916841666667,61.01865016666667,4.934929141666667,1009.9015266666667,0.0,20.0,1.0,0,middle_inland,17.0356,933920,5481959.1784,5482170.0,Parramatta - Rosehill,34732,4087.8,8.5,"ABS Regional Population 2019-20, SA2 proxy",7,0
2020-07-17,Parramatta,15.962128,10.67746,5.284668,2020-07-17 18:00:00,2020-07-18 04:00:00,13.933807,10.56308,10.0,11.0,0.33707270000000006,0,0,Not hot day,7.572603845833334,70.662585875,4.161213441666667,1012.7766145833333,0.01859664876,20.0,1.0,0,middle_inland,17.0356,933920,5481959.1784,5482170.0,Parramatta - Rosehill,34732,4087.8,8.5,"ABS Regional Population 2019-20, SA2 proxy",7,0
2020-07-18,Parramatta,17.033691,7.799408,9.234283000000001,2020-07-18 18:00:00,2020-07-19 05:00:00,13.003021,5.335785,11.0,11.0,0.6970214545454546,0,0,Not hot day,7.994907345833333,76.62071570833334,1.9575121333333334,1013.4607908333334,0.186443329,20.0,1.0,0,middle_inland,17.0356,933920,5481959.1784,5482170.0,Parramatta - Rosehill,34732,4087.8,8.5,"ABS Regional Population 2019-20, SA2 proxy",7,0
2020-07-19,Parramatta,20.04831,4.751709,15.296601,2020-07-19 18:00:00,2020-07-20 05:00:00,15.210388,8.686127,11.0,11.0,0.5931146363636363,0,0,Not hot day,6.241452541666667,73.054393125,2.4521048708333333,1008.7400470833333,0.0,20.0,1.0,0,middle_inland,17.0356,933920,5481959.1784,5482170.0,Parramatta - Rosehill,34732,4087.8,8.5,"ABS Regional Population 2019-20, SA2 proxy",7,0
2020-07-20,Parramatta,18.100983,8.220673,9.88031,2020-07-20 18:00:00,2020-07-21 05:00:00,11.687653,5.585449,11.0,11.0,0.5547458181818181,0,0,Not hot day,2.096209224166667,53.245121583333336,2.981018016666667,1010.8848908333333,0.0,20.0,1.0,0,middle_inland,17.0356,933920,5481959.1784,5482170.0,Parramatta - Rosehill,34732,4087.8,8.5,"ABS Regional Population 2019-20, SA2 proxy",7,0
2020-07-21,Parramatta,16.261688,5.4214783,10.840209699999999,2020-07-21 18:00:00,2020-07-22 05:00:00,10.005249,4.313019,11.0,11.0,0.5174754545454545,0,0,Not hot day,3.2638295416666665,65.74143808333334,2.762999704166667,1018.5844141666666,0.0,20.0,1.0,0,middle_inland,17.0356,933920,5481959.1784,5482170.0,Parramatta - Rosehill,34732,4087.8,8.5,"ABS Regional Population 2019-20, SA2 proxy",7,0
2020-07-22,Parramatta,17.676483,3.738861,13.937622000000001,2020-07-22 18:00:00,2020-07-23 05:00:00,11.20401,3.7572937,11.0,11.0,0.6769742090909091,0,0,Not hot day,5.337375620833334,76.068365,1.7621468166666665,1018.9444729166667,0.0,20.0,1.0,0,middle_inland,17.0356,933920,5481959.1784,5482170.0,Parramatta - Rosehill,34732,4087.8,8.5,"ABS Regional Population 2019-20, SA2 proxy",7,0
2020-07-23,Parramatta,18.20398,2.7864075,15.417572500000002,2020-07-23 18:00:00,2020-07-24 05:00:00,11.795288,4.4897156,11.0,11.0,0.6641429454545453,0,0,Not hot day,6.307352695833333,80.01190279166667,1.3783206954166667,1017.9006916666667,0.0,20.0,1.0,0,middle_inland,17.0356,933920,5481959.1784,5482170.0,Parramatta - Rosehill,34732,4087.8,8.5,"ABS Regional Population 2019-20, SA2 proxy",7,0
2020-07-24,Parramatta,17.80246,4.345154,13.457305999999999,2020-07-24 18:00:00,2020-07-25 05:00:00,12.606842,5.967987,11.0,11.0,0.6035322727272727,0,0,Not hot day,7.845335662499999,87.00545845833334,1.6445254991666667,1018.8739662500001,0.0,20.0,1.0,0,middle_inland,17.0356,933920,5481959.1784,5482170.0,Parramatta - Rosehill,34732,4087.8,8.5,"ABS Regional Population 2019-20, SA2 proxy",7,0
2020-07-25,Parramatta,17.207733,5.967987,11.239746,2020-07-25 18:00:00,2020-07-26 04:00:00,14.03006,11.4427185,10.0,11.0,0.2587341500000001,0,0,Not hot day,10.1038932875,92.27770275,1.5647244833333334,1017.28014625,1.29604339336,20.0,1.0,0,middle_inland,17.0356,933920,5481959.1784,5482170.0,Parramatta - Rosehill,34732,4087.8,8.5,"ABS Regional Population 2019-20, SA2 proxy",7,0
2020-07-26,Parramatta,16.305878,11.4427185,4.8631595,2020-07-26 18:00:00,2020-07-26 21:00:00,16.009064,14.922638,3.0,11.0,0.3621419999999998,0,0,Not hot day,13.461572041666665,97.52254133333334,3.242628629166667,1007.21372875,86.263179235,20.0,1.0,0,middle_inland,17.0356,933920,5481959.1784,5482170.0,Parramatta - Rosehill,34732,4087.8,8.5,"ABS Regional Population 2019-20, SA2 proxy",7,0
2020-07-27,Parramatta,16.511505,12.581787,3.9297179999999994,2020-07-27 18:00:00,2020-07-27 23:00:00,13.383575,12.581787,5.0,11.0,0.16035760000000004,0,0,Not hot day,12.599450520833335,86.78771620833334,6.622338754166667,992.333635,25.685310378,20.0,1.0,0,middle_inland,17.0356,933920,5481959.1784,5482170.0,Parramatta - Rosehill,34732,4087.8,8.5,"ABS Regional Population 2019-20, SA2 proxy",7,0
2020-07-28,Parramatta,18.003754,12.818512,5.185242000000001,2020-07-28 18:00:00,2020-07-29 05:00:00,15.271088,9.787201,11.0,11.0,0.4985351818181819,0,0,Not hot day,11.963465375,81.63293399999999,4.528410541666667,1001.3847616666667,6.97565075246,20.0,1.0,0,middle_inland,17.0356,933920,5481959.1784,5482170.0,Parramatta - Rosehill,34732,4087.8,8.5,"ABS Regional Population 2019-20, SA2 proxy",7,0
2020-07-29,Parramatta,18.902985,9.048798,9.854187000000001,2020-07-29 18:00:00,2020-07-30 05:00:00,13.701691,8.628113,11.0,11.0,0.4612343636363636,0,0,Not hot day,9.651978791666666,79.98539783333334,1.9371471333333332,1008.9458991666667,0.051498412959999997,20.0,1.0,0,middle_inland,17.0356,933920,5481959.1784,5482170.0,Parramatta - Rosehill,34732,4087.8,8.5,"ABS Regional Population 2019-20, SA2 proxy",7,0
2020-07-30,Parramatta,17.420563,7.445587,9.974976000000002,2020-07-30 18:00:00,2020-07-31 05:00:00,14.002716,7.6617126,11.0,11.0,0.5764548545454544,0,0,Not hot day,8.180488683333333,76.553115,2.7191980250000003,1015.6621520833334,0.03004074106,20.0,1.0,0,middle_inland,17.0356,933920,5481959.1784,5482170.0,Parramatta - Rosehill,34732,4087.8,8.5,"ABS Regional Population 2019-20, SA2 proxy",7,0
2020-07-31,Parramatta,16.261719,6.3398743,9.9218447,2020-07-31 18:00:00,2020-08-01 05:00:00,10.908966,3.8591614,11.0,11.0,0.6408913272727272,0,0,Not hot day,6.163574175,73.36309516666667,2.2486042058333333,1020.0586125,0.0,20.0,1.0,0,middle_inland,17.0356,933920,5481959.1784,5482170.0,Parramatta - Rosehill,34732,4087.8,8.5,"ABS Regional Population 2019-20, SA2 proxy",7,0
2020-08-01,Parramatta,18.620514,3.5852356,15.0352784,2020-08-01 18:00:00,2020-08-02 05:00:00,12.111847,3.6817932,11.0,11.0,0.7663685272727272,0,0,Not hot day,6.454071016666667,80.34687195833332,1.6517027166666667,1017.8967058333333,0.0,20.0,1.0,0,middle_inland,17.0356,933920,5481959.1784,5482170.0,Parramatta - Rosehill,34732,4087.8,8.5,"ABS Regional Population 2019-20, SA2 proxy",8,0
2020-08-02,Parramatta,18.929108,3.111969,15.817139,2020-08-02 18:00:00,2020-08-03 05:00:00,11.84314,3.2808533,11.0,11.0,0.7783897,0,0,Not hot day,5.831179258333333,77.85834745833334,1.4257039674999998,1016.3402333333333,0.0,20.0,1.0,0,middle_inland,17.0356,933920,5481959.1784,5482170.0,Parramatta - Rosehill,34732,4087.8,8.5,"ABS Regional Population 2019-20, SA2 proxy",8,0
2020-08-03,Parramatta,20.813568,2.4380188,18.375549200000002,2020-08-03 18:00:00,2020-08-04 05:00:00,13.810455,5.627228,11.0,11.0,0.7439297272727271,0,0,Not hot day,5.147497779166667,71.82647420833334,1.8258990624999998,1010.5186866666667,0.0,20.0,1.0,0,middle_inland,17.0356,933920,5481959.1784,5482170.0,Parramatta - Rosehill,34732,4087.8,8.5,"ABS Regional Population 2019-20, SA2 proxy",8,0
2020-08-04,Parramatta,21.022644,5.191925,15.830718999999998,2020-08-04 18:00:00,2020-08-05 05:00:00,15.076752,4.856842,11.0,11.0,0.9290827272727273,0,0,Not hot day,3.8138249799999997,58.86537833333333,3.1046063458333335,1004.3522479166667,0.0,20.0,1.0,0,middle_inland,17.0356,933920,5481959.1784,5482170.0,Parramatta - Rosehill,34732,4087.8,8.5,"ABS Regional Population 2019-20, SA2 proxy",8,0
2020-08-05,Parramatta,16.751831,4.1006775,12.6511535,2020-08-05 18:00:00,2020-08-06 05:00:00,11.623383,4.3608093,11.0,11.0,0.6602339727272728,0,0,Not hot day,-1.5175997483333334,46.78965733333334,3.5210748874999998,1006.2240645833334,0.0,20.0,1.0,0,middle_inland,17.0356,933920,5481959.1784,5482170.0,Parramatta - Rosehill,34732,4087.8,8.5,"ABS Regional Population 2019-20, SA2 proxy",8,0
2020-08-06,Parramatta,15.397461,3.306488,12.090973,2020-08-06 18:00:00,2020-08-07 02:00:00,8.859314,6.4685364,8.0,11.0,0.2988472,0,0,Not hot day,0.5665308658333333,58.76653483333333,2.42734125,1011.3218104166667,0.0,20.0,1.0,0,middle_inland,17.0356,933920,5481959.1784,5482170.0,Parramatta - Rosehill,34732,4087.8,8.5,"ABS Regional Population 2019-20, SA2 proxy",8,0
2020-08-07,Parramatta,12.242889,6.4685364,5.7743526,2020-08-07 18:00:00,2020-08-08 05:00:00,12.06897,10.256317,11.0,11.0,0.16478663636363644,0,0,Not hot day,8.585309416666666,90.17696000000001,1.6618691441666666,1012.5267120833333,14.7018432543,20.0,1.0,0,middle_inland,17.0356,933920,5481959.1784,5482170.0,Parramatta - Rosehill,34732,4087.8,8.5,"ABS Regional Population 2019-20, SA2 proxy",8,0
2020-08-08,Parramatta,16.205597,10.256317,5.949280000000002,2020-08-08 18:00:00,2020-08-09 05:00:00,13.317505,8.596893,11.0,11.0,0.42914654545454556,0,0,Not hot day,10.928410791666666,88.12174970833333,2.0760548958333334,1005.5694562499999,2.4981498177,20.0,1.0,0,middle_inland,17.0356,933920,5481959.1784,5482170.0,Parramatta - Rosehill,34732,4087.8,8.5,"ABS Regional Population 2019-20, SA2 proxy",8,0
2020-08-09,Parramatta,14.38858,7.924774,6.463805999999999,2020-08-09 18:00:00,2020-08-09 18:00:00,10.787628,10.787628,0.0,11.0,0.0,0,0,Not hot day,7.4902750791666675,77.93784020833333,3.908645754166667,1002.2803879166667,18.27526093316,20.0,1.0,0,middle_inland,17.0356,933920,5481959.1784,5482170.0,Parramatta - Rosehill,34732,4087.8,8.5,"ABS Regional Population 2019-20, SA2 proxy",8,0
2020-08-10,Parramatta,15.875793,10.635895,5.239898,2020-08-10 18:00:00,2020-08-11 00:00:00,12.57254,10.486298,6.0,11.0,0.34770700000000004,0,0,Not hot day,9.712799104166667,79.915334,6.0793424625000005,1008.7108270833334,5.0234794453000005,20.0,1.0,0,middle_inland,17.0356,933920,5481959.1784,5482170.0,Parramatta - Rosehill,34732,4087.8,8.5,"ABS Regional Population 2019-20, SA2 proxy",8,0
2020-08-11,Parramatta,16.777863,9.038971,7.738892,2020-08-11 18:00:00,2020-08-12 05:00:00,11.883789,8.250153,11.0,11.0,0.33033054545454554,0,0,Not hot day,8.194224058333333,77.224885,2.24487706875,1012.6100245833333,0.03480911256,20.0,1.0,0,middle_inland,17.0356,933920,5481959.1784,5482170.0,Parramatta - Rosehill,34732,4087.8,8.5,"ABS Regional Population 2019-20, SA2 proxy",8,0
2020-08-12,Parramatta,18.109222,8.124695,9.984527,2020-08-12 18:00:00,2020-08-13 05:00:00,14.539215,8.707184,11.0,11.0,0.5301846363636364,0,0,Not hot day,9.706850791666666,85.31052983333333,1.6566184233333334,1007.5484670833333,0.7972717256,20.0,1.0,0,middle_inland,17.0356,933920,5481959.1784,5482170.0,Parramatta - Rosehill,34732,4087.8,8.5,"ABS Regional Population 2019-20, SA2 proxy",8,0
2020-08-13,Parramatta,21.930206,7.797699,14.132506999999999,2020-08-13 18:00:00,2020-08-14 05:00:00,16.282745,7.478302,11.0,11.0,0.800403909090909,0,0,Not hot day,10.084283258333334,79.023909125,1.6105881816666667,1006.2584633333335,0.0877380376,20.0,1.0,0,middle_inland,17.0356,933920,5481959.1784,5482170.0,Parramatta - Rosehill,34732,4087.8,8.5,"ABS Regional Population 2019-20, SA2 proxy",8,0
2020-08-14,Parramatta,17.295135,7.4146423,9.880492699999998,2020-08-14 18:00:00,2020-08-15 05:00:00,14.248352,11.8472595,11.0,11.0,0.21828113636363644,0,0,Not hot day,11.007560733333333,90.19100220833333,1.0859454029166666,1006.88451875,6.7763328683,20.0,1.0,0,middle_inland,17.0356,933920,5481959.1784,5482170.0,Parramatta - Rosehill,34732,4087.8,8.5,"ABS Regional Population 2019-20, SA2 proxy",8,0
2020-08-15,Parramatta,18.240662,11.45105,6.789612,2020-08-15 18:00:00,2020-08-16 05:00:00,15.8012085,13.055084,11.0,11.0,0.2496476818181817,0,0,Not hot day,10.106562341666667,75.59395379166666,3.3396596375,999.7235545833333,2.76708601222,20.0,1.0,0,middle_inland,17.0356,933920,5481959.1784,5482170.0,Parramatta - Rosehill,34732,4087.8,8.5,"ABS Regional Population 2019-20, SA2 proxy",8,0
2020-08-16,Parramatta,19.084808,12.799988,6.284819999999998,2020-08-16 18:00:00,2020-08-17 05:00:00,14.726105,11.490936,11.0,11.0,0.2941062727272728,0,0,Not hot day,6.3462422583333336,56.744106249999994,4.5956062625,999.085205,0.365257257,20.0,1.0,0,middle_inland,17.0356,933920,5481959.1784,5482170.0,Parramatta - Rosehill,34732,4087.8,8.5,"ABS Regional Population 2019-20, SA2 proxy",8,0
2020-08-17,Parramatta,19.48349,9.586578,9.896912,2020-08-17 18:00:00,2020-08-18 00:00:00,14.730652,9.360077,6.0,11.0,0.8950958333333331,0,0,Not hot day,5.746629062499999,57.410675166666664,3.7863579166666668,1000.4170079166666,0.0,20.0,1.0,0,middle_inland,17.0356,933920,5481959.1784,5482170.0,Parramatta - Rosehill,34732,4087.8,8.5,"ABS Regional Population 2019-20, SA2 proxy",8,0
2020-08-18,Parramatta,20.026001,9.360077,10.665924,2020-08-18 18:00:00,2020-08-19 05:00:00,15.456512,9.021576,11.0,11.0,0.5849941818181819,0,0,Not hot day,7.150747954166667,65.85851220833334,2.8520908958333333,997.5042,3.91292576176,20.0,1.0,0,middle_inland,17.0356,933920,5481959.1784,5482170.0,Parramatta - Rosehill,34732,4087.8,8.5,"ABS Regional Population 2019-20, SA2 proxy",8,0
2020-08-19,Parramatta,20.198944,8.259613,11.939331000000001,2020-08-19 18:00:00,2020-08-20 05:00:00,13.714935,11.113983,11.0,11.0,0.23645018181818192,0,0,Not hot day,5.410008745833333,60.545245875,4.8297469458333335,989.519335,0.1502037016,20.0,1.0,0,middle_inland,17.0356,933920,5481959.1784,5482170.0,Parramatta - Rosehill,34732,4087.8,8.5,"ABS Regional Population 2019-20, SA2 proxy",8,0
2020-08-20,Parramatta,17.472809,10.471649,7.001160000000002,2020-08-20 18:00:00,2020-08-21 05:00:00,13.519287,7.7799377,11.0,11.0,0.5217590272727274,0,0,Not hot day,3.346410104166667,51.13373966666666,4.830927725,994.7316345833333,0.0,20.0,1.0,0,middle_inland,17.0356,933920,5481959.1784,5482170.0,Parramatta - Rosehill,34732,4087.8,8.5,"ABS Regional Population 2019-20, SA2 proxy",8,0
2020-08-21,Parramatta,18.172394,7.5546265,10.6177675,2020-08-21 18:00:00,2020-08-22 05:00:00,14.175507,8.763916,11.0,11.0,0.49196281818181814,0,0,Not hot day,3.618521383333333,56.4616205,4.114052516666667,998.8685375,0.01001358036,20.0,1.0,0,middle_inland,17.0356,933920,5481959.1784,5482170.0,Parramatta - Rosehill,34732,4087.8,8.5,"ABS Regional Population 2019-20, SA2 proxy",8,0
2020-08-22,Parramatta,14.256226,8.1214905,6.1347355,2020-08-22 18:00:00,2020-08-23 01:00:00,10.7083435,9.256531,7.0,11.0,0.20740178571428558,0,0,Not hot day,1.68655904125,54.307373625,4.981321191666667,997.5966158333334,0.43630599529999997,20.0,1.0,0,middle_inland,17.0356,933920,5481959.1784,5482170.0,Parramatta - Rosehill,34732,4087.8,8.5,"ABS Regional Population 2019-20, SA2 proxy",8,0
2020-08-23,Parramatta,16.263092,9.178589,7.084503,2020-08-23 18:00:00,2020-08-24 05:00:00,12.053528,7.8866577,11.0,11.0,0.3788063909090909,0,0,Not hot day,1.3310559641666666,48.884362375,5.8346359083333335,1000.6361149999999,0.0,20.0,1.0,0,middle_inland,17.0356,933920,5481959.1784,5482170.0,Parramatta - Rosehill,34732,4087.8,8.5,"ABS Regional Population 2019-20, SA2 proxy",8,0
2020-08-24,Parramatta,17.809723,7.3000183,10.509704700000002,2020-08-24 18:00:00,2020-08-25 05:00:00,12.335175,3.3938904,11.0,11.0,0.8128440545454545,0,0,Not hot day,1.3065617916666665,50.514842125,3.1337743916666665,1011.31563625,0.0,20.0,1.0,0,middle_inland,17.0356,933920,5481959.1784,5482170.0,Parramatta - Rosehill,34732,4087.8,8.5,"ABS Regional Population 2019-20, SA2 proxy",8,0
2020-08-25,Parramatta,15.486603,3.0110168,12.4755862,2020-08-25 18:00:00,2020-08-26 05:00:00,10.808563,2.7347107,11.0,11.0,0.7339865727272726,0,0,Not hot day,2.680203747083333,67.40268554166667,2.0032682333333334,1018.95089375,0.0,20.0,1.0,0,middle_inland,17.0356,933920,5481959.1784,5482170.0,Parramatta - Rosehill,34732,4087.8,8.5,"ABS Regional Population 2019-20, SA2 proxy",8,0
2020-08-26,Parramatta,18.078766,2.1908875,15.887878500000001,2020-08-26 18:00:00,2020-08-27 05:00:00,12.610565,2.6076355,11.0,11.0,0.9093572272727272,0,0,Not hot day,3.468748741666667,69.25741191666667,1.5723993345833334,1020.868685,0.0,20.0,1.0,0,middle_inland,17.0356,933920,5481959.1784,5482170.0,Parramatta - Rosehill,34732,4087.8,8.5,"ABS Regional Population 2019-20, SA2 proxy",8,0
2020-08-27,Parramatta,21.544342,2.1092834,19.4350586,2020-08-27 18:00:00,2020-08-28 05:00:00,15.311401,10.4088745,11.0,11.0,0.44568422727272733,0,0,Not hot day,1.5249239449583334,58.852395124999994,2.262511208333333,1016.50630375,0.0,20.0,1.0,0,middle_inland,17.0356,933920,5481959.1784,5482170.0,Parramatta - Rosehill,34732,4087.8,8.5,"ABS Regional Population 2019-20, SA2 proxy",8,0
2020-08-28,Parramatta,18.189606,6.556671,11.632935000000002,2020-08-28 18:00:00,2020-08-29 05:00:00,12.211395,3.6281128,11.0,11.0,0.7802983818181818,0,0,Not hot day,1.8338648341666666,50.011170166666666,2.6641672708333335,1016.7816408333333,0.0,20.0,1.0,0,middle_inland,17.0356,933920,5481959.1784,5482170.0,Parramatta - Rosehill,34732,4087.8,8.5,"ABS Regional Population 2019-20, SA2 proxy",8,0
2020-08-29,Parramatta,21.100494,3.2480164,17.8524776,2020-08-29 18:00:00,2020-08-30 05:00:00,15.050751,4.8230286,11.0,11.0,0.9297929454545456,0,0,Not hot day,4.5530306125,66.65918695833334,2.0924352208333334,1021.2464216666667,0.0,20.0,1.0,0,middle_inland,17.0356,933920,5481959.1784,5482170.0,Parramatta - Rosehill,34732,4087.8,8.5,"ABS Regional Population 2019-20, SA2 proxy",8,0
2020-08-30,Parramatta,25.813385,4.141754,21.671631,2020-08-30 18:00:00,2020-08-31 05:00:00,20.21814,12.616119,11.0,11.0,0.6910928181818181,1,0,Low risk,6.1957638875,62.845997875,2.4802767125,1015.0174216666666,0.0,20.0,1.0,0,middle_inland,17.0356,933920,5481959.1784,5482170.0,Parramatta - Rosehill,34732,4087.8,8.5,"ABS Regional Population 2019-20, SA2 proxy",8,0
2020-08-31,Parramatta,21.693665,11.856293,9.837371999999998,2020-08-31 18:00:00,2020-09-01 05:00:00,14.275116,10.149109,11.0,11.0,0.3750915454545456,0,0,Not hot day,7.785158804166667,61.8938885,3.7275330125,1011.3268729166666,0.0452995302,20.0,1.0,0,middle_inland,17.0356,933920,5481959.1784,5482170.0,Parramatta - Rosehill,34732,4087.8,8.5,"ABS Regional Population 2019-20, SA2 proxy",8,0
2020-09-01,Parramatta,17.487946,8.629547,8.858399,2020-09-01 18:00:00,2020-09-02 05:00:00,13.5224,5.641083,11.0,11.0,0.7164833636363636,0,0,Not hot day,6.5958429999999995,65.88539766666666,2.2228767358333332,1015.7361695833333,0.0567436215,20.0,1.0,0,middle_inland,17.0356,933920,5481959.1784,5482170.0,Parramatta - Rosehill,34732,4087.8,8.5,"ABS Regional Population 2019-20, SA2 proxy",9,0
2020-09-02,Parramatta,24.197021,5.4983826,18.6986384,2020-09-02 18:00:00,2020-09-03 05:00:00,19.61734,13.610596,11.0,11.0,0.5460676363636363,1,0,Moderate risk,6.972214979166666,66.61906654166667,2.749569741666667,1011.9462149999999,0.0,20.0,1.0,0,middle_inland,17.0356,933920,5481959.1784,5482170.0,Parramatta - Rosehill,34732,4087.8,8.5,"ABS Regional Population 2019-20, SA2 proxy",9,0
2020-09-03,Parramatta,29.806976,13.474915,16.332061,2020-09-03 18:00:00,2020-09-04 05:00:00,24.762177,16.409882,11.0,11.0,0.7592995454545456,1,0,Low risk,9.234654808333334,49.85083766666667,4.090624991666666,1008.0578341666666,0.0,20.0,1.0,0,middle_inland,17.0356,933920,5481959.1784,5482170.0,Parramatta - Rosehill,34732,4087.8,8.5,"ABS Regional Population 2019-20, SA2 proxy",9,0
2020-09-04,Parramatta,20.863617,15.005371,5.858246000000001,2020-09-04 18:00:00,2020-09-05 05:00:00,18.087067,10.831024,11.0,11.0,0.6596402727272729,0,0,Not hot day,12.130504583333334,69.24554541666667,2.1227929291666667,1008.11148625,4.2500496430000005,20.0,1.0,0,middle_inland,17.0356,933920,5481959.1784,5482170.0,Parramatta - Rosehill,34732,4087.8,8.5,"ABS Regional Population 2019-20, SA2 proxy",9,0
2020-09-05,Parramatta,21.954407,9.69516,12.259247,2020-09-05 18:00:00,2020-09-06 05:00:00,15.848206,7.759918,11.0,11.0,0.735298909090909,0,0,Not hot day,9.164933504166667,71.40081204166667,2.4184374766666665,1010.2129904166667,0.58078768,20.0,1.0,0,middle_inland,17.0356,933920,5481959.1784,5482170.0,Parramatta - Rosehill,34732,4087.8,8.5,"ABS Regional Population 2019-20, SA2 proxy",9,0
2020-09-06,Parramatta,18.869873,7.759918,11.109955,2020-09-06 18:00:00,2020-09-07 05:00:00,15.809174,9.373749,11.0,11.0,0.5850386363636364,0,0,Not hot day,9.528545366666666,77.86834491666666,2.135857393333333,1020.0739733333334,0.96178055976,20.0,1.0,0,middle_inland,17.0356,933920,5481959.1784,5482170.0,Parramatta - Rosehill,34732,4087.8,8.5,"ABS Regional Population 2019-20, SA2 proxy",9,0
2020-09-07,Parramatta,21.74524,9.126556,12.618683999999998,2020-09-07 18:00:00,2020-09-08 05:00:00,17.242645,7.975708,11.0,11.0,0.842448818181818,0,0,Not hot day,10.179531104166667,72.11830508333334,2.9007886708333337,1022.9760629166667,0.0,20.0,1.0,0,middle_inland,17.0356,933920,5481959.1784,5482170.0,Parramatta - Rosehill,34732,4087.8,8.5,"ABS Regional Population 2019-20, SA2 proxy",9,0
2020-09-08,Parramatta,24.680084,7.8384705,16.8416135,2020-09-08 18:00:00,2020-09-09 03:00:00,19.453156,12.6336975,9.0,11.0,0.757717611111111,1,0,Low risk,10.5748850375,72.69189754166666,2.6339694083333334,1019.9821400000001,0.0,20.0,1.0,0,middle_inland,17.0356,933920,5481959.1784,5482170.0,Parramatta - Rosehill,34732,4087.8,8.5,"ABS Regional Population 2019-20, SA2 proxy",9,0
2020-09-09,Parramatta,15.802582,12.258514,3.5440679999999993,2020-09-09 18:00:00,2020-09-10 02:00:00,13.159241,12.189148,8.0,11.0,0.12126162500000004,0,0,Not hot day,12.235276604166666,88.44039520833333,3.519360766666667,1019.4574833333332,13.1187439052,20.0,1.0,0,middle_inland,17.0356,933920,5481959.1784,5482170.0,Parramatta - Rosehill,34732,4087.8,8.5,"ABS Regional Population 2019-20, SA2 proxy",9,0
2020-09-10,Parramatta,17.169403,12.189148,4.980255,2020-09-10 18:00:00,2020-09-11 05:00:00,14.061066,10.468658,11.0,11.0,0.3265825454545455,0,0,Not hot day,9.201296525,73.62191962499999,3.524656879166667,1021.1180425000001,0.772953032,20.0,1.0,0,middle_inland,17.0356,933920,5481959.1784,5482170.0,Parramatta - Rosehill,34732,4087.8,8.5,"ABS Regional Population 2019-20, SA2 proxy",9,0
2020-09-11,Parramatta,18.859283,10.331207,8.528076000000002,2020-09-11 18:00:00,2020-09-12 05:00:00,15.4331665,7.6596375,11.0,11.0,0.7066844545454546,0,0,Not hot day,10.230573041666666,78.31132058333334,2.4073717583333334,1022.6622479166667,0.5102157569,20.0,1.0,0,middle_inland,17.0356,933920,5481959.1784,5482170.0,Parramatta - Rosehill,34732,4087.8,8.5,"ABS Regional Population 2019-20, SA2 proxy",9,0
2020-09-12,Parramatta,22.51004,7.246887,15.263152999999999,2020-09-12 18:00:00,2020-09-13 05:00:00,17.556854,7.9927673,11.0,11.0,0.8694624272727274,0,0,Not hot day,9.840820299999999,75.37691149999999,2.434723425,1018.8767875,0.0,20.0,1.0,0,middle_inland,17.0356,933920,5481959.1784,5482170.0,Parramatta - Rosehill,34732,4087.8,8.5,"ABS Regional Population 2019-20, SA2 proxy",9,0
2020-09-13,Parramatta,24.358124,7.9927673,16.3653567,2020-09-13 18:00:00,2020-09-14 05:00:00,18.419403,8.174103,11.0,11.0,0.9313909090909089,1,0,Low risk,9.185641020833334,68.74644525000001,2.4863031625,1015.0585870833334,0.0,20.0,1.0,0,middle_inland,17.0356,933920,5481959.1784,5482170.0,Parramatta - Rosehill,34732,4087.8,8.5,"ABS Regional Population 2019-20, SA2 proxy",9,0
2020-09-14,Parramatta,21.854828,7.9309998,13.9238282,2020-09-14 18:00:00,2020-09-15 01:00:00,16.533203,13.308136,7.0,11.0,0.4607238571428573,0,0,Not hot day,10.8730354375,77.58824958333334,2.19356075,1017.0031895833334,0.0090599058,20.0,1.0,0,middle_inland,17.0356,933920,5481959.1784,5482170.0,Parramatta - Rosehill,34732,4087.8,8.5,"ABS Regional Population 2019-20, SA2 proxy",9,0
2020-09-15,Parramatta,22.527374,13.308136,9.219237999999999,2020-09-15 18:00:00,2020-09-16 05:00:00,18.48648,10.812439,11.0,11.0,0.697640090909091,0,0,Not hot day,13.498270562499998,79.888559125,2.3877111083333333,1019.5495075,1.4972686800000001,20.0,1.0,0,middle_inland,17.0356,933920,5481959.1784,5482170.0,Parramatta - Rosehill,34732,4087.8,8.5,"ABS Regional Population 2019-20, SA2 proxy",9,0
2020-09-16,Parramatta,27.476593,10.233429,17.243164,2020-09-16 18:00:00,2020-09-17 05:00:00,21.666748,11.717743,11.0,11.0,0.9044549999999998,1,0,Low risk,11.719933854166667,70.418623,2.1018933541666667,1014.6970225,0.0066757202,20.0,1.0,0,middle_inland,17.0356,933920,5481959.1784,5482170.0,Parramatta - Rosehill,34732,4087.8,8.5,"ABS Regional Population 2019-20, SA2 proxy",9,0
2020-09-17,Parramatta,30.378632,11.717743,18.660888999999997,2020-09-17 18:00:00,2020-09-18 05:00:00,18.140778,13.997253,11.0,11.0,0.37668409090909094,1,1,High risk,11.228511770833334,64.07359833333334,3.358100725,1015.1534433333333,0.4100799558,20.0,1.0,0,middle_inland,17.0356,933920,5481959.1784,5482170.0,Parramatta - Rosehill,34732,4087.8,8.5,"ABS Regional Population 2019-20, SA2 proxy",9,0
2020-09-18,Parramatta,17.546234,13.997253,3.5489809999999977,2020-09-18 18:00:00,2020-09-19 04:00:00,16.776886,14.991119,10.0,11.0,0.17857670000000017,0,0,Not hot day,13.205702395833333,83.05802425,2.260536329166667,1022.9156520833334,1.3751983606,20.0,1.0,0,middle_inland,17.0356,933920,5481959.1784,5482170.0,Parramatta - Rosehill,34732,4087.8,8.5,"ABS Regional Population 2019-20, SA2 proxy",9,0
2020-09-19,Parramatta,22.814331,14.991119,7.823212,2020-09-19 18:00:00,2020-09-20 05:00:00,19.171051,16.938538,11.0,11.0,0.20295572727272704,0,0,Not hot day,15.4346631875,83.03641054166667,2.884385174166667,1016.7780316666667,2.2053718609999997,20.0,1.0,0,middle_inland,17.0356,933920,5481959.1784,5482170.0,Parramatta - Rosehill,34732,4087.8,8.5,"ABS Regional Population 2019-20, SA2 proxy",9,0
2020-09-20,Parramatta,20.673553,15.970367,4.703185999999999,2020-09-20 18:00:00,2020-09-21 05:00:00,18.384216,13.552765,11.0,11.0,0.43922281818181796,0,0,Not hot day,15.085543333333334,84.98165412499999,3.4942421333333336,1007.2081133333332,11.87896726656,20.0,1.0,0,middle_inland,17.0356,933920,5481959.1784,5482170.0,Parramatta - Rosehill,34732,4087.8,8.5,"ABS Regional Population 2019-20, SA2 proxy",9,0
2020-09-21,Parramatta,28.997284,13.409576,15.587708000000001,2020-09-21 18:00:00,2020-09-22 05:00:00,24.84555,19.337677,11.0,11.0,0.5007157272727273,1,0,Moderate risk,15.562550833333333,72.77285670833334,3.2315687458333335,1002.2566845833334,0.1497268659,20.0,1.0,0,middle_inland,17.0356,933920,5481959.1784,5482170.0,Parramatta - Rosehill,34732,4087.8,8.5,"ABS Regional Population 2019-20, SA2 proxy",9,0
2020-09-22,Parramatta,26.536957,15.885376,10.651581,2020-09-22 18:00:00,2020-09-23 05:00:00,22.040802,11.941864,11.0,11.0,0.9180852727272726,1,0,Low risk,8.873756425,48.724998416666665,3.934351233333333,1002.0002995833333,0.0033378601000000003,20.0,1.0,0,middle_inland,17.0356,933920,5481959.1784,5482170.0,Parramatta - Rosehill,34732,4087.8,8.5,"ABS Regional Population 2019-20, SA2 proxy",9,0
2020-09-23,Parramatta,23.27362,11.396271,11.877349,2020-09-23 18:00:00,2020-09-24 05:00:00,18.183655,9.694672,11.0,11.0,0.7717257272727274,0,0,Not hot day,4.861478170833333,46.839208041666666,3.109157145833333,1004.6958325,0.0,20.0,1.0,0,middle_inland,17.0356,933920,5481959.1784,5482170.0,Parramatta - Rosehill,34732,4087.8,8.5,"ABS Regional Population 2019-20, SA2 proxy",9,0
2020-09-24,Parramatta,21.235565,9.694672,11.540893,2020-09-24 18:00:00,2020-09-25 04:00:00,16.654816,7.8973694,10.0,11.0,0.8757446600000002,0,0,Not hot day,3.6725464079166668,49.26387625,3.546392075,1005.69994375,0.0,20.0,1.0,0,middle_inland,17.0356,933920,5481959.1784,5482170.0,Parramatta - Rosehill,34732,4087.8,8.5,"ABS Regional Population 2019-20, SA2 proxy",9,0
2020-09-25,Parramatta,22.392487,7.8973694,14.4951176,2020-09-25 18:00:00,2020-09-26 05:00:00,14.481354,9.356293,11.0,11.0,0.4659146363636362,0,0,Not hot day,4.320106498333334,55.22728933333334,5.357415083333334,998.8351375000001,0.9722709659,20.0,1.0,0,middle_inland,17.0356,933920,5481959.1784,5482170.0,Parramatta - Rosehill,34732,4087.8,8.5,"ABS Regional Population 2019-20, SA2 proxy",9,0
2020-09-26,Parramatta,17.133331,9.252075,7.881255999999999,2020-09-26 18:00:00,2020-09-27 05:00:00,13.476624,7.9150085,11.0,11.0,0.505601409090909,0,0,Not hot day,0.8320528729166666,45.49033166666666,6.053234275,1003.2023062499999,0.0,20.0,1.0,0,middle_inland,17.0356,933920,5481959.1784,5482170.0,Parramatta - Rosehill,34732,4087.8,8.5,"ABS Regional Population 2019-20, SA2 proxy",9,0
2020-09-27,Parramatta,18.051575,7.9150085,10.1365665,2020-09-27 18:00:00,2020-09-28 05:00:00,13.111969,5.373993,11.0,11.0,0.7034523636363637,0,0,Not hot day,3.673675558333333,56.323004999999995,3.4082579791666667,1014.1928608333333,0.28896332232,20.0,1.0,0,middle_inland,17.0356,933920,5481959.1784,5482170.0,Parramatta - Rosehill,34732,4087.8,8.5,"ABS Regional Population 2019-20, SA2 proxy",9,0
2020-09-28,Parramatta,19.317657,5.373993,13.943664000000002,2020-09-28 18:00:00,2020-09-29 05:00:00,15.003754,9.284332,11.0,11.0,0.5199474545454547,0,0,Not hot day,5.881000525,66.17568725,1.8205345666666666,1018.6414879166667,0.0,20.0,1.0,0,middle_inland,17.0356,933920,5481959.1784,5482170.0,Parramatta - Rosehill,34732,4087.8,8.5,"ABS Regional Population 2019-20, SA2 proxy",9,0
2020-09-29,Parramatta,18.908752,9.284332,9.62442,2020-09-29 18:00:00,2020-09-30 05:00:00,15.278931,9.281036,11.0,11.0,0.5452631818181818,0,0,Not hot day,8.463860808333333,71.63431033333333,2.2095389187500003,1017.7356974999999,0.45347214199999997,20.0,1.0,0,middle_inland,17.0356,933920,5481959.1784,5482170.0,Parramatta - Rosehill,34732,4087.8,8.5,"ABS Regional Population 2019-20, SA2 proxy",9,0
2020-09-30,Parramatta,20.875763,9.281036,11.594726999999999,2020-09-30 18:00:00,2020-10-01 03:00:00,17.644104,14.3871765,9.0,11.0,0.3618808333333331,0,0,Not hot day,9.8521219375,73.11034108333332,2.837080041666667,1009.75598875,0.23031235,20.0,1.0,0,middle_inland,17.0356,933920,5481959.1784,5482170.0,Parramatta - Rosehill,34732,4087.8,8.5,"ABS Regional Population 2019-20, SA2 proxy",9,0
2020-10-01,Parramatta,25.315521,12.436676,12.878845,2020-10-01 18:00:00,2020-10-02 05:00:00,17.33194,8.583862,11.0,11.0,0.7952798181818181,1,0,Low risk,10.4845531125,66.11415649999999,3.033555625,1008.26766125,1.5001297056,20.0,1.0,0,middle_inland,17.0356,933920,5481959.1784,5482170.0,Parramatta - Rosehill,34732,4087.8,8.5,"ABS Regional Population 2019-20, SA2 proxy",10,0
2020-10-02,Parramatta,26.31073,8.583862,17.726868,2020-10-02 18:00:00,2020-10-03 05:00:00,20.64328,9.159943,11.0,11.0,1.0439397272727273,1,0,Low risk,9.026555320833333,66.13088754166667,1.8348937641666667,1015.8800958333333,0.0,20.0,1.0,0,middle_inland,17.0356,933920,5481959.1784,5482170.0,Parramatta - Rosehill,34732,4087.8,8.5,"ABS Regional Population 2019-20, SA2 proxy",10,0
2020-10-03,Parramatta,28.572632,9.159943,19.412689,2020-10-03 18:00:00,2020-10-04 05:00:00,21.351044,12.233673,11.0,11.0,0.8288519090909093,1,0,Low risk,10.929101395833333,66.85202695833333,2.6893150420833334,1016.2154916666667,0.0,20.0,1.0,0,middle_inland,17.0356,933920,5481959.1784,5482170.0,Parramatta - Rosehill,34732,4087.8,8.5,"ABS Regional Population 2019-20, SA2 proxy",10,0
2020-10-04,Parramatta,30.80893,11.563721,19.245209000000003,2020-10-04 18:00:00,2020-10-05 05:00:00,26.85086,13.903961,11.0,11.0,1.1769908181818183,1,0,Low risk,12.650246043478262,65.13488547826087,2.9527329739130437,1011.711467826087,0.0,20.0,1.0,0,middle_inland,17.0356,933920,5481959.1784,5482170.0,Parramatta - Rosehill,34732,4087.8,8.5,"ABS Regional Population 2019-20, SA2 proxy",10,0
2020-10-05,Parramatta,33.123383,13.678864,19.444518999999996,2020-10-05 18:00:00,2020-10-06 01:00:00,30.43808,15.847992,7.0,11.0,2.0842982857142855,1,0,Low risk,10.985397345833334,52.47936633333333,2.815395975,1008.9347375000001,0.0,20.0,1.0,0,middle_inland,17.0356,933920,5481959.1784,5482170.0,Parramatta - Rosehill,34732,4087.8,8.5,"ABS Regional Population 2019-20, SA2 proxy",10,0
2020-10-06,Parramatta,20.905273,15.847992,5.0572810000000015,2020-10-06 18:00:00,2020-10-07 05:00:00,18.708374,17.010864,11.0,11.0,0.15431909090909068,0,0,Not hot day,13.721300770833333,77.37401383333334,3.606529566666667,1013.7540845833333,0.02241134638,20.0,1.0,0,middle_inland,17.0356,933920,5481959.1784,5482170.0,Parramatta - Rosehill,34732,4087.8,8.5,"ABS Regional Population 2019-20, SA2 proxy",10,0
2020-10-07,Parramatta,20.747711,17.010864,3.7368469999999974,2020-10-07 18:00:00,2020-10-08 05:00:00,18.863617,16.621735,11.0,11.0,0.20380745454545457,0,0,Not hot day,15.717524375000002,84.19556295833333,1.5038036879166665,1012.1362195833334,2.04038616272,20.0,1.0,0,middle_inland,17.0356,933920,5481959.1784,5482170.0,Parramatta - Rosehill,34732,4087.8,8.5,"ABS Regional Population 2019-20, SA2 proxy",10,0
2020-10-08,Parramatta,27.39627,16.225372,11.170898000000001,2020-10-08 18:00:00,2020-10-09 05:00:00,26.081787,11.87265,11.0,11.0,1.2917397272727271,1,0,Low risk,14.411998729166667,69.39294025,2.902373491666667,1004.1336216666667,7.1072578786000005,20.0,1.0,0,middle_inland,17.0356,933920,5481959.1784,5482170.0,Parramatta - Rosehill,34732,4087.8,8.5,"ABS Regional Population 2019-20, SA2 proxy",10,0
2020-10-09,Parramatta,22.567719,11.098572,11.469147,2020-10-09 18:00:00,2020-10-10 05:00:00,21.34201,9.915039,11.0,11.0,1.0388155454545454,0,0,Not hot day,6.301367445833333,50.00887695833333,3.7646493666666667,1006.7287995833334,0.0,20.0,1.0,0,middle_inland,17.0356,933920,5481959.1784,5482170.0,Parramatta - Rosehill,34732,4087.8,8.5,"ABS Regional Population 2019-20, SA2 proxy",10,0
2020-10-10,Parramatta,25.76825,9.4418335,16.3264165,2020-10-10 18:00:00,2020-10-11 05:00:00,23.8284,9.723846,11.0,11.0,1.2822321818181817,1,0,Low risk,4.460760746666667,46.66188441666667,1.7721536291666666,1010.7594483333334,0.0,20.0,1.0,0,middle_inland,17.0356,933920,5481959.1784,5482170.0,Parramatta - Rosehill,34732,4087.8,8.5,"ABS Regional Population 2019-20, SA2 proxy",10,0
2020-10-11,Parramatta,26.613281,9.006256,17.607025,2020-10-11 18:00:00,2020-10-12 05:00:00,23.608124,14.829224,11.0,11.0,0.7980818181818182,1,0,Low risk,7.305133791666666,54.25420545833333,2.235395308333333,1012.8917533333333,0.0014305115,20.0,1.0,0,middle_inland,17.0356,933920,5481959.1784,5482170.0,Parramatta - Rosehill,34732,4087.8,8.5,"ABS Regional Population 2019-20, SA2 proxy",10,0
2020-10-12,Parramatta,24.934235,14.538666,10.395569000000002,2020-10-12 18:00:00,2020-10-13 05:00:00,22.52002,12.427856,11.0,11.0,0.9174694545454544,1,0,Low risk,13.931447354166666,73.676235125,2.724194670833333,1015.0369379166667,0.223636625,20.0,1.0,0,middle_inland,17.0356,933920,5481959.1784,5482170.0,Parramatta - Rosehill,34732,4087.8,8.5,"ABS Regional Population 2019-20, SA2 proxy",10,0
2020-10-13,Parramatta,28.804047,11.93692,16.867127,2020-10-13 18:00:00,2020-10-14 05:00:00,25.453094,15.432831,11.0,11.0,0.910933,1,0,Low risk,11.866972583333334,68.47912370833333,2.025077427083333,1014.7796083333333,0.00524520872,20.0,1.0,0,middle_inland,17.0356,933920,5481959.1784,5482170.0,Parramatta - Rosehill,34732,4087.8,8.5,"ABS Regional Population 2019-20, SA2 proxy",10,0
2020-10-14,Parramatta,21.700134,14.822968,6.877165999999999,2020-10-14 18:00:00,2020-10-15 05:00:00,20.15799,13.655914,11.0,11.0,0.5910978181818184,0,0,Not hot day,13.011627166666665,72.65837833333333,3.0364710508333332,1018.2959279166666,0.7967948876,20.0,1.0,0,middle_inland,17.0356,933920,5481959.1784,5482170.0,Parramatta - Rosehill,34732,4087.8,8.5,"ABS Regional Population 2019-20, SA2 proxy",10,0
2020-10-15,Parramatta,28.458344,13.412079,15.046265,2020-10-15 18:00:00,2020-10-16 05:00:00,25.818665,17.174591,11.0,11.0,0.7858249090909091,1,0,Low risk,13.491587291666667,68.368621875,2.31526541375,1011.00140375,0.0190734864,20.0,1.0,0,middle_inland,17.0356,933920,5481959.1784,5482170.0,Parramatta - Rosehill,34732,4087.8,8.5,"ABS Regional Population 2019-20, SA2 proxy",10,0
2020-10-16,Parramatta,20.018707,16.338501,3.6802059999999983,2020-10-16 18:00:00,2020-10-17 05:00:00,17.341522,15.849213,11.0,11.0,0.1356644545454546,0,0,Not hot day,12.853532229166667,72.31465733333333,3.4874661125,1010.2449095833334,0.23365021092000002,20.0,1.0,0,middle_inland,17.0356,933920,5481959.1784,5482170.0,Parramatta - Rosehill,34732,4087.8,8.5,"ABS Regional Population 2019-20, SA2 proxy",10,0
2020-10-17,Parramatta,29.510895,15.838745,13.672150000000002,2020-10-17 18:00:00,2020-10-18 05:00:00,25.807526,18.11618,11.0,11.0,0.6992132727272726,1,0,Low risk,13.738812875,65.253581875,2.3073206991666666,1005.2519491666667,0.30779838856,20.0,1.0,0,middle_inland,17.0356,933920,5481959.1784,5482170.0,Parramatta - Rosehill,34732,4087.8,8.5,"ABS Regional Population 2019-20, SA2 proxy",10,0
2020-10-18,Parramatta,24.826263,15.929718,8.896545000000001,2020-10-18 18:00:00,2020-10-19 05:00:00,18.185577,14.978119,11.0,11.0,0.2915870909090908,1,1,High risk,14.233036083333333,71.47055825,2.7470711458333334,1003.6142450000001,5.0287246892,20.0,1.0,0,middle_inland,17.0356,933920,5481959.1784,5482170.0,Parramatta - Rosehill,34732,4087.8,8.5,"ABS Regional Population 2019-20, SA2 proxy",10,0
2020-10-19,Parramatta,20.16153,14.803619,5.357911,2020-10-19 18:00:00,2020-10-20 04:00:00,18.43509,15.04245,10.0,11.0,0.33926399999999984,0,0,Not hot day,12.649773854166666,75.30391491666667,3.288476375,1009.4263833333333,1.05524063872,20.0,1.0,0,middle_inland,17.0356,933920,5481959.1784,5482170.0,Parramatta - Rosehill,34732,4087.8,8.5,"ABS Regional Population 2019-20, SA2 proxy",10,0
2020-10-20,Parramatta,21.297272,15.04245,6.254821999999999,2020-10-20 18:00:00,2020-10-21 05:00:00,19.638824,12.405914,11.0,11.0,0.6575372727272728,0,0,Not hot day,13.341270583333333,76.47947033333334,2.2708810791666667,1010.9085033333332,1.27696992446,20.0,1.0,0,middle_inland,17.0356,933920,5481959.1784,5482170.0,Parramatta - Rosehill,34732,4087.8,8.5,"ABS Regional Population 2019-20, SA2 proxy",10,0
2020-10-21,Parramatta,24.694641,11.867981,12.82666,2020-10-21 18:00:00,2020-10-22 04:00:00,21.413055,14.543549,10.0,11.0,0.6869506,1,0,Low risk,13.377363854166667,74.989973375,2.989774666666667,1008.2922983333333,0.0185966491,20.0,1.0,0,middle_inland,17.0356,933920,5481959.1784,5482170.0,Parramatta - Rosehill,34732,4087.8,8.5,"ABS Regional Population 2019-20, SA2 proxy",10,0
2020-10-22,Parramatta,25.365997,14.543549,10.822448,2020-10-22 18:00:00,2020-10-23 05:00:00,22.873566,15.287994,11.0,11.0,0.6895974545454546,1,0,Low risk,14.918112458333333,76.75889475,2.2761770520833333,1007.0993691666666,0.01764297516,20.0,1.0,0,middle_inland,17.0356,933920,5481959.1784,5482170.0,Parramatta - Rosehill,34732,4087.8,8.5,"ABS Regional Population 2019-20, SA2 proxy",10,0
2020-10-23,Parramatta,27.334259,15.287994,12.046265,2020-10-23 18:00:00,2020-10-24 05:00:00,24.141388,19.307953,11.0,11.0,0.4394031818181816,1,0,Moderate risk,16.290233604166666,76.27653875,2.9542918691666666,1004.3090733333333,0.00381469728,20.0,1.0,0,middle_inland,17.0356,933920,5481959.1784,5482170.0,Parramatta - Rosehill,34732,4087.8,8.5,"ABS Regional Population 2019-20, SA2 proxy",10,0
2020-10-24,Parramatta,24.252808,18.371124,5.8816840000000035,2020-10-24 18:00:00,2020-10-25 02:00:00,20.516815,14.221222,8.0,11.0,0.7869491250000002,1,0,Low risk,18.593765333333334,87.81120320833334,2.8730469499999995,997.63792,9.0584754811,20.0,1.0,0,middle_inland,17.0356,933920,5481959.1784,5482170.0,Parramatta - Rosehill,34732,4087.8,8.5,"ABS Regional Population 2019-20, SA2 proxy",10,0
2020-10-25,Parramatta,17.681335,13.070343,4.610992000000001,2020-10-25 18:00:00,2020-10-25 18:00:00,13.070343,13.070343,0.0,11.0,0.0,0,0,Not hot day,12.463016416666667,87.80908,5.226710570833333,1005.2693008333334,25.0263216347,20.0,1.0,0,middle_inland,17.0356,933920,5481959.1784,5482170.0,Parramatta - Rosehill,34732,4087.8,8.5,"ABS Regional Population 2019-20, SA2 proxy",10,0
2020-10-26,Parramatta,14.9756775,13.497345,1.4783325000000005,2020-10-26 18:00:00,2020-10-27 02:00:00,13.934662,13.361237,8.0,11.0,0.07167812500000004,0,0,Not hot day,12.39060725,87.88988208333335,6.965858066666667,1010.230175,27.944565,20.0,1.0,0,middle_inland,17.0356,933920,5481959.1784,5482170.0,Parramatta - Rosehill,34732,4087.8,8.5,"ABS Regional Population 2019-20, SA2 proxy",10,0
2020-10-27,Parramatta,19.468048,13.361237,6.106811,2020-10-27 18:00:00,2020-10-28 05:00:00,17.976044,12.4748535,11.0,11.0,0.5001082272727274,0,0,Not hot day,12.131078083333334,79.65350241666667,4.335206783333333,1012.052335,1.693248761,20.0,1.0,0,middle_inland,17.0356,933920,5481959.1784,5482170.0,Parramatta - Rosehill,34732,4087.8,8.5,"ABS Regional Population 2019-20, SA2 proxy",10,0
2020-10-28,Parramatta,19.590973,12.353058,7.237915000000001,2020-10-28 18:00:00,2020-10-29 05:00:00,18.754913,14.54892,11.0,11.0,0.3823629999999998,0,0,Not hot day,12.787981666666667,81.73264454166666,2.0234461291666666,1010.48608875,0.94604492212,20.0,1.0,0,middle_inland,17.0356,933920,5481959.1784,5482170.0,Parramatta - Rosehill,34732,4087.8,8.5,"ABS Regional Population 2019-20, SA2 proxy",10,0
2020-10-29,Parramatta,19.725983,14.519379,5.206603999999999,2020-10-29 18:00:00,2020-10-30 05:00:00,18.299377,11.551605,11.0,11.0,0.6134338181818181,0,0,Not hot day,14.095863458333334,85.08010145833333,2.209584769166667,1004.8507379166667,14.084815967159999,20.0,1.0,0,middle_inland,17.0356,933920,5481959.1784,5482170.0,Parramatta - Rosehill,34732,4087.8,8.5,"ABS Regional Population 2019-20, SA2 proxy",10,0
2020-10-30,Parramatta,21.83728,10.866638,10.970642,2020-10-30 18:00:00,2020-10-31 00:00:00,19.241302,16.906952,6.0,11.0,0.38905833333333345,0,0,Not hot day,13.284833291666667,81.0983025,1.8560871104166665,1002.871885,0.65040588516,20.0,1.0,0,middle_inland,17.0356,933920,5481959.1784,5482170.0,Parramatta - Rosehill,34732,4087.8,8.5,"ABS Regional Population 2019-20, SA2 proxy",10,0
2020-10-31,Parramatta,22.38443,14.407013,7.977416999999999,2020-10-31 18:00:00,2020-11-01 04:00:00,18.681793,13.461487,10.0,11.0,0.5220305999999999,0,0,Not hot day,14.887858083333333,81.96904833333333,2.836009754166667,1001.2582333333334,34.36708456996,20.0,1.0,0,middle_inland,17.0356,933920,5481959.1784,5482170.0,Parramatta - Rosehill,34732,4087.8,8.5,"ABS Regional Population 2019-20, SA2 proxy",10,0
2020-11-01,Parramatta,18.954254,13.461487,5.492766999999999,2020-11-01 18:00:00,2020-11-02 04:00:00,17.581146,14.124817,10.0,11.0,0.3456329,0,0,Not hot day,13.501174937499998,84.29649404166666,5.3610934875,1009.2787400000001,17.16566098676,20.0,1.0,0,middle_inland,17.0356,933920,5481959.1784,5482170.0,Parramatta - Rosehill,34732,4087.8,8.5,"ABS Regional Population 2019-20, SA2 proxy",11,0
2020-11-02,Parramatta,21.181763,13.329529,7.852233999999999,2020-11-02 18:00:00,2020-11-03 05:00:00,19.40686,11.042938,11.0,11.0,0.7603565454545457,0,0,Not hot day,11.767395,71.61885158333332,3.9263162416666666,1018.6662070833332,0.00047683716,20.0,1.0,0,middle_inland,17.0356,933920,5481959.1784,5482170.0,Parramatta - Rosehill,34732,4087.8,8.5,"ABS Regional Population 2019-20, SA2 proxy",11,0
2020-11-03,Parramatta,22.073029,11.034332,11.038696999999999,2020-11-03 18:00:00,2020-11-04 05:00:00,20.426605,10.492584,11.0,11.0,0.903092818181818,0,0,Not hot day,11.625158937499998,74.85278699999999,2.0944943791666666,1017.16701375,0.023841858,20.0,1.0,0,middle_inland,17.0356,933920,5481959.1784,5482170.0,Parramatta - Rosehill,34732,4087.8,8.5,"ABS Regional Population 2019-20, SA2 proxy",11,0
2020-11-04,Parramatta,26.901764,10.411163,16.490600999999998,2020-11-04 18:00:00,2020-11-05 02:00:00,24.93045,18.105133,8.0,11.0,0.8531646250000002,1,0,Low risk,12.2210108125,69.49891229166667,2.5408955166666667,1007.4825412499999,0.0,20.0,1.0,0,middle_inland,17.0356,933920,5481959.1784,5482170.0,Parramatta - Rosehill,34732,4087.8,8.5,"ABS Regional Population 2019-20, SA2 proxy",11,0
2020-11-05,Parramatta,19.055511,13.86673,5.188780999999999,2020-11-05 18:00:00,2020-11-06 05:00:00,14.101135,13.424286,11.0,11.0,0.061531727272727176,0,0,Not hot day,13.3187585625,84.92349229166666,4.558455429166666,1003.2860766666666,11.463165277,20.0,1.0,0,middle_inland,17.0356,933920,5481959.1784,5482170.0,Parramatta - Rosehill,34732,4087.8,8.5,"ABS Regional Population 2019-20, SA2 proxy",11,0
2020-11-06,Parramatta,20.26596,12.791321,7.474639,2020-11-06 18:00:00,2020-11-07 03:00:00,18.562592,11.247711,9.0,11.0,0.8127645555555554,0,0,Not hot day,10.319235458333333,70.497235,4.3883255708333335,1009.8851954166666,0.5817413489000001,20.0,1.0,0,middle_inland,17.0356,933920,5481959.1784,5482170.0,Parramatta - Rosehill,34732,4087.8,8.5,"ABS Regional Population 2019-20, SA2 proxy",11,0
2020-11-07,Parramatta,19.876678,10.982513,8.894164999999997,2020-11-07 18:00:00,2020-11-08 05:00:00,17.58255,13.87204,11.0,11.0,0.337319090909091,0,0,Not hot day,10.797602354166665,74.50090091666667,3.4412867375,1014.1172745833334,0.5741119353999999,20.0,1.0,0,middle_inland,17.0356,933920,5481959.1784,5482170.0,Parramatta - Rosehill,34732,4087.8,8.5,"ABS Regional Population 2019-20, SA2 proxy",11,0
2020-11-08,Parramatta,19.619293,13.281036,6.338256999999999,2020-11-08 18:00:00,2020-11-09 05:00:00,18.402405,12.985748,11.0,11.0,0.49242336363636385,0,0,Not hot day,9.490027125,63.56733004166667,2.3922550166666667,1020.5399166666666,0.0910758972,20.0,1.0,0,middle_inland,17.0356,933920,5481959.1784,5482170.0,Parramatta - Rosehill,34732,4087.8,8.5,"ABS Regional Population 2019-20, SA2 proxy",11,0
2020-11-09,Parramatta,20.565765,12.910675,7.6550899999999995,2020-11-09 18:00:00,2020-11-10 05:00:00,19.644348,10.555267,11.0,11.0,0.8262800909090909,0,0,Not hot day,11.327816,72.68006275,1.7804513866666667,1019.0379791666666,1.3799667355,20.0,1.0,0,middle_inland,17.0356,933920,5481959.1784,5482170.0,Parramatta - Rosehill,34732,4087.8,8.5,"ABS Regional Population 2019-20, SA2 proxy",11,0
2020-11-10,Parramatta,22.736603,10.555267,12.181335999999998,2020-11-10 18:00:00,2020-11-11 05:00:00,20.730927,12.541077,11.0,11.0,0.7445318181818184,0,0,Not hot day,11.133677229166667,71.70997525,2.287900373333333,1015.10869625,0.0,20.0,1.0,0,middle_inland,17.0356,933920,5481959.1784,5482170.0,Parramatta - Rosehill,34732,4087.8,8.5,"ABS Regional Population 2019-20, SA2 proxy",11,0
2020-11-11,Parramatta,26.012482,11.916962,14.095519999999999,2020-11-11 18:00:00,2020-11-12 05:00:00,23.994232,15.981781,11.0,11.0,0.7284046363636364,1,0,Low risk,14.7201295625,76.57551058333333,2.68175999875,1009.5143379166667,0.0,20.0,1.0,0,middle_inland,17.0356,933920,5481959.1784,5482170.0,Parramatta - Rosehill,34732,4087.8,8.5,"ABS Regional Population 2019-20, SA2 proxy",11,0
2020-11-12,Parramatta,30.652832,15.81369,14.839142,2020-11-12 18:00:00,2020-11-13 05:00:00,28.17566,19.082245,11.0,11.0,0.8266740909090909,1,0,Low risk,15.143716083333333,65.09131254166667,2.9263946750000005,1001.5296341666667,0.2398490906,20.0,1.0,0,middle_inland,17.0356,933920,5481959.1784,5482170.0,Parramatta - Rosehill,34732,4087.8,8.5,"ABS Regional Population 2019-20, SA2 proxy",11,0
2020-11-13,Parramatta,28.549042,16.982086,11.566956000000001,2020-11-13 18:00:00,2020-11-14 05:00:00,22.393036,13.834534,11.0,11.0,0.7780456363636362,1,0,Low risk,16.039590125,72.102417125,2.7111794208333335,997.3599533333332,3.3378601208600003,20.0,1.0,0,middle_inland,17.0356,933920,5481959.1784,5482170.0,Parramatta - Rosehill,34732,4087.8,8.5,"ABS Regional Population 2019-20, SA2 proxy",11,0
2020-11-14,Parramatta,26.756317,13.706451,13.049866,2020-11-14 18:00:00,2020-11-15 05:00:00,22.97754,13.877716,11.0,11.0,0.8272567272727275,1,0,Low risk,13.972738979166666,72.96724479166666,1.8717380725000001,1001.6064283333334,0.0,20.0,1.0,0,middle_inland,17.0356,933920,5481959.1784,5482170.0,Parramatta - Rosehill,34732,4087.8,8.5,"ABS Regional Population 2019-20, SA2 proxy",11,0
2020-11-15,Parramatta,29.374237,13.582428,15.791809,2020-11-15 18:00:00,2020-11-16 05:00:00,26.918,15.89267,11.0,11.0,1.0023027272727272,1,0,Low risk,15.819048583333334,73.915831625,2.20855049125,1007.3506883333333,0.00143051148,20.0,1.0,0,middle_inland,17.0356,933920,5481959.1784,5482170.0,Parramatta - Rosehill,34732,4087.8,8.5,"ABS Regional Population 2019-20, SA2 proxy",11,0
2020-11-16,Parramatta,38.26947,15.89267,22.376799999999996,2020-11-16 18:00:00,2020-11-17 05:00:00,33.940033,17.719604,11.0,11.0,1.4745844545454545,1,0,Low risk,14.329642041666666,56.02324204166666,3.1483194458333332,1003.6457983333333,0.04720688,20.0,1.0,0,middle_inland,17.0356,933920,5481959.1784,5482170.0,Parramatta - Rosehill,34732,4087.8,8.5,"ABS Regional Population 2019-20, SA2 proxy",11,0
2020-11-17,Parramatta,22.83551,17.476227,5.359282999999998,2020-11-17 18:00:00,2020-11-18 03:00:00,19.638214,17.30478,9.0,11.0,0.25927044444444447,0,0,Not hot day,14.390237291666667,70.236928125,4.085965341666666,1011.65065125,1.06716155942,20.0,1.0,0,middle_inland,17.0356,933920,5481959.1784,5482170.0,Parramatta - Rosehill,34732,4087.8,8.5,"ABS Regional Population 2019-20, SA2 proxy",11,0
2020-11-18,Parramatta,22.78061,17.30478,5.475829999999998,2020-11-18 18:00:00,2020-11-19 02:00:00,21.45993,15.06192,8.0,11.0,0.7997512499999999,0,0,Not hot day,13.923854916666668,70.97076633333333,3.3949653916666667,1016.1200891666667,1.2259483397,20.0,1.0,0,middle_inland,17.0356,933920,5481959.1784,5482170.0,Parramatta - Rosehill,34732,4087.8,8.5,"ABS Regional Population 2019-20, SA2 proxy",11,0
2020-11-19,Parramatta,25.73764,15.06192,10.675719999999998,2020-11-19 18:00:00,2020-11-20 05:00:00,23.987183,16.178009,11.0,11.0,0.7099249090909093,1,0,Low risk,15.073670791666666,72.93802341666667,2.8838725354166663,1013.6037054166667,0.0,20.0,1.0,0,middle_inland,17.0356,933920,5481959.1784,5482170.0,Parramatta - Rosehill,34732,4087.8,8.5,"ABS Regional Population 2019-20, SA2 proxy",11,0
2020-11-20,Parramatta,34.511383,16.084686,18.426697,2020-11-20 18:00:00,2020-11-21 05:00:00,30.746399,17.770721,11.0,11.0,1.1796070909090908,1,0,Low risk,17.314647541666666,67.72198608333333,2.667055470833333,1009.1053425,1.974582702,20.0,1.0,0,middle_inland,17.0356,933920,5481959.1784,5482170.0,Parramatta - Rosehill,34732,4087.8,8.5,"ABS Regional Population 2019-20, SA2 proxy",11,0
2020-11-21,Parramatta,24.12851,17.632507,6.496002999999998,2020-11-21 18:00:00,2020-11-22 05:00:00,20.992859,16.66629,11.0,11.0,0.39332445454545445,1,1,High risk,14.691865333333332,69.74138104166667,3.4274566291666666,1013.4683866666666,0.0,20.0,1.0,0,middle_inland,17.0356,933920,5481959.1784,5482170.0,Parramatta - Rosehill,34732,4087.8,8.5,"ABS Regional Population 2019-20, SA2 proxy",11,0
2020-11-22,Parramatta,26.686249,16.468414,10.217835000000001,2020-11-22 18:00:00,2020-11-23 03:00:00,26.686249,20.884064,9.0,11.0,0.6446872222222224,1,0,Moderate risk,17.178471791666666,74.45909283333333,1.7162427483333333,1008.2038016666667,0.26941299276,20.0,1.0,0,middle_inland,17.0356,933920,5481959.1784,5482170.0,Parramatta - Rosehill,34732,4087.8,8.5,"ABS Regional Population 2019-20, SA2 proxy",11,0
2020-11-23,Parramatta,27.225128,19.111664,8.113464,2020-11-23 18:00:00,2020-11-24 05:00:00,23.821075,16.446869,11.0,11.0,0.6703823636363637,1,0,Moderate risk,17.135834875,71.33020716666667,2.994723220833333,1000.2761887500001,1.30224227946,20.0,1.0,0,middle_inland,17.0356,933920,5481959.1784,5482170.0,Parramatta - Rosehill,34732,4087.8,8.5,"ABS Regional Population 2019-20, SA2 proxy",11,0
2020-11-24,Parramatta,23.115936,16.273834,6.842102000000001,2020-11-24 18:00:00,2020-11-25 04:00:00,21.15207,16.837921,10.0,11.0,0.4314148999999997,0,0,Not hot day,14.280464145833333,71.86766041666667,3.2634072041666666,1003.9192666666667,0.51212310496,20.0,1.0,0,middle_inland,17.0356,933920,5481959.1784,5482170.0,Parramatta - Rosehill,34732,4087.8,8.5,"ABS Regional Population 2019-20, SA2 proxy",11,0
2020-11-25,Parramatta,24.222565,16.837921,7.384643999999998,2020-11-25 18:00:00,2020-11-26 05:00:00,23.60144,14.477661,11.0,11.0,0.8294344545454546,1,0,Low risk,15.336769166666668,75.54111320833333,2.4409765475,1006.0744354166667,1.2416839595,20.0,1.0,0,middle_inland,17.0356,933920,5481959.1784,5482170.0,Parramatta - Rosehill,34732,4087.8,8.5,"ABS Regional Population 2019-20, SA2 proxy",11,0
2020-11-26,Parramatta,32.228455,14.477661,17.750794,2020-11-26 18:00:00,2020-11-27 05:00:00,29.686188,18.312775,11.0,11.0,1.0339466363636367,1,0,Low risk,15.488324583333332,65.53476254166667,2.5001790708333336,1004.5024725,0.0,20.0,1.0,0,middle_inland,17.0356,933920,5481959.1784,5482170.0,Parramatta - Rosehill,34732,4087.8,8.5,"ABS Regional Population 2019-20, SA2 proxy",11,0
2020-11-27,Parramatta,27.00467,18.063812,8.940858000000002,2020-11-27 18:00:00,2020-11-28 05:00:00,25.758087,18.416595,11.0,11.0,0.6674083636363636,1,0,Moderate risk,16.3558515,70.316572625,3.306894428333333,1008.7634475,0.00095367432,20.0,1.0,0,middle_inland,17.0356,933920,5481959.1784,5482170.0,Parramatta - Rosehill,34732,4087.8,8.5,"ABS Regional Population 2019-20, SA2 proxy",11,0
2020-11-28,Parramatta,40.949738,18.416595,22.533143000000003,2020-11-28 18:00:00,2020-11-29 03:00:00,39.30191,25.756805,9.0,11.0,1.5050116666666666,1,0,Low risk,15.151617625,51.01171658333333,3.573456429166667,1000.3618875000001,0.0,20.0,1.0,0,middle_inland,17.0356,933920,5481959.1784,5482170.0,Parramatta - Rosehill,34732,4087.8,8.5,"ABS Regional Population 2019-20, SA2 proxy",11,0
2020-11-29,Parramatta,39.960846,19.6716,20.289245999999995,2020-11-29 18:00:00,2020-11-30 05:00:00,29.582245,17.92862,11.0,11.0,1.0594204545454546,1,0,Low risk,12.885871854166666,38.78298920833333,6.514261854166667,996.1252070833334,0.0,20.0,1.0,0,middle_inland,17.0356,933920,5481959.1784,5482170.0,Parramatta - Rosehill,34732,4087.8,8.5,"ABS Regional Population 2019-20, SA2 proxy",11,0
2020-11-30,Parramatta,23.176361,17.92862,5.247741000000001,2020-11-30 18:00:00,2020-12-01 05:00:00,21.68103,18.287384,11.0,11.0,0.30851327272727275,0,0,Not hot day,13.475763958333333,64.71556245833334,3.819610075,1008.9840416666666,0.042438507019999995,20.0,1.0,0,middle_inland,17.0356,933920,5481959.1784,5482170.0,Parramatta - Rosehill,34732,4087.8,8.5,"ABS Regional Population 2019-20, SA2 proxy",11,0
2020-12-01,Parramatta,32.542206,18.256592,14.285613999999999,2020-12-01 18:00:00,2020-12-02 05:00:00,29.070038,19.8414,11.0,11.0,0.8389670909090909,1,0,Low risk,17.618418395833334,69.35484729166667,3.1567140499999997,1003.602065,0.1044273369,20.0,1.0,0,middle_inland,17.0356,933920,5481959.1784,5482170.0,Parramatta - Rosehill,34732,4087.8,8.5,"ABS Regional Population 2019-20, SA2 proxy",12,1
2020-12-02,Parramatta,22.355255,18.077698,4.277556999999998,2020-12-02 18:00:00,2020-12-03 01:00:00,20.03537,17.919067,7.0,11.0,0.3023290000000003,0,0,Not hot day,16.452081,77.86932229166666,3.9908460541666666,1010.5578,0.771045689,20.0,1.0,0,middle_inland,17.0356,933920,5481959.1784,5482170.0,Parramatta - Rosehill,34732,4087.8,8.5,"ABS Regional Population 2019-20, SA2 proxy",12,1
2020-12-03,Parramatta,21.678925,17.919067,3.7598580000000013,2020-12-03 18:00:00,2020-12-04 04:00:00,20.623749,17.63913,10.0,11.0,0.29846189999999984,0,0,Not hot day,16.238460541666665,80.78123370833333,2.9003955083333337,1013.4508054166666,0.71191788336,20.0,1.0,0,middle_inland,17.0356,933920,5481959.1784,5482170.0,Parramatta - Rosehill,34732,4087.8,8.5,"ABS Regional Population 2019-20, SA2 proxy",12,1
2020-12-04,Parramatta,33.180725,16.925415,16.25531,2020-12-04 18:00:00,2020-12-05 05:00:00,30.567657,17.515045,11.0,11.0,1.186601090909091,1,0,Low risk,14.248757499999998,62.638256250000005,1.8434152704166664,1005.8266270833333,0.00047683716,20.0,1.0,0,middle_inland,17.0356,933920,5481959.1784,5482170.0,Parramatta - Rosehill,34732,4087.8,8.5,"ABS Regional Population 2019-20, SA2 proxy",12,1
2020-12-05,Parramatta,24.962616,17.506989,7.455627,2020-12-05 18:00:00,2020-12-06 05:00:00,24.962616,20.624542,11.0,11.0,0.3943703636363635,1,1,High risk,17.166221604166665,77.37795720833333,3.2136067500000003,1001.6042583333333,9.55057150396,20.0,1.0,0,middle_inland,17.0356,933920,5481959.1784,5482170.0,Parramatta - Rosehill,34732,4087.8,8.5,"ABS Regional Population 2019-20, SA2 proxy",12,1
2020-12-06,Parramatta,30.072723,19.366241,10.706482000000001,2020-12-06 18:00:00,2020-12-07 05:00:00,29.032684,14.343231,11.0,11.0,1.335404818181818,1,0,Low risk,11.035653445833333,48.29619962500001,4.290104658333333,994.6235058333333,0.0262260432,20.0,1.0,0,middle_inland,17.0356,933920,5481959.1784,5482170.0,Parramatta - Rosehill,34732,4087.8,8.5,"ABS Regional Population 2019-20, SA2 proxy",12,1
2020-12-07,Parramatta,29.68985,14.343231,15.346619,2020-12-07 18:00:00,2020-12-08 05:00:00,28.743134,14.935791,11.0,11.0,1.2552130000000001,1,0,Low risk,6.991901391666667,40.66659658333334,3.8035325458333333,997.3096291666667,0.0,20.0,1.0,0,middle_inland,17.0356,933920,5481959.1784,5482170.0,Parramatta - Rosehill,34732,4087.8,8.5,"ABS Regional Population 2019-20, SA2 proxy",12,1
2020-12-08,Parramatta,23.141937,13.931366,9.210570999999998,2020-12-08 18:00:00,2020-12-09 05:00:00,20.082947,12.007843,11.0,11.0,0.7341003636363638,0,0,Not hot day,6.895909620833334,48.52140129166667,4.133602570833333,1005.1751395833334,0.053405761999999996,20.0,1.0,0,middle_inland,17.0356,933920,5481959.1784,5482170.0,Parramatta - Rosehill,34732,4087.8,8.5,"ABS Regional Population 2019-20, SA2 proxy",12,1
2020-12-09,Parramatta,25.755768,11.8394165,13.9163515,2020-12-09 18:00:00,2020-12-10 05:00:00,23.461609,14.881622,11.0,11.0,0.7799988181818182,1,0,Low risk,10.9556185625,62.77945495833333,2.4227605708333333,1010.4992770833333,0.0019073486,20.0,1.0,0,middle_inland,17.0356,933920,5481959.1784,5482170.0,Parramatta - Rosehill,34732,4087.8,8.5,"ABS Regional Population 2019-20, SA2 proxy",12,1
2020-12-10,Parramatta,27.172424,14.654358,12.518066,2020-12-10 18:00:00,2020-12-11 03:00:00,20.695496,16.913208,9.0,11.0,0.420254222222222,1,0,Moderate risk,13.787481916666666,69.12703083333334,4.008650425,1011.8312920833333,0.3399848934,20.0,1.0,0,middle_inland,17.0356,933920,5481959.1784,5482170.0,Parramatta - Rosehill,34732,4087.8,8.5,"ABS Regional Population 2019-20, SA2 proxy",12,1
2020-12-11,Parramatta,21.07846,16.913208,4.165251999999999,2020-12-11 18:00:00,2020-12-12 04:00:00,19.12265,16.09497,10.0,11.0,0.30276800000000004,0,0,Not hot day,9.792235058333334,56.831079708333334,4.70900035,1020.0206545833333,0.9894371024,20.0,1.0,0,middle_inland,17.0356,933920,5481959.1784,5482170.0,Parramatta - Rosehill,34732,4087.8,8.5,"ABS Regional Population 2019-20, SA2 proxy",12,1
2020-12-12,Parramatta,22.849823,16.09497,6.754853000000001,2020-12-12 18:00:00,2020-12-13 05:00:00,20.637115,15.125641,11.0,11.0,0.501043090909091,0,0,Not hot day,11.252110770833333,60.75128804166667,3.6577582791666665,1020.9200529166666,1.3570785576,20.0,1.0,0,middle_inland,17.0356,933920,5481959.1784,5482170.0,Parramatta - Rosehill,34732,4087.8,8.5,"ABS Regional Population 2019-20, SA2 proxy",12,1
2020-12-13,Parramatta,24.281586,15.125641,9.155945000000001,2020-12-13 18:00:00,2020-12-14 04:00:00,22.635437,17.684662,10.0,11.0,0.4950775,1,0,Moderate risk,14.109610208333335,70.61948379166667,2.9103963999999998,1016.8995766666667,0.8020401022,20.0,1.0,0,middle_inland,17.0356,933920,5481959.1784,5482170.0,Parramatta - Rosehill,34732,4087.8,8.5,"ABS Regional Population 2019-20, SA2 proxy",12,1
2020-12-14,Parramatta,24.56009,17.684662,6.875427999999999,2020-12-14 18:00:00,2020-12-15 01:00:00,22.845612,19.11856,7.0,11.0,0.532436,1,0,Moderate risk,16.722646083333334,78.55966979166666,2.4155993875,1012.4431066666666,5.35678865536,20.0,1.0,0,middle_inland,17.0356,933920,5481959.1784,5482170.0,Parramatta - Rosehill,34732,4087.8,8.5,"ABS Regional Population 2019-20, SA2 proxy",12,1
2020-12-15,Parramatta,24.458862,19.11856,5.340302000000001,2020-12-15 18:00:00,2020-12-16 03:00:00,23.227753,21.94339,9.0,11.0,0.1427069999999999,1,1,Extreme risk,19.885996541666668,90.17871841666665,2.6161847145833335,1008.15214125,10.3321075364,20.0,1.0,0,middle_inland,17.0356,933920,5481959.1784,5482170.0,Parramatta - Rosehill,34732,4087.8,8.5,"ABS Regional Population 2019-20, SA2 proxy",12,1
2020-12-16,Parramatta,27.83786,21.94339,5.894469999999998,2020-12-16 18:00:00,2020-12-17 05:00:00,24.890594,21.200928,11.0,11.0,0.33542418181818173,1,1,High risk,21.719426458333334,87.73918995833333,3.5332617083333333,1002.9622183333332,20.13254161546,20.0,1.0,0,middle_inland,17.0356,933920,5481959.1784,5482170.0,Parramatta - Rosehill,34732,4087.8,8.5,"ABS Regional Population 2019-20, SA2 proxy",12,1
2020-12-17,Parramatta,31.351898,21.190948,10.16095,2020-12-17 18:00:00,2020-12-18 05:00:00,28.949738,21.07724,11.0,11.0,0.7156816363636364,1,0,Low risk,21.120147624999998,77.87006195833332,2.2958423458333335,998.5480070833333,5.06830209076,20.0,1.0,0,middle_inland,17.0356,933920,5481959.1784,5482170.0,Parramatta - Rosehill,34732,4087.8,8.5,"ABS Regional Population 2019-20, SA2 proxy",12,1
2020-12-18,Parramatta,30.179016,20.562286,9.61673,2020-12-18 18:00:00,2020-12-19 05:00:00,25.739227,18.941437,11.0,11.0,0.617980909090909,1,0,Moderate risk,20.58581033333333,78.23319816666667,2.8633895566666667,999.46151875,10.143756801,20.0,1.0,0,middle_inland,17.0356,933920,5481959.1784,5482170.0,Parramatta - Rosehill,34732,4087.8,8.5,"ABS Regional Population 2019-20, SA2 proxy",12,1
2020-12-19,Parramatta,19.923767,18.499237,1.4245300000000007,2020-12-19 18:00:00,2020-12-20 02:00:00,19.080536,17.974762,8.0,11.0,0.13822175000000003,0,0,Not hot day,16.050136479166667,81.9180975,3.3967668608333335,1008.6195391666666,2.422809599,20.0,1.0,0,middle_inland,17.0356,933920,5481959.1784,5482170.0,Parramatta - Rosehill,34732,4087.8,8.5,"ABS Regional Population 2019-20, SA2 proxy",12,1
2020-12-20,Parramatta,23.42862,17.974762,5.453858,2020-12-20 18:00:00,2020-12-21 04:00:00,23.288025,18.786102,10.0,11.0,0.45019230000000016,0,0,Not hot day,17.933391583333332,86.73116433333333,1.923799865,1005.3938145833334,2.7127265799,20.0,1.0,0,middle_inland,17.0356,933920,5481959.1784,5482170.0,Parramatta - Rosehill,34732,4087.8,8.5,"ABS Regional Population 2019-20, SA2 proxy",12,1
2020-12-21,Parramatta,23.128052,18.696869,4.431183000000001,2020-12-21 18:00:00,2020-12-22 05:00:00,20.114197,18.445435,11.0,11.0,0.15170563636363646,0,0,Not hot day,18.776510833333333,91.40228941666668,1.3996164362499999,1002.9308129166666,10.64538959132,20.0,1.0,0,middle_inland,17.0356,933920,5481959.1784,5482170.0,Parramatta - Rosehill,34732,4087.8,8.5,"ABS Regional Population 2019-20, SA2 proxy",12,1
2020-12-22,Parramatta,27.362244,18.43863,8.923614,2020-12-22 18:00:00,2020-12-23 05:00:00,25.925568,15.220886,11.0,11.0,0.9731529090909089,1,0,Low risk,14.480665816666667,66.92861574999999,3.3639888208333333,995.8501862500001,7.1244240589,20.0,1.0,0,middle_inland,17.0356,933920,5481959.1784,5482170.0,Parramatta - Rosehill,34732,4087.8,8.5,"ABS Regional Population 2019-20, SA2 proxy",12,1
2020-12-23,Parramatta,24.462402,14.96106,9.501342000000001,2020-12-23 18:00:00,2020-12-24 05:00:00,22.99295,16.436646,11.0,11.0,0.5960276363636364,1,0,Moderate risk,11.407094341666665,57.72770516666666,3.8486694,1006.0942954166667,0.0042915344,20.0,1.0,0,middle_inland,17.0356,933920,5481959.1784,5482170.0,Parramatta - Rosehill,34732,4087.8,8.5,"ABS Regional Population 2019-20, SA2 proxy",12,1
2020-12-24,Parramatta,26.63919,16.436646,10.202544,2020-12-24 18:00:00,2020-12-25 05:00:00,25.995697,18.381561,11.0,11.0,0.6921941818181817,1,0,Low risk,15.786821916666668,71.48208179166666,2.4389703120833333,1007.6872924999999,0.009059906,20.0,1.0,0,middle_inland,17.0356,933920,5481959.1784,5482170.0,Parramatta - Rosehill,34732,4087.8,8.5,"ABS Regional Population 2019-20, SA2 proxy",12,1
2020-12-25,Parramatta,20.69394,17.87091,2.823030000000003,2020-12-25 18:00:00,2020-12-26 05:00:00,19.904175,16.877136,11.0,11.0,0.2751853636363635,0,0,Not hot day,14.936038937500001,75.30836670833334,4.3867211374999995,1011.4159929166667,2.5057792643,20.0,1.0,0,middle_inland,17.0356,933920,5481959.1784,5482170.0,Parramatta - Rosehill,34732,4087.8,8.5,"ABS Regional Population 2019-20, SA2 proxy",12,1
2020-12-26,Parramatta,24.444855,16.877136,7.567719,2020-12-26 18:00:00,2020-12-27 05:00:00,22.303986,16.506683,11.0,11.0,0.5270275454545454,1,0,Moderate risk,16.35061375,79.84475095833334,2.98790117625,1010.8028454166666,11.7521284249,20.0,1.0,0,middle_inland,17.0356,933920,5481959.1784,5482170.0,Parramatta - Rosehill,34732,4087.8,8.5,"ABS Regional Population 2019-20, SA2 proxy",12,1
2020-12-27,Parramatta,30.595947,16.372833,14.223113999999999,2020-12-27 18:00:00,2020-12-28 04:00:00,28.669159,22.149506,10.0,11.0,0.6519653000000002,1,0,Moderate risk,17.561520833333333,72.17777679166666,2.3012129483333332,1003.46095,5.4817199545,20.0,1.0,0,middle_inland,17.0356,933920,5481959.1784,5482170.0,Parramatta - Rosehill,34732,4087.8,8.5,"ABS Regional Population 2019-20, SA2 proxy",12,1
2020-12-28,Parramatta,28.460052,16.824097,11.635955000000003,2020-12-28 18:00:00,2020-12-29 03:00:00,19.108002,16.746796,9.0,11.0,0.26235622222222216,1,1,High risk,16.929044125,72.96861895833334,3.949768,1000.7882379166667,3.0117034732,20.0,1.0,0,middle_inland,17.0356,933920,5481959.1784,5482170.0,Parramatta - Rosehill,34732,4087.8,8.5,"ABS Regional Population 2019-20, SA2 proxy",12,1
2020-12-29,Parramatta,20.53653,16.746796,3.7897339999999993,2020-12-29 18:00:00,2020-12-30 05:00:00,20.268463,17.997406,11.0,11.0,0.20645972727272718,0,0,Not hot day,16.134283625,86.78768395833333,2.914270866666667,1006.7873920833334,2.6760101568,20.0,1.0,0,middle_inland,17.0356,933920,5481959.1784,5482170.0,Parramatta - Rosehill,34732,4087.8,8.5,"ABS Regional Population 2019-20, SA2 proxy",12,1
2020-12-30,Parramatta,22.068207,17.997406,4.0708009999999994,2020-12-30 18:00:00,2020-12-31 05:00:00,21.4747,17.449524,11.0,11.0,0.36592509090909076,0,0,Not hot day,16.815388979166666,83.70211116666667,3.5078820375,1010.8363779166666,8.1481933054,20.0,1.0,0,middle_inland,17.0356,933920,5481959.1784,5482170.0,Parramatta - Rosehill,34732,4087.8,8.5,"ABS Regional Population 2019-20, SA2 proxy",12,1
2020-12-31,Parramatta,22.795837,17.449524,5.3463129999999985,2020-12-31 18:00:00,2020-12-31 23:00:00,21.575104,19.710693,5.0,5.0,0.3728822000000001,0,0,Not hot day,16.38642,78.88192145833334,2.8388911958333334,1012.1082816666667,0.87928772248,20.0,1.0,0,middle_inland,17.0356,933920,5481959.1784,5482170.0,Parramatta - Rosehill,34732,4087.8,8.5,"ABS Regional Population 2019-20, SA2 proxy",12,1
