datetime,suburb,station_id,station_name,temperature,humidity,wind_speed,air_pressure,precipitation
2020-01-01 01:00:00,Parramatta,94765,Bankstown,26.1,49,9.4,1013.6,
2020-01-01 02:00:00,Parramatta,94765,Bankstown,26.2,49,20.5,1012.8,
2020-01-01 04:00:00,Parramatta,94765,Bankstown,25.4,56,31.7,1012.9,
2020-01-01 05:00:00,Parramatta,94765,Bankstown,25.4,56,29.5,1012.8,
2020-01-01 07:00:00,Parramatta,94765,Bankstown,23.4,64,24.1,1014.0,
2020-01-01 08:00:00,Parramatta,94765,Bankstown,23.0,67,22.3,1015.1,
2020-01-01 10:00:00,Parramatta,94765,Bankstown,22.1,72,24.1,1017.6,
2020-01-01 11:00:00,Parramatta,94765,Bankstown,21.3,76,18.4,1018.5,
2020-01-01 13:00:00,Parramatta,94765,Bankstown,20.1,73,16.6,1019.1,
2020-01-01 14:00:00,Parramatta,94765,Bankstown,20.3,72,16.6,1018.7,
2020-01-01 16:00:00,Parramatta,94765,Bankstown,20.5,70,11.2,1018.0,
2020-01-01 17:00:00,Parramatta,94765,Bankstown,20.4,70,13.0,1017.9,
2020-01-01 19:00:00,Parramatta,94765,Bankstown,20.4,69,9.4,1018.6,
2020-01-01 20:00:00,Parramatta,94765,Bankstown,20.4,70,13.0,1019.3,
2020-01-01 22:00:00,Parramatta,94765,Bankstown,21.6,67,13.0,1019.9,
2020-01-01 23:00:00,Parramatta,94765,Bankstown,22.4,62,11.2,1019.8,
2020-01-02 01:00:00,Parramatta,94765,Bankstown,23.6,59,11.2,1018.9,
2020-01-02 02:00:00,Parramatta,94765,Bankstown,24.6,55,9.4,1018.1,
2020-01-02 04:00:00,Parramatta,94765,Bankstown,26.1,48,24.1,1016.8,
2020-01-02 05:00:00,Parramatta,94765,Bankstown,25.4,50,27.7,1016.3,
2020-01-02 07:00:00,Parramatta,94765,Bankstown,24.1,61,25.9,1016.1,
2020-01-02 08:00:00,Parramatta,94765,Bankstown,23.4,66,24.1,1016.8,
2020-01-02 10:00:00,Parramatta,94765,Bankstown,22.8,70,20.5,1018.4,
2020-01-02 11:00:00,Parramatta,94765,Bankstown,22.8,71,20.5,1018.9,
2020-01-02 13:00:00,Parramatta,94765,Bankstown,22.6,72,16.6,1019.1,
2020-01-02 14:00:00,Parramatta,94765,Bankstown,22.4,72,11.2,1018.3,
2020-01-02 16:00:00,Parramatta,94765,Bankstown,22.0,74,7.6,1016.9,
2020-01-02 17:00:00,Parramatta,94765,Bankstown,21.8,75,7.6,1016.9,
2020-01-02 19:00:00,Parramatta,94765,Bankstown,21.2,80,5.4,1017.0,
2020-01-02 20:00:00,Parramatta,94765,Bankstown,22.0,77,7.6,1017.3,
2020-01-02 22:00:00,Parramatta,94765,Bankstown,24.3,69,5.4,1017.5,
2020-01-02 23:00:00,Parramatta,94765,Bankstown,25.4,65,5.4,1017.0,
2020-01-03 01:00:00,Parramatta,94765,Bankstown,29.6,52,13.0,1014.7,
2020-01-03 02:00:00,Parramatta,94765,Bankstown,30.8,50,20.5,1013.7,
2020-01-03 04:00:00,Parramatta,94765,Bankstown,31.8,50,27.7,1011.8,
2020-01-03 05:00:00,Parramatta,94765,Bankstown,29.7,53,25.9,1011.3,
2020-01-03 07:00:00,Parramatta,94765,Bankstown,28.7,51,24.1,1010.4,
2020-01-03 08:00:00,Parramatta,94765,Bankstown,27.4,57,20.5,1011.1,
2020-01-03 10:00:00,Parramatta,94765,Bankstown,25.8,61,7.6,1011.8,
2020-01-03 11:00:00,Parramatta,94765,Bankstown,25.4,66,9.4,1012.0,
2020-01-03 13:00:00,Parramatta,94765,Bankstown,23.9,76,9.4,1011.5,
2020-01-03 14:00:00,Parramatta,94765,Bankstown,23.2,80,11.2,1011.3,
2020-01-03 16:00:00,Parramatta,94765,Bankstown,21.8,84,0.0,1010.2,
2020-01-03 17:00:00,Parramatta,94765,Bankstown,21.4,89,0.0,1010.0,
2020-01-03 19:00:00,Parramatta,94765,Bankstown,20.8,90,0.0,1010.4,
2020-01-03 20:00:00,Parramatta,94765,Bankstown,22.3,88,0.0,1010.7,
2020-01-03 22:00:00,Parramatta,94765,Bankstown,27.2,63,9.4,1010.4,
2020-01-03 23:00:00,Parramatta,94765,Bankstown,30.7,51,9.4,1009.4,
2020-01-04 01:00:00,Parramatta,94765,Bankstown,40.6,23,13.0,1007.0,
2020-01-04 02:00:00,Parramatta,94765,Bankstown,43.7,15,13.0,1005.8,
2020-01-04 04:00:00,Parramatta,94765,Bankstown,46.7,8,18.4,1004.1,
2020-01-04 05:00:00,Parramatta,94765,Bankstown,45.9,9,13.0,1003.3,
2020-01-04 07:00:00,Parramatta,94765,Bankstown,40.5,20,18.4,1002.9,
2020-01-04 08:00:00,Parramatta,94765,Bankstown,39.5,21,22.3,1003.3,
2020-01-04 10:00:00,Parramatta,94765,Bankstown,37.1,26,13.0,1004.6,
2020-01-04 11:00:00,Parramatta,94765,Bankstown,27.8,49,35.3,1008.2,
2020-01-04 13:00:00,Parramatta,94765,Bankstown,24.4,56,25.9,1012.5,
2020-01-04 14:00:00,Parramatta,94765,Bankstown,24.1,52,20.5,1012.6,
2020-01-04 16:00:00,Parramatta,94765,Bankstown,23.2,36,14.8,1014.2,
2020-01-04 17:00:00,Parramatta,94765,Bankstown,23.0,33,7.6,1014.5,
2020-01-04 19:00:00,Parramatta,94765,Bankstown,21.9,42,14.8,1016.5,
2020-01-04 20:00:00,Parramatta,94765,Bankstown,22.0,54,20.5,1017.7,
2020-01-04 22:00:00,Parramatta,94765,Bankstown,22.3,59,22.3,1018.8,
2020-01-04 23:00:00,Parramatta,94765,Bankstown,23.1,55,20.5,1018.6,
2020-01-05 01:00:00,Parramatta,94765,Bankstown,25.0,50,24.1,1018.3,
2020-01-05 02:00:00,Parramatta,94765,Bankstown,25.3,50,27.7,1017.9,
2020-01-05 04:00:00,Parramatta,94765,Bankstown,23.0,62,31.7,1018.3,
2020-01-05 05:00:00,Parramatta,94765,Bankstown,22.6,59,35.3,1018.6,
2020-01-05 07:00:00,Parramatta,94765,Bankstown,21.6,62,31.7,1019.9,
2020-01-05 08:00:00,Parramatta,94765,Bankstown,21.4,59,29.5,1020.6,
2020-01-05 10:00:00,Parramatta,94765,Bankstown,21.3,53,22.3,1022.7,
2020-01-05 11:00:00,Parramatta,94765,Bankstown,21.2,54,22.3,1023.6,
2020-01-05 13:00:00,Parramatta,94765,Bankstown,20.7,62,13.0,1022.8,
2020-01-05 14:00:00,Parramatta,94765,Bankstown,19.6,64,5.4,1022.2,
2020-01-05 16:00:00,Parramatta,94765,Bankstown,18.7,71,0.0,1021.1,
2020-01-05 17:00:00,Parramatta,94765,Bankstown,18.4,73,7.6,1020.2,
2020-01-05 19:00:00,Parramatta,94765,Bankstown,18.5,78,5.4,1020.7,
2020-01-05 20:00:00,Parramatta,94765,Bankstown,19.0,76,0.0,1021.1,
2020-01-05 22:00:00,Parramatta,94765,Bankstown,21.9,66,3.6,1021.1,
2020-01-05 23:00:00,Parramatta,94765,Bankstown,22.0,62,14.8,1020.4,
2020-01-06 01:00:00,Parramatta,94765,Bankstown,21.3,71,9.4,1020.3,
2020-01-06 02:00:00,Parramatta,94765,Bankstown,22.3,65,13.0,1019.6,
2020-01-06 04:00:00,Parramatta,94765,Bankstown,23.5,62,13.0,1017.9,
2020-01-06 05:00:00,Parramatta,94765,Bankstown,23.3,65,16.6,1017.1,
2020-01-06 07:00:00,Parramatta,94765,Bankstown,22.8,65,16.6,1017.3,
2020-01-06 08:00:00,Parramatta,94765,Bankstown,22.7,69,13.0,1018.1,
2020-01-06 10:00:00,Parramatta,94765,Bankstown,21.9,79,7.6,1019.8,
2020-01-06 11:00:00,Parramatta,94765,Bankstown,20.8,86,3.6,1020.0,
2020-01-06 13:00:00,Parramatta,94765,Bankstown,20.9,91,5.4,1018.5,
2020-01-06 14:00:00,Parramatta,94765,Bankstown,20.7,93,11.2,1019.0,
2020-01-06 16:00:00,Parramatta,94765,Bankstown,20.3,94,0.0,1015.8,
2020-01-06 17:00:00,Parramatta,94765,Bankstown,20.1,94,9.4,1015.9,
2020-01-06 19:00:00,Parramatta,94765,Bankstown,20.1,93,9.4,1015.2,
2020-01-06 20:00:00,Parramatta,94765,Bankstown,20.7,87,13.0,1016.5,
2020-01-06 22:00:00,Parramatta,94765,Bankstown,22.5,84,3.6,1015.8,
2020-01-06 23:00:00,Parramatta,94765,Bankstown,24.9,72,13.0,1014.4,
2020-01-07 01:00:00,Parramatta,94765,Bankstown,29.1,52,16.6,1013.3,
2020-01-07 02:00:00,Parramatta,94765,Bankstown,29.6,52,13.0,1012.7,
2020-01-07 04:00:00,Parramatta,94765,Bankstown,30.3,48,11.2,1010.9,
2020-01-07 05:00:00,Parramatta,94765,Bankstown,31.8,48,14.8,1009.9,
2020-01-07 07:00:00,Parramatta,94765,Bankstown,29.3,58,22.3,1009.0,
2020-01-07 08:00:00,Parramatta,94765,Bankstown,27.2,63,16.6,1009.9,
2020-01-07 10:00:00,Parramatta,94765,Bankstown,25.9,72,16.6,1011.3,
2020-01-07 11:00:00,Parramatta,94765,Bankstown,24.9,77,18.4,1012.2,
2020-01-07 13:00:00,Parramatta,94765,Bankstown,24.0,81,18.4,1015.1,
2020-01-07 14:00:00,Parramatta,94765,Bankstown,22.9,88,13.0,1013.1,
2020-01-07 16:00:00,Parramatta,94765,Bankstown,22.0,90,9.4,1013.1,
2020-01-07 17:00:00,Parramatta,94765,Bankstown,22.0,89,9.4,1013.0,
2020-01-07 19:00:00,Parramatta,94765,Bankstown,21.2,89,0.0,1014.4,
2020-01-07 20:00:00,Parramatta,94765,Bankstown,21.9,87,7.6,1015.0,
2020-01-07 22:00:00,Parramatta,94765,Bankstown,23.3,76,14.8,1015.9,
2020-01-07 23:00:00,Parramatta,94765,Bankstown,24.3,70,16.6,1015.7,
2020-01-08 01:00:00,Parramatta,94765,Bankstown,26.5,57,24.1,1014.9,
2020-01-08 02:00:00,Parramatta,94765,Bankstown,26.6,56,24.1,1014.6,
2020-01-08 04:00:00,Parramatta,94765,Bankstown,26.8,56,25.9,1014.2,
2020-01-08 05:00:00,Parramatta,94765,Bankstown,26.2,59,25.9,1013.9,
2020-01-08 07:00:00,Parramatta,94765,Bankstown,24.7,58,20.5,1014.3,
2020-01-08 08:00:00,Parramatta,94765,Bankstown,23.5,64,20.5,1014.9,
2020-01-08 10:00:00,Parramatta,94765,Bankstown,22.2,74,14.8,1016.9,
2020-01-08 11:00:00,Parramatta,94765,Bankstown,22.3,71,18.4,1017.4,
2020-01-08 13:00:00,Parramatta,94765,Bankstown,22.0,71,0.0,1017.5,
2020-01-08 14:00:00,Parramatta,94765,Bankstown,21.3,74,0.0,1017.0,
2020-01-08 16:00:00,Parramatta,94765,Bankstown,20.7,78,9.4,1016.1,
2020-01-08 17:00:00,Parramatta,94765,Bankstown,21.3,75,0.0,1016.1,
2020-01-08 19:00:00,Parramatta,94765,Bankstown,21.4,77,11.2,1016.9,
2020-01-08 20:00:00,Parramatta,94765,Bankstown,21.7,75,9.4,1017.5,
2020-01-08 22:00:00,Parramatta,94765,Bankstown,21.9,72,14.8,1018.2,
2020-01-08 23:00:00,Parramatta,94765,Bankstown,22.4,71,14.8,1018.2,
2020-01-09 01:00:00,Parramatta,94765,Bankstown,24.5,63,16.6,1018.0,
2020-01-09 02:00:00,Parramatta,94765,Bankstown,25.5,59,16.6,1017.4,
2020-01-09 04:00:00,Parramatta,94765,Bankstown,26.2,58,18.4,1016.5,
2020-01-09 05:00:00,Parramatta,94765,Bankstown,25.5,61,20.5,1016.1,
2020-01-09 07:00:00,Parramatta,94765,Bankstown,24.2,67,16.6,1015.3,
2020-01-09 08:00:00,Parramatta,94765,Bankstown,23.9,71,16.6,1016.0,
2020-01-09 10:00:00,Parramatta,94765,Bankstown,22.9,77,11.2,1016.4,
2020-01-09 11:00:00,Parramatta,94765,Bankstown,22.7,79,9.4,1016.8,
2020-01-09 13:00:00,Parramatta,94765,Bankstown,22.5,82,7.6,1016.0,
2020-01-09 14:00:00,Parramatta,94765,Bankstown,22.2,83,0.0,1015.2,
2020-01-09 16:00:00,Parramatta,94765,Bankstown,22.3,83,0.0,1014.1,
2020-01-09 17:00:00,Parramatta,94765,Bankstown,22.2,84,0.0,1013.4,
2020-01-09 19:00:00,Parramatta,94765,Bankstown,22.6,82,0.0,1013.3,
2020-01-09 20:00:00,Parramatta,94765,Bankstown,22.8,81,5.4,1013.8,
2020-01-09 22:00:00,Parramatta,94765,Bankstown,24.3,73,13.0,1013.6,
2020-01-09 23:00:00,Parramatta,94765,Bankstown,26.0,66,13.0,1012.4,
2020-01-10 01:00:00,Parramatta,94765,Bankstown,29.9,53,14.8,1009.8,
2020-01-10 02:00:00,Parramatta,94765,Bankstown,31.8,48,14.8,1008.3,
2020-01-10 04:00:00,Parramatta,94765,Bankstown,32.2,51,25.9,1006.0,
2020-01-10 05:00:00,Parramatta,94765,Bankstown,31.8,51,24.1,1004.7,
2020-01-10 07:00:00,Parramatta,94765,Bankstown,31.9,48,18.4,1002.7,
2020-01-10 08:00:00,Parramatta,94765,Bankstown,31.5,48,18.4,1002.6,
2020-01-10 10:00:00,Parramatta,94765,Bankstown,30.2,52,7.6,1003.0,
2020-01-10 11:00:00,Parramatta,94765,Bankstown,30.2,52,7.6,1002.7,
2020-01-10 13:00:00,Parramatta,94765,Bankstown,26.8,65,11.2,1001.7,
2020-01-10 14:00:00,Parramatta,94765,Bankstown,26.6,67,9.4,1002.5,
2020-01-10 16:00:00,Parramatta,94765,Bankstown,22.2,69,25.9,1005.9,
2020-01-10 17:00:00,Parramatta,94765,Bankstown,21.7,69,22.3,1007.2,
2020-01-10 19:00:00,Parramatta,94765,Bankstown,20.4,77,22.3,1010.4,
2020-01-10 20:00:00,Parramatta,94765,Bankstown,20.2,77,18.4,1011.8,
2020-01-10 22:00:00,Parramatta,94765,Bankstown,18.7,80,20.5,1013.3,
2020-01-10 23:00:00,Parramatta,94765,Bankstown,19.1,75,13.0,1013.7,
2020-01-11 01:00:00,Parramatta,94765,Bankstown,20.5,62,20.5,1014.0,
2020-01-11 02:00:00,Parramatta,94765,Bankstown,21.3,57,22.3,1013.7,
2020-01-11 04:00:00,Parramatta,94765,Bankstown,22.3,52,16.6,1013.0,
2020-01-11 05:00:00,Parramatta,94765,Bankstown,22.0,52,20.5,1012.9,
2020-01-11 07:00:00,Parramatta,94765,Bankstown,21.8,55,18.4,1013.1,
2020-01-11 08:00:00,Parramatta,94765,Bankstown,21.5,58,16.6,1014.3,
2020-01-11 10:00:00,Parramatta,94765,Bankstown,21.2,63,14.8,1016.2,
2020-01-11 11:00:00,Parramatta,94765,Bankstown,21.3,64,11.2,1016.7,
2020-01-11 17:00:00,Parramatta,94765,Bankstown,19.9,66,13.0,1016.4,
2020-01-11 19:00:00,Parramatta,94765,Bankstown,19.3,70,9.4,1017.1,
2020-01-11 20:00:00,Parramatta,94765,Bankstown,19.7,71,3.6,1017.3,
2020-01-11 22:00:00,Parramatta,94765,Bankstown,21.2,58,20.5,1018.2,
2020-01-11 23:00:00,Parramatta,94765,Bankstown,21.6,57,16.6,1018.4,
2020-01-12 01:00:00,Parramatta,94765,Bankstown,19.0,84,9.4,1019.2,
2020-01-12 02:00:00,Parramatta,94765,Bankstown,19.4,77,13.0,1018.8,
2020-01-12 04:00:00,Parramatta,94765,Bankstown,18.9,81,14.8,1018.8,
2020-01-12 05:00:00,Parramatta,94765,Bankstown,19.1,75,13.0,1018.8,
2020-01-12 07:00:00,Parramatta,94765,Bankstown,17.8,89,11.2,1018.7,
2020-01-12 08:00:00,Parramatta,94765,Bankstown,18.2,86,13.0,1019.2,
2020-01-12 10:00:00,Parramatta,94765,Bankstown,18.3,86,0.0,1020.3,
2020-01-12 11:00:00,Parramatta,94765,Bankstown,18.1,87,0.0,1020.6,
2020-01-12 13:00:00,Parramatta,94765,Bankstown,17.9,91,3.6,1020.4,
2020-01-12 14:00:00,Parramatta,94765,Bankstown,17.7,92,1.8,1019.8,
2020-01-12 16:00:00,Parramatta,94765,Bankstown,16.9,93,0.0,1019.1,
2020-01-12 17:00:00,Parramatta,94765,Bankstown,16.4,94,0.0,1019.0,
2020-01-12 19:00:00,Parramatta,94765,Bankstown,15.9,94,0.0,1019.2,
2020-01-12 20:00:00,Parramatta,94765,Bankstown,16.6,92,3.6,1019.6,
2020-01-12 22:00:00,Parramatta,94765,Bankstown,19.0,79,5.4,1020.3,
2020-01-12 23:00:00,Parramatta,94765,Bankstown,21.8,65,5.4,1020.0,
2020-01-13 01:00:00,Parramatta,94765,Bankstown,24.5,55,24.1,1019.2,
2020-01-13 02:00:00,Parramatta,94765,Bankstown,23.8,55,25.9,1018.6,
2020-01-13 04:00:00,Parramatta,94765,Bankstown,24.9,47,18.4,1017.4,
2020-01-13 05:00:00,Parramatta,94765,Bankstown,25.5,48,18.4,1016.8,
2020-01-13 07:00:00,Parramatta,94765,Bankstown,24.6,51,22.3,1016.5,
2020-01-13 08:00:00,Parramatta,94765,Bankstown,23.5,62,20.5,1017.1,
2020-01-13 10:00:00,Parramatta,94765,Bankstown,21.9,68,14.8,1018.1,
2020-01-13 11:00:00,Parramatta,94765,Bankstown,21.5,72,11.2,1018.5,
2020-01-13 13:00:00,Parramatta,94765,Bankstown,19.2,83,0.0,1018.4,
2020-01-13 14:00:00,Parramatta,94765,Bankstown,19.3,84,0.0,1018.0,
2020-01-13 16:00:00,Parramatta,94765,Bankstown,17.8,89,0.0,1017.2,
2020-01-13 17:00:00,Parramatta,94765,Bankstown,17.4,90,0.0,1016.9,
2020-01-13 19:00:00,Parramatta,94765,Bankstown,16.6,92,0.0,1017.3,
2020-01-13 20:00:00,Parramatta,94765,Bankstown,17.5,92,0.0,1017.8,
2020-01-13 23:00:00,Parramatta,94765,Bankstown,24.2,64,5.4,1017.7,
2020-01-14 01:00:00,Parramatta,94765,Bankstown,26.1,58,16.6,1017.2,
2020-01-14 02:00:00,Parramatta,94765,Bankstown,26.3,55,20.5,1016.5,
2020-01-14 04:00:00,Parramatta,94765,Bankstown,27.5,49,22.3,1015.5,
2020-01-14 05:00:00,Parramatta,94765,Bankstown,27.6,50,25.9,1014.9,
2020-01-14 07:00:00,Parramatta,94765,Bankstown,25.9,56,20.5,1014.9,
2020-01-14 08:00:00,Parramatta,94765,Bankstown,24.6,59,20.5,1015.4,
2020-01-14 10:00:00,Parramatta,94765,Bankstown,23.0,67,13.0,1016.4,
2020-01-14 11:00:00,Parramatta,94765,Bankstown,22.8,70,11.2,1016.9,
2020-01-14 13:00:00,Parramatta,94765,Bankstown,19.9,83,5.4,1016.3,
2020-01-14 14:00:00,Parramatta,94765,Bankstown,19.2,86,5.4,1015.7,
2020-01-14 16:00:00,Parramatta,94765,Bankstown,18.5,90,0.0,1014.7,
2020-01-14 17:00:00,Parramatta,94765,Bankstown,17.8,92,0.0,1014.1,
2020-01-14 19:00:00,Parramatta,94765,Bankstown,16.9,94,0.0,1014.3,
2020-01-14 20:00:00,Parramatta,94765,Bankstown,17.4,94,0.0,1014.5,
2020-01-14 22:00:00,Parramatta,94765,Bankstown,22.3,75,3.6,1014.8,
2020-01-14 23:00:00,Parramatta,94765,Bankstown,23.9,63,7.6,1014.6,
2020-01-15 01:00:00,Parramatta,94765,Bankstown,27.3,47,9.4,1012.7,
2020-01-15 02:00:00,Parramatta,94765,Bankstown,28.6,47,9.4,1011.7,
2020-01-15 04:00:00,Parramatta,94765,Bankstown,28.0,49,16.6,1010.4,
2020-01-15 05:00:00,Parramatta,94765,Bankstown,27.9,52,22.3,1009.7,
2020-01-15 07:00:00,Parramatta,94765,Bankstown,26.1,63,24.1,1008.4,
2020-01-15 08:00:00,Parramatta,94765,Bankstown,25.6,68,22.3,1008.6,
2020-01-15 10:00:00,Parramatta,94765,Bankstown,24.8,75,13.0,1008.7,
2020-01-15 11:00:00,Parramatta,94765,Bankstown,24.4,78,9.4,1008.8,
2020-01-15 13:00:00,Parramatta,94765,Bankstown,23.6,81,1.8,1008.4,
2020-01-15 14:00:00,Parramatta,94765,Bankstown,23.4,84,5.4,1007.7,
2020-01-15 16:00:00,Parramatta,94765,Bankstown,22.0,90,5.4,1006.7,
2020-01-15 17:00:00,Parramatta,94765,Bankstown,21.9,91,1.8,1007.0,
2020-01-15 19:00:00,Parramatta,94765,Bankstown,22.3,90,9.4,1007.6,
2020-01-15 20:00:00,Parramatta,94765,Bankstown,22.2,83,13.0,1008.4,
2020-01-15 22:00:00,Parramatta,94765,Bankstown,21.7,93,7.6,1008.2,
2020-01-15 23:00:00,Parramatta,94765,Bankstown,22.2,85,11.2,1008.1,
2020-01-16 01:00:00,Parramatta,94765,Bankstown,22.0,90,7.6,1007.3,
2020-01-16 02:00:00,Parramatta,94765,Bankstown,23.3,85,9.4,1006.7,
2020-01-16 04:00:00,Parramatta,94765,Bankstown,27.0,64,9.4,1005.0,
2020-01-16 05:00:00,Parramatta,94765,Bankstown,28.8,53,9.4,1004.3,
2020-01-16 07:00:00,Parramatta,94765,Bankstown,25.5,61,29.5,1005.1,
2020-01-16 08:00:00,Parramatta,94765,Bankstown,21.1,90,14.8,1006.7,
2020-01-16 10:00:00,Parramatta,94765,Bankstown,20.7,90,9.4,1008.9,
2020-01-16 11:00:00,Parramatta,94765,Bankstown,20.6,91,7.6,1008.8,
2020-01-16 13:00:00,Parramatta,94765,Bankstown,20.4,92,0.0,1007.7,
2020-01-16 14:00:00,Parramatta,94765,Bankstown,20.1,93,0.0,1007.3,
2020-01-16 16:00:00,Parramatta,94765,Bankstown,21.2,90,11.2,1007.1,
2020-01-16 17:00:00,Parramatta,94765,Bankstown,21.4,88,11.2,1006.9,
2020-01-16 19:00:00,Parramatta,94765,Bankstown,20.5,87,14.8,1007.4,
2020-01-16 20:00:00,Parramatta,94765,Bankstown,19.6,89,20.5,1008.2,
2020-01-16 22:00:00,Parramatta,94765,Bankstown,18.6,92,13.0,1009.5,
2020-01-16 23:00:00,Parramatta,94765,Bankstown,18.8,93,9.4,1009.8,
2020-01-17 01:00:00,Parramatta,94765,Bankstown,19.4,93,7.6,1009.9,
2020-01-17 02:00:00,Parramatta,94765,Bankstown,19.7,90,9.4,1010.0,
2020-01-17 04:00:00,Parramatta,94765,Bankstown,20.9,84,13.0,1009.4,
2020-01-17 05:00:00,Parramatta,94765,Bankstown,21.7,79,18.4,1009.3,
2020-01-17 07:00:00,Parramatta,94765,Bankstown,22.2,73,20.5,1008.9,
2020-01-17 08:00:00,Parramatta,94765,Bankstown,22.0,74,16.6,1009.6,
2020-01-17 10:00:00,Parramatta,94765,Bankstown,21.0,79,11.2,1010.4,
2020-01-17 11:00:00,Parramatta,94765,Bankstown,20.9,81,9.4,1010.8,
2020-01-17 13:00:00,Parramatta,94765,Bankstown,20.6,83,1.8,1010.5,
2020-01-17 14:00:00,Parramatta,94765,Bankstown,20.3,86,7.6,1009.9,
2020-01-17 16:00:00,Parramatta,94765,Bankstown,20.6,90,9.4,1008.7,
2020-01-17 17:00:00,Parramatta,94765,Bankstown,21.1,85,14.8,1008.4,
2020-01-17 19:00:00,Parramatta,94765,Bankstown,20.7,85,13.0,1008.5,
2020-01-17 20:00:00,Parramatta,94765,Bankstown,20.9,83,14.8,1009.0,
2020-01-17 22:00:00,Parramatta,94765,Bankstown,21.6,78,18.4,1009.7,
2020-01-17 23:00:00,Parramatta,94765,Bankstown,21.8,75,16.6,1009.8,
2020-01-18 01:00:00,Parramatta,94765,Bankstown,23.1,69,16.6,1009.7,
2020-01-18 02:00:00,Parramatta,94765,Bankstown,23.0,71,14.8,1009.6,
2020-01-18 04:00:00,Parramatta,94765,Bankstown,23.9,65,14.8,1009.1,
2020-01-18 05:00:00,Parramatta,94765,Bankstown,24.3,62,18.4,1008.4,
2020-01-18 07:00:00,Parramatta,94765,Bankstown,23.1,69,11.2,1008.0,
2020-01-18 08:00:00,Parramatta,94765,Bankstown,22.8,66,9.4,1008.5,
2020-01-18 10:00:00,Parramatta,94765,Bankstown,20.5,82,7.6,1009.6,
2020-01-18 11:00:00,Parramatta,94765,Bankstown,20.8,82,7.6,1010.4,
2020-01-18 13:00:00,Parramatta,94765,Bankstown,19.8,88,1.8,1009.5,
2020-01-18 14:00:00,Parramatta,94765,Bankstown,19.5,91,0.0,1009.2,
2020-01-18 16:00:00,Parramatta,94765,Bankstown,19.2,93,0.0,1008.5,
2020-01-18 17:00:00,Parramatta,94765,Bankstown,19.1,93,0.0,1008.3,
2020-01-18 19:00:00,Parramatta,94765,Bankstown,18.9,94,5.4,1008.1,
2020-01-18 20:00:00,Parramatta,94765,Bankstown,19.1,94,0.0,1008.5,
2020-01-18 22:00:00,Parramatta,94765,Bankstown,20.4,88,5.4,1009.1,
2020-01-18 23:00:00,Parramatta,94765,Bankstown,22.2,79,1.8,1008.6,
2020-01-19 01:00:00,Parramatta,94765,Bankstown,24.1,72,7.6,1008.2,
2020-01-19 02:00:00,Parramatta,94765,Bankstown,21.4,89,9.4,1007.7,
2020-01-19 04:00:00,Parramatta,94765,Bankstown,23.6,81,11.2,1006.4,
2020-01-19 05:00:00,Parramatta,94765,Bankstown,24.1,72,14.8,1005.8,
2020-01-19 07:00:00,Parramatta,94765,Bankstown,24.2,70,14.8,1004.5,
2020-01-19 08:00:00,Parramatta,94765,Bankstown,24.0,72,13.0,1004.5,
2020-01-19 10:00:00,Parramatta,94765,Bankstown,22.8,82,7.6,1005.0,
2020-01-19 11:00:00,Parramatta,94765,Bankstown,22.1,86,0.0,1005.2,
2020-01-19 13:00:00,Parramatta,94765,Bankstown,22.2,86,1.8,1005.6,
2020-01-19 14:00:00,Parramatta,94765,Bankstown,21.9,87,0.0,1004.3,
2020-01-19 16:00:00,Parramatta,94765,Bankstown,21.4,92,7.6,1003.8,
2020-01-19 17:00:00,Parramatta,94765,Bankstown,21.3,90,1.8,1002.6,
2020-01-19 19:00:00,Parramatta,94765,Bankstown,19.6,94,9.4,1002.8,
2020-01-19 20:00:00,Parramatta,94765,Bankstown,20.7,95,7.6,1003.6,
2020-01-19 22:00:00,Parramatta,94765,Bankstown,23.7,77,11.2,1004.8,
2020-01-19 23:00:00,Parramatta,94765,Bankstown,25.3,73,13.0,1003.9,
2020-01-20 01:00:00,Parramatta,94765,Bankstown,28.5,59,16.6,1002.3,
2020-01-20 02:00:00,Parramatta,94765,Bankstown,30.3,57,18.4,1000.5,
2020-01-20 04:00:00,Parramatta,94765,Bankstown,26.9,68,29.5,998.1,
2020-01-20 05:00:00,Parramatta,94765,Bankstown,28.5,65,27.7,999.2,
2020-01-20 07:00:00,Parramatta,94765,Bankstown,22.8,74,14.8,1000.5,
2020-01-20 08:00:00,Parramatta,94765,Bankstown,24.6,70,14.8,1000.7,
2020-01-20 10:00:00,Parramatta,94765,Bankstown,22.8,78,11.2,1002.3,
2020-01-20 11:00:00,Parramatta,94765,Bankstown,22.2,79,7.6,1003.5,
2020-01-20 13:00:00,Parramatta,94765,Bankstown,20.2,89,3.6,1004.2,
2020-01-20 14:00:00,Parramatta,94765,Bankstown,19.2,91,0.0,1003.9,
2020-01-20 16:00:00,Parramatta,94765,Bankstown,18.7,94,3.6,1003.7,
2020-01-20 17:00:00,Parramatta,94765,Bankstown,17.8,93,7.6,1003.8,
2020-01-20 19:00:00,Parramatta,94765,Bankstown,17.0,94,0.0,1005.0,
2020-01-20 20:00:00,Parramatta,94765,Bankstown,17.9,95,0.0,1005.8,
2020-01-20 22:00:00,Parramatta,94765,Bankstown,24.6,53,11.2,1007.2,
2020-01-20 23:00:00,Parramatta,94765,Bankstown,26.1,40,14.8,1007.6,
2020-01-21 01:00:00,Parramatta,94765,Bankstown,28.5,36,13.0,1007.4,
2020-01-21 02:00:00,Parramatta,94765,Bankstown,29.8,35,16.6,1007.1,
2020-01-21 04:00:00,Parramatta,94765,Bankstown,28.7,38,29.5,1006.1,
2020-01-21 05:00:00,Parramatta,94765,Bankstown,29.0,38,24.1,1006.1,
2020-01-21 07:00:00,Parramatta,94765,Bankstown,27.3,47,27.7,1006.7,
2020-01-21 08:00:00,Parramatta,94765,Bankstown,26.3,49,20.5,1007.8,
2020-01-21 10:00:00,Parramatta,94765,Bankstown,24.3,63,13.0,1009.8,
2020-01-21 11:00:00,Parramatta,94765,Bankstown,23.5,67,7.6,1010.7,
2020-01-21 13:00:00,Parramatta,94765,Bankstown,20.9,81,0.0,1011.4,
2020-01-21 14:00:00,Parramatta,94765,Bankstown,20.2,86,0.0,1011.2,
2020-01-21 16:00:00,Parramatta,94765,Bankstown,19.6,88,0.0,1010.5,
2020-01-21 17:00:00,Parramatta,94765,Bankstown,19.0,90,0.0,1010.3,
2020-01-21 19:00:00,Parramatta,94765,Bankstown,18.8,89,0.0,1010.7,
2020-01-21 20:00:00,Parramatta,94765,Bankstown,19.2,91,0.0,1011.1,
2020-01-21 22:00:00,Parramatta,94765,Bankstown,24.3,69,5.4,1011.5,
2020-01-21 23:00:00,Parramatta,94765,Bankstown,26.2,61,9.4,1011.1,
2020-01-22 01:00:00,Parramatta,94765,Bankstown,30.6,45,11.2,1009.4,
2020-01-22 02:00:00,Parramatta,94765,Bankstown,31.2,48,18.4,1008.4,
2020-01-22 04:00:00,Parramatta,94765,Bankstown,31.2,50,27.7,1006.4,
2020-01-22 05:00:00,Parramatta,94765,Bankstown,30.8,51,29.5,1005.7,
2020-01-22 07:00:00,Parramatta,94765,Bankstown,30.1,49,29.5,1004.6,
2020-01-22 08:00:00,Parramatta,94765,Bankstown,30.0,48,20.5,1004.6,
2020-01-22 10:00:00,Parramatta,94765,Bankstown,27.8,55,11.2,1005.9,
2020-01-22 11:00:00,Parramatta,94765,Bankstown,26.9,55,1.8,1006.4,
2020-01-22 13:00:00,Parramatta,94765,Bankstown,23.0,72,0.0,1006.1,
2020-01-22 14:00:00,Parramatta,94765,Bankstown,21.6,79,0.0,1005.5,
2020-01-22 16:00:00,Parramatta,94765,Bankstown,20.3,85,0.0,1004.0,
2020-01-22 17:00:00,Parramatta,94765,Bankstown,19.7,87,0.0,1003.6,
2020-01-22 19:00:00,Parramatta,94765,Bankstown,19.0,90,0.0,1003.6,
2020-01-22 20:00:00,Parramatta,94765,Bankstown,19.7,90,0.0,1003.6,
2020-01-22 22:00:00,Parramatta,94765,Bankstown,29.4,47,5.4,1002.8,
2020-01-22 23:00:00,Parramatta,94765,Bankstown,33.2,33,16.6,1001.8,
2020-01-23 01:00:00,Parramatta,94765,Bankstown,38.7,19,25.9,1000.4,
2020-01-23 02:00:00,Parramatta,94765,Bankstown,40.2,15,24.1,999.5,
2020-01-23 04:00:00,Parramatta,94765,Bankstown,41.0,16,22.3,997.9,
2020-01-23 05:00:00,Parramatta,94765,Bankstown,41.4,15,27.7,997.2,
2020-01-23 07:00:00,Parramatta,94765,Bankstown,39.9,18,14.8,997.2,
2020-01-23 08:00:00,Parramatta,94765,Bankstown,38.5,19,14.8,998.1,
2020-01-23 10:00:00,Parramatta,94765,Bankstown,31.1,55,11.2,1000.1,
2020-01-23 11:00:00,Parramatta,94765,Bankstown,30.7,60,11.2,1001.2,
2020-01-23 13:00:00,Parramatta,94765,Bankstown,30.2,53,18.4,1002.4,
2020-01-23 14:00:00,Parramatta,94765,Bankstown,29.9,54,14.8,1002.2,
2020-01-23 16:00:00,Parramatta,94765,Bankstown,28.2,48,14.8,1003.4,
2020-01-23 17:00:00,Parramatta,94765,Bankstown,26.6,55,5.4,1004.3,
2020-01-23 19:00:00,Parramatta,94765,Bankstown,24.3,63,25.9,1006.5,
2020-01-23 20:00:00,Parramatta,94765,Bankstown,24.4,69,20.5,1008.2,
2020-01-23 22:00:00,Parramatta,94765,Bankstown,22.3,80,14.8,1010.2,
2020-01-23 23:00:00,Parramatta,94765,Bankstown,23.0,77,18.4,1010.5,
2020-01-24 01:00:00,Parramatta,94765,Bankstown,23.7,64,13.0,1010.9,
2020-01-24 02:00:00,Parramatta,94765,Bankstown,22.6,74,9.4,1010.9,
2020-01-24 04:00:00,Parramatta,94765,Bankstown,22.6,81,16.6,1009.8,
2020-01-24 05:00:00,Parramatta,94765,Bankstown,25.3,67,16.6,1009.0,
2020-01-24 07:00:00,Parramatta,94765,Bankstown,25.3,70,22.3,1009.5,
2020-01-24 08:00:00,Parramatta,94765,Bankstown,25.0,73,18.4,1010.1,
2020-01-24 10:00:00,Parramatta,94765,Bankstown,24.6,73,18.4,1012.7,
2020-01-24 11:00:00,Parramatta,94765,Bankstown,24.0,77,16.6,1013.7,
2020-01-24 13:00:00,Parramatta,94765,Bankstown,23.1,84,0.0,1013.8,
2020-01-24 14:00:00,Parramatta,94765,Bankstown,23.5,84,7.6,1013.5,
2020-01-24 16:00:00,Parramatta,94765,Bankstown,23.5,79,11.2,1013.0,
2020-01-24 17:00:00,Parramatta,94765,Bankstown,23.5,79,13.0,1012.9,
2020-01-24 19:00:00,Parramatta,94765,Bankstown,23.5,78,11.2,1013.7,
2020-01-24 20:00:00,Parramatta,94765,Bankstown,23.6,77,7.6,1014.1,
2020-01-24 22:00:00,Parramatta,94765,Bankstown,24.7,71,14.8,1015.0,
2020-01-24 23:00:00,Parramatta,94765,Bankstown,26.3,62,14.8,1015.0,
2020-01-25 01:00:00,Parramatta,94765,Bankstown,28.7,54,13.0,1014.3,
2020-01-25 02:00:00,Parramatta,94765,Bankstown,28.8,57,11.2,1013.6,
2020-01-25 04:00:00,Parramatta,94765,Bankstown,28.9,62,18.4,1012.3,
2020-01-25 05:00:00,Parramatta,94765,Bankstown,28.7,67,22.3,1011.6,
2020-01-25 07:00:00,Parramatta,94765,Bankstown,27.1,73,16.6,1011.5,
2020-01-25 08:00:00,Parramatta,94765,Bankstown,27.0,75,16.6,1011.3,
2020-01-25 10:00:00,Parramatta,94765,Bankstown,26.2,79,11.2,1012.1,
2020-01-25 11:00:00,Parramatta,94765,Bankstown,26.0,79,3.6,1012.6,
2020-01-25 13:00:00,Parramatta,94765,Bankstown,25.3,83,7.6,1012.1,
2020-01-25 14:00:00,Parramatta,94765,Bankstown,25.2,83,11.2,1011.6,
2020-01-25 16:00:00,Parramatta,94765,Bankstown,25.4,84,9.4,1010.9,
2020-01-25 17:00:00,Parramatta,94765,Bankstown,25.0,85,1.8,1010.7,
2020-01-25 19:00:00,Parramatta,94765,Bankstown,24.1,88,0.0,1011.3,
2020-01-25 20:00:00,Parramatta,94765,Bankstown,24.6,88,7.6,1011.6,
2020-01-25 22:00:00,Parramatta,94765,Bankstown,27.5,73,5.4,1012.0,
2020-01-25 23:00:00,Parramatta,94765,Bankstown,29.4,65,11.2,1011.8,
2020-01-26 01:00:00,Parramatta,94765,Bankstown,33.3,47,9.4,1010.7,
2020-01-26 02:00:00,Parramatta,94765,Bankstown,34.7,42,9.4,1010.0,
2020-01-26 04:00:00,Parramatta,94765,Bankstown,35.4,44,25.9,1007.8,
2020-01-26 05:00:00,Parramatta,94765,Bankstown,26.8,76,27.7,1008.0,
2020-01-26 07:00:00,Parramatta,94765,Bankstown,32.2,55,22.3,1007.7,
2020-01-26 08:00:00,Parramatta,94765,Bankstown,30.7,55,27.7,1008.9,
2020-01-26 10:00:00,Parramatta,94765,Bankstown,29.6,59,7.6,1010.5,
2020-01-26 11:00:00,Parramatta,94765,Bankstown,28.3,63,9.4,1011.3,
2020-01-26 13:00:00,Parramatta,94765,Bankstown,27.5,66,20.5,1012.4,
2020-01-26 14:00:00,Parramatta,94765,Bankstown,24.8,78,24.1,1012.3,
2020-01-26 16:00:00,Parramatta,94765,Bankstown,24.0,79,13.0,1013.0,
2020-01-26 17:00:00,Parramatta,94765,Bankstown,23.9,80,14.8,1013.0,
2020-01-26 19:00:00,Parramatta,94765,Bankstown,23.7,81,9.4,1013.8,
2020-01-26 20:00:00,Parramatta,94765,Bankstown,23.8,80,13.0,1014.2,
2020-01-26 22:00:00,Parramatta,94765,Bankstown,26.1,73,9.4,1014.5,
2020-01-26 23:00:00,Parramatta,94765,Bankstown,27.2,70,5.4,1014.4,
2020-01-27 01:00:00,Parramatta,94765,Bankstown,28.7,61,16.6,1013.5,
2020-01-27 02:00:00,Parramatta,94765,Bankstown,28.9,62,14.8,1013.0,
2020-01-27 04:00:00,Parramatta,94765,Bankstown,29.2,61,18.4,1011.7,
2020-01-27 05:00:00,Parramatta,94765,Bankstown,28.7,63,20.5,1011.3,
2020-01-27 07:00:00,Parramatta,94765,Bankstown,28.0,68,20.5,1010.7,
2020-01-27 08:00:00,Parramatta,94765,Bankstown,27.5,70,16.6,1010.9,
2020-01-27 10:00:00,Parramatta,94765,Bankstown,26.1,72,11.2,1012.2,
2020-01-27 11:00:00,Parramatta,94765,Bankstown,25.8,72,11.2,1012.7,
2020-01-27 13:00:00,Parramatta,94765,Bankstown,25.1,79,13.0,1013.0,
2020-01-27 14:00:00,Parramatta,94765,Bankstown,24.7,81,11.2,1012.3,
2020-01-27 16:00:00,Parramatta,94765,Bankstown,23.3,87,3.6,1011.8,
2020-01-27 17:00:00,Parramatta,94765,Bankstown,22.8,90,5.4,1011.1,
2020-01-27 19:00:00,Parramatta,94765,Bankstown,22.3,91,1.8,1011.8,
2020-01-27 20:00:00,Parramatta,94765,Bankstown,22.8,91,0.0,1012.2,
2020-01-27 22:00:00,Parramatta,94765,Bankstown,25.4,78,11.2,1012.8,
2020-01-27 23:00:00,Parramatta,94765,Bankstown,27.7,70,9.4,1012.8,
2020-01-28 01:00:00,Parramatta,94765,Bankstown,30.2,59,7.6,1011.2,
2020-01-28 02:00:00,Parramatta,94765,Bankstown,31.9,55,5.4,1010.3,
2020-01-28 04:00:00,Parramatta,94765,Bankstown,31.0,60,18.4,1008.6,
2020-01-28 05:00:00,Parramatta,94765,Bankstown,29.2,65,27.7,1008.4,
2020-01-28 07:00:00,Parramatta,94765,Bankstown,26.9,73,31.7,1009.6,
2020-01-28 08:00:00,Parramatta,94765,Bankstown,26.0,76,25.9,1010.5,
2020-01-28 10:00:00,Parramatta,94765,Bankstown,24.8,78,16.6,1012.9,
2020-01-28 11:00:00,Parramatta,94765,Bankstown,25.1,79,14.8,1014.1,
2020-01-28 13:00:00,Parramatta,94765,Bankstown,24.5,79,16.6,1014.7,
2020-01-28 14:00:00,Parramatta,94765,Bankstown,24.1,80,14.8,1014.5,
2020-01-28 16:00:00,Parramatta,94765,Bankstown,23.8,79,14.8,1014.5,
2020-01-28 17:00:00,Parramatta,94765,Bankstown,23.5,78,14.8,1014.4,
2020-01-28 19:00:00,Parramatta,94765,Bankstown,23.2,72,14.8,1015.1,
2020-01-28 20:00:00,Parramatta,94765,Bankstown,23.0,74,13.0,1015.8,
2020-01-28 22:00:00,Parramatta,94765,Bankstown,24.2,67,13.0,1016.5,
2020-01-28 23:00:00,Parramatta,94765,Bankstown,26.2,63,13.0,1016.6,
2020-01-29 01:00:00,Parramatta,94765,Bankstown,26.5,60,13.0,1016.3,
2020-01-29 02:00:00,Parramatta,94765,Bankstown,27.5,58,18.4,1015.9,
2020-01-29 04:00:00,Parramatta,94765,Bankstown,27.4,60,25.9,1015.4,
2020-01-29 05:00:00,Parramatta,94765,Bankstown,27.0,62,25.9,1015.5,
2020-01-29 07:00:00,Parramatta,94765,Bankstown,25.6,63,24.1,1015.8,
2020-01-29 08:00:00,Parramatta,94765,Bankstown,25.2,63,18.4,1016.2,
2020-01-29 10:00:00,Parramatta,94765,Bankstown,23.5,71,14.8,1017.9,
2020-01-29 11:00:00,Parramatta,94765,Bankstown,23.2,69,13.0,1018.4,
2020-01-29 13:00:00,Parramatta,94765,Bankstown,20.9,80,5.4,1018.0,
2020-01-29 14:00:00,Parramatta,94765,Bankstown,20.5,83,0.0,1017.9,
2020-01-29 16:00:00,Parramatta,94765,Bankstown,19.3,89,0.0,1017.4,
2020-01-29 17:00:00,Parramatta,94765,Bankstown,18.8,88,0.0,1017.0,
2020-01-29 19:00:00,Parramatta,94765,Bankstown,17.8,91,0.0,1017.1,
2020-01-29 20:00:00,Parramatta,94765,Bankstown,18.5,92,0.0,1017.4,
2020-01-29 22:00:00,Parramatta,94765,Bankstown,22.6,79,1.8,1018.3,
2020-01-29 23:00:00,Parramatta,94765,Bankstown,25.1,66,7.6,1018.1,
2020-01-30 01:00:00,Parramatta,94765,Bankstown,27.8,53,13.0,1016.7,
2020-01-30 02:00:00,Parramatta,94765,Bankstown,29.3,51,11.2,1015.6,
2020-01-30 04:00:00,Parramatta,94765,Bankstown,31.0,48,16.6,1013.5,
2020-01-30 05:00:00,Parramatta,94765,Bankstown,30.4,52,24.1,1013.0,
2020-01-30 07:00:00,Parramatta,94765,Bankstown,28.1,63,24.1,1012.9,
2020-01-30 08:00:00,Parramatta,94765,Bankstown,26.9,67,20.5,1013.2,
2020-01-30 10:00:00,Parramatta,94765,Bankstown,25.1,77,14.8,1014.5,
2020-01-30 11:00:00,Parramatta,94765,Bankstown,25.0,79,5.4,1015.0,
2020-01-30 13:00:00,Parramatta,94765,Bankstown,23.4,83,0.0,1015.1,
2020-01-30 14:00:00,Parramatta,94765,Bankstown,23.4,87,0.0,1014.9,
2020-01-30 16:00:00,Parramatta,94765,Bankstown,22.2,90,0.0,1014.3,
2020-01-30 17:00:00,Parramatta,94765,Bankstown,22.4,91,0.0,1014.0,
2020-01-30 19:00:00,Parramatta,94765,Bankstown,23.9,84,9.4,1014.7,
2020-01-30 20:00:00,Parramatta,94765,Bankstown,23.9,84,3.6,1015.5,
2020-01-30 22:00:00,Parramatta,94765,Bankstown,25.1,79,7.6,1015.9,
2020-01-30 23:00:00,Parramatta,94765,Bankstown,27.4,71,9.4,1015.4,
2020-01-31 01:00:00,Parramatta,94765,Bankstown,32.7,53,5.4,1013.6,
2020-01-31 02:00:00,Parramatta,94765,Bankstown,34.2,48,11.2,1012.6,
2020-01-31 04:00:00,Parramatta,94765,Bankstown,34.1,51,20.5,1011.2,
2020-01-31 05:00:00,Parramatta,94765,Bankstown,34.0,51,22.3,1010.5,
2020-01-31 07:00:00,Parramatta,94765,Bankstown,32.6,50,24.1,1009.9,
2020-01-31 08:00:00,Parramatta,94765,Bankstown,31.4,53,18.4,1010.2,
2020-01-31 10:00:00,Parramatta,94765,Bankstown,28.5,63,13.0,1011.2,
2020-01-31 11:00:00,Parramatta,94765,Bankstown,27.8,67,9.4,1011.7,
2020-01-31 13:00:00,Parramatta,94765,Bankstown,26.2,76,9.4,1011.5,
2020-01-31 14:00:00,Parramatta,94765,Bankstown,25.9,78,5.4,1011.3,
2020-01-31 16:00:00,Parramatta,94765,Bankstown,24.9,84,0.0,1010.1,
2020-01-31 17:00:00,Parramatta,94765,Bankstown,24.0,86,0.0,1010.2,
2020-01-31 19:00:00,Parramatta,94765,Bankstown,24.0,86,0.0,1010.4,
2020-01-31 20:00:00,Parramatta,94765,Bankstown,24.1,88,0.0,1010.9,
2020-01-31 22:00:00,Parramatta,94765,Bankstown,28.9,67,3.6,1011.0,
2020-01-31 23:00:00,Parramatta,94765,Bankstown,31.6,57,5.4,1010.4,
2020-02-01 01:00:00,Parramatta,94765,Bankstown,39.9,33,7.6,1008.6,
2020-02-01 02:00:00,Parramatta,94765,Bankstown,42.9,23,9.4,1007.6,
2020-02-01 04:00:00,Parramatta,94765,Bankstown,41.7,29,25.9,1005.9,
2020-02-01 05:00:00,Parramatta,94765,Bankstown,41.1,29,27.7,1005.4,
2020-02-01 07:00:00,Parramatta,94765,Bankstown,38.2,33,27.7,1004.8,
2020-02-01 08:00:00,Parramatta,94765,Bankstown,36.4,36,24.1,1004.9,
2020-02-01 10:00:00,Parramatta,94765,Bankstown,34.3,41,7.6,1005.7,
2020-02-01 11:00:00,Parramatta,94765,Bankstown,33.1,46,7.6,1006.1,
2020-02-01 13:00:00,Parramatta,94765,Bankstown,31.4,53,13.0,1005.7,
2020-02-01 14:00:00,Parramatta,94765,Bankstown,29.2,61,9.4,1005.4,
2020-02-01 16:00:00,Parramatta,94765,Bankstown,27.2,69,9.4,1004.7,
2020-02-01 17:00:00,Parramatta,94765,Bankstown,26.7,74,16.6,1004.9,
2020-02-01 19:00:00,Parramatta,94765,Bankstown,26.2,70,14.8,1005.5,
2020-02-01 20:00:00,Parramatta,94765,Bankstown,25.7,72,14.8,1006.2,
2020-02-01 22:00:00,Parramatta,94765,Bankstown,26.6,68,7.6,1006.9,
2020-02-01 23:00:00,Parramatta,94765,Bankstown,28.3,65,11.2,1006.6,
2020-02-02 01:00:00,Parramatta,94765,Bankstown,30.2,57,14.8,1005.5,
2020-02-02 02:00:00,Parramatta,94765,Bankstown,31.8,54,20.5,1004.9,
2020-02-02 04:00:00,Parramatta,94765,Bankstown,28.5,63,29.5,1004.2,
2020-02-02 05:00:00,Parramatta,94765,Bankstown,26.4,73,37.1,1004.4,
2020-02-02 07:00:00,Parramatta,94765,Bankstown,24.4,82,24.1,1007.1,
2020-02-02 08:00:00,Parramatta,94765,Bankstown,23.0,89,25.9,1006.5,
2020-02-02 10:00:00,Parramatta,94765,Bankstown,22.9,92,14.8,1008.4,
2020-02-02 11:00:00,Parramatta,94765,Bankstown,22.9,90,5.4,1010.1,
2020-02-02 13:00:00,Parramatta,94765,Bankstown,23.0,90,11.2,1008.0,
2020-02-02 14:00:00,Parramatta,94765,Bankstown,23.0,89,0.0,1007.9,
2020-02-02 16:00:00,Parramatta,94765,Bankstown,22.6,93,0.0,1006.6,
2020-02-02 17:00:00,Parramatta,94765,Bankstown,22.8,94,7.6,1006.0,
2020-02-02 19:00:00,Parramatta,94765,Bankstown,23.0,95,9.4,1005.1,
2020-02-02 20:00:00,Parramatta,94765,Bankstown,23.1,94,1.8,1005.4,
2020-02-02 22:00:00,Parramatta,94765,Bankstown,23.4,93,9.4,1006.1,
2020-02-02 23:00:00,Parramatta,94765,Bankstown,24.6,88,7.6,1006.2,
2020-02-03 01:00:00,Parramatta,94765,Bankstown,26.9,46,7.6,1005.2,
2020-02-03 02:00:00,Parramatta,94765,Bankstown,29.7,34,13.0,1004.2,
2020-02-03 04:00:00,Parramatta,94765,Bankstown,32.7,24,13.0,1002.8,
2020-02-03 05:00:00,Parramatta,94765,Bankstown,34.0,18,16.6,1002.5,
2020-02-03 07:00:00,Parramatta,94765,Bankstown,26.2,58,40.7,1005.8,
2020-02-03 08:00:00,Parramatta,94765,Bankstown,22.6,69,38.9,1007.9,
2020-02-03 10:00:00,Parramatta,94765,Bankstown,20.4,66,31.7,1013.0,
2020-02-03 11:00:00,Parramatta,94765,Bankstown,20.0,66,25.9,1014.7,
2020-02-03 13:00:00,Parramatta,94765,Bankstown,20.0,59,18.4,1016.4,
2020-02-03 14:00:00,Parramatta,94765,Bankstown,20.0,53,22.3,1016.9,
2020-02-03 16:00:00,Parramatta,94765,Bankstown,19.1,47,22.3,1017.4,
2020-02-03 17:00:00,Parramatta,94765,Bankstown,18.8,49,22.3,1017.4,
2020-02-03 19:00:00,Parramatta,94765,Bankstown,17.1,56,9.4,1018.5,
2020-02-03 20:00:00,Parramatta,94765,Bankstown,16.8,53,11.2,1019.5,
2020-02-03 22:00:00,Parramatta,94765,Bankstown,18.4,50,9.4,1021.0,
2020-02-03 23:00:00,Parramatta,94765,Bankstown,20.6,49,16.6,1021.0,
2020-02-04 01:00:00,Parramatta,94765,Bankstown,22.9,49,22.3,1020.6,
2020-02-04 02:00:00,Parramatta,94765,Bankstown,21.5,48,16.6,1020.3,
2020-02-04 04:00:00,Parramatta,94765,Bankstown,21.5,54,22.3,1020.7,
2020-02-04 05:00:00,Parramatta,94765,Bankstown,22.3,52,24.1,1020.5,
2020-02-04 07:00:00,Parramatta,94765,Bankstown,22.0,51,22.3,1020.3,
2020-02-04 08:00:00,Parramatta,94765,Bankstown,21.3,52,16.6,1020.8,
2020-02-04 10:00:00,Parramatta,94765,Bankstown,21.0,56,13.0,1022.2,
2020-02-04 11:00:00,Parramatta,94765,Bankstown,20.9,55,13.0,1022.4,
2020-02-04 13:00:00,Parramatta,94765,Bankstown,20.3,61,13.0,1022.0,
2020-02-04 14:00:00,Parramatta,94765,Bankstown,19.9,67,7.6,1021.2,
2020-02-04 16:00:00,Parramatta,94765,Bankstown,18.0,73,0.0,1020.1,
2020-02-04 17:00:00,Parramatta,94765,Bankstown,16.8,82,0.0,1019.7,
2020-02-04 19:00:00,Parramatta,94765,Bankstown,15.8,84,0.0,1020.2,
2020-02-04 20:00:00,Parramatta,94765,Bankstown,16.1,88,0.0,1020.7,
2020-02-04 22:00:00,Parramatta,94765,Bankstown,21.7,60,5.4,1021.3,
2020-02-04 23:00:00,Parramatta,94765,Bankstown,22.9,51,11.2,1021.1,
2020-02-05 01:00:00,Parramatta,94765,Bankstown,24.9,45,16.6,1019.8,
2020-02-05 02:00:00,Parramatta,94765,Bankstown,25.4,52,18.4,1019.2,
2020-02-05 04:00:00,Parramatta,94765,Bankstown,24.9,53,24.1,1018.2,
2020-02-05 05:00:00,Parramatta,94765,Bankstown,24.8,52,24.1,1017.8,
2020-02-05 07:00:00,Parramatta,94765,Bankstown,24.6,55,18.4,1018.2,
2020-02-05 08:00:00,Parramatta,94765,Bankstown,23.9,61,20.5,1018.7,
2020-02-05 10:00:00,Parramatta,94765,Bankstown,22.4,69,9.4,1020.0,
2020-02-05 11:00:00,Parramatta,94765,Bankstown,22.1,71,7.6,1020.6,
2020-02-05 13:00:00,Parramatta,94765,Bankstown,21.1,80,5.4,1020.4,
2020-02-05 14:00:00,Parramatta,94765,Bankstown,20.9,83,11.2,1020.4,
2020-02-05 16:00:00,Parramatta,94765,Bankstown,20.2,90,7.6,1019.5,
2020-02-05 17:00:00,Parramatta,94765,Bankstown,20.2,90,9.4,1019.6,
2020-02-05 19:00:00,Parramatta,94765,Bankstown,20.2,90,5.4,1020.3,
2020-02-05 20:00:00,Parramatta,94765,Bankstown,20.6,87,3.6,1020.8,
2020-02-05 22:00:00,Parramatta,94765,Bankstown,22.5,83,1.8,1022.1,
2020-02-05 23:00:00,Parramatta,94765,Bankstown,21.3,84,9.4,1022.3,
2020-02-06 01:00:00,Parramatta,94765,Bankstown,22.8,77,13.0,1022.2,
2020-02-06 02:00:00,Parramatta,94765,Bankstown,23.8,64,16.6,1022.0,
2020-02-06 04:00:00,Parramatta,94765,Bankstown,24.1,60,18.4,1021.5,
2020-02-06 05:00:00,Parramatta,94765,Bankstown,22.9,70,13.0,1021.5,
2020-02-06 07:00:00,Parramatta,94765,Bankstown,20.4,85,11.2,1021.4,
2020-02-06 08:00:00,Parramatta,94765,Bankstown,20.3,83,13.0,1021.5,
2020-02-06 10:00:00,Parramatta,94765,Bankstown,20.6,87,0.0,1021.9,
2020-02-06 11:00:00,Parramatta,94765,Bankstown,21.3,79,13.0,1022.0,
2020-02-06 13:00:00,Parramatta,94765,Bankstown,20.0,92,0.0,1021.2,
2020-02-06 14:00:00,Parramatta,94765,Bankstown,20.4,92,13.0,1020.6,
2020-02-06 16:00:00,Parramatta,94765,Bankstown,20.4,93,11.2,1019.2,
2020-02-06 17:00:00,Parramatta,94765,Bankstown,20.7,94,9.4,1018.8,
2020-02-06 19:00:00,Parramatta,94765,Bankstown,19.5,91,9.4,1019.7,
2020-02-06 20:00:00,Parramatta,94765,Bankstown,18.9,92,11.2,1020.2,
2020-02-06 22:00:00,Parramatta,94765,Bankstown,19.4,93,16.6,1021.0,
2020-02-06 23:00:00,Parramatta,94765,Bankstown,19.5,92,25.9,1021.1,
2020-02-07 01:00:00,Parramatta,94765,Bankstown,20.0,91,16.6,1020.7,
2020-02-07 02:00:00,Parramatta,94765,Bankstown,20.0,92,18.4,1020.4,
2020-02-07 04:00:00,Parramatta,94765,Bankstown,20.7,92,20.5,1019.7,
2020-02-07 05:00:00,Parramatta,94765,Bankstown,20.7,90,20.5,1019.4,
2020-02-07 07:00:00,Parramatta,94765,Bankstown,19.9,86,27.7,1019.3,
2020-02-07 08:00:00,Parramatta,94765,Bankstown,20.5,85,22.3,1019.5,
2020-02-07 10:00:00,Parramatta,94765,Bankstown,20.4,84,18.4,1020.0,
2020-02-07 11:00:00,Parramatta,94765,Bankstown,20.3,88,11.2,1020.3,
2020-02-07 13:00:00,Parramatta,94765,Bankstown,19.9,92,18.4,1019.5,
2020-02-07 14:00:00,Parramatta,94765,Bankstown,20.2,92,16.6,1019.1,
2020-02-07 16:00:00,Parramatta,94765,Bankstown,19.8,92,22.3,1018.1,
2020-02-07 17:00:00,Parramatta,94765,Bankstown,19.7,94,14.8,1017.7,
2020-02-07 19:00:00,Parramatta,94765,Bankstown,19.8,93,13.0,1017.8,
2020-02-07 20:00:00,Parramatta,94765,Bankstown,20.4,94,16.6,1018.3,
2020-02-07 22:00:00,Parramatta,94765,Bankstown,20.9,90,22.3,1018.9,
2020-02-07 23:00:00,Parramatta,94765,Bankstown,20.3,95,22.3,1019.1,
2020-02-08 01:00:00,Parramatta,94765,Bankstown,21.4,89,31.7,1018.9,
2020-02-08 02:00:00,Parramatta,94765,Bankstown,21.5,83,24.1,1018.5,
2020-02-08 04:00:00,Parramatta,94765,Bankstown,20.8,91,14.8,1017.5,
2020-02-08 05:00:00,Parramatta,94765,Bankstown,23.4,79,31.7,1016.9,
2020-02-08 07:00:00,Parramatta,94765,Bankstown,22.4,80,29.5,1016.9,
2020-02-08 08:00:00,Parramatta,94765,Bankstown,20.6,90,16.6,1017.8,
2020-02-08 10:00:00,Parramatta,94765,Bankstown,20.4,90,20.5,1018.2,
2020-02-08 11:00:00,Parramatta,94765,Bankstown,21.2,86,20.5,1018.1,
2020-02-08 13:00:00,Parramatta,94765,Bankstown,21.5,86,20.5,1017.2,
2020-02-08 14:00:00,Parramatta,94765,Bankstown,21.3,88,22.3,1016.5,
2020-02-08 16:00:00,Parramatta,94765,Bankstown,21.4,86,25.9,1015.5,
2020-02-08 17:00:00,Parramatta,94765,Bankstown,20.6,85,33.5,1015.2,
2020-02-08 19:00:00,Parramatta,94765,Bankstown,20.6,89,27.7,1014.5,
2020-02-08 20:00:00,Parramatta,94765,Bankstown,20.4,92,35.3,1014.4,
2020-02-08 22:00:00,Parramatta,94765,Bankstown,20.0,95,46.4,1014.1,
2020-02-08 23:00:00,Parramatta,94765,Bankstown,20.1,95,42.5,1012.9,
2020-02-09 01:00:00,Parramatta,94765,Bankstown,20.3,94,50.0,1011.8,
2020-02-09 02:00:00,Parramatta,94765,Bankstown,19.9,95,44.6,1010.7,
2020-02-09 04:00:00,Parramatta,94765,Bankstown,20.1,95,48.2,1008.4,
2020-02-09 05:00:00,Parramatta,94765,Bankstown,20.9,92,50.0,1007.3,
2020-02-09 07:00:00,Parramatta,94765,Bankstown,21.3,94,27.7,1008.2,
2020-02-09 08:00:00,Parramatta,94765,Bankstown,20.9,94,27.7,1008.6,
2020-02-09 10:00:00,Parramatta,94765,Bankstown,21.1,95,20.5,1009.2,
2020-02-09 11:00:00,Parramatta,94765,Bankstown,21.9,89,37.1,1009.4,
2020-02-09 13:00:00,Parramatta,94765,Bankstown,21.3,89,29.5,1009.4,
2020-02-09 14:00:00,Parramatta,94765,Bankstown,20.6,94,24.1,1009.1,
2020-02-09 16:00:00,Parramatta,94765,Bankstown,21.2,93,14.8,1007.4,
2020-02-09 17:00:00,Parramatta,94765,Bankstown,21.0,95,9.4,1006.6,
2020-02-09 19:00:00,Parramatta,94765,Bankstown,21.0,96,0.0,1008.0,
2020-02-09 20:00:00,Parramatta,94765,Bankstown,21.1,96,0.0,1008.6,
2020-02-09 22:00:00,Parramatta,94765,Bankstown,22.0,94,3.6,1010.0,
2020-02-09 23:00:00,Parramatta,94765,Bankstown,24.1,79,9.4,1009.6,
2020-02-10 01:00:00,Parramatta,94765,Bankstown,24.8,73,11.2,1009.3,
2020-02-10 02:00:00,Parramatta,94765,Bankstown,26.3,68,11.2,1008.9,
2020-02-10 04:00:00,Parramatta,94765,Bankstown,28.4,62,9.4,1007.6,
2020-02-10 05:00:00,Parramatta,94765,Bankstown,28.6,62,13.0,1006.6,
2020-02-10 07:00:00,Parramatta,94765,Bankstown,25.7,72,20.5,1007.0,
2020-02-10 08:00:00,Parramatta,94765,Bankstown,24.5,77,22.3,1007.1,
2020-02-10 10:00:00,Parramatta,94765,Bankstown,23.5,84,13.0,1008.9,
2020-02-10 11:00:00,Parramatta,94765,Bankstown,23.5,85,7.6,1009.4,
2020-02-10 13:00:00,Parramatta,94765,Bankstown,22.7,87,0.0,1009.4,
2020-02-10 14:00:00,Parramatta,94765,Bankstown,22.5,84,0.0,1009.1,
2020-02-10 16:00:00,Parramatta,94765,Bankstown,21.9,84,7.6,1007.9,
2020-02-10 17:00:00,Parramatta,94765,Bankstown,21.6,86,7.6,1007.7,
2020-02-10 19:00:00,Parramatta,94765,Bankstown,20.7,90,1.8,1008.2,
2020-02-10 20:00:00,Parramatta,94765,Bankstown,20.6,94,0.0,1008.8,
2020-02-10 22:00:00,Parramatta,94765,Bankstown,22.5,84,5.4,1009.4,
2020-02-10 23:00:00,Parramatta,94765,Bankstown,24.6,75,7.6,1009.2,
2020-02-11 01:00:00,Parramatta,94765,Bankstown,27.9,62,11.2,1008.6,
2020-02-11 02:00:00,Parramatta,94765,Bankstown,28.6,58,9.4,1007.7,
2020-02-11 04:00:00,Parramatta,94765,Bankstown,29.4,61,20.5,1006.5,
2020-02-11 05:00:00,Parramatta,94765,Bankstown,28.8,59,22.3,1006.0,
2020-02-11 07:00:00,Parramatta,94765,Bankstown,27.6,59,24.1,1006.1,
2020-02-11 08:00:00,Parramatta,94765,Bankstown,26.0,70,18.4,1006.9,
2020-02-11 10:00:00,Parramatta,94765,Bankstown,24.5,75,14.8,1009.3,
2020-02-11 11:00:00,Parramatta,94765,Bankstown,24.3,79,9.4,1009.8,
2020-02-11 13:00:00,Parramatta,94765,Bankstown,24.1,82,9.4,1009.1,
2020-02-11 14:00:00,Parramatta,94765,Bankstown,24.0,82,11.2,1008.3,
2020-02-11 16:00:00,Parramatta,94765,Bankstown,23.5,85,14.8,1007.7,
2020-02-11 17:00:00,Parramatta,94765,Bankstown,23.0,88,13.0,1007.6,
2020-02-11 19:00:00,Parramatta,94765,Bankstown,22.7,91,11.2,1008.5,
2020-02-11 20:00:00,Parramatta,94765,Bankstown,22.7,91,11.2,1008.8,
2020-02-11 22:00:00,Parramatta,94765,Bankstown,24.8,85,9.4,1009.5,
2020-02-11 23:00:00,Parramatta,94765,Bankstown,25.4,75,18.4,1009.9,
2020-02-12 01:00:00,Parramatta,94765,Bankstown,26.5,71,20.5,1009.9,
2020-02-12 02:00:00,Parramatta,94765,Bankstown,26.8,73,20.5,1009.6,
2020-02-12 04:00:00,Parramatta,94765,Bankstown,25.5,76,24.1,1009.4,
2020-02-12 05:00:00,Parramatta,94765,Bankstown,25.3,76,22.3,1009.1,
2020-02-12 07:00:00,Parramatta,94765,Bankstown,24.2,82,22.3,1009.2,
2020-02-12 08:00:00,Parramatta,94765,Bankstown,23.5,86,20.5,1009.9,
2020-02-12 10:00:00,Parramatta,94765,Bankstown,22.7,89,11.2,1011.3,
2020-02-12 11:00:00,Parramatta,94765,Bankstown,22.8,90,13.0,1011.7,
2020-02-12 13:00:00,Parramatta,94765,Bankstown,22.2,91,14.8,1011.3,
2020-02-12 14:00:00,Parramatta,94765,Bankstown,21.6,94,9.4,1011.1,
2020-02-12 16:00:00,Parramatta,94765,Bankstown,21.8,95,9.4,1010.3,
2020-02-12 17:00:00,Parramatta,94765,Bankstown,21.8,95,11.2,1010.2,
2020-02-12 19:00:00,Parramatta,94765,Bankstown,22.0,94,0.0,1010.6,
2020-02-12 20:00:00,Parramatta,94765,Bankstown,22.3,95,7.6,1011.0,
2020-02-12 22:00:00,Parramatta,94765,Bankstown,24.0,91,13.0,1011.6,
2020-02-12 23:00:00,Parramatta,94765,Bankstown,25.1,87,16.6,1011.7,
2020-02-13 01:00:00,Parramatta,94765,Bankstown,26.4,78,25.9,1011.4,
2020-02-13 02:00:00,Parramatta,94765,Bankstown,25.8,77,24.1,1011.1,
2020-02-13 04:00:00,Parramatta,94765,Bankstown,23.8,85,27.7,1010.6,
2020-02-13 05:00:00,Parramatta,94765,Bankstown,23.5,85,22.3,1010.3,
2020-02-13 07:00:00,Parramatta,94765,Bankstown,24.9,76,20.5,1010.4,
2020-02-13 08:00:00,Parramatta,94765,Bankstown,24.4,77,18.4,1011.0,
2020-02-13 10:00:00,Parramatta,94765,Bankstown,23.4,80,14.8,1012.1,
2020-02-13 11:00:00,Parramatta,94765,Bankstown,22.9,85,13.0,1012.5,
2020-02-13 13:00:00,Parramatta,94765,Bankstown,21.6,91,9.4,1011.8,
2020-02-13 14:00:00,Parramatta,94765,Bankstown,21.2,92,7.6,1011.4,
2020-02-13 16:00:00,Parramatta,94765,Bankstown,22.1,88,14.8,1010.2,
2020-02-13 17:00:00,Parramatta,94765,Bankstown,22.1,85,14.8,1010.0,
2020-02-13 19:00:00,Parramatta,94765,Bankstown,20.3,90,5.4,1010.1,
2020-02-13 20:00:00,Parramatta,94765,Bankstown,20.1,92,0.0,1010.1,
2020-02-13 22:00:00,Parramatta,94765,Bankstown,23.6,75,14.8,1010.4,
2020-02-13 23:00:00,Parramatta,94765,Bankstown,24.0,66,16.6,1010.0,
2020-02-14 01:00:00,Parramatta,94765,Bankstown,26.1,58,18.4,1009.1,
2020-02-14 02:00:00,Parramatta,94765,Bankstown,26.5,51,20.5,1008.4,
2020-02-14 04:00:00,Parramatta,94765,Bankstown,27.3,51,20.5,1006.5,
2020-02-14 05:00:00,Parramatta,94765,Bankstown,26.4,53,25.9,1006.0,
2020-02-14 07:00:00,Parramatta,94765,Bankstown,24.7,55,22.3,1005.5,
2020-02-14 08:00:00,Parramatta,94765,Bankstown,23.7,58,20.5,1005.8,
2020-02-14 10:00:00,Parramatta,94765,Bankstown,21.1,78,7.6,1006.6,
2020-02-14 11:00:00,Parramatta,94765,Bankstown,20.1,84,7.6,1006.8,
2020-02-14 13:00:00,Parramatta,94765,Bankstown,19.2,90,0.0,1006.4,
2020-02-14 14:00:00,Parramatta,94765,Bankstown,18.7,90,0.0,1006.2,
2020-02-14 16:00:00,Parramatta,94765,Bankstown,18.0,92,0.0,1005.0,
2020-02-14 17:00:00,Parramatta,94765,Bankstown,17.6,92,0.0,1004.7,
2020-02-14 19:00:00,Parramatta,94765,Bankstown,17.4,93,0.0,1005.1,
2020-02-14 20:00:00,Parramatta,94765,Bankstown,17.9,93,0.0,1005.6,
2020-02-14 22:00:00,Parramatta,94765,Bankstown,21.8,76,7.6,1006.0,
2020-02-14 23:00:00,Parramatta,94765,Bankstown,24.2,67,5.4,1006.4,
2020-02-15 01:00:00,Parramatta,94765,Bankstown,26.8,59,9.4,1006.4,
2020-02-15 02:00:00,Parramatta,94765,Bankstown,27.1,57,13.0,1006.0,
2020-02-15 04:00:00,Parramatta,94765,Bankstown,26.0,63,14.8,1006.0,
2020-02-15 05:00:00,Parramatta,94765,Bankstown,27.2,57,16.6,1005.8,
2020-02-15 07:00:00,Parramatta,94765,Bankstown,25.8,63,20.5,1006.4,
2020-02-15 08:00:00,Parramatta,94765,Bankstown,24.1,68,22.3,1007.4,
2020-02-15 10:00:00,Parramatta,94765,Bankstown,21.7,91,9.4,1010.3,
2020-02-15 11:00:00,Parramatta,94765,Bankstown,21.6,91,7.6,1010.9,
2020-02-15 13:00:00,Parramatta,94765,Bankstown,21.5,91,0.0,1011.1,
2020-02-15 14:00:00,Parramatta,94765,Bankstown,21.4,91,9.4,1011.6,
2020-02-15 16:00:00,Parramatta,94765,Bankstown,20.7,88,5.4,1011.3,
2020-02-15 17:00:00,Parramatta,94765,Bankstown,20.7,91,9.4,1011.5,
2020-02-15 19:00:00,Parramatta,94765,Bankstown,20.4,84,0.0,1012.3,
2020-02-15 20:00:00,Parramatta,94765,Bankstown,20.1,87,0.0,1013.1,
2020-02-15 22:00:00,Parramatta,94765,Bankstown,23.6,66,11.2,1014.5,
2020-02-15 23:00:00,Parramatta,94765,Bankstown,24.4,57,11.2,1014.6,
2020-02-16 01:00:00,Parramatta,94765,Bankstown,25.5,55,13.0,1014.3,
2020-02-16 02:00:00,Parramatta,94765,Bankstown,26.4,53,16.6,1014.0,
2020-02-16 04:00:00,Parramatta,94765,Bankstown,25.5,57,20.5,1013.9,
2020-02-16 05:00:00,Parramatta,94765,Bankstown,25.4,62,22.3,1013.8,
2020-02-16 07:00:00,Parramatta,94765,Bankstown,23.7,70,22.3,1014.5,
2020-02-16 08:00:00,Parramatta,94765,Bankstown,23.1,75,14.8,1014.9,
2020-02-16 10:00:00,Parramatta,94765,Bankstown,21.4,83,7.6,1015.7,
2020-02-16 11:00:00,Parramatta,94765,Bankstown,21.3,86,7.6,1015.6,
2020-02-16 13:00:00,Parramatta,94765,Bankstown,20.8,90,7.6,1015.8,
2020-02-16 14:00:00,Parramatta,94765,Bankstown,20.7,91,0.0,1015.4,
2020-02-16 16:00:00,Parramatta,94765,Bankstown,20.6,92,0.0,1014.4,
2020-02-16 17:00:00,Parramatta,94765,Bankstown,20.7,92,0.0,1014.3,
2020-02-16 19:00:00,Parramatta,94765,Bankstown,20.8,91,0.0,1014.4,
2020-02-16 20:00:00,Parramatta,94765,Bankstown,20.8,91,9.4,1014.5,
2020-02-16 22:00:00,Parramatta,94765,Bankstown,22.1,84,1.8,1014.8,
2020-02-16 23:00:00,Parramatta,94765,Bankstown,23.9,76,5.4,1014.6,
2020-02-17 01:00:00,Parramatta,94765,Bankstown,24.4,70,5.4,1014.5,
2020-02-17 02:00:00,Parramatta,94765,Bankstown,23.9,73,11.2,1014.1,
2020-02-17 04:00:00,Parramatta,94765,Bankstown,25.2,71,9.4,1012.6,
2020-02-17 05:00:00,Parramatta,94765,Bankstown,25.2,68,9.4,1011.9,
2020-02-17 07:00:00,Parramatta,94765,Bankstown,23.8,77,16.6,1010.8,
2020-02-17 08:00:00,Parramatta,94765,Bankstown,23.6,79,13.0,1011.6,
2020-02-17 10:00:00,Parramatta,94765,Bankstown,22.6,86,13.0,1011.6,
2020-02-17 11:00:00,Parramatta,94765,Bankstown,22.0,88,3.6,1012.2,
2020-02-17 13:00:00,Parramatta,94765,Bankstown,21.7,90,0.0,1011.7,
2020-02-17 14:00:00,Parramatta,94765,Bankstown,21.1,90,0.0,1011.1,
2020-02-17 16:00:00,Parramatta,94765,Bankstown,21.2,92,0.0,1010.3,
2020-02-17 17:00:00,Parramatta,94765,Bankstown,21.2,92,0.0,1009.8,
2020-02-17 19:00:00,Parramatta,94765,Bankstown,20.0,94,0.0,1010.0,
2020-02-17 20:00:00,Parramatta,94765,Bankstown,20.6,95,0.0,1010.2,
2020-02-17 22:00:00,Parramatta,94765,Bankstown,22.5,85,9.4,1010.1,
2020-02-17 23:00:00,Parramatta,94765,Bankstown,24.3,75,9.4,1009.7,
2020-02-18 01:00:00,Parramatta,94765,Bankstown,29.2,60,5.4,1008.0,
2020-02-18 02:00:00,Parramatta,94765,Bankstown,31.2,52,9.4,1006.8,
2020-02-18 04:00:00,Parramatta,94765,Bankstown,32.0,52,16.6,1004.6,
2020-02-18 05:00:00,Parramatta,94765,Bankstown,31.7,55,22.3,1003.3,
2020-02-18 07:00:00,Parramatta,94765,Bankstown,30.2,55,22.3,1001.9,
2020-02-18 08:00:00,Parramatta,94765,Bankstown,29.7,54,22.3,1001.2,
2020-02-18 10:00:00,Parramatta,94765,Bankstown,28.4,58,9.4,1002.0,
2020-02-18 11:00:00,Parramatta,94765,Bankstown,27.9,62,3.6,1002.3,
2020-02-18 13:00:00,Parramatta,94765,Bankstown,21.3,83,11.2,1002.0,
2020-02-18 14:00:00,Parramatta,94765,Bankstown,21.1,85,9.4,1001.4,
2020-02-18 16:00:00,Parramatta,94765,Bankstown,20.1,88,7.6,1001.8,
2020-02-18 17:00:00,Parramatta,94765,Bankstown,19.7,92,7.6,1001.7,
2020-02-18 19:00:00,Parramatta,94765,Bankstown,18.7,93,1.8,1002.8,
2020-02-18 20:00:00,Parramatta,94765,Bankstown,18.7,94,5.4,1003.3,
2020-02-18 22:00:00,Parramatta,94765,Bankstown,23.9,46,20.5,1002.9,
2020-02-18 23:00:00,Parramatta,94765,Bankstown,24.9,38,20.5,1003.4,
2020-02-19 01:00:00,Parramatta,94765,Bankstown,26.9,38,18.4,1003.3,
2020-02-19 02:00:00,Parramatta,94765,Bankstown,27.2,37,13.0,1003.3,
2020-02-19 04:00:00,Parramatta,94765,Bankstown,28.1,33,13.0,1002.6,
2020-02-19 05:00:00,Parramatta,94765,Bankstown,28.4,35,14.8,1002.5,
2020-02-19 07:00:00,Parramatta,94765,Bankstown,26.8,34,22.3,1003.4,
2020-02-19 08:00:00,Parramatta,94765,Bankstown,25.6,33,22.3,1004.4,
2020-02-19 10:00:00,Parramatta,94765,Bankstown,23.2,38,16.6,1006.6,
2020-02-19 11:00:00,Parramatta,94765,Bankstown,21.7,43,3.6,1007.4,
2020-02-19 13:00:00,Parramatta,94765,Bankstown,19.3,71,9.4,1007.8,
2020-02-19 14:00:00,Parramatta,94765,Bankstown,18.3,77,0.0,1007.7,
2020-02-19 16:00:00,Parramatta,94765,Bankstown,16.8,89,0.0,1007.4,
2020-02-19 17:00:00,Parramatta,94765,Bankstown,16.2,88,0.0,1007.3,
2020-02-19 19:00:00,Parramatta,94765,Bankstown,15.9,89,0.0,1008.4,
2020-02-19 20:00:00,Parramatta,94765,Bankstown,15.5,90,0.0,1009.4,
2020-02-19 22:00:00,Parramatta,94765,Bankstown,20.5,66,9.4,1010.7,
2020-02-19 23:00:00,Parramatta,94765,Bankstown,21.3,58,9.4,1011.2,
2020-02-20 01:00:00,Parramatta,94765,Bankstown,24.1,52,13.0,1011.3,
2020-02-20 02:00:00,Parramatta,94765,Bankstown,23.6,46,13.0,1010.9,
2020-02-20 04:00:00,Parramatta,94765,Bankstown,23.9,49,22.3,1010.6,
2020-02-20 05:00:00,Parramatta,94765,Bankstown,23.9,49,20.5,1010.6,
2020-02-20 07:00:00,Parramatta,94765,Bankstown,22.1,54,22.3,1011.4,
2020-02-20 08:00:00,Parramatta,94765,Bankstown,21.2,60,20.5,1012.1,
2020-02-20 10:00:00,Parramatta,94765,Bankstown,20.7,59,14.8,1014.2,
2020-02-20 11:00:00,Parramatta,94765,Bankstown,20.7,61,11.2,1014.8,
2020-02-20 13:00:00,Parramatta,94765,Bankstown,20.8,62,9.4,1014.9,
2020-02-20 14:00:00,Parramatta,94765,Bankstown,20.8,61,7.6,1015.1,
2020-02-20 16:00:00,Parramatta,94765,Bankstown,19.6,72,0.0,1014.3,
2020-02-20 17:00:00,Parramatta,94765,Bankstown,19.4,73,0.0,1014.3,
2020-02-20 19:00:00,Parramatta,94765,Bankstown,19.0,76,0.0,1014.9,
2020-02-20 20:00:00,Parramatta,94765,Bankstown,18.8,78,0.0,1015.8,
2020-02-20 22:00:00,Parramatta,94765,Bankstown,21.5,71,0.0,1016.5,
2020-02-20 23:00:00,Parramatta,94765,Bankstown,22.3,65,7.6,1016.6,
2020-02-21 01:00:00,Parramatta,94765,Bankstown,23.4,58,5.4,1016.5,
2020-02-21 02:00:00,Parramatta,94765,Bankstown,23.6,60,16.6,1016.5,
2020-02-21 04:00:00,Parramatta,94765,Bankstown,24.6,55,14.8,1015.7,
2020-02-21 05:00:00,Parramatta,94765,Bankstown,24.2,56,20.5,1015.8,
2020-02-21 07:00:00,Parramatta,94765,Bankstown,23.4,61,22.3,1016.7,
2020-02-21 08:00:00,Parramatta,94765,Bankstown,22.4,67,22.3,1017.6,
2020-02-21 10:00:00,Parramatta,94765,Bankstown,20.9,73,20.5,1019.4,
2020-02-21 11:00:00,Parramatta,94765,Bankstown,20.9,72,16.6,1020.0,
2020-02-21 13:00:00,Parramatta,94765,Bankstown,20.3,79,13.0,1020.9,
2020-02-21 14:00:00,Parramatta,94765,Bankstown,19.1,82,16.6,1021.2,
2020-02-21 16:00:00,Parramatta,94765,Bankstown,18.4,85,13.0,1021.3,
2020-02-21 17:00:00,Parramatta,94765,Bankstown,18.4,86,16.6,1021.5,
2020-02-21 19:00:00,Parramatta,94765,Bankstown,18.0,84,11.2,1022.1,
2020-02-21 20:00:00,Parramatta,94765,Bankstown,18.3,83,9.4,1022.7,
2020-02-21 22:00:00,Parramatta,94765,Bankstown,19.9,72,3.6,1024.1,
2020-02-21 23:00:00,Parramatta,94765,Bankstown,21.3,70,11.2,1024.4,
2020-02-22 01:00:00,Parramatta,94765,Bankstown,22.2,61,13.0,1024.8,
2020-02-22 02:00:00,Parramatta,94765,Bankstown,22.8,60,13.0,1024.2,
2020-02-22 04:00:00,Parramatta,94765,Bankstown,20.8,79,16.6,1023.4,
2020-02-22 05:00:00,Parramatta,94765,Bankstown,21.9,69,3.6,1023.0,
2020-02-22 07:00:00,Parramatta,94765,Bankstown,21.3,75,9.4,1023.1,
2020-02-22 08:00:00,Parramatta,94765,Bankstown,21.1,74,14.8,1023.1,
2020-02-22 10:00:00,Parramatta,94765,Bankstown,20.2,84,0.0,1024.3,
2020-02-22 11:00:00,Parramatta,94765,Bankstown,20.5,82,0.0,1024.7,
2020-02-22 13:00:00,Parramatta,94765,Bankstown,20.4,85,5.4,1024.5,
2020-02-22 14:00:00,Parramatta,94765,Bankstown,20.3,84,0.0,1024.5,
2020-02-22 16:00:00,Parramatta,94765,Bankstown,20.1,85,0.0,1023.8,
2020-02-22 17:00:00,Parramatta,94765,Bankstown,19.9,83,3.6,1023.6,
2020-02-22 19:00:00,Parramatta,94765,Bankstown,20.0,84,3.6,1024.0,
2020-02-22 20:00:00,Parramatta,94765,Bankstown,20.0,82,0.0,1024.4,
2020-02-22 22:00:00,Parramatta,94765,Bankstown,20.8,77,3.6,1024.8,
2020-02-22 23:00:00,Parramatta,94765,Bankstown,22.7,72,7.6,1024.9,
2020-02-23 01:00:00,Parramatta,94765,Bankstown,24.4,61,14.8,1024.5,
2020-02-23 02:00:00,Parramatta,94765,Bankstown,24.2,63,9.4,1024.1,
2020-02-23 04:00:00,Parramatta,94765,Bankstown,24.9,58,14.8,1023.0,
2020-02-23 05:00:00,Parramatta,94765,Bankstown,24.6,58,11.2,1022.4,
2020-02-23 07:00:00,Parramatta,94765,Bankstown,24.1,58,13.0,1021.9,
2020-02-23 08:00:00,Parramatta,94765,Bankstown,23.5,60,13.0,1021.7,
2020-02-23 10:00:00,Parramatta,94765,Bankstown,21.9,73,11.2,1022.7,
2020-02-23 11:00:00,Parramatta,94765,Bankstown,21.7,75,9.4,1023.0,
2020-02-23 13:00:00,Parramatta,94765,Bankstown,20.4,83,0.0,1022.5,
2020-02-23 14:00:00,Parramatta,94765,Bankstown,20.5,83,1.8,1022.3,
2020-02-23 16:00:00,Parramatta,94765,Bankstown,19.7,87,0.0,1021.1,
2020-02-23 17:00:00,Parramatta,94765,Bankstown,19.4,88,0.0,1020.9,
2020-02-23 19:00:00,Parramatta,94765,Bankstown,18.2,91,0.0,1021.1,
2020-02-23 20:00:00,Parramatta,94765,Bankstown,18.6,90,0.0,1021.6,
2020-02-23 22:00:00,Parramatta,94765,Bankstown,23.8,61,5.4,1021.5,
2020-02-23 23:00:00,Parramatta,94765,Bankstown,25.5,58,9.4,1021.1,
2020-02-24 01:00:00,Parramatta,94765,Bankstown,25.9,57,5.4,1020.7,
2020-02-24 02:00:00,Parramatta,94765,Bankstown,27.6,48,11.2,1020.0,
2020-02-24 04:00:00,Parramatta,94765,Bankstown,28.1,49,16.6,1018.3,
2020-02-24 05:00:00,Parramatta,94765,Bankstown,27.7,49,25.9,1017.9,
2020-02-24 07:00:00,Parramatta,94765,Bankstown,26.5,52,22.3,1017.5,
2020-02-24 08:00:00,Parramatta,94765,Bankstown,26.0,57,14.8,1017.8,
2020-02-24 10:00:00,Parramatta,94765,Bankstown,23.8,70,13.0,1019.1,
2020-02-24 11:00:00,Parramatta,94765,Bankstown,23.2,73,9.4,1019.5,
2020-02-24 13:00:00,Parramatta,94765,Bankstown,21.4,81,0.0,1018.9,
2020-02-24 14:00:00,Parramatta,94765,Bankstown,20.7,85,0.0,1018.5,
2020-02-24 16:00:00,Parramatta,94765,Bankstown,19.8,87,0.0,1017.5,
2020-02-24 17:00:00,Parramatta,94765,Bankstown,19.5,91,0.0,1017.1,
2020-02-24 19:00:00,Parramatta,94765,Bankstown,18.9,93,0.0,1017.1,
2020-02-24 20:00:00,Parramatta,94765,Bankstown,18.7,92,0.0,1017.0,
2020-02-24 22:00:00,Parramatta,94765,Bankstown,23.3,74,0.0,1017.1,
2020-02-24 23:00:00,Parramatta,94765,Bankstown,25.2,64,7.6,1017.0,
2020-02-25 01:00:00,Parramatta,94765,Bankstown,28.8,47,13.0,1015.1,
2020-02-25 02:00:00,Parramatta,94765,Bankstown,29.2,40,9.4,1014.2,
2020-02-25 04:00:00,Parramatta,94765,Bankstown,30.5,46,14.8,1012.4,
2020-02-25 05:00:00,Parramatta,94765,Bankstown,29.9,51,25.9,1011.7,
2020-02-25 07:00:00,Parramatta,94765,Bankstown,27.5,57,22.3,1011.0,
2020-02-25 08:00:00,Parramatta,94765,Bankstown,26.6,60,20.5,1011.2,
2020-02-25 10:00:00,Parramatta,94765,Bankstown,25.1,66,11.2,1011.2,
2020-02-25 11:00:00,Parramatta,94765,Bankstown,23.9,72,0.0,1011.4,
2020-02-25 13:00:00,Parramatta,94765,Bankstown,22.1,82,0.0,1010.7,
2020-02-25 14:00:00,Parramatta,94765,Bankstown,22.1,83,0.0,1010.2,
2020-02-25 16:00:00,Parramatta,94765,Bankstown,21.5,85,0.0,1008.2,
2020-02-25 17:00:00,Parramatta,94765,Bankstown,20.9,89,3.6,1007.8,
2020-02-25 19:00:00,Parramatta,94765,Bankstown,20.2,90,0.0,1007.7,
2020-02-25 20:00:00,Parramatta,94765,Bankstown,20.1,91,0.0,1007.5,
2020-02-25 22:00:00,Parramatta,94765,Bankstown,26.7,65,9.4,1006.8,
2020-02-25 23:00:00,Parramatta,94765,Bankstown,29.0,51,9.4,1006.5,
2020-02-26 01:00:00,Parramatta,94765,Bankstown,31.7,42,16.6,1005.2,
2020-02-26 02:00:00,Parramatta,94765,Bankstown,31.4,39,18.4,1004.6,
2020-02-26 04:00:00,Parramatta,94765,Bankstown,31.3,43,22.3,1003.2,
2020-02-26 05:00:00,Parramatta,94765,Bankstown,32.1,38,16.6,1002.1,
2020-02-26 07:00:00,Parramatta,94765,Bankstown,30.3,47,14.8,1003.0,
2020-02-26 08:00:00,Parramatta,94765,Bankstown,29.0,51,13.0,1003.3,
2020-02-26 10:00:00,Parramatta,94765,Bankstown,20.7,75,33.5,1007.7,
2020-02-26 11:00:00,Parramatta,94765,Bankstown,20.0,73,24.1,1009.4,
2020-02-26 13:00:00,Parramatta,94765,Bankstown,19.9,68,16.6,1011.0,
2020-02-26 14:00:00,Parramatta,94765,Bankstown,19.9,67,16.6,1011.5,
2020-02-26 16:00:00,Parramatta,94765,Bankstown,19.8,65,20.5,1010.8,
2020-02-26 17:00:00,Parramatta,94765,Bankstown,19.9,64,18.4,1010.8,
2020-02-26 19:00:00,Parramatta,94765,Bankstown,19.3,68,11.2,1011.4,
2020-02-26 20:00:00,Parramatta,94765,Bankstown,18.9,72,9.4,1011.8,
2020-02-26 22:00:00,Parramatta,94765,Bankstown,21.5,63,11.2,1011.9,
2020-02-26 23:00:00,Parramatta,94765,Bankstown,22.1,56,7.6,1011.6,
2020-02-27 01:00:00,Parramatta,94765,Bankstown,23.1,53,5.4,1010.8,
2020-02-27 02:00:00,Parramatta,94765,Bankstown,24.3,52,9.4,1009.7,
2020-02-27 04:00:00,Parramatta,94765,Bankstown,24.4,54,18.4,1007.6,
2020-02-27 05:00:00,Parramatta,94765,Bankstown,26.3,52,16.6,1006.4,
2020-02-27 07:00:00,Parramatta,94765,Bankstown,24.6,59,22.3,1006.0,
2020-02-27 08:00:00,Parramatta,94765,Bankstown,23.4,65,24.1,1006.4,
2020-02-27 10:00:00,Parramatta,94765,Bankstown,22.3,73,11.2,1008.2,
2020-02-27 11:00:00,Parramatta,94765,Bankstown,22.0,75,11.2,1008.6,
2020-02-27 13:00:00,Parramatta,94765,Bankstown,19.6,83,0.0,1008.4,
2020-02-27 14:00:00,Parramatta,94765,Bankstown,19.3,87,0.0,1008.4,
2020-02-27 16:00:00,Parramatta,94765,Bankstown,17.8,91,3.6,1007.8,
2020-02-27 17:00:00,Parramatta,94765,Bankstown,16.4,91,5.4,1007.7,
2020-02-27 19:00:00,Parramatta,94765,Bankstown,14.9,94,0.0,1008.7,
2020-02-27 20:00:00,Parramatta,94765,Bankstown,13.7,92,0.0,1009.3,
2020-02-27 22:00:00,Parramatta,94765,Bankstown,20.3,48,9.4,1011.0,
2020-02-27 23:00:00,Parramatta,94765,Bankstown,23.2,32,14.8,1011.5,
2020-02-28 01:00:00,Parramatta,94765,Bankstown,24.5,26,20.5,1012.3,
2020-02-28 02:00:00,Parramatta,94765,Bankstown,25.9,37,14.8,1011.9,
2020-02-28 04:00:00,Parramatta,94765,Bankstown,24.0,52,27.7,1011.8,
2020-02-28 05:00:00,Parramatta,94765,Bankstown,23.8,53,27.7,1012.1,
2020-02-28 07:00:00,Parramatta,94765,Bankstown,22.2,57,24.1,1013.5,
2020-02-28 08:00:00,Parramatta,94765,Bankstown,21.6,61,24.1,1014.6,
2020-02-28 10:00:00,Parramatta,94765,Bankstown,19.9,67,13.0,1016.7,
2020-02-28 11:00:00,Parramatta,94765,Bankstown,18.6,71,7.6,1017.2,
2020-02-28 13:00:00,Parramatta,94765,Bankstown,18.4,75,7.6,1017.5,
2020-02-28 14:00:00,Parramatta,94765,Bankstown,18.7,77,7.6,1017.4,
2020-02-28 16:00:00,Parramatta,94765,Bankstown,18.0,79,7.6,1016.9,
2020-02-28 17:00:00,Parramatta,94765,Bankstown,17.5,82,7.6,1016.9,
2020-02-28 19:00:00,Parramatta,94765,Bankstown,16.7,86,0.0,1016.7,
2020-02-28 20:00:00,Parramatta,94765,Bankstown,16.8,89,0.0,1017.0,
2020-02-28 22:00:00,Parramatta,94765,Bankstown,20.8,72,9.4,1017.7,
2020-02-28 23:00:00,Parramatta,94765,Bankstown,23.1,62,5.4,1017.8,
2020-02-29 01:00:00,Parramatta,94765,Bankstown,24.8,50,5.4,1016.5,
2020-02-29 02:00:00,Parramatta,94765,Bankstown,26.4,47,13.0,1015.7,
2020-02-29 04:00:00,Parramatta,94765,Bankstown,26.9,47,16.6,1014.2,
2020-02-29 05:00:00,Parramatta,94765,Bankstown,26.1,50,20.5,1013.5,
2020-02-29 07:00:00,Parramatta,94765,Bankstown,24.3,59,20.5,1013.6,
2020-02-29 08:00:00,Parramatta,94765,Bankstown,23.5,62,16.6,1014.0,
2020-02-29 10:00:00,Parramatta,94765,Bankstown,22.4,69,11.2,1014.8,
2020-02-29 11:00:00,Parramatta,94765,Bankstown,21.7,73,3.6,1015.1,
2020-02-29 13:00:00,Parramatta,94765,Bankstown,19.9,83,0.0,1014.7,
2020-02-29 14:00:00,Parramatta,94765,Bankstown,19.5,86,0.0,1014.8,
2020-02-29 16:00:00,Parramatta,94765,Bankstown,18.5,88,0.0,1014.0,
2020-02-29 17:00:00,Parramatta,94765,Bankstown,18.1,90,0.0,1013.5,
2020-02-29 19:00:00,Parramatta,94765,Bankstown,17.6,92,0.0,1013.4,
2020-02-29 20:00:00,Parramatta,94765,Bankstown,17.4,91,0.0,1014.1,
2020-02-29 22:00:00,Parramatta,94765,Bankstown,22.0,77,5.4,1014.5,
2020-02-29 23:00:00,Parramatta,94765,Bankstown,24.7,67,7.6,1014.2,
2020-03-01 01:00:00,Parramatta,94765,Bankstown,28.8,54,14.8,1012.5,
2020-03-01 02:00:00,Parramatta,94765,Bankstown,29.7,49,13.0,1011.5,
2020-03-01 04:00:00,Parramatta,94765,Bankstown,30.2,51,25.9,1009.6,
2020-03-01 05:00:00,Parramatta,94765,Bankstown,30.3,50,22.3,1008.5,
2020-03-01 07:00:00,Parramatta,94765,Bankstown,29.6,52,20.5,1007.4,
2020-03-01 08:00:00,Parramatta,94765,Bankstown,27.7,57,14.8,1007.8,
2020-03-01 10:00:00,Parramatta,94765,Bankstown,25.9,66,9.4,1008.7,
2020-03-01 11:00:00,Parramatta,94765,Bankstown,24.3,71,0.0,1009.0,
2020-03-01 13:00:00,Parramatta,94765,Bankstown,21.7,85,0.0,1008.8,
2020-03-01 14:00:00,Parramatta,94765,Bankstown,20.8,87,0.0,1008.7,
2020-03-01 16:00:00,Parramatta,94765,Bankstown,19.3,93,0.0,1007.8,
2020-03-01 17:00:00,Parramatta,94765,Bankstown,18.9,94,0.0,1007.7,
2020-03-01 19:00:00,Parramatta,94765,Bankstown,18.1,95,0.0,1008.2,
2020-03-01 20:00:00,Parramatta,94765,Bankstown,17.4,94,0.0,1008.7,
2020-03-01 22:00:00,Parramatta,94765,Bankstown,23.2,70,3.6,1009.3,
2020-03-01 23:00:00,Parramatta,94765,Bankstown,27.8,40,9.4,1009.4,
2020-03-02 01:00:00,Parramatta,94765,Bankstown,33.3,23,11.2,1008.5,
2020-03-02 02:00:00,Parramatta,94765,Bankstown,36.0,18,9.4,1007.8,
2020-03-02 04:00:00,Parramatta,94765,Bankstown,37.0,14,9.4,1007.2,
2020-03-02 05:00:00,Parramatta,94765,Bankstown,37.0,15,14.8,1007.5,
2020-03-02 07:00:00,Parramatta,94765,Bankstown,23.3,68,33.5,1012.2,
2020-03-02 08:00:00,Parramatta,94765,Bankstown,22.2,71,27.7,1013.7,
2020-03-02 10:00:00,Parramatta,94765,Bankstown,21.3,72,14.8,1016.4,
2020-03-02 11:00:00,Parramatta,94765,Bankstown,21.2,71,16.6,1017.2,
2020-03-02 13:00:00,Parramatta,94765,Bankstown,20.6,70,14.8,1017.4,
2020-03-02 14:00:00,Parramatta,94765,Bankstown,20.3,71,16.6,1017.4,
2020-03-02 16:00:00,Parramatta,94765,Bankstown,20.1,71,9.4,1017.2,
2020-03-02 17:00:00,Parramatta,94765,Bankstown,20.2,69,9.4,1017.5,
2020-03-02 19:00:00,Parramatta,94765,Bankstown,19.4,75,9.4,1017.9,
2020-03-02 20:00:00,Parramatta,94765,Bankstown,19.6,73,9.4,1018.7,
2020-03-02 22:00:00,Parramatta,94765,Bankstown,20.5,69,9.4,1019.3,
2020-03-02 23:00:00,Parramatta,94765,Bankstown,21.4,68,11.2,1019.7,
2020-03-03 01:00:00,Parramatta,94765,Bankstown,21.4,66,14.8,1020.3,
2020-03-03 02:00:00,Parramatta,94765,Bankstown,21.3,68,13.0,1020.0,
2020-03-03 04:00:00,Parramatta,94765,Bankstown,20.5,74,13.0,1019.8,
2020-03-03 05:00:00,Parramatta,94765,Bankstown,19.7,80,11.2,1019.8,
2020-03-03 07:00:00,Parramatta,94765,Bankstown,19.2,84,9.4,1020.0,
2020-03-03 08:00:00,Parramatta,94765,Bankstown,18.7,89,7.6,1020.6,
2020-03-03 10:00:00,Parramatta,94765,Bankstown,18.7,91,7.6,1021.2,
2020-03-03 11:00:00,Parramatta,94765,Bankstown,18.7,92,7.6,1021.6,
2020-03-03 13:00:00,Parramatta,94765,Bankstown,18.8,93,5.4,1020.8,
2020-03-03 14:00:00,Parramatta,94765,Bankstown,18.9,94,1.8,1020.2,
2020-03-03 16:00:00,Parramatta,94765,Bankstown,18.8,95,0.0,1019.4,
2020-03-03 17:00:00,Parramatta,94765,Bankstown,18.8,95,7.6,1019.3,
2020-03-03 19:00:00,Parramatta,94765,Bankstown,19.0,95,0.0,1018.8,
2020-03-03 20:00:00,Parramatta,94765,Bankstown,19.3,95,11.2,1018.4,
2020-03-03 22:00:00,Parramatta,94765,Bankstown,19.9,95,11.2,1019.2,
2020-03-03 23:00:00,Parramatta,94765,Bankstown,20.6,95,11.2,1019.5,
2020-03-04 01:00:00,Parramatta,94765,Bankstown,21.7,84,13.0,1018.7,
2020-03-04 02:00:00,Parramatta,94765,Bankstown,22.2,84,16.6,1018.0,
2020-03-04 04:00:00,Parramatta,94765,Bankstown,24.3,62,22.3,1016.1,
2020-03-04 05:00:00,Parramatta,94765,Bankstown,24.0,64,20.5,1016.2,
2020-03-04 07:00:00,Parramatta,94765,Bankstown,23.3,74,16.6,1015.8,
2020-03-04 08:00:00,Parramatta,94765,Bankstown,23.2,75,16.6,1016.2,
2020-03-04 10:00:00,Parramatta,94765,Bankstown,22.8,77,11.2,1016.7,
2020-03-04 11:00:00,Parramatta,94765,Bankstown,23.0,77,11.2,1016.8,
2020-03-04 13:00:00,Parramatta,94765,Bankstown,23.0,75,13.0,1015.9,
2020-03-04 14:00:00,Parramatta,94765,Bankstown,22.8,78,13.0,1015.2,
2020-03-04 16:00:00,Parramatta,94765,Bankstown,22.6,79,11.2,1013.4,
2020-03-04 17:00:00,Parramatta,94765,Bankstown,22.8,79,13.0,1012.4,
2020-03-04 19:00:00,Parramatta,94765,Bankstown,23.1,81,13.0,1011.7,
2020-03-04 20:00:00,Parramatta,94765,Bankstown,22.0,88,7.6,1011.9,
2020-03-04 22:00:00,Parramatta,94765,Bankstown,22.3,89,11.2,1011.9,
2020-03-04 23:00:00,Parramatta,94765,Bankstown,22.7,88,13.0,1011.9,
2020-03-05 01:00:00,Parramatta,94765,Bankstown,22.7,90,11.2,1010.2,
2020-03-05 02:00:00,Parramatta,94765,Bankstown,21.9,90,14.8,1009.4,
2020-03-05 04:00:00,Parramatta,94765,Bankstown,22.3,90,5.4,1007.9,
2020-03-05 05:00:00,Parramatta,94765,Bankstown,22.2,90,9.4,1007.2,
2020-03-05 07:00:00,Parramatta,94765,Bankstown,22.3,92,3.6,1006.4,
2020-03-05 08:00:00,Parramatta,94765,Bankstown,22.4,92,0.0,1006.6,
2020-03-05 10:00:00,Parramatta,94765,Bankstown,22.4,92,0.0,1007.0,
2020-03-05 11:00:00,Parramatta,94765,Bankstown,22.2,91,0.0,1007.0,
2020-03-05 13:00:00,Parramatta,94765,Bankstown,21.8,93,0.0,1006.4,
2020-03-05 14:00:00,Parramatta,94765,Bankstown,21.6,95,0.0,1005.9,
2020-03-05 16:00:00,Parramatta,94765,Bankstown,21.1,95,0.0,1005.0,
2020-03-05 17:00:00,Parramatta,94765,Bankstown,21.2,95,0.0,1004.9,
2020-03-05 19:00:00,Parramatta,94765,Bankstown,21.3,95,0.0,1005.6,
2020-03-05 20:00:00,Parramatta,94765,Bankstown,21.1,95,7.6,1006.1,
2020-03-05 22:00:00,Parramatta,94765,Bankstown,22.5,86,9.4,1007.6,
2020-03-05 23:00:00,Parramatta,94765,Bankstown,24.5,81,7.6,1008.0,
2020-03-06 01:00:00,Parramatta,94765,Bankstown,27.4,62,13.0,1008.5,
2020-03-06 02:00:00,Parramatta,94765,Bankstown,27.0,68,20.5,1008.6,
2020-03-06 04:00:00,Parramatta,94765,Bankstown,24.9,71,27.7,1008.8,
2020-03-06 05:00:00,Parramatta,94765,Bankstown,24.7,69,31.7,1009.0,
2020-03-06 07:00:00,Parramatta,94765,Bankstown,23.0,69,27.7,1011.4,
2020-03-06 08:00:00,Parramatta,94765,Bankstown,22.2,71,29.5,1012.3,
2020-03-06 10:00:00,Parramatta,94765,Bankstown,21.3,76,18.4,1015.0,
2020-03-06 11:00:00,Parramatta,94765,Bankstown,21.1,75,13.0,1015.8,
2020-03-06 13:00:00,Parramatta,94765,Bankstown,20.7,75,13.0,1016.1,
2020-03-06 14:00:00,Parramatta,94765,Bankstown,20.7,73,9.4,1016.2,
2020-03-06 16:00:00,Parramatta,94765,Bankstown,20.2,73,11.2,1016.3,
2020-03-06 17:00:00,Parramatta,94765,Bankstown,20.0,75,11.2,1016.6,
2020-03-06 19:00:00,Parramatta,94765,Bankstown,19.8,75,11.2,1017.3,
2020-03-06 20:00:00,Parramatta,94765,Bankstown,19.7,75,9.4,1018.2,
2020-03-06 22:00:00,Parramatta,94765,Bankstown,20.1,74,11.2,1019.4,
2020-03-06 23:00:00,Parramatta,94765,Bankstown,20.6,71,7.6,1020.0,
2020-03-07 01:00:00,Parramatta,94765,Bankstown,22.6,63,18.4,1020.0,
2020-03-07 02:00:00,Parramatta,94765,Bankstown,23.8,57,20.5,1019.5,
2020-03-07 04:00:00,Parramatta,94765,Bankstown,24.1,61,25.9,1019.3,
2020-03-07 05:00:00,Parramatta,94765,Bankstown,23.0,59,24.1,1019.0,
2020-03-07 07:00:00,Parramatta,94765,Bankstown,21.8,64,22.3,1019.7,
2020-03-07 08:00:00,Parramatta,94765,Bankstown,20.5,72,24.1,1020.2,
2020-03-07 10:00:00,Parramatta,94765,Bankstown,19.2,84,13.0,1021.6,
2020-03-07 11:00:00,Parramatta,94765,Bankstown,18.8,82,18.4,1021.8,
2020-03-07 13:00:00,Parramatta,94765,Bankstown,18.0,86,7.6,1021.6,
2020-03-07 14:00:00,Parramatta,94765,Bankstown,18.7,86,9.4,1021.3,
2020-03-07 16:00:00,Parramatta,94765,Bankstown,17.9,89,9.4,1020.1,
2020-03-07 17:00:00,Parramatta,94765,Bankstown,17.6,90,11.2,1019.8,
2020-03-07 19:00:00,Parramatta,94765,Bankstown,16.8,94,9.4,1020.4,
2020-03-07 20:00:00,Parramatta,94765,Bankstown,16.7,93,5.4,1020.6,
2020-03-07 22:00:00,Parramatta,94765,Bankstown,17.2,93,5.4,1021.7,
2020-03-07 23:00:00,Parramatta,94765,Bankstown,17.9,89,0.0,1022.0,
2020-03-08 01:00:00,Parramatta,94765,Bankstown,21.5,68,18.4,1021.2,
2020-03-08 02:00:00,Parramatta,94765,Bankstown,21.1,72,16.6,1020.5,
2020-03-08 04:00:00,Parramatta,94765,Bankstown,21.8,65,20.5,1019.1,
2020-03-08 05:00:00,Parramatta,94765,Bankstown,21.7,64,20.5,1018.7,
2020-03-08 07:00:00,Parramatta,94765,Bankstown,20.7,67,20.5,1018.8,
2020-03-08 08:00:00,Parramatta,94765,Bankstown,19.7,74,14.8,1019.4,
2020-03-08 10:00:00,Parramatta,94765,Bankstown,18.7,78,9.4,1020.4,
2020-03-08 11:00:00,Parramatta,94765,Bankstown,18.7,79,5.4,1020.6,
2020-03-08 13:00:00,Parramatta,94765,Bankstown,18.4,82,7.6,1020.6,
2020-03-08 14:00:00,Parramatta,94765,Bankstown,18.3,81,1.8,1020.3,
2020-03-08 16:00:00,Parramatta,94765,Bankstown,17.8,86,0.0,1019.7,
2020-03-08 17:00:00,Parramatta,94765,Bankstown,17.7,82,7.6,1019.5,
2020-03-08 19:00:00,Parramatta,94765,Bankstown,17.1,86,13.0,1020.1,
2020-03-08 20:00:00,Parramatta,94765,Bankstown,17.4,86,0.0,1020.6,
2020-03-08 22:00:00,Parramatta,94765,Bankstown,19.1,73,11.2,1021.8,
2020-03-08 23:00:00,Parramatta,94765,Bankstown,20.1,67,14.8,1021.9,
2020-03-09 01:00:00,Parramatta,94765,Bankstown,22.5,61,18.4,1021.7,
2020-03-09 02:00:00,Parramatta,94765,Bankstown,21.1,73,24.1,1021.5,
2020-03-09 04:00:00,Parramatta,94765,Bankstown,21.4,64,27.7,1020.2,
2020-03-09 05:00:00,Parramatta,94765,Bankstown,21.1,64,25.9,1020.4,
2020-03-09 07:00:00,Parramatta,94765,Bankstown,20.6,66,22.3,1020.3,
2020-03-09 08:00:00,Parramatta,94765,Bankstown,19.4,68,14.8,1020.9,
2020-03-09 10:00:00,Parramatta,94765,Bankstown,18.6,79,11.2,1021.9,
2020-03-09 11:00:00,Parramatta,94765,Bankstown,18.4,78,0.0,1022.1,
2020-03-09 13:00:00,Parramatta,94765,Bankstown,17.5,80,1.8,1021.8,
2020-03-09 14:00:00,Parramatta,94765,Bankstown,16.9,84,7.6,1021.8,
2020-03-09 16:00:00,Parramatta,94765,Bankstown,17.1,84,11.2,1021.2,
2020-03-09 17:00:00,Parramatta,94765,Bankstown,17.1,83,7.6,1021.1,
2020-03-09 19:00:00,Parramatta,94765,Bankstown,16.7,85,0.0,1021.3,
2020-03-09 20:00:00,Parramatta,94765,Bankstown,16.1,87,0.0,1021.5,
2020-03-09 22:00:00,Parramatta,94765,Bankstown,18.5,79,11.2,1022.3,
2020-03-09 23:00:00,Parramatta,94765,Bankstown,19.7,69,9.4,1022.5,
2020-03-10 01:00:00,Parramatta,94765,Bankstown,21.5,60,16.6,1022.2,
2020-03-10 02:00:00,Parramatta,94765,Bankstown,21.4,59,18.4,1021.8,
2020-03-10 04:00:00,Parramatta,94765,Bankstown,22.0,55,20.5,1020.4,
2020-03-10 05:00:00,Parramatta,94765,Bankstown,22.8,53,16.6,1019.8,
2020-03-10 07:00:00,Parramatta,94765,Bankstown,22.4,47,18.4,1019.8,
2020-03-10 08:00:00,Parramatta,94765,Bankstown,21.0,59,18.4,1020.2,
2020-03-10 10:00:00,Parramatta,94765,Bankstown,18.3,74,0.0,1021.4,
2020-03-10 11:00:00,Parramatta,94765,Bankstown,17.1,81,0.0,1021.8,
2020-03-10 13:00:00,Parramatta,94765,Bankstown,15.9,87,0.0,1022.1,
2020-03-10 14:00:00,Parramatta,94765,Bankstown,15.6,87,0.0,1022.3,
2020-03-10 16:00:00,Parramatta,94765,Bankstown,14.7,91,0.0,1021.9,
2020-03-10 17:00:00,Parramatta,94765,Bankstown,14.3,92,0.0,1021.7,
2020-03-10 19:00:00,Parramatta,94765,Bankstown,13.7,92,0.0,1022.0,
2020-03-10 20:00:00,Parramatta,94765,Bankstown,13.5,92,0.0,1022.6,
2020-03-10 22:00:00,Parramatta,94765,Bankstown,18.2,77,0.0,1023.6,
2020-03-10 23:00:00,Parramatta,94765,Bankstown,21.1,67,0.0,1023.8,
2020-03-11 01:00:00,Parramatta,94765,Bankstown,24.0,52,0.0,1023.4,
2020-03-11 02:00:00,Parramatta,94765,Bankstown,24.2,52,0.0,1023.2,
2020-03-11 04:00:00,Parramatta,94765,Bankstown,24.6,48,0.0,1022.7,
2020-03-11 05:00:00,Parramatta,94765,Bankstown,24.3,48,0.0,1022.7,
2020-03-11 07:00:00,Parramatta,94765,Bankstown,23.2,52,0.0,1023.0,
2020-03-11 08:00:00,Parramatta,94765,Bankstown,22.2,57,0.0,1023.3,
2020-03-11 10:00:00,Parramatta,94765,Bankstown,20.6,65,,1024.5,
2020-03-11 11:00:00,Parramatta,94765,Bankstown,18.6,74,,1024.9,
2020-03-11 13:00:00,Parramatta,94765,Bankstown,16.6,87,,1024.9,
2020-03-11 14:00:00,Parramatta,94765,Bankstown,16.2,90,,1024.9,
2020-03-11 16:00:00,Parramatta,94765,Bankstown,15.5,91,0.0,1024.1,
2020-03-11 17:00:00,Parramatta,94765,Bankstown,15.3,91,0.0,1023.7,
2020-03-11 19:00:00,Parramatta,94765,Bankstown,15.9,93,0.0,1024.4,
2020-03-11 20:00:00,Parramatta,94765,Bankstown,16.4,93,0.0,1024.4,
2020-03-11 22:00:00,Parramatta,94765,Bankstown,19.0,85,0.0,1025.7,
2020-03-11 23:00:00,Parramatta,94765,Bankstown,21.9,72,0.0,1026.0,
2020-03-12 01:00:00,Parramatta,94765,Bankstown,24.0,54,0.0,1025.0,
2020-03-12 02:00:00,Parramatta,94765,Bankstown,25.0,48,0.0,1024.1,
2020-03-12 04:00:00,Parramatta,94765,Bankstown,24.9,43,0.0,1023.0,
2020-03-12 05:00:00,Parramatta,94765,Bankstown,25.0,42,0.0,1022.7,
2020-03-12 07:00:00,Parramatta,94765,Bankstown,23.5,46,0.0,1022.5,
2020-03-12 08:00:00,Parramatta,94765,Bankstown,22.4,52,0.0,1022.5,
2020-03-12 10:00:00,Parramatta,94765,Bankstown,20.4,65,0.0,1023.3,
2020-03-12 11:00:00,Parramatta,94765,Bankstown,18.1,79,0.0,1023.6,
2020-03-12 13:00:00,Parramatta,94765,Bankstown,16.7,87,0.0,1023.5,
2020-03-12 14:00:00,Parramatta,94765,Bankstown,16.3,87,0.0,1023.1,
2020-03-12 16:00:00,Parramatta,94765,Bankstown,14.8,90,0.0,1021.9,
2020-03-12 17:00:00,Parramatta,94765,Bankstown,14.7,91,0.0,1021.5,
2020-03-12 19:00:00,Parramatta,94765,Bankstown,13.6,92,0.0,1020.8,
2020-03-12 20:00:00,Parramatta,94765,Bankstown,13.5,94,0.0,1020.8,
2020-03-12 22:00:00,Parramatta,94765,Bankstown,17.9,77,0.0,1021.1,
2020-03-12 23:00:00,Parramatta,94765,Bankstown,20.5,63,0.0,1020.8,
2020-03-13 01:00:00,Parramatta,94765,Bankstown,23.7,49,0.0,1019.4,
2020-03-13 02:00:00,Parramatta,94765,Bankstown,25.3,42,0.0,1018.1,
2020-03-13 04:00:00,Parramatta,94765,Bankstown,26.2,44,0.0,1015.8,
2020-03-13 05:00:00,Parramatta,94765,Bankstown,26.0,47,,1015.0,
2020-03-13 07:00:00,Parramatta,94765,Bankstown,24.7,50,0.0,1014.4,
2020-03-13 08:00:00,Parramatta,94765,Bankstown,22.6,59,0.0,1014.1,
2020-03-13 10:00:00,Parramatta,94765,Bankstown,20.7,68,,1014.6,
2020-03-13 11:00:00,Parramatta,94765,Bankstown,19.9,71,0.0,1014.7,
2020-03-13 13:00:00,Parramatta,94765,Bankstown,17.2,85,,1014.1,
2020-03-13 14:00:00,Parramatta,94765,Bankstown,18.1,81,0.0,1013.5,
2020-03-13 16:00:00,Parramatta,94765,Bankstown,15.9,90,0.0,1012.2,
2020-03-13 17:00:00,Parramatta,94765,Bankstown,15.7,93,0.0,1012.0,
2020-03-13 19:00:00,Parramatta,94765,Bankstown,16.1,92,0.0,1013.2,
2020-03-13 20:00:00,Parramatta,94765,Bankstown,18.8,77,0.0,1014.6,
2020-03-13 22:00:00,Parramatta,94765,Bankstown,15.8,84,0.0,1017.2,
2020-03-13 23:00:00,Parramatta,94765,Bankstown,16.5,71,0.0,1017.5,
2020-03-14 01:00:00,Parramatta,94765,Bankstown,16.2,72,0.0,1018.7,
2020-03-14 02:00:00,Parramatta,94765,Bankstown,15.4,72,0.0,1019.0,
2020-03-14 04:00:00,Parramatta,94765,Bankstown,12.8,92,0.0,1018.9,
2020-03-14 05:00:00,Parramatta,94765,Bankstown,12.6,92,0.0,1018.3,
2020-03-14 07:00:00,Parramatta,94765,Bankstown,14.2,88,,1018.7,
2020-03-14 08:00:00,Parramatta,94765,Bankstown,15.0,87,,1018.9,
2020-03-14 10:00:00,Parramatta,94765,Bankstown,15.6,80,,1020.0,
2020-03-14 11:00:00,Parramatta,94765,Bankstown,15.7,78,,1020.5,
2020-03-14 13:00:00,Parramatta,94765,Bankstown,15.9,74,0.0,1020.7,
2020-03-14 14:00:00,Parramatta,94765,Bankstown,15.7,74,0.0,1020.5,
2020-03-14 16:00:00,Parramatta,94765,Bankstown,16.0,72,0.0,1019.7,
2020-03-14 17:00:00,Parramatta,94765,Bankstown,15.9,70,0.0,1019.7,
2020-03-14 19:00:00,Parramatta,94765,Bankstown,13.1,76,0.0,1020.4,
2020-03-14 20:00:00,Parramatta,94765,Bankstown,13.3,74,0.0,1021.1,
2020-03-14 22:00:00,Parramatta,94765,Bankstown,15.9,69,0.0,1022.2,
2020-03-14 23:00:00,Parramatta,94765,Bankstown,18.8,61,0.0,1022.5,
2020-03-15 01:00:00,Parramatta,94765,Bankstown,19.6,63,0.0,1022.7,
2020-03-15 02:00:00,Parramatta,94765,Bankstown,19.7,61,0.0,1022.4,
2020-03-15 04:00:00,Parramatta,94765,Bankstown,20.9,58,0.0,1021.8,
2020-03-15 05:00:00,Parramatta,94765,Bankstown,20.3,61,0.0,1021.7,
2020-03-15 07:00:00,Parramatta,94765,Bankstown,19.4,64,0.0,1022.6,
2020-03-15 08:00:00,Parramatta,94765,Bankstown,17.7,75,0.0,1023.1,
2020-03-15 10:00:00,Parramatta,94765,Bankstown,17.3,76,0.0,1024.0,
2020-03-15 11:00:00,Parramatta,94765,Bankstown,17.1,77,0.0,1024.2,
2020-03-15 13:00:00,Parramatta,94765,Bankstown,16.3,85,0.0,1023.9,
2020-03-15 14:00:00,Parramatta,94765,Bankstown,16.6,78,0.0,1023.7,
2020-03-15 16:00:00,Parramatta,94765,Bankstown,15.8,80,0.0,1023.3,
2020-03-15 17:00:00,Parramatta,94765,Bankstown,15.2,92,0.0,1023.1,
2020-03-15 19:00:00,Parramatta,94765,Bankstown,14.6,94,0.0,1023.5,
2020-03-15 20:00:00,Parramatta,94765,Bankstown,15.0,94,0.0,1023.9,
2020-03-15 22:00:00,Parramatta,94765,Bankstown,16.6,95,0.0,1025.2,
2020-03-15 23:00:00,Parramatta,94765,Bankstown,18.8,85,0.0,1025.5,
2020-03-16 01:00:00,Parramatta,94765,Bankstown,17.7,87,0.0,1026.0,
2020-03-16 02:00:00,Parramatta,94765,Bankstown,21.0,63,0.0,1025.4,
2020-03-16 04:00:00,Parramatta,94765,Bankstown,19.8,77,0.0,1025.4,
2020-03-16 05:00:00,Parramatta,94765,Bankstown,21.5,57,0.0,1024.9,
2020-03-16 07:00:00,Parramatta,94765,Bankstown,21.1,55,0.0,1025.4,
2020-03-16 08:00:00,Parramatta,94765,Bankstown,19.5,73,0.0,1025.9,
2020-03-16 10:00:00,Parramatta,94765,Bankstown,18.2,82,0.0,1027.3,
2020-03-16 11:00:00,Parramatta,94765,Bankstown,18.2,74,0.0,1027.6,
2020-03-16 13:00:00,Parramatta,94765,Bankstown,16.7,90,0.0,1027.6,
2020-03-16 14:00:00,Parramatta,94765,Bankstown,16.6,86,0.0,1027.5,
2020-03-16 16:00:00,Parramatta,94765,Bankstown,15.9,93,0.0,1026.6,
2020-03-16 17:00:00,Parramatta,94765,Bankstown,15.3,94,0.0,1026.5,
2020-03-16 19:00:00,Parramatta,94765,Bankstown,15.3,92,0.0,1026.9,
2020-03-16 20:00:00,Parramatta,94765,Bankstown,15.0,93,0.0,1027.2,
2020-03-16 22:00:00,Parramatta,94765,Bankstown,16.7,88,0.0,1028.1,
2020-03-16 23:00:00,Parramatta,94765,Bankstown,17.8,89,0.0,1028.5,
2020-03-17 01:00:00,Parramatta,94765,Bankstown,20.9,73,0.0,1028.2,
2020-03-17 02:00:00,Parramatta,94765,Bankstown,21.2,65,0.0,1027.5,
2020-03-17 04:00:00,Parramatta,94765,Bankstown,22.5,54,0.0,1026.1,
2020-03-17 05:00:00,Parramatta,94765,Bankstown,22.0,59,0.0,1025.9,
2020-03-17 07:00:00,Parramatta,94765,Bankstown,21.4,60,0.0,1026.1,
2020-03-17 08:00:00,Parramatta,94765,Bankstown,20.5,63,0.0,1026.3,
2020-03-17 10:00:00,Parramatta,94765,Bankstown,17.1,82,0.0,1027.2,
2020-03-17 11:00:00,Parramatta,94765,Bankstown,16.1,87,0.0,1027.3,
2020-03-17 13:00:00,Parramatta,94765,Bankstown,15.3,91,0.0,1027.1,
2020-03-17 14:00:00,Parramatta,94765,Bankstown,14.7,93,0.0,1026.9,
2020-03-17 16:00:00,Parramatta,94765,Bankstown,13.5,94,0.0,1026.0,
2020-03-17 17:00:00,Parramatta,94765,Bankstown,13.4,94,0.0,1025.6,
2020-03-17 19:00:00,Parramatta,94765,Bankstown,12.4,95,0.0,1025.6,
2020-03-17 20:00:00,Parramatta,94765,Bankstown,12.1,95,0.0,1026.6,
2020-03-17 22:00:00,Parramatta,94765,Bankstown,16.1,90,0.0,1027.1,
2020-03-17 23:00:00,Parramatta,94765,Bankstown,19.0,76,9.4,1026.8,
2020-03-18 01:00:00,Parramatta,94765,Bankstown,23.4,46,13.0,1025.7,
2020-03-18 02:00:00,Parramatta,94765,Bankstown,24.1,42,9.4,1024.4,
2020-03-18 04:00:00,Parramatta,94765,Bankstown,26.5,34,11.2,1022.3,
2020-03-18 05:00:00,Parramatta,94765,Bankstown,26.8,30,1.8,1021.3,
2020-03-18 07:00:00,Parramatta,94765,Bankstown,25.6,52,18.4,1020.7,
2020-03-18 08:00:00,Parramatta,94765,Bankstown,24.0,57,14.8,1021.1,
2020-03-18 10:00:00,Parramatta,94765,Bankstown,21.0,72,9.4,1022.9,
2020-03-18 11:00:00,Parramatta,94765,Bankstown,20.3,74,0.0,1023.5,
2020-03-18 13:00:00,Parramatta,94765,Bankstown,16.7,86,0.0,1022.9,
2020-03-18 14:00:00,Parramatta,94765,Bankstown,16.4,88,0.0,1022.1,
2020-03-18 16:00:00,Parramatta,94765,Bankstown,15.5,93,0.0,1021.1,
2020-03-18 17:00:00,Parramatta,94765,Bankstown,15.0,93,0.0,1021.0,
2020-03-18 19:00:00,Parramatta,94765,Bankstown,14.7,94,0.0,1021.0,
2020-03-18 20:00:00,Parramatta,94765,Bankstown,14.8,94,3.6,1021.7,
2020-03-18 22:00:00,Parramatta,94765,Bankstown,18.8,78,9.4,1022.3,
2020-03-18 23:00:00,Parramatta,94765,Bankstown,22.2,68,7.6,1022.4,
2020-03-19 01:00:00,Parramatta,94765,Bankstown,28.3,41,11.2,1021.2,
2020-03-19 02:00:00,Parramatta,94765,Bankstown,29.5,37,7.6,1020.7,
2020-03-19 04:00:00,Parramatta,94765,Bankstown,31.9,25,3.6,1019.2,
2020-03-19 05:00:00,Parramatta,94765,Bankstown,32.7,28,9.4,1018.4,
2020-03-19 07:00:00,Parramatta,94765,Bankstown,32.0,29,7.6,1017.9,
2020-03-19 08:00:00,Parramatta,94765,Bankstown,29.0,40,14.8,1018.1,
2020-03-19 10:00:00,Parramatta,94765,Bankstown,25.0,55,1.8,1018.7,
2020-03-19 11:00:00,Parramatta,94765,Bankstown,23.1,62,0.0,1018.5,
2020-03-19 13:00:00,Parramatta,94765,Bankstown,20.5,76,0.0,1018.2,
2020-03-19 14:00:00,Parramatta,94765,Bankstown,19.5,81,0.0,1017.7,
2020-03-19 16:00:00,Parramatta,94765,Bankstown,18.4,86,0.0,1016.4,
2020-03-19 17:00:00,Parramatta,94765,Bankstown,18.0,88,0.0,1015.9,
2020-03-19 19:00:00,Parramatta,94765,Bankstown,17.3,90,0.0,1015.4,
2020-03-19 20:00:00,Parramatta,94765,Bankstown,17.3,91,0.0,1015.5,
2020-03-19 22:00:00,Parramatta,94765,Bankstown,21.7,70,5.4,1015.8,
2020-03-19 23:00:00,Parramatta,94765,Bankstown,23.5,67,0.0,1015.6,
2020-03-20 01:00:00,Parramatta,94765,Bankstown,31.9,31,13.0,1013.9,
2020-03-20 02:00:00,Parramatta,94765,Bankstown,33.1,30,14.8,1012.9,
2020-03-20 04:00:00,Parramatta,94765,Bankstown,35.0,26,20.5,1010.9,
2020-03-20 05:00:00,Parramatta,94765,Bankstown,35.2,22,24.1,1010.1,
2020-03-20 07:00:00,Parramatta,94765,Bankstown,34.3,21,24.1,1009.6,
2020-03-20 08:00:00,Parramatta,94765,Bankstown,32.5,24,13.0,1010.3,
2020-03-20 10:00:00,Parramatta,94765,Bankstown,26.4,40,1.8,1012.9,
2020-03-20 11:00:00,Parramatta,94765,Bankstown,23.3,65,16.6,1014.3,
2020-03-20 13:00:00,Parramatta,94765,Bankstown,21.0,76,16.6,1016.0,
2020-03-20 14:00:00,Parramatta,94765,Bankstown,20.2,79,13.0,1016.4,
2020-03-20 16:00:00,Parramatta,94765,Bankstown,18.1,84,0.0,1016.6,
2020-03-20 17:00:00,Parramatta,94765,Bankstown,17.0,90,3.6,1016.9,
2020-03-20 19:00:00,Parramatta,94765,Bankstown,16.2,90,0.0,1017.8,
2020-03-20 20:00:00,Parramatta,94765,Bankstown,15.8,91,0.0,1018.6,
2020-03-20 22:00:00,Parramatta,94765,Bankstown,19.3,80,9.4,1020.1,
2020-03-20 23:00:00,Parramatta,94765,Bankstown,22.1,68,9.4,1020.5,
2020-03-21 01:00:00,Parramatta,94765,Bankstown,25.3,51,9.4,1020.2,
2020-03-21 02:00:00,Parramatta,94765,Bankstown,24.8,60,20.5,1020.1,
2020-03-21 04:00:00,Parramatta,94765,Bankstown,23.1,60,24.1,1019.5,
2020-03-21 05:00:00,Parramatta,94765,Bankstown,23.5,58,22.3,1019.2,
2020-03-21 07:00:00,Parramatta,94765,Bankstown,21.7,64,24.1,1019.4,
2020-03-21 08:00:00,Parramatta,94765,Bankstown,21.1,66,18.4,1019.5,
2020-03-21 10:00:00,Parramatta,94765,Bankstown,21.0,68,11.2,1020.7,
2020-03-21 11:00:00,Parramatta,94765,Bankstown,20.4,71,9.4,1021.0,
2020-03-21 13:00:00,Parramatta,94765,Bankstown,19.5,75,1.8,1021.0,
2020-03-21 14:00:00,Parramatta,94765,Bankstown,19.0,78,0.0,1020.5,
2020-03-21 16:00:00,Parramatta,94765,Bankstown,19.1,79,0.0,1019.4,
2020-03-21 17:00:00,Parramatta,94765,Bankstown,18.1,85,0.0,1019.0,
2020-03-21 19:00:00,Parramatta,94765,Bankstown,18.0,83,0.0,1018.4,
2020-03-21 20:00:00,Parramatta,94765,Bankstown,16.9,88,0.0,1018.4,
2020-03-21 22:00:00,Parramatta,94765,Bankstown,20.1,76,5.4,1018.8,
2020-03-21 23:00:00,Parramatta,94765,Bankstown,22.3,70,9.4,1018.4,
2020-03-22 01:00:00,Parramatta,94765,Bankstown,26.1,53,9.4,1017.6,
2020-03-22 02:00:00,Parramatta,94765,Bankstown,26.9,44,5.4,1016.9,
2020-03-22 04:00:00,Parramatta,94765,Bankstown,29.5,26,11.2,1015.6,
2020-03-22 05:00:00,Parramatta,94765,Bankstown,28.0,41,29.5,1015.7,
2020-03-22 07:00:00,Parramatta,94765,Bankstown,23.4,59,27.7,1017.3,
2020-03-22 08:00:00,Parramatta,94765,Bankstown,21.9,72,27.7,1018.5,
2020-03-22 10:00:00,Parramatta,94765,Bankstown,20.8,65,22.3,1021.7,
2020-03-22 11:00:00,Parramatta,94765,Bankstown,20.7,63,16.6,1022.6,
2020-03-22 13:00:00,Parramatta,94765,Bankstown,20.3,66,25.9,1023.0,
2020-03-22 14:00:00,Parramatta,94765,Bankstown,18.8,75,16.6,1023.5,
2020-03-22 16:00:00,Parramatta,94765,Bankstown,18.3,72,9.4,1023.5,
2020-03-22 17:00:00,Parramatta,94765,Bankstown,18.6,65,14.8,1023.5,
2020-03-22 19:00:00,Parramatta,94765,Bankstown,17.9,66,11.2,1023.9,
2020-03-22 20:00:00,Parramatta,94765,Bankstown,17.3,68,7.6,1024.5,
2020-03-22 22:00:00,Parramatta,94765,Bankstown,19.1,62,9.4,1025.7,
2020-03-22 23:00:00,Parramatta,94765,Bankstown,20.0,58,16.6,1025.9,
2020-03-23 01:00:00,Parramatta,94765,Bankstown,21.6,56,22.3,1025.5,
2020-03-23 02:00:00,Parramatta,94765,Bankstown,22.2,56,24.1,1025.1,
2020-03-23 04:00:00,Parramatta,94765,Bankstown,21.6,57,27.7,1024.0,
2020-03-23 05:00:00,Parramatta,94765,Bankstown,21.3,56,24.1,1023.9,
2020-03-23 07:00:00,Parramatta,94765,Bankstown,20.3,63,24.1,1024.0,
2020-03-23 08:00:00,Parramatta,94765,Bankstown,19.5,71,20.5,1024.6,
2020-03-23 10:00:00,Parramatta,94765,Bankstown,18.1,75,11.2,1025.7,
2020-03-23 11:00:00,Parramatta,94765,Bankstown,17.1,81,0.0,1026.0,
2020-03-23 13:00:00,Parramatta,94765,Bankstown,15.9,87,0.0,1025.7,
2020-03-23 14:00:00,Parramatta,94765,Bankstown,16.1,88,0.0,1025.5,
2020-03-23 16:00:00,Parramatta,94765,Bankstown,15.7,86,0.0,1024.2,
2020-03-23 17:00:00,Parramatta,94765,Bankstown,15.3,89,0.0,1023.8,
2020-03-23 19:00:00,Parramatta,94765,Bankstown,15.1,89,0.0,1023.9,
2020-03-23 20:00:00,Parramatta,94765,Bankstown,15.4,91,0.0,1023.9,
2020-03-23 22:00:00,Parramatta,94765,Bankstown,17.6,84,9.4,1024.7,
2020-03-23 23:00:00,Parramatta,94765,Bankstown,19.3,80,9.4,1024.6,
2020-03-24 01:00:00,Parramatta,94765,Bankstown,21.8,64,11.2,1023.7,
2020-03-24 02:00:00,Parramatta,94765,Bankstown,21.7,64,11.2,1023.2,
2020-03-24 04:00:00,Parramatta,94765,Bankstown,21.2,70,13.0,1021.5,
2020-03-24 05:00:00,Parramatta,94765,Bankstown,21.6,66,18.4,1021.1,
2020-03-24 07:00:00,Parramatta,94765,Bankstown,21.7,68,13.0,1021.0,
2020-03-24 08:00:00,Parramatta,94765,Bankstown,21.1,70,13.0,1020.8,
2020-03-24 10:00:00,Parramatta,94765,Bankstown,20.9,70,9.4,1021.6,
2020-03-24 11:00:00,Parramatta,94765,Bankstown,21.0,69,3.6,1022.0,
2020-03-24 13:00:00,Parramatta,94765,Bankstown,20.1,71,3.6,1021.3,
2020-03-24 14:00:00,Parramatta,94765,Bankstown,19.7,71,3.6,1020.8,
2020-03-24 16:00:00,Parramatta,94765,Bankstown,18.4,77,0.0,1019.5,
2020-03-24 17:00:00,Parramatta,94765,Bankstown,17.7,81,1.8,1018.5,
2020-03-24 19:00:00,Parramatta,94765,Bankstown,16.5,87,0.0,1018.5,
2020-03-24 20:00:00,Parramatta,94765,Bankstown,16.4,88,0.0,1018.6,
2020-03-24 22:00:00,Parramatta,94765,Bankstown,19.3,77,0.0,1019.2,
2020-03-24 23:00:00,Parramatta,94765,Bankstown,20.6,72,9.4,1018.8,
2020-03-25 01:00:00,Parramatta,94765,Bankstown,23.2,64,3.6,1018.8,
2020-03-25 02:00:00,Parramatta,94765,Bankstown,24.2,60,9.4,1018.1,
2020-03-25 04:00:00,Parramatta,94765,Bankstown,22.5,69,29.5,1018.1,
2020-03-25 05:00:00,Parramatta,94765,Bankstown,19.7,88,22.3,1018.2,
2020-03-25 07:00:00,Parramatta,94765,Bankstown,19.6,90,9.4,1019.5,
2020-03-25 08:00:00,Parramatta,94765,Bankstown,19.4,91,0.0,1019.9,
2020-03-25 10:00:00,Parramatta,94765,Bankstown,19.3,91,5.4,1021.7,
2020-03-25 11:00:00,Parramatta,94765,Bankstown,19.0,93,9.4,1021.9,
2020-03-25 13:00:00,Parramatta,94765,Bankstown,19.5,84,18.4,1022.1,
2020-03-25 14:00:00,Parramatta,94765,Bankstown,18.6,87,20.5,1022.3,
2020-03-25 16:00:00,Parramatta,94765,Bankstown,17.4,84,16.6,1022.3,
2020-03-25 17:00:00,Parramatta,94765,Bankstown,17.9,77,20.5,1022.3,
2020-03-25 19:00:00,Parramatta,94765,Bankstown,18.0,75,18.4,1023.1,
2020-03-25 20:00:00,Parramatta,94765,Bankstown,17.7,76,16.6,1024.0,
2020-03-25 22:00:00,Parramatta,94765,Bankstown,17.7,74,13.0,1025.6,
2020-03-25 23:00:00,Parramatta,94765,Bankstown,18.3,71,14.8,1026.4,
2020-03-26 01:00:00,Parramatta,94765,Bankstown,20.2,63,20.5,1026.3,
2020-03-26 02:00:00,Parramatta,94765,Bankstown,20.7,63,24.1,1026.1,
2020-03-26 04:00:00,Parramatta,94765,Bankstown,20.9,63,20.5,1025.3,
2020-03-26 05:00:00,Parramatta,94765,Bankstown,20.5,67,24.1,1025.3,
2020-03-26 07:00:00,Parramatta,94765,Bankstown,20.1,72,9.4,1024.9,
2020-03-26 08:00:00,Parramatta,94765,Bankstown,19.1,75,7.6,1025.3,
2020-03-26 10:00:00,Parramatta,94765,Bankstown,17.3,86,9.4,1026.3,
2020-03-26 11:00:00,Parramatta,94765,Bankstown,16.8,89,0.0,1026.4,
2020-03-26 13:00:00,Parramatta,94765,Bankstown,16.0,93,0.0,1026.3,
2020-03-26 14:00:00,Parramatta,94765,Bankstown,16.0,91,13.0,1025.9,
2020-03-26 16:00:00,Parramatta,94765,Bankstown,16.3,93,0.0,1025.6,
2020-03-26 17:00:00,Parramatta,94765,Bankstown,16.6,94,0.0,1025.3,
2020-03-26 19:00:00,Parramatta,94765,Bankstown,16.7,95,3.6,1025.4,
2020-03-26 20:00:00,Parramatta,94765,Bankstown,16.7,95,0.0,1025.9,
2020-03-26 22:00:00,Parramatta,94765,Bankstown,19.1,77,9.4,1027.2,
2020-03-26 23:00:00,Parramatta,94765,Bankstown,21.0,66,18.4,1027.5,
2020-03-27 01:00:00,Parramatta,94765,Bankstown,22.1,53,20.5,1027.3,
2020-03-27 02:00:00,Parramatta,94765,Bankstown,22.4,52,16.6,1026.8,
2020-03-27 04:00:00,Parramatta,94765,Bankstown,22.3,53,18.4,1025.6,
2020-03-27 05:00:00,Parramatta,94765,Bankstown,22.1,51,20.5,1025.4,
2020-03-27 07:00:00,Parramatta,94765,Bankstown,20.9,57,16.6,1025.3,
2020-03-27 08:00:00,Parramatta,94765,Bankstown,20.2,58,14.8,1025.6,
2020-03-27 10:00:00,Parramatta,94765,Bankstown,17.0,75,0.0,1026.4,
2020-03-27 11:00:00,Parramatta,94765,Bankstown,16.0,79,0.0,1026.5,
2020-03-27 13:00:00,Parramatta,94765,Bankstown,14.5,89,0.0,1026.1,
2020-03-27 14:00:00,Parramatta,94765,Bankstown,15.0,88,0.0,1025.6,
2020-03-27 16:00:00,Parramatta,94765,Bankstown,15.1,86,0.0,1024.9,
2020-03-27 17:00:00,Parramatta,94765,Bankstown,14.8,86,0.0,1024.3,
2020-03-27 19:00:00,Parramatta,94765,Bankstown,15.2,85,0.0,1024.6,
2020-03-27 20:00:00,Parramatta,94765,Bankstown,14.6,86,0.0,1024.9,
2020-03-27 22:00:00,Parramatta,94765,Bankstown,17.8,79,0.0,1025.7,
2020-03-27 23:00:00,Parramatta,94765,Bankstown,20.4,72,5.4,1025.6,
2020-03-28 01:00:00,Parramatta,94765,Bankstown,23.2,55,9.4,1025.0,
2020-03-28 02:00:00,Parramatta,94765,Bankstown,23.0,47,13.0,1024.3,
2020-03-28 04:00:00,Parramatta,94765,Bankstown,23.1,52,18.4,1022.7,
2020-03-28 05:00:00,Parramatta,94765,Bankstown,22.7,53,18.4,1022.4,
2020-03-28 07:00:00,Parramatta,94765,Bankstown,21.7,59,16.6,1022.3,
2020-03-28 08:00:00,Parramatta,94765,Bankstown,19.3,79,16.6,1022.9,
2020-03-28 10:00:00,Parramatta,94765,Bankstown,17.7,94,7.6,1023.0,
2020-03-28 11:00:00,Parramatta,94765,Bankstown,17.8,94,5.4,1023.0,
2020-03-28 13:00:00,Parramatta,94765,Bankstown,17.6,94,5.4,1022.4,
2020-03-28 14:00:00,Parramatta,94765,Bankstown,17.8,95,7.6,1022.0,
2020-03-28 16:00:00,Parramatta,94765,Bankstown,17.5,94,0.0,1020.7,
2020-03-28 17:00:00,Parramatta,94765,Bankstown,17.7,95,5.4,1020.3,
2020-03-28 19:00:00,Parramatta,94765,Bankstown,17.6,95,0.0,1019.9,
2020-03-28 20:00:00,Parramatta,94765,Bankstown,17.6,95,0.0,1020.3,
2020-03-28 22:00:00,Parramatta,94765,Bankstown,18.9,94,0.0,1020.9,
2020-03-28 23:00:00,Parramatta,94765,Bankstown,20.7,81,9.4,1021.0,
2020-03-29 01:00:00,Parramatta,94765,Bankstown,23.0,67,14.8,1020.1,
2020-03-29 02:00:00,Parramatta,94765,Bankstown,23.6,63,7.6,1019.2,
2020-03-29 04:00:00,Parramatta,94765,Bankstown,24.8,59,9.4,1017.0,
2020-03-29 05:00:00,Parramatta,94765,Bankstown,24.2,67,14.8,1016.3,
2020-03-29 07:00:00,Parramatta,94765,Bankstown,23.4,70,18.4,1015.8,
2020-03-29 08:00:00,Parramatta,94765,Bankstown,22.4,73,16.6,1016.2,
2020-03-29 10:00:00,Parramatta,94765,Bankstown,21.3,79,9.4,1016.7,
2020-03-29 11:00:00,Parramatta,94765,Bankstown,20.8,81,1.8,1017.0,
2020-03-29 13:00:00,Parramatta,94765,Bankstown,20.6,85,7.6,1015.5,
2020-03-29 14:00:00,Parramatta,94765,Bankstown,19.3,88,3.6,1015.3,
2020-03-29 16:00:00,Parramatta,94765,Bankstown,18.6,94,9.4,1014.4,
2020-03-29 17:00:00,Parramatta,94765,Bankstown,18.9,93,5.4,1013.8,
2020-03-29 19:00:00,Parramatta,94765,Bankstown,19.2,93,1.8,1013.8,
2020-03-29 20:00:00,Parramatta,94765,Bankstown,19.2,94,0.0,1013.8,
2020-03-29 22:00:00,Parramatta,94765,Bankstown,19.7,94,1.8,1014.3,
2020-03-29 23:00:00,Parramatta,94765,Bankstown,20.1,91,9.4,1014.4,
2020-03-30 01:00:00,Parramatta,94765,Bankstown,21.9,79,11.2,1013.9,
2020-03-30 02:00:00,Parramatta,94765,Bankstown,22.2,76,9.4,1013.6,
2020-03-30 04:00:00,Parramatta,94765,Bankstown,25.2,62,11.2,1011.4,
2020-03-30 05:00:00,Parramatta,94765,Bankstown,25.2,63,9.4,1011.9,
2020-03-30 07:00:00,Parramatta,94765,Bankstown,24.8,61,5.4,1011.6,
2020-03-30 08:00:00,Parramatta,94765,Bankstown,23.5,67,5.4,1011.8,
2020-03-30 10:00:00,Parramatta,94765,Bankstown,20.4,80,0.0,1012.8,
2020-03-30 11:00:00,Parramatta,94765,Bankstown,20.3,79,7.6,1013.0,
2020-03-30 13:00:00,Parramatta,94765,Bankstown,18.7,91,7.6,1013.4,
2020-03-30 14:00:00,Parramatta,94765,Bankstown,18.6,90,9.4,1013.5,
2020-03-30 16:00:00,Parramatta,94765,Bankstown,16.4,92,0.0,1013.9,
2020-03-30 17:00:00,Parramatta,94765,Bankstown,15.8,93,0.0,1014.1,
2020-03-30 19:00:00,Parramatta,94765,Bankstown,15.2,95,0.0,1014.9,
2020-03-30 20:00:00,Parramatta,94765,Bankstown,15.0,95,0.0,1015.5,
2020-03-30 22:00:00,Parramatta,94765,Bankstown,18.1,86,1.8,1016.9,
2020-03-30 23:00:00,Parramatta,94765,Bankstown,21.4,73,7.6,1017.1,
2020-03-31 01:00:00,Parramatta,94765,Bankstown,25.3,56,9.4,1016.5,
2020-03-31 02:00:00,Parramatta,94765,Bankstown,25.7,54,5.4,1015.8,
2020-03-31 04:00:00,Parramatta,94765,Bankstown,26.5,62,22.3,1015.1,
2020-03-31 05:00:00,Parramatta,94765,Bankstown,24.8,65,24.1,1015.1,
2020-03-31 07:00:00,Parramatta,94765,Bankstown,23.4,72,24.1,1016.1,
2020-03-31 08:00:00,Parramatta,94765,Bankstown,22.3,78,14.8,1016.8,
2020-03-31 10:00:00,Parramatta,94765,Bankstown,21.7,81,11.2,1018.2,
2020-03-31 11:00:00,Parramatta,94765,Bankstown,21.1,81,7.6,1018.7,
2020-03-31 13:00:00,Parramatta,94765,Bankstown,19.7,89,0.0,1018.9,
2020-03-31 14:00:00,Parramatta,94765,Bankstown,18.9,91,0.0,1018.7,
2020-03-31 16:00:00,Parramatta,94765,Bankstown,19.0,94,0.0,1018.4,
2020-03-31 17:00:00,Parramatta,94765,Bankstown,18.4,93,0.0,1018.2,
2020-03-31 19:00:00,Parramatta,94765,Bankstown,18.2,95,0.0,1018.5,
2020-03-31 20:00:00,Parramatta,94765,Bankstown,18.0,95,0.0,1019.0,
2020-03-31 22:00:00,Parramatta,94765,Bankstown,19.4,95,0.0,1020.0,
2020-03-31 23:00:00,Parramatta,94765,Bankstown,20.4,92,1.8,1020.2,
2020-04-01 01:00:00,Parramatta,94765,Bankstown,20.9,90,13.0,1019.8,
2020-04-01 02:00:00,Parramatta,94765,Bankstown,20.3,93,11.2,1019.0,
2020-04-01 04:00:00,Parramatta,94765,Bankstown,20.5,92,7.6,1017.8,
2020-04-01 05:00:00,Parramatta,94765,Bankstown,21.9,88,11.2,1017.5,
2020-04-01 07:00:00,Parramatta,94765,Bankstown,23.3,72,20.5,1017.4,
2020-04-01 08:00:00,Parramatta,94765,Bankstown,22.4,79,11.2,1017.2,
2020-04-01 10:00:00,Parramatta,94765,Bankstown,21.9,82,11.2,1018.4,
2020-04-01 11:00:00,Parramatta,94765,Bankstown,21.3,84,1.8,1018.4,
2020-04-01 13:00:00,Parramatta,94765,Bankstown,19.7,91,0.0,1017.9,
2020-04-01 14:00:00,Parramatta,94765,Bankstown,19.2,93,0.0,1017.5,
2020-04-01 16:00:00,Parramatta,94765,Bankstown,17.8,94,0.0,1016.2,
2020-04-01 17:00:00,Parramatta,94765,Bankstown,17.7,96,0.0,1015.7,
2020-04-01 19:00:00,Parramatta,94765,Bankstown,16.7,96,0.0,1015.2,
2020-04-01 20:00:00,Parramatta,94765,Bankstown,16.4,96,0.0,1015.0,
2020-04-01 22:00:00,Parramatta,94765,Bankstown,19.0,97,0.0,1015.2,
2020-04-01 23:00:00,Parramatta,94765,Bankstown,20.7,86,9.4,1014.9,
2020-04-02 01:00:00,Parramatta,94765,Bankstown,23.1,66,9.4,1013.1,
2020-04-02 02:00:00,Parramatta,94765,Bankstown,23.9,66,1.8,1012.4,
2020-04-02 04:00:00,Parramatta,94765,Bankstown,21.8,85,1.8,1011.7,
2020-04-02 05:00:00,Parramatta,94765,Bankstown,21.7,88,9.4,1011.0,
2020-04-02 07:00:00,Parramatta,94765,Bankstown,21.0,90,13.0,1010.5,
2020-04-02 08:00:00,Parramatta,94765,Bankstown,20.8,89,13.0,1010.3,
2020-04-02 10:00:00,Parramatta,94765,Bankstown,20.4,86,9.4,1010.5,
2020-04-02 11:00:00,Parramatta,94765,Bankstown,20.3,86,11.2,1010.3,
2020-04-02 13:00:00,Parramatta,94765,Bankstown,19.5,89,9.4,1010.2,
2020-04-02 14:00:00,Parramatta,94765,Bankstown,18.8,90,7.6,1010.0,
2020-04-02 16:00:00,Parramatta,94765,Bankstown,17.3,96,7.6,1009.6,
2020-04-02 17:00:00,Parramatta,94765,Bankstown,17.1,96,0.0,1009.1,
2020-04-02 19:00:00,Parramatta,94765,Bankstown,16.6,97,0.0,1009.4,
2020-04-02 20:00:00,Parramatta,94765,Bankstown,16.4,97,0.0,1009.7,
2020-04-02 22:00:00,Parramatta,94765,Bankstown,18.7,94,9.4,1010.6,
2020-04-02 23:00:00,Parramatta,94765,Bankstown,21.1,81,9.4,1009.8,
2020-04-03 01:00:00,Parramatta,94765,Bankstown,23.4,71,3.6,1009.8,
2020-04-03 02:00:00,Parramatta,94765,Bankstown,23.9,66,7.6,1008.6,
2020-04-03 04:00:00,Parramatta,94765,Bankstown,25.5,58,7.6,1006.0,
2020-04-03 05:00:00,Parramatta,94765,Bankstown,24.6,65,11.2,1005.4,
2020-04-03 07:00:00,Parramatta,94765,Bankstown,21.2,82,7.6,1004.9,
2020-04-03 08:00:00,Parramatta,94765,Bankstown,20.3,92,1.8,1004.8,
2020-04-03 10:00:00,Parramatta,94765,Bankstown,20.6,90,11.2,1003.9,
2020-04-03 11:00:00,Parramatta,94765,Bankstown,20.4,90,7.6,1003.4,
2020-04-03 13:00:00,Parramatta,94765,Bankstown,20.7,87,16.6,1001.6,
2020-04-03 14:00:00,Parramatta,94765,Bankstown,21.0,84,14.8,1000.7,
2020-04-03 16:00:00,Parramatta,94765,Bankstown,21.6,77,13.0,998.6,
2020-04-03 17:00:00,Parramatta,94765,Bankstown,21.6,78,16.6,997.1,
2020-04-03 19:00:00,Parramatta,94765,Bankstown,22.5,72,18.4,996.7,
2020-04-03 20:00:00,Parramatta,94765,Bankstown,20.5,88,18.4,997.1,
2020-04-03 22:00:00,Parramatta,94765,Bankstown,20.7,85,11.2,998.9,
2020-04-03 23:00:00,Parramatta,94765,Bankstown,22.0,69,14.8,999.2,
2020-04-04 01:00:00,Parramatta,94765,Bankstown,25.8,40,29.5,999.1,
2020-04-04 02:00:00,Parramatta,94765,Bankstown,25.4,35,29.5,999.2,
2020-04-04 04:00:00,Parramatta,94765,Bankstown,24.1,32,27.7,1001.0,
2020-04-04 05:00:00,Parramatta,94765,Bankstown,24.3,32,27.7,1001.7,
2020-04-04 07:00:00,Parramatta,94765,Bankstown,22.3,33,25.9,1003.9,
2020-04-04 08:00:00,Parramatta,94765,Bankstown,20.8,36,20.5,1005.4,
2020-04-04 10:00:00,Parramatta,94765,Bankstown,19.3,41,18.4,1007.6,
2020-04-04 11:00:00,Parramatta,94765,Bankstown,18.4,46,13.0,1008.7,
2020-04-04 13:00:00,Parramatta,94765,Bankstown,16.6,52,7.6,1010.0,
2020-04-04 14:00:00,Parramatta,94765,Bankstown,15.3,58,5.4,1010.2,
2020-04-04 16:00:00,Parramatta,94765,Bankstown,13.9,62,5.4,1010.8,
2020-04-04 17:00:00,Parramatta,94765,Bankstown,11.3,83,1.8,1011.0,
2020-04-04 19:00:00,Parramatta,94765,Bankstown,10.1,89,0.0,1011.9,
2020-04-04 20:00:00,Parramatta,94765,Bankstown,10.2,92,0.0,1012.9,
2020-04-04 22:00:00,Parramatta,94765,Bankstown,17.2,53,11.2,1014.0,
2020-04-04 23:00:00,Parramatta,94765,Bankstown,19.2,46,13.0,1014.2,
2020-04-05 01:00:00,Parramatta,94765,Bankstown,21.9,39,16.6,1013.1,
2020-04-05 02:00:00,Parramatta,94765,Bankstown,22.8,33,20.5,1012.4,
2020-04-05 04:00:00,Parramatta,94765,Bankstown,23.9,32,22.3,1011.2,
2020-04-05 05:00:00,Parramatta,94765,Bankstown,24.4,32,20.5,1011.0,
2020-04-05 07:00:00,Parramatta,94765,Bankstown,22.7,33,13.0,1012.0,
2020-04-05 08:00:00,Parramatta,94765,Bankstown,20.5,38,11.2,1013.1,
2020-04-05 10:00:00,Parramatta,94765,Bankstown,17.5,50,7.6,1015.2,
2020-04-05 11:00:00,Parramatta,94765,Bankstown,17.1,51,1.8,1015.7,
2020-04-05 13:00:00,Parramatta,94765,Bankstown,14.5,66,3.6,1016.5,
2020-04-05 14:00:00,Parramatta,94765,Bankstown,15.5,59,7.6,1016.3,
2020-04-05 16:00:00,Parramatta,94765,Bankstown,12.6,73,3.6,1015.7,
2020-04-05 17:00:00,Parramatta,94765,Bankstown,14.4,64,7.6,1015.4,
2020-04-05 19:00:00,Parramatta,94765,Bankstown,12.1,79,0.0,1015.8,
2020-04-05 20:00:00,Parramatta,94765,Bankstown,11.0,84,0.0,1016.6,
2020-04-05 22:00:00,Parramatta,94765,Bankstown,15.7,68,0.0,1018.4,
2020-04-05 23:00:00,Parramatta,94765,Bankstown,18.4,61,1.8,1018.8,
2020-04-06 01:00:00,Parramatta,94765,Bankstown,22.5,46,16.6,1018.3,
2020-04-06 02:00:00,Parramatta,94765,Bankstown,22.8,44,14.8,1017.8,
2020-04-06 04:00:00,Parramatta,94765,Bankstown,23.0,39,16.6,1016.7,
2020-04-06 05:00:00,Parramatta,94765,Bankstown,23.2,42,13.0,1016.8,
2020-04-06 07:00:00,Parramatta,94765,Bankstown,19.2,70,25.9,1017.9,
2020-04-06 08:00:00,Parramatta,94765,Bankstown,18.0,74,18.4,1018.7,
2020-04-06 10:00:00,Parramatta,94765,Bankstown,17.5,77,13.0,1020.3,
2020-04-06 11:00:00,Parramatta,94765,Bankstown,16.2,82,9.4,1020.8,
2020-04-06 13:00:00,Parramatta,94765,Bankstown,16.4,83,9.4,1021.5,
2020-04-06 14:00:00,Parramatta,94765,Bankstown,16.6,84,9.4,1021.4,
2020-04-06 16:00:00,Parramatta,94765,Bankstown,15.8,82,7.6,1021.2,
2020-04-06 17:00:00,Parramatta,94765,Bankstown,15.6,83,7.6,1020.8,
2020-04-06 19:00:00,Parramatta,94765,Bankstown,15.5,79,11.2,1021.2,
2020-04-06 20:00:00,Parramatta,94765,Bankstown,15.4,80,9.4,1021.6,
2020-04-06 22:00:00,Parramatta,94765,Bankstown,16.8,72,13.0,1022.7,
2020-04-06 23:00:00,Parramatta,94765,Bankstown,18.0,66,11.2,1023.0,
2020-04-07 01:00:00,Parramatta,94765,Bankstown,20.1,57,13.0,1022.6,
2020-04-07 02:00:00,Parramatta,94765,Bankstown,20.3,56,16.6,1022.2,
2020-04-07 04:00:00,Parramatta,94765,Bankstown,20.7,55,14.8,1020.7,
2020-04-07 05:00:00,Parramatta,94765,Bankstown,20.9,58,18.4,1020.6,
2020-04-07 07:00:00,Parramatta,94765,Bankstown,18.9,63,14.8,1020.5,
2020-04-07 08:00:00,Parramatta,94765,Bankstown,18.0,64,11.2,1020.8,
2020-04-07 10:00:00,Parramatta,94765,Bankstown,16.1,77,0.0,1021.3,
2020-04-07 11:00:00,Parramatta,94765,Bankstown,14.8,85,5.4,1021.0,
2020-04-07 13:00:00,Parramatta,94765,Bankstown,14.8,84,1.8,1021.2,
2020-04-07 14:00:00,Parramatta,94765,Bankstown,15.3,87,0.0,1021.0,
2020-04-07 16:00:00,Parramatta,94765,Bankstown,15.0,91,5.4,1020.4,
2020-04-07 17:00:00,Parramatta,94765,Bankstown,14.9,89,1.8,1020.0,
2020-04-07 19:00:00,Parramatta,94765,Bankstown,14.5,91,0.0,1020.3,
2020-04-07 20:00:00,Parramatta,94765,Bankstown,14.9,91,0.0,1020.8,
2020-04-07 22:00:00,Parramatta,94765,Bankstown,16.4,83,18.4,1022.2,
2020-04-07 23:00:00,Parramatta,94765,Bankstown,17.2,80,14.8,1022.9,
2020-04-08 01:00:00,Parramatta,94765,Bankstown,18.0,75,9.4,1023.0,
2020-04-08 02:00:00,Parramatta,94765,Bankstown,18.4,74,7.6,1022.6,
2020-04-08 04:00:00,Parramatta,94765,Bankstown,18.7,80,13.0,1022.0,
2020-04-08 05:00:00,Parramatta,94765,Bankstown,19.0,72,16.6,1021.8,
2020-04-08 07:00:00,Parramatta,94765,Bankstown,18.3,75,13.0,1022.5,
2020-04-08 08:00:00,Parramatta,94765,Bankstown,17.9,78,9.4,1023.3,
2020-04-08 10:00:00,Parramatta,94765,Bankstown,16.9,83,7.6,1024.6,
2020-04-08 11:00:00,Parramatta,94765,Bankstown,16.9,81,5.4,1025.0,
2020-04-08 13:00:00,Parramatta,94765,Bankstown,16.5,86,9.4,1025.6,
2020-04-08 14:00:00,Parramatta,94765,Bankstown,16.3,87,11.2,1025.5,
2020-04-08 16:00:00,Parramatta,94765,Bankstown,16.1,89,7.6,1025.5,
2020-04-08 19:00:00,Parramatta,94765,Bankstown,15.7,89,3.6,1025.5,
2020-04-08 20:00:00,Parramatta,94765,Bankstown,15.7,87,5.4,1026.0,
2020-04-08 22:00:00,Parramatta,94765,Bankstown,17.0,79,9.4,1027.3,
2020-04-08 23:00:00,Parramatta,94765,Bankstown,18.5,74,7.6,1027.2,
2020-04-09 01:00:00,Parramatta,94765,Bankstown,22.4,60,13.0,1026.7,
2020-04-09 02:00:00,Parramatta,94765,Bankstown,22.3,57,13.0,1025.9,
2020-04-09 04:00:00,Parramatta,94765,Bankstown,21.5,64,13.0,1024.7,
2020-04-09 05:00:00,Parramatta,94765,Bankstown,21.3,65,13.0,1024.4,
2020-04-09 07:00:00,Parramatta,94765,Bankstown,20.2,72,9.4,1024.4,
2020-04-09 08:00:00,Parramatta,94765,Bankstown,19.3,76,13.0,1024.2,
2020-04-09 10:00:00,Parramatta,94765,Bankstown,17.4,85,0.0,1025.0,
2020-04-09 11:00:00,Parramatta,94765,Bankstown,16.5,90,0.0,1025.1,
2020-04-09 13:00:00,Parramatta,94765,Bankstown,15.4,93,0.0,1024.5,
2020-04-09 14:00:00,Parramatta,94765,Bankstown,16.0,94,0.0,1024.0,
2020-04-09 16:00:00,Parramatta,94765,Bankstown,15.9,93,0.0,1022.7,
2020-04-09 17:00:00,Parramatta,94765,Bankstown,15.9,93,0.0,1021.7,
2020-04-09 19:00:00,Parramatta,94765,Bankstown,16.3,93,0.0,1021.0,
2020-04-09 20:00:00,Parramatta,94765,Bankstown,16.3,93,0.0,1020.6,
2020-04-09 22:00:00,Parramatta,94765,Bankstown,17.0,95,5.4,1020.8,
2020-04-09 23:00:00,Parramatta,94765,Bankstown,17.7,94,7.6,1020.3,
2020-04-10 01:00:00,Parramatta,94765,Bankstown,18.9,86,11.2,1018.3,
2020-04-10 02:00:00,Parramatta,94765,Bankstown,19.2,87,7.6,1017.0,
2020-04-10 04:00:00,Parramatta,94765,Bankstown,21.9,68,14.8,1013.2,
2020-04-10 05:00:00,Parramatta,94765,Bankstown,22.5,63,16.6,1012.0,
2020-04-10 07:00:00,Parramatta,94765,Bankstown,17.0,76,24.1,1012.1,
2020-04-10 08:00:00,Parramatta,94765,Bankstown,15.2,93,11.2,1011.9,
2020-04-10 10:00:00,Parramatta,94765,Bankstown,15.1,94,5.4,1012.1,
2020-04-10 11:00:00,Parramatta,94765,Bankstown,14.8,94,7.6,1011.9,
2020-04-10 13:00:00,Parramatta,94765,Bankstown,13.9,95,7.6,1010.6,
2020-04-10 14:00:00,Parramatta,94765,Bankstown,13.4,95,0.0,1009.9,
2020-04-10 16:00:00,Parramatta,94765,Bankstown,12.2,96,1.8,1008.2,
2020-04-10 17:00:00,Parramatta,94765,Bankstown,11.5,96,0.0,1007.3,
2020-04-10 19:00:00,Parramatta,94765,Bankstown,12.0,96,7.6,1006.5,
2020-04-10 20:00:00,Parramatta,94765,Bankstown,11.8,93,7.6,1006.7,
2020-04-10 22:00:00,Parramatta,94765,Bankstown,17.0,70,7.6,1006.3,
2020-04-10 23:00:00,Parramatta,94765,Bankstown,20.2,59,9.4,1005.7,
2020-04-11 01:00:00,Parramatta,94765,Bankstown,23.4,46,20.5,1002.5,
2020-04-11 02:00:00,Parramatta,94765,Bankstown,25.0,35,25.9,1000.7,
2020-04-11 04:00:00,Parramatta,94765,Bankstown,26.2,33,27.7,999.8,
2020-04-11 05:00:00,Parramatta,94765,Bankstown,24.5,31,29.5,999.9,
2020-04-11 07:00:00,Parramatta,94765,Bankstown,21.3,34,18.4,1002.7,
2020-04-11 08:00:00,Parramatta,94765,Bankstown,20.2,31,27.7,1004.3,
2020-04-11 10:00:00,Parramatta,94765,Bankstown,17.9,37,29.5,1006.8,
2020-04-11 11:00:00,Parramatta,94765,Bankstown,17.3,34,25.9,1008.2,
2020-04-11 13:00:00,Parramatta,94765,Bankstown,15.6,40,16.6,1010.1,
2020-04-11 14:00:00,Parramatta,94765,Bankstown,15.0,44,13.0,1010.6,
2020-04-11 16:00:00,Parramatta,94765,Bankstown,13.5,50,9.4,1011.4,
2020-04-11 17:00:00,Parramatta,94765,Bankstown,12.8,51,9.4,1011.8,
2020-04-11 19:00:00,Parramatta,94765,Bankstown,11.9,57,11.2,1014.0,
2020-04-11 20:00:00,Parramatta,94765,Bankstown,11.4,58,9.4,1014.2,
2020-04-11 22:00:00,Parramatta,94765,Bankstown,13.7,50,11.2,1015.9,
2020-04-11 23:00:00,Parramatta,94765,Bankstown,15.2,47,13.0,1016.6,
2020-04-12 01:00:00,Parramatta,94765,Bankstown,18.8,41,13.0,1016.5,
2020-04-12 02:00:00,Parramatta,94765,Bankstown,19.6,39,9.4,1015.9,
2020-04-12 04:00:00,Parramatta,94765,Bankstown,21.5,33,11.2,1014.8,
2020-04-12 05:00:00,Parramatta,94765,Bankstown,21.7,31,7.6,1015.0,
2020-04-12 07:00:00,Parramatta,94765,Bankstown,18.8,47,16.6,1015.6,
2020-04-12 08:00:00,Parramatta,94765,Bankstown,17.0,55,11.2,1016.1,
2020-04-12 10:00:00,Parramatta,94765,Bankstown,13.5,75,0.0,1017.7,
2020-04-12 11:00:00,Parramatta,94765,Bankstown,13.0,78,1.8,1019.0,
2020-04-12 13:00:00,Parramatta,94765,Bankstown,11.4,84,0.0,1019.3,
2020-04-12 14:00:00,Parramatta,94765,Bankstown,10.8,87,0.0,1019.2,
2020-04-12 16:00:00,Parramatta,94765,Bankstown,9.8,90,0.0,1019.1,
2020-04-12 17:00:00,Parramatta,94765,Bankstown,9.5,92,0.0,1019.0,
2020-04-12 19:00:00,Parramatta,94765,Bankstown,8.9,93,0.0,1019.6,
2020-04-12 20:00:00,Parramatta,94765,Bankstown,8.5,93,0.0,1020.1,
2020-04-12 22:00:00,Parramatta,94765,Bankstown,12.2,81,3.6,1021.5,
2020-04-12 23:00:00,Parramatta,94765,Bankstown,15.8,65,9.4,1022.1,
2020-04-13 01:00:00,Parramatta,94765,Bankstown,19.7,48,5.4,1021.5,
2020-04-13 02:00:00,Parramatta,94765,Bankstown,21.5,47,7.6,1020.9,
2020-04-13 04:00:00,Parramatta,94765,Bankstown,22.6,46,5.4,1019.4,
2020-04-13 05:00:00,Parramatta,94765,Bankstown,22.1,46,13.0,1019.4,
2020-04-13 07:00:00,Parramatta,94765,Bankstown,19.9,54,14.8,1020.1,
2020-04-13 08:00:00,Parramatta,94765,Bankstown,18.8,62,13.0,1020.4,
2020-04-13 10:00:00,Parramatta,94765,Bankstown,16.0,75,0.0,1021.8,
2020-04-13 11:00:00,Parramatta,94765,Bankstown,15.1,86,0.0,1022.2,
2020-04-13 13:00:00,Parramatta,94765,Bankstown,13.5,88,0.0,1022.3,
2020-04-13 14:00:00,Parramatta,94765,Bankstown,12.9,91,0.0,1022.5,
2020-04-13 16:00:00,Parramatta,94765,Bankstown,11.8,94,0.0,1022.8,
2020-04-13 17:00:00,Parramatta,94765,Bankstown,11.5,94,0.0,1022.9,
2020-04-13 19:00:00,Parramatta,94765,Bankstown,10.7,94,0.0,1023.6,
2020-04-13 20:00:00,Parramatta,94765,Bankstown,10.4,94,0.0,1023.8,
2020-04-13 22:00:00,Parramatta,94765,Bankstown,13.9,82,0.0,1025.0,
2020-04-13 23:00:00,Parramatta,94765,Bankstown,17.4,71,0.0,1025.3,
2020-04-14 01:00:00,Parramatta,94765,Bankstown,21.7,56,0.0,1024.0,
2020-04-14 02:00:00,Parramatta,94765,Bankstown,23.2,49,0.0,1023.2,
2020-04-14 04:00:00,Parramatta,94765,Bankstown,26.1,33,0.0,1021.6,
2020-04-14 05:00:00,Parramatta,94765,Bankstown,26.8,30,0.0,1021.5,
2020-04-14 07:00:00,Parramatta,94765,Bankstown,23.1,56,0.0,1021.7,
2020-04-14 08:00:00,Parramatta,94765,Bankstown,20.8,65,0.0,1022.5,
2020-04-14 10:00:00,Parramatta,94765,Bankstown,18.0,75,0.0,1023.3,
2020-04-14 11:00:00,Parramatta,94765,Bankstown,16.4,85,0.0,1024.0,
2020-04-14 13:00:00,Parramatta,94765,Bankstown,15.0,91,0.0,1023.9,
2020-04-14 14:00:00,Parramatta,94765,Bankstown,14.6,92,0.0,1023.7,
2020-04-14 16:00:00,Parramatta,94765,Bankstown,13.7,93,0.0,1023.3,
2020-04-14 17:00:00,Parramatta,94765,Bankstown,13.4,94,0.0,1023.0,
2020-04-14 19:00:00,Parramatta,94765,Bankstown,13.1,94,0.0,1023.2,
2020-04-14 20:00:00,Parramatta,94765,Bankstown,12.9,94,0.0,1022.8,
2020-04-14 22:00:00,Parramatta,94765,Bankstown,16.1,84,0.0,1024.0,
2020-04-14 23:00:00,Parramatta,94765,Bankstown,19.3,70,0.0,1023.7,
2020-04-15 01:00:00,Parramatta,94765,Bankstown,24.0,52,0.0,1021.9,
2020-04-15 02:00:00,Parramatta,94765,Bankstown,25.8,44,0.0,1020.8,
2020-04-15 04:00:00,Parramatta,94765,Bankstown,29.4,29,0.0,1018.5,
2020-04-15 05:00:00,Parramatta,94765,Bankstown,29.0,36,0.0,1018.0,
2020-04-15 07:00:00,Parramatta,94765,Bankstown,25.8,52,9.4,1017.4,
2020-04-15 08:00:00,Parramatta,94765,Bankstown,23.4,62,7.6,1017.5,
2020-04-15 10:00:00,Parramatta,94765,Bankstown,20.4,73,0.0,1017.7,
2020-04-15 11:00:00,Parramatta,94765,Bankstown,18.9,78,0.0,1017.7,
2020-04-15 13:00:00,Parramatta,94765,Bankstown,17.0,89,0.0,1016.5,
2020-04-15 14:00:00,Parramatta,94765,Bankstown,16.5,90,0.0,1015.8,
2020-04-15 16:00:00,Parramatta,94765,Bankstown,15.5,93,0.0,1014.4,
2020-04-15 17:00:00,Parramatta,94765,Bankstown,15.6,92,0.0,1013.6,
2020-04-15 19:00:00,Parramatta,94765,Bankstown,15.2,92,0.0,1014.1,
2020-04-15 20:00:00,Parramatta,94765,Bankstown,15.6,90,0.0,1014.4,
2020-04-15 22:00:00,Parramatta,94765,Bankstown,17.3,89,0.0,1014.1,
2020-04-15 23:00:00,Parramatta,94765,Bankstown,18.8,83,1.8,1013.9,
2020-04-16 01:00:00,Parramatta,94765,Bankstown,24.6,54,9.4,1012.6,
2020-04-16 02:00:00,Parramatta,94765,Bankstown,25.6,49,11.2,1011.2,
2020-04-16 04:00:00,Parramatta,94765,Bankstown,25.5,45,13.0,1009.3,
2020-04-16 05:00:00,Parramatta,94765,Bankstown,25.5,46,13.0,1009.1,
2020-04-16 07:00:00,Parramatta,94765,Bankstown,25.9,44,13.0,1008.5,
2020-04-16 08:00:00,Parramatta,94765,Bankstown,24.7,48,13.0,1009.2,
2020-04-16 10:00:00,Parramatta,94765,Bankstown,24.3,47,11.2,1009.4,
2020-04-16 11:00:00,Parramatta,94765,Bankstown,25.3,43,14.8,1009.3,
2020-04-16 13:00:00,Parramatta,94765,Bankstown,24.2,45,11.2,1008.8,
2020-04-16 14:00:00,Parramatta,94765,Bankstown,20.5,57,1.8,1008.7,
2020-04-16 16:00:00,Parramatta,94765,Bankstown,16.9,79,9.4,1008.9,
2020-04-16 17:00:00,Parramatta,94765,Bankstown,16.9,87,11.2,1009.2,
2020-04-16 19:00:00,Parramatta,94765,Bankstown,15.2,92,5.4,1010.1,
2020-04-16 20:00:00,Parramatta,94765,Bankstown,16.0,83,7.6,1010.4,
2020-04-16 22:00:00,Parramatta,94765,Bankstown,20.6,46,9.4,1011.7,
2020-04-16 23:00:00,Parramatta,94765,Bankstown,21.8,41,16.6,1011.4,
2020-04-17 01:00:00,Parramatta,94765,Bankstown,23.8,31,18.4,1011.0,
2020-04-17 02:00:00,Parramatta,94765,Bankstown,24.9,28,16.6,1010.1,
2020-04-17 04:00:00,Parramatta,94765,Bankstown,26.9,20,13.0,1008.8,
2020-04-17 05:00:00,Parramatta,94765,Bankstown,26.7,18,20.5,1008.8,
2020-04-17 07:00:00,Parramatta,94765,Bankstown,24.5,18,14.8,1009.6,
2020-04-17 08:00:00,Parramatta,94765,Bankstown,22.2,21,7.6,1010.2,
2020-04-17 10:00:00,Parramatta,94765,Bankstown,20.0,25,9.4,1011.2,
2020-04-17 11:00:00,Parramatta,94765,Bankstown,19.6,29,14.8,1011.7,
2020-04-17 13:00:00,Parramatta,94765,Bankstown,15.1,42,7.6,1012.4,
2020-04-17 14:00:00,Parramatta,94765,Bankstown,14.9,50,7.6,1012.6,
2020-04-17 16:00:00,Parramatta,94765,Bankstown,14.0,54,5.4,1012.3,
2020-04-17 17:00:00,Parramatta,94765,Bankstown,10.9,72,9.4,1011.8,
2020-04-17 19:00:00,Parramatta,94765,Bankstown,9.6,82,11.2,1012.3,
2020-04-17 20:00:00,Parramatta,94765,Bankstown,10.3,75,9.4,1012.7,
2020-04-17 22:00:00,Parramatta,94765,Bankstown,14.9,61,7.6,1013.7,
2020-04-17 23:00:00,Parramatta,94765,Bankstown,17.8,53,13.0,1013.9,
2020-04-18 01:00:00,Parramatta,94765,Bankstown,20.9,42,16.6,1012.8,
2020-04-18 02:00:00,Parramatta,94765,Bankstown,21.5,34,9.4,1012.3,
2020-04-18 04:00:00,Parramatta,94765,Bankstown,23.3,32,9.4,1010.7,
2020-04-18 05:00:00,Parramatta,94765,Bankstown,23.2,35,18.4,1010.9,
2020-04-18 07:00:00,Parramatta,94765,Bankstown,20.4,46,16.6,1011.2,
2020-04-18 08:00:00,Parramatta,94765,Bankstown,18.4,54,9.4,1011.7,
2020-04-18 10:00:00,Parramatta,94765,Bankstown,14.5,76,0.0,1013.2,
2020-04-18 11:00:00,Parramatta,94765,Bankstown,13.5,78,0.0,1013.9,
2020-04-18 13:00:00,Parramatta,94765,Bankstown,11.9,87,0.0,1013.7,
2020-04-18 14:00:00,Parramatta,94765,Bankstown,11.7,87,0.0,1013.5,
2020-04-18 16:00:00,Parramatta,94765,Bankstown,10.9,86,0.0,1013.0,
2020-04-18 17:00:00,Parramatta,94765,Bankstown,10.8,88,0.0,1013.0,
2020-04-18 19:00:00,Parramatta,94765,Bankstown,10.0,89,0.0,1013.3,
2020-04-18 20:00:00,Parramatta,94765,Bankstown,10.3,91,7.6,1013.7,
2020-04-18 22:00:00,Parramatta,94765,Bankstown,13.5,79,3.6,1014.8,
2020-04-18 23:00:00,Parramatta,94765,Bankstown,16.0,70,5.4,1014.7,
2020-04-19 01:00:00,Parramatta,94765,Bankstown,20.4,60,11.2,1014.1,
2020-04-19 02:00:00,Parramatta,94765,Bankstown,21.2,53,13.0,1013.3,
2020-04-19 04:00:00,Parramatta,94765,Bankstown,21.2,58,16.6,1012.7,
2020-04-19 05:00:00,Parramatta,94765,Bankstown,21.4,55,16.6,1012.9,
2020-04-19 07:00:00,Parramatta,94765,Bankstown,19.7,65,20.5,1012.4,
2020-04-19 08:00:00,Parramatta,94765,Bankstown,17.7,74,11.2,1013.6,
2020-04-19 10:00:00,Parramatta,94765,Bankstown,15.1,88,1.8,1015.4,
2020-04-19 11:00:00,Parramatta,94765,Bankstown,14.1,88,0.0,1016.0,
2020-04-19 13:00:00,Parramatta,94765,Bankstown,13.2,91,0.0,1015.2,
2020-04-19 14:00:00,Parramatta,94765,Bankstown,12.6,92,0.0,1014.8,
2020-04-19 16:00:00,Parramatta,94765,Bankstown,12.0,93,0.0,1014.1,
2020-04-19 17:00:00,Parramatta,94765,Bankstown,11.7,94,0.0,1013.8,
2020-04-19 19:00:00,Parramatta,94765,Bankstown,12.7,94,0.0,1014.4,
2020-04-19 20:00:00,Parramatta,94765,Bankstown,12.8,93,0.0,1014.2,
2020-04-19 22:00:00,Parramatta,94765,Bankstown,13.8,91,0.0,1016.4,
2020-04-19 23:00:00,Parramatta,94765,Bankstown,14.6,88,0.0,1015.8,
2020-04-20 01:00:00,Parramatta,94765,Bankstown,16.5,76,7.6,1015.7,
2020-04-20 02:00:00,Parramatta,94765,Bankstown,17.4,74,7.6,1014.9,
2020-04-20 04:00:00,Parramatta,94765,Bankstown,19.8,51,13.0,1012.4,
2020-04-20 05:00:00,Parramatta,94765,Bankstown,19.5,48,11.2,1012.6,
2020-04-20 07:00:00,Parramatta,94765,Bankstown,19.2,51,3.6,1012.9,
2020-04-20 08:00:00,Parramatta,94765,Bankstown,16.2,71,7.6,1014.0,
2020-04-20 10:00:00,Parramatta,94765,Bankstown,15.0,78,0.0,1016.0,
2020-04-20 11:00:00,Parramatta,94765,Bankstown,14.6,81,0.0,1016.7,
2020-04-20 13:00:00,Parramatta,94765,Bankstown,13.5,86,0.0,1016.9,
2020-04-20 14:00:00,Parramatta,94765,Bankstown,13.0,89,0.0,1016.8,
2020-04-20 16:00:00,Parramatta,94765,Bankstown,12.6,89,0.0,1017.5,
2020-04-20 17:00:00,Parramatta,94765,Bankstown,11.9,91,0.0,1017.1,
2020-04-20 19:00:00,Parramatta,94765,Bankstown,11.0,93,1.8,1017.7,
2020-04-20 20:00:00,Parramatta,94765,Bankstown,10.3,93,1.8,1018.1,
2020-04-20 22:00:00,Parramatta,94765,Bankstown,14.2,78,0.0,1019.2,
2020-04-20 23:00:00,Parramatta,94765,Bankstown,17.6,66,0.0,1019.4,
2020-04-21 01:00:00,Parramatta,94765,Bankstown,22.1,47,7.6,1018.3,
2020-04-21 02:00:00,Parramatta,94765,Bankstown,23.6,38,5.4,1017.0,
2020-04-21 04:00:00,Parramatta,94765,Bankstown,25.9,37,9.4,1014.9,
2020-04-21 05:00:00,Parramatta,94765,Bankstown,25.6,35,11.2,1014.4,
2020-04-21 07:00:00,Parramatta,94765,Bankstown,22.7,52,13.0,1014.0,
2020-04-21 08:00:00,Parramatta,94765,Bankstown,21.1,59,13.0,1014.6,
2020-04-21 10:00:00,Parramatta,94765,Bankstown,19.5,66,9.4,1015.2,
2020-04-21 11:00:00,Parramatta,94765,Bankstown,17.5,74,0.0,1015.9,
2020-04-21 13:00:00,Parramatta,94765,Bankstown,14.9,82,0.0,1016.6,
2020-04-21 14:00:00,Parramatta,94765,Bankstown,13.7,85,0.0,1016.5,
2020-04-21 16:00:00,Parramatta,94765,Bankstown,12.1,92,0.0,1016.1,
2020-04-21 17:00:00,Parramatta,94765,Bankstown,12.1,91,0.0,1016.2,
2020-04-21 19:00:00,Parramatta,94765,Bankstown,11.2,93,0.0,1016.5,
2020-04-21 20:00:00,Parramatta,94765,Bankstown,10.5,93,0.0,1017.0,
2020-04-21 22:00:00,Parramatta,94765,Bankstown,13.7,84,0.0,1018.8,
2020-04-21 23:00:00,Parramatta,94765,Bankstown,17.7,64,7.6,1019.4,
2020-04-22 01:00:00,Parramatta,94765,Bankstown,23.3,38,16.6,1018.6,
2020-04-22 02:00:00,Parramatta,94765,Bankstown,24.0,35,16.6,1018.0,
2020-04-22 04:00:00,Parramatta,94765,Bankstown,24.9,33,13.0,1016.4,
2020-04-22 05:00:00,Parramatta,94765,Bankstown,25.3,31,13.0,1016.4,
2020-04-22 07:00:00,Parramatta,94765,Bankstown,22.6,44,9.4,1016.7,
2020-04-22 08:00:00,Parramatta,94765,Bankstown,20.2,53,1.8,1017.4,
2020-04-22 10:00:00,Parramatta,94765,Bankstown,15.8,75,0.0,1018.5,
2020-04-22 11:00:00,Parramatta,94765,Bankstown,14.3,79,0.0,1019.1,
2020-04-22 13:00:00,Parramatta,94765,Bankstown,12.4,89,0.0,1019.4,
2020-04-22 14:00:00,Parramatta,94765,Bankstown,11.8,92,0.0,1019.6,
2020-04-22 16:00:00,Parramatta,94765,Bankstown,10.2,91,0.0,1020.0,
2020-04-22 17:00:00,Parramatta,94765,Bankstown,10.0,90,1.8,1019.8,
2020-04-22 19:00:00,Parramatta,94765,Bankstown,10.2,85,3.6,1020.4,
2020-04-22 20:00:00,Parramatta,94765,Bankstown,10.5,83,1.8,1020.5,
2020-04-22 22:00:00,Parramatta,94765,Bankstown,13.7,72,1.8,1021.8,
2020-04-22 23:00:00,Parramatta,94765,Bankstown,16.7,63,9.4,1021.5,
2020-04-23 01:00:00,Parramatta,94765,Bankstown,21.4,44,11.2,1020.2,
2020-04-23 02:00:00,Parramatta,94765,Bankstown,23.2,33,13.0,1019.0,
2020-04-23 04:00:00,Parramatta,94765,Bankstown,24.5,30,11.2,1016.7,
2020-04-23 05:00:00,Parramatta,94765,Bankstown,24.5,31,13.0,1016.0,
2020-04-23 07:00:00,Parramatta,94765,Bankstown,22.9,38,9.4,1015.7,
2020-04-23 08:00:00,Parramatta,94765,Bankstown,21.0,56,13.0,1016.1,
2020-04-23 10:00:00,Parramatta,94765,Bankstown,17.6,69,0.0,1017.0,
2020-04-23 11:00:00,Parramatta,94765,Bankstown,17.1,72,0.0,1016.9,
2020-04-23 13:00:00,Parramatta,94765,Bankstown,15.5,81,0.0,1016.2,
2020-04-23 14:00:00,Parramatta,94765,Bankstown,15.4,83,0.0,1015.7,
2020-04-23 16:00:00,Parramatta,94765,Bankstown,14.2,86,1.8,1015.6,
2020-04-23 17:00:00,Parramatta,94765,Bankstown,14.4,86,0.0,1015.7,
2020-04-23 19:00:00,Parramatta,94765,Bankstown,15.2,82,0.0,1016.1,
2020-04-23 20:00:00,Parramatta,94765,Bankstown,14.8,85,0.0,1016.4,
2020-04-23 22:00:00,Parramatta,94765,Bankstown,16.6,75,1.8,1017.3,
2020-04-23 23:00:00,Parramatta,94765,Bankstown,19.7,67,0.0,1017.6,
2020-04-24 01:00:00,Parramatta,94765,Bankstown,25.0,35,13.0,1017.0,
2020-04-24 02:00:00,Parramatta,94765,Bankstown,25.9,37,13.0,1016.7,
2020-04-24 04:00:00,Parramatta,94765,Bankstown,27.3,30,14.8,1015.4,
2020-04-24 05:00:00,Parramatta,94765,Bankstown,27.6,30,18.4,1015.7,
2020-04-24 07:00:00,Parramatta,94765,Bankstown,23.8,41,14.8,1016.6,
2020-04-24 08:00:00,Parramatta,94765,Bankstown,20.7,52,11.2,1017.8,
2020-04-24 10:00:00,Parramatta,94765,Bankstown,17.0,74,0.0,1019.4,
2020-04-24 11:00:00,Parramatta,94765,Bankstown,15.9,80,0.0,1019.8,
2020-04-24 13:00:00,Parramatta,94765,Bankstown,14.1,88,0.0,1020.4,
2020-04-24 16:00:00,Parramatta,94765,Bankstown,12.2,90,0.0,1020.4,
2020-04-24 17:00:00,Parramatta,94765,Bankstown,12.3,91,0.0,1020.4,
2020-04-24 19:00:00,Parramatta,94765,Bankstown,11.1,90,0.0,1020.7,
2020-04-24 20:00:00,Parramatta,94765,Bankstown,11.2,93,0.0,1021.1,
2020-04-24 22:00:00,Parramatta,94765,Bankstown,15.5,80,0.0,1022.3,
2020-04-24 23:00:00,Parramatta,94765,Bankstown,18.6,65,5.4,1022.3,
2020-04-25 01:00:00,Parramatta,94765,Bankstown,23.2,49,7.6,1021.3,
2020-04-25 02:00:00,Parramatta,94765,Bankstown,25.8,41,11.2,1019.9,
2020-04-25 04:00:00,Parramatta,94765,Bankstown,27.0,33,14.8,1017.6,
2020-04-25 05:00:00,Parramatta,94765,Bankstown,27.5,33,11.2,1017.3,
2020-04-25 07:00:00,Parramatta,94765,Bankstown,24.1,54,20.5,1016.7,
2020-04-25 08:00:00,Parramatta,94765,Bankstown,22.4,62,13.0,1016.8,
2020-04-25 10:00:00,Parramatta,94765,Bankstown,19.7,70,9.4,1017.8,
2020-04-25 11:00:00,Parramatta,94765,Bankstown,18.1,76,9.4,1018.0,
2020-04-25 13:00:00,Parramatta,94765,Bankstown,14.9,87,0.0,1017.4,
2020-04-25 14:00:00,Parramatta,94765,Bankstown,14.3,88,0.0,1017.2,
2020-04-25 16:00:00,Parramatta,94765,Bankstown,12.7,92,0.0,1016.3,
2020-04-25 17:00:00,Parramatta,94765,Bankstown,11.9,94,0.0,1015.2,
2020-04-25 19:00:00,Parramatta,94765,Bankstown,11.5,95,0.0,1014.4,
2020-04-25 20:00:00,Parramatta,94765,Bankstown,10.0,94,0.0,1014.0,
2020-04-25 22:00:00,Parramatta,94765,Bankstown,13.9,89,0.0,1015.3,
2020-04-25 23:00:00,Parramatta,94765,Bankstown,19.8,67,1.8,1015.2,
2020-04-26 01:00:00,Parramatta,94765,Bankstown,25.3,39,16.6,1013.5,
2020-04-26 02:00:00,Parramatta,94765,Bankstown,26.9,33,18.4,1012.7,
2020-04-26 04:00:00,Parramatta,94765,Bankstown,25.5,36,9.4,1011.8,
2020-04-26 05:00:00,Parramatta,94765,Bankstown,25.4,35,18.4,1012.1,
2020-04-26 07:00:00,Parramatta,94765,Bankstown,24.0,43,11.2,1014.0,
2020-04-26 08:00:00,Parramatta,94765,Bankstown,23.1,48,11.2,1015.4,
2020-04-26 10:00:00,Parramatta,94765,Bankstown,20.2,56,14.8,1017.5,
2020-04-26 11:00:00,Parramatta,94765,Bankstown,18.5,58,9.4,1018.1,
2020-04-26 13:00:00,Parramatta,94765,Bankstown,14.1,73,9.4,1019.9,
2020-04-26 14:00:00,Parramatta,94765,Bankstown,15.5,71,7.6,1020.2,
2020-04-26 16:00:00,Parramatta,94765,Bankstown,13.2,79,0.0,1021.1,
2020-04-26 17:00:00,Parramatta,94765,Bankstown,12.5,85,0.0,1021.1,
2020-04-26 19:00:00,Parramatta,94765,Bankstown,11.7,89,9.4,1021.7,
2020-04-26 20:00:00,Parramatta,94765,Bankstown,11.8,91,3.6,1022.4,
2020-04-26 22:00:00,Parramatta,94765,Bankstown,15.0,84,3.6,1023.8,
2020-04-26 23:00:00,Parramatta,94765,Bankstown,18.5,71,5.4,1024.2,
2020-04-27 01:00:00,Parramatta,94765,Bankstown,20.5,61,9.4,1023.7,
2020-04-27 02:00:00,Parramatta,94765,Bankstown,20.8,64,5.4,1023.2,
2020-04-27 04:00:00,Parramatta,94765,Bankstown,19.7,75,7.6,1022.7,
2020-04-27 05:00:00,Parramatta,94765,Bankstown,19.1,81,7.6,1023.0,
2020-04-27 07:00:00,Parramatta,94765,Bankstown,19.2,80,3.6,1023.3,
2020-04-27 08:00:00,Parramatta,94765,Bankstown,18.6,84,0.0,1023.8,
2020-04-27 10:00:00,Parramatta,94765,Bankstown,18.3,86,0.0,1024.8,
2020-04-27 11:00:00,Parramatta,94765,Bankstown,17.7,88,0.0,1025.2,
2020-04-27 13:00:00,Parramatta,94765,Bankstown,17.2,90,0.0,1025.1,
2020-04-27 14:00:00,Parramatta,94765,Bankstown,17.2,90,0.0,1024.8,
2020-04-27 16:00:00,Parramatta,94765,Bankstown,17.0,93,0.0,1024.2,
2020-04-27 17:00:00,Parramatta,94765,Bankstown,17.1,93,0.0,1023.7,
2020-04-27 19:00:00,Parramatta,94765,Bankstown,16.9,92,0.0,1024.0,
2020-04-27 20:00:00,Parramatta,94765,Bankstown,16.5,93,0.0,1024.1,
2020-04-27 22:00:00,Parramatta,94765,Bankstown,17.4,92,0.0,1024.7,
2020-04-27 23:00:00,Parramatta,94765,Bankstown,19.4,80,5.4,1024.8,
2020-04-28 01:00:00,Parramatta,94765,Bankstown,22.1,62,9.4,1024.0,
2020-04-28 02:00:00,Parramatta,94765,Bankstown,22.1,56,13.0,1023.1,
2020-04-28 04:00:00,Parramatta,94765,Bankstown,22.7,58,13.0,1021.3,
2020-04-28 05:00:00,Parramatta,94765,Bankstown,21.8,61,13.0,1021.2,
2020-04-28 07:00:00,Parramatta,94765,Bankstown,21.0,67,16.6,1020.7,
2020-04-28 08:00:00,Parramatta,94765,Bankstown,19.9,73,7.6,1020.7,
2020-04-28 10:00:00,Parramatta,94765,Bankstown,19.0,84,0.0,1021.2,
2020-04-28 11:00:00,Parramatta,94765,Bankstown,18.5,79,1.8,1020.9,
2020-04-28 13:00:00,Parramatta,94765,Bankstown,17.2,88,0.0,1019.9,
2020-04-28 14:00:00,Parramatta,94765,Bankstown,16.9,90,0.0,1019.1,
2020-04-28 16:00:00,Parramatta,94765,Bankstown,17.6,91,0.0,1017.9,
2020-04-28 17:00:00,Parramatta,94765,Bankstown,17.3,88,1.8,1017.0,
2020-04-28 19:00:00,Parramatta,94765,Bankstown,17.4,89,5.4,1016.4,
2020-04-28 20:00:00,Parramatta,94765,Bankstown,16.2,92,0.0,1016.1,
2020-04-28 22:00:00,Parramatta,94765,Bankstown,18.3,86,0.0,1016.4,
2020-04-28 23:00:00,Parramatta,94765,Bankstown,20.0,78,0.0,1015.7,
2020-04-29 01:00:00,Parramatta,94765,Bankstown,25.1,53,16.6,1014.3,
2020-04-29 02:00:00,Parramatta,94765,Bankstown,26.0,49,16.6,1013.3,
2020-04-29 04:00:00,Parramatta,94765,Bankstown,26.7,47,18.4,1011.7,
2020-04-29 05:00:00,Parramatta,94765,Bankstown,25.9,51,13.0,1011.5,
2020-04-29 07:00:00,Parramatta,94765,Bankstown,24.2,59,13.0,1011.5,
2020-04-29 08:00:00,Parramatta,94765,Bankstown,22.9,68,16.6,1011.7,
2020-04-29 10:00:00,Parramatta,94765,Bankstown,19.7,83,7.6,1013.5,
2020-04-29 11:00:00,Parramatta,94765,Bankstown,18.0,88,3.6,1013.2,
2020-04-29 13:00:00,Parramatta,94765,Bankstown,17.9,90,0.0,1010.1,
2020-04-29 14:00:00,Parramatta,94765,Bankstown,17.4,93,0.0,1009.2,
2020-04-29 16:00:00,Parramatta,94765,Bankstown,16.3,95,0.0,1008.0,
2020-04-29 17:00:00,Parramatta,94765,Bankstown,16.7,96,0.0,1007.5,
2020-04-29 19:00:00,Parramatta,94765,Bankstown,15.9,96,0.0,1006.5,
2020-04-29 20:00:00,Parramatta,94765,Bankstown,16.2,96,1.8,1006.7,
2020-04-29 22:00:00,Parramatta,94765,Bankstown,17.0,96,0.0,1006.8,
2020-04-29 23:00:00,Parramatta,94765,Bankstown,17.4,93,5.4,1006.8,
2020-04-30 01:00:00,Parramatta,94765,Bankstown,14.8,83,16.6,1005.5,
2020-04-30 02:00:00,Parramatta,94765,Bankstown,13.4,92,13.0,1005.8,
2020-04-30 04:00:00,Parramatta,94765,Bankstown,14.1,92,5.4,1006.0,
2020-04-30 05:00:00,Parramatta,94765,Bankstown,14.0,93,0.0,1006.7,
2020-04-30 07:00:00,Parramatta,94765,Bankstown,12.3,82,9.4,1007.4,
2020-04-30 08:00:00,Parramatta,94765,Bankstown,11.9,88,9.4,1007.8,
2020-04-30 10:00:00,Parramatta,94765,Bankstown,11.7,81,9.4,1008.9,
2020-04-30 11:00:00,Parramatta,94765,Bankstown,10.8,85,5.4,1008.9,
2020-04-30 13:00:00,Parramatta,94765,Bankstown,10.8,74,7.6,1008.4,
2020-04-30 14:00:00,Parramatta,94765,Bankstown,11.1,70,9.4,1008.1,
2020-04-30 16:00:00,Parramatta,94765,Bankstown,10.6,65,9.4,1007.5,
2020-04-30 17:00:00,Parramatta,94765,Bankstown,11.0,60,11.2,1007.3,
2020-04-30 19:00:00,Parramatta,94765,Bankstown,9.7,68,13.0,1008.0,
2020-04-30 20:00:00,Parramatta,94765,Bankstown,9.9,68,11.2,1008.0,
2020-04-30 22:00:00,Parramatta,94765,Bankstown,13.0,55,14.8,1008.8,
2020-04-30 23:00:00,Parramatta,94765,Bankstown,14.1,48,18.4,1008.9,
2020-05-01 01:00:00,Parramatta,94765,Bankstown,15.5,40,24.1,1007.8,
2020-05-01 02:00:00,Parramatta,94765,Bankstown,15.9,37,29.5,1007.1,
2020-05-01 04:00:00,Parramatta,94765,Bankstown,16.4,38,24.1,1006.1,
2020-05-01 05:00:00,Parramatta,94765,Bankstown,16.6,38,25.9,1006.1,
2020-05-01 07:00:00,Parramatta,94765,Bankstown,14.3,43,18.4,1006.6,
2020-05-01 08:00:00,Parramatta,94765,Bankstown,14.0,45,20.5,1007.2,
2020-05-01 10:00:00,Parramatta,94765,Bankstown,13.2,51,14.8,1007.2,
2020-05-01 11:00:00,Parramatta,94765,Bankstown,12.9,52,16.6,1006.7,
2020-05-01 13:00:00,Parramatta,94765,Bankstown,13.1,56,14.8,1005.4,
2020-05-01 14:00:00,Parramatta,94765,Bankstown,13.8,53,20.5,1004.7,
2020-05-01 16:00:00,Parramatta,94765,Bankstown,12.9,55,14.8,1003.8,
2020-05-01 17:00:00,Parramatta,94765,Bankstown,12.8,55,13.0,1003.8,
2020-05-01 19:00:00,Parramatta,94765,Bankstown,13.7,52,18.4,1003.5,
2020-05-01 20:00:00,Parramatta,94765,Bankstown,13.6,52,16.6,1003.8,
2020-05-01 22:00:00,Parramatta,94765,Bankstown,14.8,46,24.1,1004.7,
2020-05-01 23:00:00,Parramatta,94765,Bankstown,14.1,43,24.1,1005.4,
2020-05-02 01:00:00,Parramatta,94765,Bankstown,16.6,34,31.7,1004.5,
2020-05-02 02:00:00,Parramatta,94765,Bankstown,17.7,31,25.9,1004.0,
2020-05-02 04:00:00,Parramatta,94765,Bankstown,18.1,31,31.7,1003.1,
2020-05-02 05:00:00,Parramatta,94765,Bankstown,18.0,34,33.5,1003.3,
2020-05-02 07:00:00,Parramatta,94765,Bankstown,15.6,40,24.1,1004.6,
2020-05-02 08:00:00,Parramatta,94765,Bankstown,14.2,44,13.0,1006.0,
2020-05-02 10:00:00,Parramatta,94765,Bankstown,13.1,47,13.0,1008.9,
2020-05-02 11:00:00,Parramatta,94765,Bankstown,13.1,45,16.6,1009.9,
2020-05-02 13:00:00,Parramatta,94765,Bankstown,12.4,47,16.6,1010.1,
2020-05-02 14:00:00,Parramatta,94765,Bankstown,11.4,52,9.4,1010.2,
2020-05-02 16:00:00,Parramatta,94765,Bankstown,12.3,57,14.8,1010.6,
2020-05-02 17:00:00,Parramatta,94765,Bankstown,12.0,57,14.8,1010.6,
2020-05-02 19:00:00,Parramatta,94765,Bankstown,10.6,61,11.2,1012.5,
2020-05-02 20:00:00,Parramatta,94765,Bankstown,8.2,72,0.0,1013.8,
2020-05-02 22:00:00,Parramatta,94765,Bankstown,12.3,60,9.4,1016.6,
2020-05-02 23:00:00,Parramatta,94765,Bankstown,14.7,51,13.0,1017.5,
2020-05-03 01:00:00,Parramatta,94765,Bankstown,17.3,42,18.4,1018.0,
2020-05-03 02:00:00,Parramatta,94765,Bankstown,18.7,37,13.0,1017.9,
2020-05-03 04:00:00,Parramatta,94765,Bankstown,19.1,37,14.8,1017.8,
2020-05-03 05:00:00,Parramatta,94765,Bankstown,19.4,36,9.4,1018.2,
2020-05-03 07:00:00,Parramatta,94765,Bankstown,16.1,49,13.0,1019.3,
2020-05-03 08:00:00,Parramatta,94765,Bankstown,13.4,57,3.6,1020.2,
2020-05-03 10:00:00,Parramatta,94765,Bankstown,10.8,79,0.0,1022.5,
2020-05-03 11:00:00,Parramatta,94765,Bankstown,9.5,83,0.0,1023.1,
2020-05-03 13:00:00,Parramatta,94765,Bankstown,9.8,78,7.6,1023.5,
2020-05-03 14:00:00,Parramatta,94765,Bankstown,10.9,71,5.4,1023.5,
2020-05-03 16:00:00,Parramatta,94765,Bankstown,9.0,80,7.6,1023.6,
2020-05-03 17:00:00,Parramatta,94765,Bankstown,8.7,81,7.6,1023.3,
2020-05-03 19:00:00,Parramatta,94765,Bankstown,7.6,85,7.6,1024.0,
2020-05-03 20:00:00,Parramatta,94765,Bankstown,7.1,86,5.4,1024.5,
2020-05-03 22:00:00,Parramatta,94765,Bankstown,10.4,78,7.6,1025.8,
2020-05-03 23:00:00,Parramatta,94765,Bankstown,13.1,65,13.0,1026.2,
2020-05-04 01:00:00,Parramatta,94765,Bankstown,17.0,52,5.4,1025.7,
2020-05-04 02:00:00,Parramatta,94765,Bankstown,18.6,47,9.4,1025.0,
2020-05-04 04:00:00,Parramatta,94765,Bankstown,18.8,46,11.2,1024.3,
2020-05-04 05:00:00,Parramatta,94765,Bankstown,18.3,49,18.4,1024.7,
2020-05-04 07:00:00,Parramatta,94765,Bankstown,15.6,58,16.6,1025.9,
2020-05-04 08:00:00,Parramatta,94765,Bankstown,14.7,62,11.2,1026.7,
2020-05-04 10:00:00,Parramatta,94765,Bankstown,13.7,66,11.2,1028.0,
2020-05-04 11:00:00,Parramatta,94765,Bankstown,12.7,72,7.6,1028.4,
2020-05-04 13:00:00,Parramatta,94765,Bankstown,11.6,73,5.4,1028.8,
2020-05-04 14:00:00,Parramatta,94765,Bankstown,11.3,78,5.4,1028.8,
2020-05-04 16:00:00,Parramatta,94765,Bankstown,11.8,84,7.6,1029.0,
2020-05-04 17:00:00,Parramatta,94765,Bankstown,12.5,80,9.4,1028.4,
2020-05-04 19:00:00,Parramatta,94765,Bankstown,12.7,77,9.4,1029.2,
2020-05-04 20:00:00,Parramatta,94765,Bankstown,12.8,79,9.4,1029.7,
2020-05-04 22:00:00,Parramatta,94765,Bankstown,13.5,75,11.2,1030.9,
2020-05-04 23:00:00,Parramatta,94765,Bankstown,15.7,69,13.0,1031.0,
2020-05-05 01:00:00,Parramatta,94765,Bankstown,19.6,59,14.8,1030.4,
2020-05-05 02:00:00,Parramatta,94765,Bankstown,19.4,57,13.0,1029.8,
2020-05-05 04:00:00,Parramatta,94765,Bankstown,20.2,56,16.6,1028.6,
2020-05-05 05:00:00,Parramatta,94765,Bankstown,19.7,56,13.0,1028.6,
2020-05-05 07:00:00,Parramatta,94765,Bankstown,17.4,68,14.8,1028.9,
2020-05-05 08:00:00,Parramatta,94765,Bankstown,15.6,75,5.4,1029.4,
2020-05-05 10:00:00,Parramatta,94765,Bankstown,12.6,89,0.0,1029.7,
2020-05-05 11:00:00,Parramatta,94765,Bankstown,11.7,92,0.0,1030.2,
2020-05-05 13:00:00,Parramatta,94765,Bankstown,10.8,91,0.0,1030.5,
2020-05-05 14:00:00,Parramatta,94765,Bankstown,10.7,94,0.0,1030.3,
2020-05-05 16:00:00,Parramatta,94765,Bankstown,9.6,94,0.0,1029.9,
2020-05-05 17:00:00,Parramatta,94765,Bankstown,9.4,95,0.0,1029.6,
2020-05-05 19:00:00,Parramatta,94765,Bankstown,8.3,95,1.8,1029.7,
2020-05-05 20:00:00,Parramatta,94765,Bankstown,8.1,96,0.0,1029.6,
2020-05-05 22:00:00,Parramatta,94765,Bankstown,10.9,94,1.8,1030.2,
2020-05-05 23:00:00,Parramatta,94765,Bankstown,13.7,78,7.6,1030.1,
2020-05-06 01:00:00,Parramatta,94765,Bankstown,17.9,60,9.4,1028.8,
2020-05-06 02:00:00,Parramatta,94765,Bankstown,20.1,49,13.0,1027.1,
2020-05-06 04:00:00,Parramatta,94765,Bankstown,22.3,39,11.2,1025.0,
2020-05-06 05:00:00,Parramatta,94765,Bankstown,22.9,38,9.4,1024.5,
2020-05-06 07:00:00,Parramatta,94765,Bankstown,20.4,51,3.6,1024.3,
2020-05-06 08:00:00,Parramatta,94765,Bankstown,17.6,63,5.4,1024.4,
2020-05-06 10:00:00,Parramatta,94765,Bankstown,13.0,83,0.0,1024.8,
2020-05-06 11:00:00,Parramatta,94765,Bankstown,12.2,90,0.0,1025.0,
2020-05-06 13:00:00,Parramatta,94765,Bankstown,10.9,92,0.0,1024.5,
2020-05-06 14:00:00,Parramatta,94765,Bankstown,10.7,93,0.0,1023.9,
2020-05-06 16:00:00,Parramatta,94765,Bankstown,10.0,94,0.0,1023.0,
2020-05-06 17:00:00,Parramatta,94765,Bankstown,8.7,94,0.0,1022.5,
2020-05-06 19:00:00,Parramatta,94765,Bankstown,7.6,95,0.0,1022.2,
2020-05-06 20:00:00,Parramatta,94765,Bankstown,7.2,96,0.0,1022.3,
2020-05-06 22:00:00,Parramatta,94765,Bankstown,10.2,96,5.4,1023.1,
2020-05-06 23:00:00,Parramatta,94765,Bankstown,11.8,89,7.6,1023.1,
2020-05-07 01:00:00,Parramatta,94765,Bankstown,18.4,61,9.4,1021.8,
2020-05-07 02:00:00,Parramatta,94765,Bankstown,20.8,52,9.4,1020.6,
2020-05-07 04:00:00,Parramatta,94765,Bankstown,23.7,44,9.4,1018.7,
2020-05-07 05:00:00,Parramatta,94765,Bankstown,23.8,42,18.4,1018.6,
2020-05-07 07:00:00,Parramatta,94765,Bankstown,21.6,48,13.0,1018.5,
2020-05-07 08:00:00,Parramatta,94765,Bankstown,20.8,51,11.2,1018.7,
2020-05-07 10:00:00,Parramatta,94765,Bankstown,15.6,69,3.6,1019.5,
2020-05-07 11:00:00,Parramatta,94765,Bankstown,17.4,65,7.6,1019.4,
2020-05-07 13:00:00,Parramatta,94765,Bankstown,14.6,74,0.0,1019.3,
2020-05-07 14:00:00,Parramatta,94765,Bankstown,12.5,82,0.0,1019.4,
2020-05-07 16:00:00,Parramatta,94765,Bankstown,16.4,70,13.0,1018.5,
2020-05-07 17:00:00,Parramatta,94765,Bankstown,16.1,71,13.0,1017.9,
2020-05-07 19:00:00,Parramatta,94765,Bankstown,12.0,85,0.0,1018.4,
2020-05-07 20:00:00,Parramatta,94765,Bankstown,10.7,90,5.4,1018.3,
2020-05-07 22:00:00,Parramatta,94765,Bankstown,13.7,85,0.0,1018.8,
2020-05-07 23:00:00,Parramatta,94765,Bankstown,18.8,64,1.8,1019.0,
2020-05-08 01:00:00,Parramatta,94765,Bankstown,23.5,43,13.0,1017.9,
2020-05-08 02:00:00,Parramatta,94765,Bankstown,24.7,40,13.0,1016.8,
2020-05-08 04:00:00,Parramatta,94765,Bankstown,26.5,33,9.4,1015.0,
2020-05-08 05:00:00,Parramatta,94765,Bankstown,27.0,34,7.6,1014.8,
2020-05-08 07:00:00,Parramatta,94765,Bankstown,24.1,41,9.4,1014.9,
2020-05-08 08:00:00,Parramatta,94765,Bankstown,21.2,50,7.6,1015.2,
2020-05-08 10:00:00,Parramatta,94765,Bankstown,17.7,63,7.6,1015.9,
2020-05-08 11:00:00,Parramatta,94765,Bankstown,14.9,81,0.0,1016.4,
2020-05-08 13:00:00,Parramatta,94765,Bankstown,13.5,85,0.0,1015.9,
2020-05-08 14:00:00,Parramatta,94765,Bankstown,14.1,72,7.6,1015.2,
2020-05-08 16:00:00,Parramatta,94765,Bankstown,11.8,86,0.0,1014.5,
2020-05-08 17:00:00,Parramatta,94765,Bankstown,10.9,89,0.0,1014.0,
2020-05-08 19:00:00,Parramatta,94765,Bankstown,9.9,92,7.6,1012.9,
2020-05-08 20:00:00,Parramatta,94765,Bankstown,10.6,92,1.8,1013.8,
2020-05-08 22:00:00,Parramatta,94765,Bankstown,13.5,86,9.4,1013.9,
2020-05-08 23:00:00,Parramatta,94765,Bankstown,20.6,56,5.4,1013.8,
2020-05-09 01:00:00,Parramatta,94765,Bankstown,23.1,42,13.0,1012.1,
2020-05-09 02:00:00,Parramatta,94765,Bankstown,24.9,36,20.5,1010.7,
2020-05-09 04:00:00,Parramatta,94765,Bankstown,24.9,35,25.9,1008.9,
2020-05-09 05:00:00,Parramatta,94765,Bankstown,25.5,37,20.5,1008.7,
2020-05-09 07:00:00,Parramatta,94765,Bankstown,23.2,41,13.0,1009.3,
2020-05-09 08:00:00,Parramatta,94765,Bankstown,21.7,47,7.6,1010.0,
2020-05-09 10:00:00,Parramatta,94765,Bankstown,18.1,58,7.6,1011.5,
2020-05-09 11:00:00,Parramatta,94765,Bankstown,16.7,58,11.2,1012.7,
2020-05-09 13:00:00,Parramatta,94765,Bankstown,16.7,48,16.6,1014.6,
2020-05-09 14:00:00,Parramatta,94765,Bankstown,15.3,48,11.2,1015.5,
2020-05-09 16:00:00,Parramatta,94765,Bankstown,12.8,53,9.4,1016.4,
2020-05-09 17:00:00,Parramatta,94765,Bankstown,13.2,48,14.8,1017.1,
2020-05-09 19:00:00,Parramatta,94765,Bankstown,9.5,60,5.4,1018.1,
2020-05-09 20:00:00,Parramatta,94765,Bankstown,9.5,63,9.4,1018.5,
2020-05-09 22:00:00,Parramatta,94765,Bankstown,12.4,47,13.0,1020.4,
2020-05-09 23:00:00,Parramatta,94765,Bankstown,13.4,43,25.9,1020.1,
2020-05-10 01:00:00,Parramatta,94765,Bankstown,15.3,34,20.5,1020.2,
2020-05-10 02:00:00,Parramatta,94765,Bankstown,16.8,29,16.6,1019.6,
2020-05-10 04:00:00,Parramatta,94765,Bankstown,17.6,26,16.6,1019.3,
2020-05-10 05:00:00,Parramatta,94765,Bankstown,17.4,27,14.8,1019.9,
2020-05-10 07:00:00,Parramatta,94765,Bankstown,14.4,38,9.4,1021.3,
2020-05-10 08:00:00,Parramatta,94765,Bankstown,11.8,49,9.4,1022.5,
2020-05-10 10:00:00,Parramatta,94765,Bankstown,10.2,56,3.6,1024.4,
2020-05-10 11:00:00,Parramatta,94765,Bankstown,10.2,55,9.4,1025.0,
2020-05-10 13:00:00,Parramatta,94765,Bankstown,9.2,59,9.4,1025.2,
2020-05-10 14:00:00,Parramatta,94765,Bankstown,8.7,62,9.4,1025.2,
2020-05-10 16:00:00,Parramatta,94765,Bankstown,7.9,66,9.4,1025.1,
2020-05-10 17:00:00,Parramatta,94765,Bankstown,7.8,67,7.6,1025.1,
2020-05-10 19:00:00,Parramatta,94765,Bankstown,6.5,72,7.6,1025.9,
2020-05-10 20:00:00,Parramatta,94765,Bankstown,6.8,70,9.4,1026.5,
2020-05-10 22:00:00,Parramatta,94765,Bankstown,8.9,63,7.6,1027.8,
2020-05-10 23:00:00,Parramatta,94765,Bankstown,11.8,50,14.8,1027.8,
2020-05-11 01:00:00,Parramatta,94765,Bankstown,16.0,38,11.2,1027.5,
2020-05-11 02:00:00,Parramatta,94765,Bankstown,17.1,38,11.2,1026.7,
2020-05-11 04:00:00,Parramatta,94765,Bankstown,18.7,34,9.4,1025.6,
2020-05-11 05:00:00,Parramatta,94765,Bankstown,18.7,32,9.4,1025.7,
2020-05-11 07:00:00,Parramatta,94765,Bankstown,15.3,47,13.0,1026.3,
2020-05-11 08:00:00,Parramatta,94765,Bankstown,12.7,58,9.4,1026.6,
2020-05-11 10:00:00,Parramatta,94765,Bankstown,9.6,76,0.0,1027.9,
2020-05-11 11:00:00,Parramatta,94765,Bankstown,8.6,83,0.0,1028.0,
2020-05-11 13:00:00,Parramatta,94765,Bankstown,8.3,84,7.6,1028.1,
2020-05-11 14:00:00,Parramatta,94765,Bankstown,7.9,84,0.0,1028.0,
2020-05-11 16:00:00,Parramatta,94765,Bankstown,6.2,89,0.0,1027.8,
2020-05-11 17:00:00,Parramatta,94765,Bankstown,6.0,91,0.0,1027.3,
2020-05-11 19:00:00,Parramatta,94765,Bankstown,5.2,91,5.4,1027.4,
2020-05-11 20:00:00,Parramatta,94765,Bankstown,6.0,89,7.6,1027.5,
2020-05-11 22:00:00,Parramatta,94765,Bankstown,8.5,82,5.4,1028.0,
2020-05-11 23:00:00,Parramatta,94765,Bankstown,11.0,67,9.4,1027.9,
2020-05-12 01:00:00,Parramatta,94765,Bankstown,16.4,50,9.4,1026.9,
2020-05-12 02:00:00,Parramatta,94765,Bankstown,17.9,45,9.4,1025.8,
2020-05-12 04:00:00,Parramatta,94765,Bankstown,19.8,41,9.4,1023.7,
2020-05-12 05:00:00,Parramatta,94765,Bankstown,19.6,41,11.2,1023.3,
2020-05-12 07:00:00,Parramatta,94765,Bankstown,18.3,46,13.0,1022.8,
2020-05-12 08:00:00,Parramatta,94765,Bankstown,16.2,63,11.2,1023.4,
2020-05-12 10:00:00,Parramatta,94765,Bankstown,12.2,83,3.6,1024.0,
2020-05-12 11:00:00,Parramatta,94765,Bankstown,11.1,84,0.0,1024.0,
2020-05-12 13:00:00,Parramatta,94765,Bankstown,9.3,91,0.0,1023.2,
2020-05-12 14:00:00,Parramatta,94765,Bankstown,8.7,92,0.0,1023.1,
2020-05-12 16:00:00,Parramatta,94765,Bankstown,6.8,93,0.0,1022.8,
2020-05-12 17:00:00,Parramatta,94765,Bankstown,7.6,95,0.0,1022.3,
2020-05-12 19:00:00,Parramatta,94765,Bankstown,6.6,95,0.0,1022.9,
2020-05-12 20:00:00,Parramatta,94765,Bankstown,6.7,95,0.0,1023.0,
2020-05-12 22:00:00,Parramatta,94765,Bankstown,9.2,90,7.6,1023.8,
2020-05-12 23:00:00,Parramatta,94765,Bankstown,11.1,76,7.6,1023.9,
2020-05-13 01:00:00,Parramatta,94765,Bankstown,14.0,60,3.6,1023.5,
2020-05-13 02:00:00,Parramatta,94765,Bankstown,16.0,52,7.6,1023.1,
2020-05-13 04:00:00,Parramatta,94765,Bankstown,17.9,45,1.8,1021.7,
2020-05-13 05:00:00,Parramatta,94765,Bankstown,18.3,44,7.6,1021.8,
2020-05-13 07:00:00,Parramatta,94765,Bankstown,15.3,54,1.8,1022.1,
2020-05-13 08:00:00,Parramatta,94765,Bankstown,12.9,66,0.0,1023.0,
2020-05-13 10:00:00,Parramatta,94765,Bankstown,10.8,79,0.0,1024.3,
2020-05-13 11:00:00,Parramatta,94765,Bankstown,9.9,82,0.0,1024.6,
2020-05-13 13:00:00,Parramatta,94765,Bankstown,9.3,83,5.4,1024.7,
2020-05-13 14:00:00,Parramatta,94765,Bankstown,8.6,84,0.0,1024.7,
2020-05-13 16:00:00,Parramatta,94765,Bankstown,8.5,82,7.6,1024.7,
2020-05-13 17:00:00,Parramatta,94765,Bankstown,8.2,83,9.4,1024.6,
2020-05-13 19:00:00,Parramatta,94765,Bankstown,9.7,81,9.4,1025.5,
2020-05-13 20:00:00,Parramatta,94765,Bankstown,9.2,82,11.2,1025.9,
2020-05-13 22:00:00,Parramatta,94765,Bankstown,11.0,80,11.2,1027.3,
2020-05-13 23:00:00,Parramatta,94765,Bankstown,13.5,71,9.4,1027.6,
2020-05-14 01:00:00,Parramatta,94765,Bankstown,16.7,60,24.1,1027.4,
2020-05-14 02:00:00,Parramatta,94765,Bankstown,16.8,59,22.3,1027.0,
2020-05-14 04:00:00,Parramatta,94765,Bankstown,17.0,61,25.9,1026.5,
2020-05-14 05:00:00,Parramatta,94765,Bankstown,15.9,63,22.3,1026.7,
2020-05-14 07:00:00,Parramatta,94765,Bankstown,14.5,76,14.8,1027.1,
2020-05-14 08:00:00,Parramatta,94765,Bankstown,14.2,75,11.2,1027.7,
2020-05-14 10:00:00,Parramatta,94765,Bankstown,14.1,68,7.6,1028.7,
2020-05-14 11:00:00,Parramatta,94765,Bankstown,14.1,68,5.4,1029.0,
2020-05-14 13:00:00,Parramatta,94765,Bankstown,12.4,69,11.2,1028.9,
2020-05-14 14:00:00,Parramatta,94765,Bankstown,12.0,71,7.6,1029.0,
2020-05-14 16:00:00,Parramatta,94765,Bankstown,11.4,74,9.4,1028.4,
2020-05-14 17:00:00,Parramatta,94765,Bankstown,10.9,74,9.4,1028.1,
2020-05-14 19:00:00,Parramatta,94765,Bankstown,8.7,82,5.4,1028.3,
2020-05-14 20:00:00,Parramatta,94765,Bankstown,7.8,85,3.6,1028.8,
2020-05-14 22:00:00,Parramatta,94765,Bankstown,10.6,72,13.0,1029.8,
2020-05-14 23:00:00,Parramatta,94765,Bankstown,13.1,65,14.8,1030.0,
2020-05-15 01:00:00,Parramatta,94765,Bankstown,16.4,65,16.6,1029.8,
2020-05-15 02:00:00,Parramatta,94765,Bankstown,16.6,62,24.1,1029.2,
2020-05-15 04:00:00,Parramatta,94765,Bankstown,16.5,66,25.9,1028.2,
2020-05-15 05:00:00,Parramatta,94765,Bankstown,16.8,65,20.5,1028.4,
2020-05-15 07:00:00,Parramatta,94765,Bankstown,13.9,85,13.0,1029.3,
2020-05-15 08:00:00,Parramatta,94765,Bankstown,13.4,88,9.4,1030.1,
2020-05-15 10:00:00,Parramatta,94765,Bankstown,12.9,93,7.6,1030.7,
2020-05-15 11:00:00,Parramatta,94765,Bankstown,12.7,94,7.6,1030.7,
2020-05-15 13:00:00,Parramatta,94765,Bankstown,12.3,94,1.8,1030.7,
2020-05-15 14:00:00,Parramatta,94765,Bankstown,12.2,94,1.8,1030.5,
2020-05-15 16:00:00,Parramatta,94765,Bankstown,12.1,95,3.6,1030.2,
2020-05-15 17:00:00,Parramatta,94765,Bankstown,12.1,95,0.0,1030.0,
2020-05-15 19:00:00,Parramatta,94765,Bankstown,11.2,96,0.0,1030.1,
2020-05-15 20:00:00,Parramatta,94765,Bankstown,10.1,96,1.8,1030.5,
2020-05-15 22:00:00,Parramatta,94765,Bankstown,10.5,97,1.8,1031.5,
2020-05-15 23:00:00,Parramatta,94765,Bankstown,12.3,96,9.4,1031.8,
2020-05-16 01:00:00,Parramatta,94765,Bankstown,17.5,67,7.6,1031.6,
2020-05-16 02:00:00,Parramatta,94765,Bankstown,18.6,60,9.4,1030.6,
2020-05-16 04:00:00,Parramatta,94765,Bankstown,19.4,53,13.0,1029.6,
2020-05-16 05:00:00,Parramatta,94765,Bankstown,19.7,50,11.2,1029.4,
2020-05-16 07:00:00,Parramatta,94765,Bankstown,16.5,64,11.2,1029.6,
2020-05-16 08:00:00,Parramatta,94765,Bankstown,13.7,76,1.8,1030.1,
2020-05-16 10:00:00,Parramatta,94765,Bankstown,11.4,90,0.0,1030.9,
2020-05-16 11:00:00,Parramatta,94765,Bankstown,10.6,93,0.0,1031.0,
2020-05-16 13:00:00,Parramatta,94765,Bankstown,9.4,95,0.0,1030.9,
2020-05-16 14:00:00,Parramatta,94765,Bankstown,9.2,95,0.0,1030.7,
2020-05-16 16:00:00,Parramatta,94765,Bankstown,7.8,96,0.0,1030.1,
2020-05-16 17:00:00,Parramatta,94765,Bankstown,7.8,96,0.0,1029.8,
2020-05-16 19:00:00,Parramatta,94765,Bankstown,7.3,96,0.0,1029.9,
2020-05-16 20:00:00,Parramatta,94765,Bankstown,7.2,97,3.6,1030.2,
2020-05-16 22:00:00,Parramatta,94765,Bankstown,9.7,96,5.4,1031.2,
2020-05-16 23:00:00,Parramatta,94765,Bankstown,12.7,86,7.6,1031.8,
2020-05-17 01:00:00,Parramatta,94765,Bankstown,18.6,63,3.6,1031.4,
2020-05-17 02:00:00,Parramatta,94765,Bankstown,20.1,51,7.6,1030.7,
2020-05-17 04:00:00,Parramatta,94765,Bankstown,19.8,55,14.8,1029.8,
2020-05-17 05:00:00,Parramatta,94765,Bankstown,19.9,54,13.0,1029.7,
2020-05-17 07:00:00,Parramatta,94765,Bankstown,17.2,69,11.2,1030.3,
2020-05-17 08:00:00,Parramatta,94765,Bankstown,15.4,76,3.6,1030.8,
2020-05-17 10:00:00,Parramatta,94765,Bankstown,14.2,85,7.6,1031.9,
2020-05-17 11:00:00,Parramatta,94765,Bankstown,11.9,91,0.0,1032.0,
2020-05-17 13:00:00,Parramatta,94765,Bankstown,10.1,95,0.0,1032.2,
2020-05-17 14:00:00,Parramatta,94765,Bankstown,9.7,95,0.0,1032.1,
2020-05-17 16:00:00,Parramatta,94765,Bankstown,9.2,96,0.0,1031.7,
2020-05-17 17:00:00,Parramatta,94765,Bankstown,9.5,96,0.0,1031.4,
2020-05-17 19:00:00,Parramatta,94765,Bankstown,10.0,96,0.0,1031.7,
2020-05-17 20:00:00,Parramatta,94765,Bankstown,10.3,96,0.0,1032.2,
2020-05-17 22:00:00,Parramatta,94765,Bankstown,12.0,96,0.0,1033.4,
2020-05-17 23:00:00,Parramatta,94765,Bankstown,13.1,94,7.6,1033.9,
2020-05-18 01:00:00,Parramatta,94765,Bankstown,17.8,74,7.6,1033.0,
2020-05-18 02:00:00,Parramatta,94765,Bankstown,18.9,62,11.2,1032.0,
2020-05-18 04:00:00,Parramatta,94765,Bankstown,17.5,76,13.0,1031.1,
2020-05-18 05:00:00,Parramatta,94765,Bankstown,17.1,80,7.6,1031.0,
2020-05-18 07:00:00,Parramatta,94765,Bankstown,17.0,80,1.8,1030.8,
2020-05-18 08:00:00,Parramatta,94765,Bankstown,16.1,90,0.0,1031.3,
2020-05-18 10:00:00,Parramatta,94765,Bankstown,15.6,90,0.0,1031.8,
2020-05-18 11:00:00,Parramatta,94765,Bankstown,15.2,92,0.0,1031.9,
2020-05-18 13:00:00,Parramatta,94765,Bankstown,14.7,93,0.0,1031.5,
2020-05-18 14:00:00,Parramatta,94765,Bankstown,14.2,94,0.0,1031.2,
2020-05-18 16:00:00,Parramatta,94765,Bankstown,14.2,95,5.4,1030.2,
2020-05-18 17:00:00,Parramatta,94765,Bankstown,14.2,96,5.4,1030.0,
2020-05-18 19:00:00,Parramatta,94765,Bankstown,14.2,97,7.6,1029.3,
2020-05-18 20:00:00,Parramatta,94765,Bankstown,13.7,96,0.0,1029.6,
2020-05-18 22:00:00,Parramatta,94765,Bankstown,13.9,97,0.0,1030.4,
2020-05-18 23:00:00,Parramatta,94765,Bankstown,13.7,97,7.6,1030.4,
2020-05-19 01:00:00,Parramatta,94765,Bankstown,18.0,79,7.6,1029.5,
2020-05-19 02:00:00,Parramatta,94765,Bankstown,19.7,66,7.6,1028.1,
2020-05-19 04:00:00,Parramatta,94765,Bankstown,21.2,55,5.4,1026.0,
2020-05-19 05:00:00,Parramatta,94765,Bankstown,21.4,44,11.2,1025.5,
2020-05-19 07:00:00,Parramatta,94765,Bankstown,19.0,62,13.0,1024.9,
2020-05-19 08:00:00,Parramatta,94765,Bankstown,17.4,70,13.0,1025.1,
2020-05-19 10:00:00,Parramatta,94765,Bankstown,15.7,80,9.4,1024.8,
2020-05-19 11:00:00,Parramatta,94765,Bankstown,15.6,82,7.6,1024.5,
2020-05-19 13:00:00,Parramatta,94765,Bankstown,12.5,91,0.0,1023.9,
2020-05-19 14:00:00,Parramatta,94765,Bankstown,11.9,93,0.0,1023.1,
2020-05-19 16:00:00,Parramatta,94765,Bankstown,11.1,94,0.0,1021.8,
2020-05-19 17:00:00,Parramatta,94765,Bankstown,10.5,95,0.0,1021.0,
2020-05-19 19:00:00,Parramatta,94765,Bankstown,9.3,96,0.0,1020.0,
2020-05-19 20:00:00,Parramatta,94765,Bankstown,9.7,96,0.0,1020.3,
2020-05-19 22:00:00,Parramatta,94765,Bankstown,11.0,97,0.0,1020.5,
2020-05-19 23:00:00,Parramatta,94765,Bankstown,12.2,97,0.0,1020.0,
2020-05-20 01:00:00,Parramatta,94765,Bankstown,20.7,60,9.4,1017.7,
2020-05-20 02:00:00,Parramatta,94765,Bankstown,22.9,51,11.2,1016.6,
2020-05-20 04:00:00,Parramatta,94765,Bankstown,23.5,44,18.4,1015.0,
2020-05-20 05:00:00,Parramatta,94765,Bankstown,23.8,44,14.8,1014.7,
2020-05-20 07:00:00,Parramatta,94765,Bankstown,21.1,51,9.4,1015.2,
2020-05-20 08:00:00,Parramatta,94765,Bankstown,19.6,60,9.4,1015.4,
2020-05-20 10:00:00,Parramatta,94765,Bankstown,18.6,65,11.2,1016.0,
2020-05-20 11:00:00,Parramatta,94765,Bankstown,19.3,61,11.2,1016.2,
2020-05-20 13:00:00,Parramatta,94765,Bankstown,18.5,64,9.4,1016.1,
2020-05-20 14:00:00,Parramatta,94765,Bankstown,18.9,62,13.0,1015.5,
2020-05-20 16:00:00,Parramatta,94765,Bankstown,16.8,71,7.6,1014.3,
2020-05-20 17:00:00,Parramatta,94765,Bankstown,15.7,77,0.0,1013.9,
2020-05-20 19:00:00,Parramatta,94765,Bankstown,14.8,87,7.6,1013.9,
2020-05-20 20:00:00,Parramatta,94765,Bankstown,14.4,90,1.8,1013.8,
2020-05-20 22:00:00,Parramatta,94765,Bankstown,14.0,94,0.0,1014.2,
2020-05-20 23:00:00,Parramatta,94765,Bankstown,15.1,90,0.0,1014.1,
2020-05-21 01:00:00,Parramatta,94765,Bankstown,15.2,88,1.8,1013.4,
2020-05-21 02:00:00,Parramatta,94765,Bankstown,15.0,92,7.6,1012.5,
2020-05-21 04:00:00,Parramatta,94765,Bankstown,16.7,84,9.4,1010.3,
2020-05-21 05:00:00,Parramatta,94765,Bankstown,17.7,69,3.6,1009.8,
2020-05-21 07:00:00,Parramatta,94765,Bankstown,15.6,85,13.0,1009.1,
2020-05-21 08:00:00,Parramatta,94765,Bankstown,15.4,89,11.2,1010.1,
2020-05-21 10:00:00,Parramatta,94765,Bankstown,11.7,92,11.2,1010.8,
2020-05-21 11:00:00,Parramatta,94765,Bankstown,11.8,93,11.2,1011.6,
2020-05-21 13:00:00,Parramatta,94765,Bankstown,10.3,86,22.3,1011.7,
2020-05-21 14:00:00,Parramatta,94765,Bankstown,9.5,90,22.3,1011.4,
2020-05-21 16:00:00,Parramatta,94765,Bankstown,9.1,90,14.8,1011.3,
2020-05-21 17:00:00,Parramatta,94765,Bankstown,9.2,92,14.8,1010.5,
2020-05-21 19:00:00,Parramatta,94765,Bankstown,9.9,87,16.6,1009.7,
2020-05-21 20:00:00,Parramatta,94765,Bankstown,10.0,87,11.2,1009.9,
2020-05-21 22:00:00,Parramatta,94765,Bankstown,12.2,65,16.6,1010.8,
2020-05-21 23:00:00,Parramatta,94765,Bankstown,13.1,61,14.8,1010.8,
2020-05-22 01:00:00,Parramatta,94765,Bankstown,15.3,57,25.9,1010.6,
2020-05-22 02:00:00,Parramatta,94765,Bankstown,15.7,58,29.5,1009.7,
2020-05-22 04:00:00,Parramatta,94765,Bankstown,15.5,60,22.3,1008.8,
2020-05-22 05:00:00,Parramatta,94765,Bankstown,15.8,59,16.6,1008.9,
2020-05-22 07:00:00,Parramatta,94765,Bankstown,15.7,55,18.4,1009.0,
2020-05-22 08:00:00,Parramatta,94765,Bankstown,15.4,53,16.6,1009.5,
2020-05-22 10:00:00,Parramatta,94765,Bankstown,14.8,54,13.0,1009.2,
2020-05-22 11:00:00,Parramatta,94765,Bankstown,14.3,58,14.8,1009.3,
2020-05-22 13:00:00,Parramatta,94765,Bankstown,12.0,77,14.8,1008.8,
2020-05-22 14:00:00,Parramatta,94765,Bankstown,11.8,78,18.4,1008.0,
2020-05-22 16:00:00,Parramatta,94765,Bankstown,12.8,65,13.0,1006.8,
2020-05-22 17:00:00,Parramatta,94765,Bankstown,13.3,64,13.0,1006.9,
2020-05-22 19:00:00,Parramatta,94765,Bankstown,13.3,63,13.0,1006.7,
2020-05-22 20:00:00,Parramatta,94765,Bankstown,12.5,67,9.4,1007.1,
2020-05-22 22:00:00,Parramatta,94765,Bankstown,13.5,67,7.6,1007.5,
2020-05-22 23:00:00,Parramatta,94765,Bankstown,15.9,57,14.8,1007.4,
2020-05-23 01:00:00,Parramatta,94765,Bankstown,17.5,51,20.5,1007.7,
2020-05-23 02:00:00,Parramatta,94765,Bankstown,16.0,62,20.5,1007.8,
2020-05-23 04:00:00,Parramatta,94765,Bankstown,16.0,59,16.6,1007.2,
2020-05-23 05:00:00,Parramatta,94765,Bankstown,14.5,72,14.8,1007.4,
2020-05-23 07:00:00,Parramatta,94765,Bankstown,14.2,71,13.0,1007.5,
2020-05-23 08:00:00,Parramatta,94765,Bankstown,14.0,74,9.4,1007.8,
2020-05-23 10:00:00,Parramatta,94765,Bankstown,14.1,67,7.6,1008.7,
2020-05-23 11:00:00,Parramatta,94765,Bankstown,14.7,63,11.2,1009.1,
2020-05-23 13:00:00,Parramatta,94765,Bankstown,14.1,65,9.4,1009.3,
2020-05-23 14:00:00,Parramatta,94765,Bankstown,14.0,66,11.2,1009.4,
2020-05-23 16:00:00,Parramatta,94765,Bankstown,14.3,62,14.8,1009.6,
2020-05-23 17:00:00,Parramatta,94765,Bankstown,14.0,62,11.2,1009.4,
2020-05-23 19:00:00,Parramatta,94765,Bankstown,13.5,64,9.4,1009.5,
2020-05-23 20:00:00,Parramatta,94765,Bankstown,14.1,62,11.2,1010.2,
2020-05-23 22:00:00,Parramatta,94765,Bankstown,14.3,60,13.0,1011.7,
2020-05-23 23:00:00,Parramatta,94765,Bankstown,15.2,60,9.4,1012.0,
2020-05-24 01:00:00,Parramatta,94765,Bankstown,17.1,59,27.7,1012.5,
2020-05-24 02:00:00,Parramatta,94765,Bankstown,18.5,55,27.7,1012.1,
2020-05-24 04:00:00,Parramatta,94765,Bankstown,17.4,53,25.9,1012.1,
2020-05-24 05:00:00,Parramatta,94765,Bankstown,17.3,51,25.9,1012.2,
2020-05-24 07:00:00,Parramatta,94765,Bankstown,16.0,54,16.6,1013.8,
2020-05-24 08:00:00,Parramatta,94765,Bankstown,15.6,51,18.4,1014.7,
2020-05-24 10:00:00,Parramatta,94765,Bankstown,13.6,56,13.0,1015.5,
2020-05-24 11:00:00,Parramatta,94765,Bankstown,13.1,60,11.2,1015.9,
2020-05-24 13:00:00,Parramatta,94765,Bankstown,12.7,66,11.2,1016.1,
2020-05-24 14:00:00,Parramatta,94765,Bankstown,12.5,66,7.6,1016.1,
2020-05-24 16:00:00,Parramatta,94765,Bankstown,12.7,65,9.4,1015.9,
2020-05-24 17:00:00,Parramatta,94765,Bankstown,11.9,69,9.4,1015.6,
2020-05-24 19:00:00,Parramatta,94765,Bankstown,12.0,71,11.2,1016.0,
2020-05-24 20:00:00,Parramatta,94765,Bankstown,12.6,67,13.0,1016.4,
2020-05-24 22:00:00,Parramatta,94765,Bankstown,13.7,67,13.0,1017.4,
2020-05-24 23:00:00,Parramatta,94765,Bankstown,14.4,67,14.8,1017.7,
2020-05-25 01:00:00,Parramatta,94765,Bankstown,16.3,66,20.5,1017.5,
2020-05-25 02:00:00,Parramatta,94765,Bankstown,16.9,64,18.4,1017.2,
2020-05-25 04:00:00,Parramatta,94765,Bankstown,16.8,64,22.3,1017.1,
2020-05-25 05:00:00,Parramatta,94765,Bankstown,16.9,65,20.5,1017.2,
2020-05-25 07:00:00,Parramatta,94765,Bankstown,15.3,75,20.5,1018.0,
2020-05-25 08:00:00,Parramatta,94765,Bankstown,15.1,78,22.3,1018.7,
2020-05-25 10:00:00,Parramatta,94765,Bankstown,14.5,83,16.6,1019.7,
2020-05-25 11:00:00,Parramatta,94765,Bankstown,14.0,88,16.6,1020.3,
2020-05-25 13:00:00,Parramatta,94765,Bankstown,13.6,90,9.4,1021.0,
2020-05-25 14:00:00,Parramatta,94765,Bankstown,13.7,88,13.0,1021.2,
2020-05-25 16:00:00,Parramatta,94765,Bankstown,13.8,85,14.8,1020.9,
2020-05-25 17:00:00,Parramatta,94765,Bankstown,13.3,86,13.0,1020.8,
2020-05-25 19:00:00,Parramatta,94765,Bankstown,13.4,86,13.0,1021.1,
2020-05-25 20:00:00,Parramatta,94765,Bankstown,13.4,85,11.2,1021.4,
2020-05-25 22:00:00,Parramatta,94765,Bankstown,13.8,87,7.6,1022.4,
2020-05-25 23:00:00,Parramatta,94765,Bankstown,15.0,86,11.2,1022.9,
2020-05-26 01:00:00,Parramatta,94765,Bankstown,16.7,86,16.6,1022.8,
2020-05-26 02:00:00,Parramatta,94765,Bankstown,18.0,73,14.8,1022.1,
2020-05-26 04:00:00,Parramatta,94765,Bankstown,17.5,65,20.5,1021.4,
2020-05-26 05:00:00,Parramatta,94765,Bankstown,18.5,61,22.3,1021.4,
2020-05-26 07:00:00,Parramatta,94765,Bankstown,16.9,63,14.8,1022.2,
2020-05-26 08:00:00,Parramatta,94765,Bankstown,15.3,77,9.4,1022.7,
2020-05-26 10:00:00,Parramatta,94765,Bankstown,14.1,87,9.4,1023.5,
2020-05-26 11:00:00,Parramatta,94765,Bankstown,14.3,85,7.6,1023.3,
2020-05-26 13:00:00,Parramatta,94765,Bankstown,13.9,90,9.4,1023.6,
2020-05-26 14:00:00,Parramatta,94765,Bankstown,13.5,93,11.2,1023.5,
2020-05-26 16:00:00,Parramatta,94765,Bankstown,12.6,91,9.4,1022.9,
2020-05-26 17:00:00,Parramatta,94765,Bankstown,12.5,92,11.2,1022.7,
2020-05-26 19:00:00,Parramatta,94765,Bankstown,11.5,93,7.6,1022.2,
2020-05-26 20:00:00,Parramatta,94765,Bankstown,10.7,94,0.0,1022.2,
2020-05-26 22:00:00,Parramatta,94765,Bankstown,12.4,91,7.6,1023.0,
2020-05-26 23:00:00,Parramatta,94765,Bankstown,14.0,79,9.4,1023.1,
2020-05-27 01:00:00,Parramatta,94765,Bankstown,17.5,69,3.6,1022.3,
2020-05-27 02:00:00,Parramatta,94765,Bankstown,18.9,63,5.4,1021.2,
2020-05-27 04:00:00,Parramatta,94765,Bankstown,19.3,61,11.2,1020.2,
2020-05-27 05:00:00,Parramatta,94765,Bankstown,18.9,62,9.4,1019.7,
2020-05-27 07:00:00,Parramatta,94765,Bankstown,16.5,74,11.2,1019.7,
2020-05-27 08:00:00,Parramatta,94765,Bankstown,15.4,78,9.4,1020.2,
2020-05-27 10:00:00,Parramatta,94765,Bankstown,14.1,88,0.0,1021.0,
2020-05-27 11:00:00,Parramatta,94765,Bankstown,13.0,91,0.0,1021.0,
2020-05-27 13:00:00,Parramatta,94765,Bankstown,11.0,94,0.0,1020.8,
2020-05-27 14:00:00,Parramatta,94765,Bankstown,11.0,95,0.0,1020.3,
2020-05-27 16:00:00,Parramatta,94765,Bankstown,10.9,95,0.0,1020.3,
2020-05-27 17:00:00,Parramatta,94765,Bankstown,10.8,95,0.0,1020.3,
2020-05-27 19:00:00,Parramatta,94765,Bankstown,9.5,95,0.0,1020.2,
2020-05-27 20:00:00,Parramatta,94765,Bankstown,9.4,96,0.0,1020.5,
2020-05-27 22:00:00,Parramatta,94765,Bankstown,11.4,95,7.6,1021.6,
2020-05-27 23:00:00,Parramatta,94765,Bankstown,13.6,80,9.4,1021.8,
2020-05-28 01:00:00,Parramatta,94765,Bankstown,18.1,59,13.0,1021.2,
2020-05-28 02:00:00,Parramatta,94765,Bankstown,19.3,59,13.0,1020.3,
2020-05-28 04:00:00,Parramatta,94765,Bankstown,21.6,48,11.2,1019.1,
2020-05-28 05:00:00,Parramatta,94765,Bankstown,21.7,48,9.4,1019.0,
2020-05-28 07:00:00,Parramatta,94765,Bankstown,16.9,70,9.4,1020.4,
2020-05-28 08:00:00,Parramatta,94765,Bankstown,15.8,78,0.0,1021.2,
2020-05-28 10:00:00,Parramatta,94765,Bankstown,12.8,88,0.0,1022.6,
2020-05-28 11:00:00,Parramatta,94765,Bankstown,12.1,90,5.4,1023.4,
2020-05-28 13:00:00,Parramatta,94765,Bankstown,11.4,91,0.0,1024.0,
2020-05-28 14:00:00,Parramatta,94765,Bankstown,11.1,88,0.0,1024.0,
2020-05-28 16:00:00,Parramatta,94765,Bankstown,10.6,90,0.0,1023.9,
2020-05-28 17:00:00,Parramatta,94765,Bankstown,10.7,89,1.8,1024.2,
2020-05-28 19:00:00,Parramatta,94765,Bankstown,11.7,86,5.4,1024.6,
2020-05-28 20:00:00,Parramatta,94765,Bankstown,11.8,87,3.6,1025.3,
2020-05-28 22:00:00,Parramatta,94765,Bankstown,12.8,83,7.6,1026.8,
2020-05-28 23:00:00,Parramatta,94765,Bankstown,13.7,80,9.4,1027.4,
2020-05-29 01:00:00,Parramatta,94765,Bankstown,16.0,76,7.6,1027.7,
2020-05-29 02:00:00,Parramatta,94765,Bankstown,16.1,80,5.4,1027.3,
2020-05-29 04:00:00,Parramatta,94765,Bankstown,17.0,75,7.6,1026.5,
2020-05-29 05:00:00,Parramatta,94765,Bankstown,17.4,73,0.0,1026.4,
2020-05-29 07:00:00,Parramatta,94765,Bankstown,15.5,84,3.6,1027.1,
2020-05-29 08:00:00,Parramatta,94765,Bankstown,14.6,89,0.0,1027.2,
2020-05-29 10:00:00,Parramatta,94765,Bankstown,12.7,94,0.0,1028.0,
2020-05-29 11:00:00,Parramatta,94765,Bankstown,12.2,95,0.0,1028.4,
2020-05-29 13:00:00,Parramatta,94765,Bankstown,10.9,95,0.0,1028.2,
2020-05-29 14:00:00,Parramatta,94765,Bankstown,10.0,96,0.0,1027.7,
2020-05-29 16:00:00,Parramatta,94765,Bankstown,9.1,97,0.0,1027.2,
2020-05-29 17:00:00,Parramatta,94765,Bankstown,8.9,97,0.0,1027.0,
2020-05-29 19:00:00,Parramatta,94765,Bankstown,8.2,97,0.0,1027.4,
2020-05-29 20:00:00,Parramatta,94765,Bankstown,7.9,97,0.0,1027.9,
2020-05-29 22:00:00,Parramatta,94765,Bankstown,10.5,98,1.8,1028.2,
2020-05-29 23:00:00,Parramatta,94765,Bankstown,12.6,93,7.6,1028.0,
2020-05-30 01:00:00,Parramatta,94765,Bankstown,17.0,69,9.4,1027.0,
2020-05-30 02:00:00,Parramatta,94765,Bankstown,18.8,64,9.4,1026.1,
2020-05-30 04:00:00,Parramatta,94765,Bankstown,19.1,61,9.4,1024.1,
2020-05-30 05:00:00,Parramatta,94765,Bankstown,19.8,57,14.8,1023.4,
2020-05-30 07:00:00,Parramatta,94765,Bankstown,17.5,68,11.2,1022.9,
2020-05-30 08:00:00,Parramatta,94765,Bankstown,16.3,74,11.2,1023.1,
2020-05-30 10:00:00,Parramatta,94765,Bankstown,13.3,83,5.4,1023.3,
2020-05-30 11:00:00,Parramatta,94765,Bankstown,11.7,89,0.0,1022.8,
2020-05-30 13:00:00,Parramatta,94765,Bankstown,10.5,94,0.0,1021.9,
2020-05-30 14:00:00,Parramatta,94765,Bankstown,10.1,95,0.0,1021.1,
2020-05-30 16:00:00,Parramatta,94765,Bankstown,9.1,95,3.6,1020.7,
2020-05-30 17:00:00,Parramatta,94765,Bankstown,9.0,96,0.0,1020.2,
2020-05-30 19:00:00,Parramatta,94765,Bankstown,9.5,96,0.0,1019.9,
2020-05-30 20:00:00,Parramatta,94765,Bankstown,9.1,96,1.8,1019.9,
2020-05-30 22:00:00,Parramatta,94765,Bankstown,10.2,96,0.0,1019.5,
2020-05-30 23:00:00,Parramatta,94765,Bankstown,11.2,96,0.0,1019.5,
2020-05-31 01:00:00,Parramatta,94765,Bankstown,15.6,79,5.4,1018.7,
2020-05-31 02:00:00,Parramatta,94765,Bankstown,16.7,71,9.4,1017.6,
2020-05-31 04:00:00,Parramatta,94765,Bankstown,20.9,46,11.2,1015.8,
2020-05-31 05:00:00,Parramatta,94765,Bankstown,21.1,48,7.6,1015.4,
2020-05-31 07:00:00,Parramatta,94765,Bankstown,17.5,67,0.0,1015.4,
2020-05-31 08:00:00,Parramatta,94765,Bankstown,14.4,77,0.0,1015.6,
2020-05-31 10:00:00,Parramatta,94765,Bankstown,12.1,90,0.0,1015.7,
2020-05-31 11:00:00,Parramatta,94765,Bankstown,11.3,91,0.0,1015.1,
2020-05-31 13:00:00,Parramatta,94765,Bankstown,10.8,92,0.0,1014.3,
2020-05-31 14:00:00,Parramatta,94765,Bankstown,9.7,93,0.0,1014.0,
2020-05-31 16:00:00,Parramatta,94765,Bankstown,10.1,95,0.0,1012.1,
2020-05-31 17:00:00,Parramatta,94765,Bankstown,10.1,95,5.4,1011.5,
2020-05-31 19:00:00,Parramatta,94765,Bankstown,9.4,95,0.0,1010.4,
2020-05-31 20:00:00,Parramatta,94765,Bankstown,9.1,96,0.0,1010.4,
2020-05-31 22:00:00,Parramatta,94765,Bankstown,10.0,96,0.0,1010.0,
2020-05-31 23:00:00,Parramatta,94765,Bankstown,13.3,86,0.0,1009.5,
2020-06-01 01:00:00,Parramatta,94765,Bankstown,20.9,43,16.6,1007.9,
2020-06-01 02:00:00,Parramatta,94765,Bankstown,21.8,39,18.4,1006.5,
2020-06-01 04:00:00,Parramatta,94765,Bankstown,22.2,36,16.6,1005.0,
2020-06-01 05:00:00,Parramatta,94765,Bankstown,20.7,31,25.9,1005.7,
2020-06-01 07:00:00,Parramatta,94765,Bankstown,17.5,42,29.5,1008.0,
2020-06-01 08:00:00,Parramatta,94765,Bankstown,15.8,49,16.6,1009.9,
2020-06-01 10:00:00,Parramatta,94765,Bankstown,12.8,54,13.0,1011.8,
2020-06-01 11:00:00,Parramatta,94765,Bankstown,11.8,55,11.2,1012.4,
2020-06-01 13:00:00,Parramatta,94765,Bankstown,9.7,62,5.4,1013.1,
2020-06-01 14:00:00,Parramatta,94765,Bankstown,10.2,57,14.8,1012.6,
2020-06-01 16:00:00,Parramatta,94765,Bankstown,7.7,68,9.4,1012.3,
2020-06-01 17:00:00,Parramatta,94765,Bankstown,7.4,69,7.6,1012.2,
2020-06-01 19:00:00,Parramatta,94765,Bankstown,9.1,62,13.0,1012.4,
2020-06-01 20:00:00,Parramatta,94765,Bankstown,9.4,61,13.0,1013.5,
2020-06-01 22:00:00,Parramatta,94765,Bankstown,8.7,76,9.4,1014.7,
2020-06-01 23:00:00,Parramatta,94765,Bankstown,9.8,72,13.0,1014.7,
2020-06-02 01:00:00,Parramatta,94765,Bankstown,13.9,55,20.5,1014.2,
2020-06-02 02:00:00,Parramatta,94765,Bankstown,14.7,48,24.1,1014.0,
2020-06-02 04:00:00,Parramatta,94765,Bankstown,15.7,47,18.4,1014.2,
2020-06-02 05:00:00,Parramatta,94765,Bankstown,15.8,48,20.5,1014.7,
2020-06-02 07:00:00,Parramatta,94765,Bankstown,13.1,52,24.1,1016.3,
2020-06-02 08:00:00,Parramatta,94765,Bankstown,11.9,56,22.3,1017.0,
2020-06-02 10:00:00,Parramatta,94765,Bankstown,10.7,59,16.6,1018.1,
2020-06-02 11:00:00,Parramatta,94765,Bankstown,10.3,61,13.0,1018.3,
2020-06-02 13:00:00,Parramatta,94765,Bankstown,8.6,71,7.6,1018.5,
2020-06-02 14:00:00,Parramatta,94765,Bankstown,8.5,70,9.4,1018.2,
2020-06-02 16:00:00,Parramatta,94765,Bankstown,7.0,80,7.6,1018.0,
2020-06-02 17:00:00,Parramatta,94765,Bankstown,6.7,79,9.4,1018.3,
2020-06-02 19:00:00,Parramatta,94765,Bankstown,8.9,74,5.4,1018.9,
2020-06-02 20:00:00,Parramatta,94765,Bankstown,8.6,75,9.4,1018.9,
2020-06-02 22:00:00,Parramatta,94765,Bankstown,13.0,61,11.2,1020.8,
2020-06-02 23:00:00,Parramatta,94765,Bankstown,14.5,58,13.0,1021.9,
2020-06-03 01:00:00,Parramatta,94765,Bankstown,17.3,42,25.9,1022.7,
2020-06-03 02:00:00,Parramatta,94765,Bankstown,18.0,40,20.5,1022.4,
2020-06-03 04:00:00,Parramatta,94765,Bankstown,18.7,34,22.3,1022.9,
2020-06-03 05:00:00,Parramatta,94765,Bankstown,17.1,42,24.1,1023.7,
2020-06-03 07:00:00,Parramatta,94765,Bankstown,14.3,52,14.8,1025.3,
2020-06-03 08:00:00,Parramatta,94765,Bankstown,13.4,56,14.8,1026.3,
2020-06-03 10:00:00,Parramatta,94765,Bankstown,12.9,63,11.2,1028.3,
2020-06-03 11:00:00,Parramatta,94765,Bankstown,13.5,62,13.0,1029.0,
2020-06-03 13:00:00,Parramatta,94765,Bankstown,12.3,61,16.6,1029.8,
2020-06-03 14:00:00,Parramatta,94765,Bankstown,11.5,62,11.2,1030.0,
2020-06-03 16:00:00,Parramatta,94765,Bankstown,10.8,69,11.2,1030.3,
2020-06-03 17:00:00,Parramatta,94765,Bankstown,10.5,68,11.2,1030.3,
2020-06-03 19:00:00,Parramatta,94765,Bankstown,9.2,69,9.4,1030.6,
2020-06-03 20:00:00,Parramatta,94765,Bankstown,9.1,70,9.4,1031.5,
2020-06-03 22:00:00,Parramatta,94765,Bankstown,9.8,66,9.4,1032.8,
2020-06-03 23:00:00,Parramatta,94765,Bankstown,11.4,56,13.0,1033.2,
2020-06-04 01:00:00,Parramatta,94765,Bankstown,14.8,51,13.0,1032.6,
2020-06-04 02:00:00,Parramatta,94765,Bankstown,15.7,50,13.0,1031.9,
2020-06-04 04:00:00,Parramatta,94765,Bankstown,16.3,50,16.6,1030.9,
2020-06-04 05:00:00,Parramatta,94765,Bankstown,16.1,51,13.0,1030.7,
2020-06-04 07:00:00,Parramatta,94765,Bankstown,13.0,61,11.2,1030.9,
2020-06-04 08:00:00,Parramatta,94765,Bankstown,11.0,73,0.0,1031.2,
2020-06-04 10:00:00,Parramatta,94765,Bankstown,8.6,85,0.0,1031.9,
2020-06-04 11:00:00,Parramatta,94765,Bankstown,7.8,91,0.0,1031.9,
2020-06-04 16:00:00,Parramatta,94765,Bankstown,5.7,90,0.0,1030.7,
2020-06-04 17:00:00,Parramatta,94765,Bankstown,4.8,92,3.6,1030.3,
2020-06-04 19:00:00,Parramatta,94765,Bankstown,4.5,94,5.4,1030.0,
2020-06-04 20:00:00,Parramatta,94765,Bankstown,4.3,94,7.6,1030.2,
2020-06-04 22:00:00,Parramatta,94765,Bankstown,6.7,91,1.8,1030.5,
2020-06-04 23:00:00,Parramatta,94765,Bankstown,9.0,78,9.4,1030.8,
2020-06-05 01:00:00,Parramatta,94765,Bankstown,13.1,62,9.4,1029.8,
2020-06-05 02:00:00,Parramatta,94765,Bankstown,15.1,56,7.6,1028.4,
2020-06-05 04:00:00,Parramatta,94765,Bankstown,17.8,48,9.4,1026.1,
2020-06-05 05:00:00,Parramatta,94765,Bankstown,18.5,36,9.4,1025.5,
2020-06-05 07:00:00,Parramatta,94765,Bankstown,14.6,51,5.4,1025.2,
2020-06-05 08:00:00,Parramatta,94765,Bankstown,11.2,66,0.0,1025.6,
2020-06-05 10:00:00,Parramatta,94765,Bankstown,8.4,86,0.0,1026.4,
2020-06-05 11:00:00,Parramatta,94765,Bankstown,7.7,89,0.0,1026.7,
2020-06-05 13:00:00,Parramatta,94765,Bankstown,5.7,91,0.0,1026.6,
2020-06-05 14:00:00,Parramatta,94765,Bankstown,5.1,92,0.0,1026.3,
2020-06-05 16:00:00,Parramatta,94765,Bankstown,4.4,93,0.0,1025.9,
2020-06-05 17:00:00,Parramatta,94765,Bankstown,4.7,92,3.6,1025.6,
2020-06-05 19:00:00,Parramatta,94765,Bankstown,4.5,90,7.6,1025.5,
2020-06-05 20:00:00,Parramatta,94765,Bankstown,4.5,90,0.0,1025.9,
2020-06-05 22:00:00,Parramatta,94765,Bankstown,7.3,84,5.4,1026.5,
2020-06-05 23:00:00,Parramatta,94765,Bankstown,9.8,68,5.4,1026.4,
2020-06-06 01:00:00,Parramatta,94765,Bankstown,15.0,56,9.4,1025.2,
2020-06-06 02:00:00,Parramatta,94765,Bankstown,16.7,57,9.4,1024.3,
2020-06-06 04:00:00,Parramatta,94765,Bankstown,18.0,51,7.6,1022.5,
2020-06-06 05:00:00,Parramatta,94765,Bankstown,17.9,51,9.4,1022.1,
2020-06-06 07:00:00,Parramatta,94765,Bankstown,14.9,59,0.0,1022.1,
2020-06-06 08:00:00,Parramatta,94765,Bankstown,12.5,71,0.0,1022.2,
2020-06-06 10:00:00,Parramatta,94765,Bankstown,9.4,90,0.0,1023.0,
2020-06-06 11:00:00,Parramatta,94765,Bankstown,8.6,92,0.0,1023.1,
2020-06-06 13:00:00,Parramatta,94765,Bankstown,7.3,94,0.0,1023.3,
2020-06-06 14:00:00,Parramatta,94765,Bankstown,6.6,94,0.0,1022.7,
2020-06-06 16:00:00,Parramatta,94765,Bankstown,6.4,95,0.0,1022.7,
2020-06-06 17:00:00,Parramatta,94765,Bankstown,6.0,95,0.0,1022.3,
2020-06-06 19:00:00,Parramatta,94765,Bankstown,5.8,95,0.0,1022.3,
2020-06-06 20:00:00,Parramatta,94765,Bankstown,6.0,95,0.0,1022.6,
2020-06-06 22:00:00,Parramatta,94765,Bankstown,7.2,95,3.6,1023.4,
2020-06-06 23:00:00,Parramatta,94765,Bankstown,8.9,86,7.6,1023.6,
2020-06-07 01:00:00,Parramatta,94765,Bankstown,13.1,70,7.6,1023.4,
2020-06-07 02:00:00,Parramatta,94765,Bankstown,16.1,65,1.8,1022.5,
2020-06-07 04:00:00,Parramatta,94765,Bankstown,15.9,70,18.4,1021.6,
2020-06-07 05:00:00,Parramatta,94765,Bankstown,15.5,70,18.4,1021.8,
2020-06-07 07:00:00,Parramatta,94765,Bankstown,14.0,79,13.0,1022.8,
2020-06-07 08:00:00,Parramatta,94765,Bankstown,12.7,89,11.2,1023.7,
2020-06-07 10:00:00,Parramatta,94765,Bankstown,12.1,93,9.4,1025.0,
2020-06-07 11:00:00,Parramatta,94765,Bankstown,12.2,93,11.2,1025.2,
2020-06-07 13:00:00,Parramatta,94765,Bankstown,11.8,95,3.6,1025.5,
2020-06-07 14:00:00,Parramatta,94765,Bankstown,11.7,95,5.4,1025.5,
2020-06-07 16:00:00,Parramatta,94765,Bankstown,11.4,92,5.4,1025.5,
2020-06-07 17:00:00,Parramatta,94765,Bankstown,11.3,89,5.4,1025.4,
2020-06-07 19:00:00,Parramatta,94765,Bankstown,10.0,89,7.6,1025.9,
2020-06-07 20:00:00,Parramatta,94765,Bankstown,8.8,92,5.4,1026.9,
2020-06-07 22:00:00,Parramatta,94765,Bankstown,9.3,87,9.4,1028.3,
2020-06-07 23:00:00,Parramatta,94765,Bankstown,11.6,76,7.6,1028.6,
2020-06-08 01:00:00,Parramatta,94765,Bankstown,15.1,63,13.0,1028.3,
2020-06-08 02:00:00,Parramatta,94765,Bankstown,16.0,58,13.0,1028.0,
2020-06-08 04:00:00,Parramatta,94765,Bankstown,17.9,51,16.6,1027.6,
2020-06-08 05:00:00,Parramatta,94765,Bankstown,17.4,55,14.8,1027.8,
2020-06-08 07:00:00,Parramatta,94765,Bankstown,15.3,66,16.6,1029.1,
2020-06-08 08:00:00,Parramatta,94765,Bankstown,14.4,70,9.4,1029.5,
2020-06-08 10:00:00,Parramatta,94765,Bankstown,13.6,78,13.0,1030.7,
2020-06-08 11:00:00,Parramatta,94765,Bankstown,12.7,87,9.4,1031.2,
2020-06-08 13:00:00,Parramatta,94765,Bankstown,12.7,90,5.4,1031.4,
2020-06-08 14:00:00,Parramatta,94765,Bankstown,12.4,91,1.8,1031.3,
2020-06-08 16:00:00,Parramatta,94765,Bankstown,11.9,90,1.8,1031.7,
2020-06-08 17:00:00,Parramatta,94765,Bankstown,10.6,92,0.0,1031.5,
2020-06-08 19:00:00,Parramatta,94765,Bankstown,9.8,96,5.4,1031.8,
2020-06-08 20:00:00,Parramatta,94765,Bankstown,9.0,96,0.0,1032.3,
2020-06-08 22:00:00,Parramatta,94765,Bankstown,10.6,97,0.0,1033.0,
2020-06-08 23:00:00,Parramatta,94765,Bankstown,13.2,88,3.6,1033.3,
2020-06-09 01:00:00,Parramatta,94765,Bankstown,17.5,76,5.4,1032.9,
2020-06-09 02:00:00,Parramatta,94765,Bankstown,18.6,67,13.0,1032.3,
2020-06-09 04:00:00,Parramatta,94765,Bankstown,18.8,66,13.0,1031.3,
2020-06-09 05:00:00,Parramatta,94765,Bankstown,18.1,67,13.0,1031.1,
2020-06-09 07:00:00,Parramatta,94765,Bankstown,15.8,79,9.4,1031.1,
2020-06-09 08:00:00,Parramatta,94765,Bankstown,14.2,85,9.4,1031.3,
2020-06-09 10:00:00,Parramatta,94765,Bankstown,11.9,93,0.0,1031.8,
2020-06-09 11:00:00,Parramatta,94765,Bankstown,12.3,95,0.0,1031.8,
2020-06-09 13:00:00,Parramatta,94765,Bankstown,12.6,95,0.0,1031.7,
2020-06-09 14:00:00,Parramatta,94765,Bankstown,11.5,94,0.0,1031.3,
2020-06-09 16:00:00,Parramatta,94765,Bankstown,12.9,95,5.4,1030.5,
2020-06-09 17:00:00,Parramatta,94765,Bankstown,12.7,95,0.0,1030.1,
2020-06-09 19:00:00,Parramatta,94765,Bankstown,11.9,97,1.8,1029.4,
2020-06-09 20:00:00,Parramatta,94765,Bankstown,12.2,96,0.0,1029.5,
2020-06-09 22:00:00,Parramatta,94765,Bankstown,12.8,96,3.6,1030.0,
2020-06-09 23:00:00,Parramatta,94765,Bankstown,13.3,96,0.0,1030.0,
2020-06-10 01:00:00,Parramatta,94765,Bankstown,15.6,91,9.4,1029.0,
2020-06-10 02:00:00,Parramatta,94765,Bankstown,16.5,85,1.8,1027.8,
2020-06-10 04:00:00,Parramatta,94765,Bankstown,16.1,93,9.4,1026.0,
2020-06-10 05:00:00,Parramatta,94765,Bankstown,15.9,92,9.4,1025.9,
2020-06-10 07:00:00,Parramatta,94765,Bankstown,15.7,93,0.0,1025.3,
2020-06-10 08:00:00,Parramatta,94765,Bankstown,15.8,94,0.0,1025.6,
2020-06-10 10:00:00,Parramatta,94765,Bankstown,15.6,96,0.0,1025.8,
2020-06-10 11:00:00,Parramatta,94765,Bankstown,15.5,96,1.8,1025.5,
2020-06-10 13:00:00,Parramatta,94765,Bankstown,14.4,96,0.0,1025.2,
2020-06-10 14:00:00,Parramatta,94765,Bankstown,14.4,97,0.0,1024.8,
2020-06-10 16:00:00,Parramatta,94765,Bankstown,14.4,97,1.8,1024.1,
2020-06-10 17:00:00,Parramatta,94765,Bankstown,13.1,97,0.0,1023.7,
2020-06-10 19:00:00,Parramatta,94765,Bankstown,13.9,98,9.4,1022.8,
2020-06-10 20:00:00,Parramatta,94765,Bankstown,13.5,98,7.6,1023.3,
2020-06-10 22:00:00,Parramatta,94765,Bankstown,12.6,98,9.4,1023.8,
2020-06-10 23:00:00,Parramatta,94765,Bankstown,13.3,98,3.6,1024.0,
2020-06-11 01:00:00,Parramatta,94765,Bankstown,17.8,66,13.0,1023.5,
2020-06-11 02:00:00,Parramatta,94765,Bankstown,19.4,60,14.8,1022.9,
2020-06-11 04:00:00,Parramatta,94765,Bankstown,19.5,56,22.3,1021.8,
2020-06-11 05:00:00,Parramatta,94765,Bankstown,18.9,61,24.1,1022.1,
2020-06-11 07:00:00,Parramatta,94765,Bankstown,16.6,68,16.6,1022.8,
2020-06-11 08:00:00,Parramatta,94765,Bankstown,15.9,73,13.0,1023.7,
2020-06-11 10:00:00,Parramatta,94765,Bankstown,13.6,82,7.6,1024.7,
2020-06-11 11:00:00,Parramatta,94765,Bankstown,12.9,87,9.4,1024.9,
2020-06-11 13:00:00,Parramatta,94765,Bankstown,11.3,86,7.6,1025.3,
2020-06-11 14:00:00,Parramatta,94765,Bankstown,10.8,89,7.6,1025.1,
2020-06-11 16:00:00,Parramatta,94765,Bankstown,10.0,90,1.8,1024.9,
2020-06-11 17:00:00,Parramatta,94765,Bankstown,10.6,91,0.0,1024.7,
2020-06-11 19:00:00,Parramatta,94765,Bankstown,11.3,91,7.6,1024.5,
2020-06-11 20:00:00,Parramatta,94765,Bankstown,12.5,94,9.4,1025.1,
2020-06-11 22:00:00,Parramatta,94765,Bankstown,13.1,91,11.2,1026.2,
2020-06-11 23:00:00,Parramatta,94765,Bankstown,13.4,90,5.4,1026.7,
2020-06-12 01:00:00,Parramatta,94765,Bankstown,15.1,85,7.6,1026.2,
2020-06-12 02:00:00,Parramatta,94765,Bankstown,16.0,79,9.4,1025.4,
2020-06-12 04:00:00,Parramatta,94765,Bankstown,16.9,74,9.4,1024.3,
2020-06-12 05:00:00,Parramatta,94765,Bankstown,15.3,88,3.6,1024.3,
2020-06-12 07:00:00,Parramatta,94765,Bankstown,14.3,94,0.0,1024.3,
2020-06-12 08:00:00,Parramatta,94765,Bankstown,13.9,95,0.0,1024.5,
2020-06-12 10:00:00,Parramatta,94765,Bankstown,12.3,96,0.0,1024.7,
2020-06-12 11:00:00,Parramatta,94765,Bankstown,11.2,96,0.0,1024.5,
2020-06-12 13:00:00,Parramatta,94765,Bankstown,11.3,98,0.0,1024.3,
2020-06-12 14:00:00,Parramatta,94765,Bankstown,11.8,98,1.8,1024.0,
2020-06-12 16:00:00,Parramatta,94765,Bankstown,11.2,98,0.0,1023.2,
2020-06-12 17:00:00,Parramatta,94765,Bankstown,10.8,98,0.0,1023.3,
2020-06-12 19:00:00,Parramatta,94765,Bankstown,10.6,99,5.4,1023.1,
2020-06-12 20:00:00,Parramatta,94765,Bankstown,9.5,98,0.0,1023.1,
2020-06-12 22:00:00,Parramatta,94765,Bankstown,10.1,99,0.0,1023.8,
2020-06-12 23:00:00,Parramatta,94765,Bankstown,11.8,99,0.0,1023.7,
2020-06-13 01:00:00,Parramatta,94765,Bankstown,17.1,78,5.4,1022.2,
2020-06-13 02:00:00,Parramatta,94765,Bankstown,18.9,70,7.6,1020.8,
2020-06-13 04:00:00,Parramatta,94765,Bankstown,19.4,68,7.6,1018.8,
2020-06-13 05:00:00,Parramatta,94765,Bankstown,19.7,67,0.0,1018.4,
2020-06-13 07:00:00,Parramatta,94765,Bankstown,17.3,82,11.2,1018.3,
2020-06-13 08:00:00,Parramatta,94765,Bankstown,16.6,85,11.2,1018.7,
2020-06-13 10:00:00,Parramatta,94765,Bankstown,14.8,90,0.0,1018.4,
2020-06-13 11:00:00,Parramatta,94765,Bankstown,14.1,93,0.0,1018.1,
2020-06-13 13:00:00,Parramatta,94765,Bankstown,13.1,96,0.0,1016.4,
2020-06-13 14:00:00,Parramatta,94765,Bankstown,12.4,96,0.0,1015.8,
2020-06-13 16:00:00,Parramatta,94765,Bankstown,12.4,97,0.0,1014.1,
2020-06-13 17:00:00,Parramatta,94765,Bankstown,12.3,98,0.0,1013.3,
2020-06-13 19:00:00,Parramatta,94765,Bankstown,13.6,98,3.6,1013.6,
2020-06-13 20:00:00,Parramatta,94765,Bankstown,13.7,98,7.6,1014.1,
2020-06-13 22:00:00,Parramatta,94765,Bankstown,13.6,97,7.6,1013.7,
2020-06-13 23:00:00,Parramatta,94765,Bankstown,14.0,98,0.0,1014.3,
2020-06-14 01:00:00,Parramatta,94765,Bankstown,18.1,75,9.4,1013.8,
2020-06-14 02:00:00,Parramatta,94765,Bankstown,19.8,65,14.8,1013.2,
2020-06-14 04:00:00,Parramatta,94765,Bankstown,20.7,36,18.4,1013.5,
2020-06-14 05:00:00,Parramatta,94765,Bankstown,20.1,36,14.8,1014.4,
2020-06-14 07:00:00,Parramatta,94765,Bankstown,16.6,41,9.4,1017.0,
2020-06-14 08:00:00,Parramatta,94765,Bankstown,14.6,51,11.2,1018.1,
2020-06-14 10:00:00,Parramatta,94765,Bankstown,13.0,55,7.6,1019.3,
2020-06-14 11:00:00,Parramatta,94765,Bankstown,12.4,58,7.6,1020.2,
2020-06-14 13:00:00,Parramatta,94765,Bankstown,8.7,77,0.0,1020.2,
2020-06-14 14:00:00,Parramatta,94765,Bankstown,8.6,76,7.6,1020.7,
2020-06-14 16:00:00,Parramatta,94765,Bankstown,8.6,75,9.4,1021.2,
2020-06-14 17:00:00,Parramatta,94765,Bankstown,9.5,72,11.2,1021.4,
2020-06-14 19:00:00,Parramatta,94765,Bankstown,7.9,80,9.4,1021.8,
2020-06-14 20:00:00,Parramatta,94765,Bankstown,7.7,80,7.6,1022.2,
2020-06-14 22:00:00,Parramatta,94765,Bankstown,9.3,76,5.4,1023.5,
2020-06-14 23:00:00,Parramatta,94765,Bankstown,12.4,65,11.2,1023.5,
2020-06-15 01:00:00,Parramatta,94765,Bankstown,16.7,49,11.2,1023.1,
2020-06-15 02:00:00,Parramatta,94765,Bankstown,18.2,49,13.0,1022.2,
2020-06-15 04:00:00,Parramatta,94765,Bankstown,20.0,45,14.8,1021.2,
2020-06-15 05:00:00,Parramatta,94765,Bankstown,20.3,48,9.4,1021.2,
2020-06-15 07:00:00,Parramatta,94765,Bankstown,17.1,56,11.2,1022.2,
2020-06-15 08:00:00,Parramatta,94765,Bankstown,15.6,60,11.2,1022.8,
2020-06-15 10:00:00,Parramatta,94765,Bankstown,14.4,63,7.6,1023.4,
2020-06-15 11:00:00,Parramatta,94765,Bankstown,13.6,66,7.6,1023.3,
2020-06-15 13:00:00,Parramatta,94765,Bankstown,9.3,85,0.0,1023.6,
2020-06-15 14:00:00,Parramatta,94765,Bankstown,8.5,87,5.4,1023.3,
2020-06-15 16:00:00,Parramatta,94765,Bankstown,7.5,93,0.0,1023.3,
2020-06-15 17:00:00,Parramatta,94765,Bankstown,7.0,94,0.0,1023.5,
2020-06-15 19:00:00,Parramatta,94765,Bankstown,6.0,95,0.0,1023.5,
2020-06-15 20:00:00,Parramatta,94765,Bankstown,5.8,95,0.0,1023.8,
2020-06-15 22:00:00,Parramatta,94765,Bankstown,7.0,96,0.0,1024.6,
2020-06-15 23:00:00,Parramatta,94765,Bankstown,10.3,87,1.8,1024.6,
2020-06-16 01:00:00,Parramatta,94765,Bankstown,17.8,57,13.0,1023.7,
2020-06-16 02:00:00,Parramatta,94765,Bankstown,19.4,51,11.2,1022.5,
2020-06-16 04:00:00,Parramatta,94765,Bankstown,20.8,41,14.8,1021.4,
2020-06-16 05:00:00,Parramatta,94765,Bankstown,20.7,37,14.8,1021.7,
2020-06-16 07:00:00,Parramatta,94765,Bankstown,17.3,48,3.6,1022.7,
2020-06-16 08:00:00,Parramatta,94765,Bankstown,15.7,53,3.6,1023.1,
2020-06-16 10:00:00,Parramatta,94765,Bankstown,11.5,74,1.8,1024.5,
2020-06-16 11:00:00,Parramatta,94765,Bankstown,10.8,77,7.6,1024.8,
2020-06-16 13:00:00,Parramatta,94765,Bankstown,11.9,71,9.4,1025.6,
2020-06-16 14:00:00,Parramatta,94765,Bankstown,9.5,80,7.6,1025.7,
2020-06-16 16:00:00,Parramatta,94765,Bankstown,7.8,90,0.0,1026.6,
2020-06-16 17:00:00,Parramatta,94765,Bankstown,6.7,90,1.8,1026.9,
2020-06-16 19:00:00,Parramatta,94765,Bankstown,7.6,91,7.6,1028.0,
2020-06-16 20:00:00,Parramatta,94765,Bankstown,9.0,84,9.4,1029.1,
2020-06-16 22:00:00,Parramatta,94765,Bankstown,10.3,81,1.8,1031.3,
2020-06-16 23:00:00,Parramatta,94765,Bankstown,13.2,70,5.4,1031.9,
2020-06-17 01:00:00,Parramatta,94765,Bankstown,16.1,79,9.4,1032.5,
2020-06-17 02:00:00,Parramatta,94765,Bankstown,14.8,90,13.0,1032.6,
2020-06-17 04:00:00,Parramatta,94765,Bankstown,15.0,83,20.5,1032.6,
2020-06-17 05:00:00,Parramatta,94765,Bankstown,14.6,84,16.6,1033.1,
2020-06-17 07:00:00,Parramatta,94765,Bankstown,13.6,84,11.2,1034.3,
2020-06-17 08:00:00,Parramatta,94765,Bankstown,13.3,85,9.4,1035.2,
2020-06-17 10:00:00,Parramatta,94765,Bankstown,12.8,86,11.2,1036.3,
2020-06-17 11:00:00,Parramatta,94765,Bankstown,12.4,89,7.6,1036.7,
2020-06-17 13:00:00,Parramatta,94765,Bankstown,12.2,87,7.6,1037.0,
2020-06-17 14:00:00,Parramatta,94765,Bankstown,11.9,89,1.8,1037.0,
2020-06-17 16:00:00,Parramatta,94765,Bankstown,11.9,89,7.6,1036.4,
2020-06-17 17:00:00,Parramatta,94765,Bankstown,11.9,84,20.5,1036.0,
2020-06-17 19:00:00,Parramatta,94765,Bankstown,11.3,88,7.6,1036.8,
2020-06-17 20:00:00,Parramatta,94765,Bankstown,11.2,88,0.0,1037.2,
2020-06-17 22:00:00,Parramatta,94765,Bankstown,11.9,88,0.0,1038.4,
2020-06-17 23:00:00,Parramatta,94765,Bankstown,13.2,80,7.6,1038.6,
2020-06-18 01:00:00,Parramatta,94765,Bankstown,17.0,56,5.4,1038.0,
2020-06-18 02:00:00,Parramatta,94765,Bankstown,18.3,46,7.6,1036.9,
2020-06-18 04:00:00,Parramatta,94765,Bankstown,18.2,43,5.4,1035.2,
2020-06-18 05:00:00,Parramatta,94765,Bankstown,18.1,46,9.4,1034.8,
2020-06-18 07:00:00,Parramatta,94765,Bankstown,15.1,60,7.6,1034.6,
2020-06-18 08:00:00,Parramatta,94765,Bankstown,13.8,66,0.0,1034.7,
2020-06-18 10:00:00,Parramatta,94765,Bankstown,9.8,88,0.0,1035.0,
2020-06-18 11:00:00,Parramatta,94765,Bankstown,8.9,91,0.0,1035.1,
2020-06-18 13:00:00,Parramatta,94765,Bankstown,8.4,92,0.0,1034.4,
2020-06-18 14:00:00,Parramatta,94765,Bankstown,7.9,93,0.0,1033.9,
2020-06-18 16:00:00,Parramatta,94765,Bankstown,7.6,95,0.0,1033.2,
2020-06-18 17:00:00,Parramatta,94765,Bankstown,6.4,95,0.0,1032.4,
2020-06-18 19:00:00,Parramatta,94765,Bankstown,5.6,96,0.0,1031.8,
2020-06-18 20:00:00,Parramatta,94765,Bankstown,5.4,96,0.0,1032.2,
2020-06-18 22:00:00,Parramatta,94765,Bankstown,7.2,97,0.0,1032.6,
2020-06-18 23:00:00,Parramatta,94765,Bankstown,9.8,89,1.8,1032.7,
2020-06-19 01:00:00,Parramatta,94765,Bankstown,14.8,69,7.6,1031.6,
2020-06-19 02:00:00,Parramatta,94765,Bankstown,16.6,64,5.4,1030.4,
2020-06-19 04:00:00,Parramatta,94765,Bankstown,19.1,59,13.0,1027.9,
2020-06-19 05:00:00,Parramatta,94765,Bankstown,19.3,58,11.2,1027.3,
2020-06-19 07:00:00,Parramatta,94765,Bankstown,16.6,67,7.6,1027.0,
2020-06-19 08:00:00,Parramatta,94765,Bankstown,15.6,79,11.2,1027.3,
2020-06-19 10:00:00,Parramatta,94765,Bankstown,12.3,90,0.0,1028.0,
2020-06-19 11:00:00,Parramatta,94765,Bankstown,10.8,93,0.0,1028.0,
2020-06-19 13:00:00,Parramatta,94765,Bankstown,9.3,95,0.0,1027.5,
2020-06-19 14:00:00,Parramatta,94765,Bankstown,8.6,95,0.0,1027.0,
2020-06-19 16:00:00,Parramatta,94765,Bankstown,7.8,97,0.0,1026.0,
2020-06-19 17:00:00,Parramatta,94765,Bankstown,7.4,97,0.0,1026.1,
2020-06-19 19:00:00,Parramatta,94765,Bankstown,6.6,97,7.6,1025.0,
2020-06-19 20:00:00,Parramatta,94765,Bankstown,7.1,98,1.8,1025.0,
2020-06-19 22:00:00,Parramatta,94765,Bankstown,8.0,98,7.6,1025.2,
2020-06-19 23:00:00,Parramatta,94765,Bankstown,9.0,99,5.4,1025.1,
2020-06-20 01:00:00,Parramatta,94765,Bankstown,10.3,99,9.4,1023.8,
2020-06-20 02:00:00,Parramatta,94765,Bankstown,13.4,81,9.4,1022.2,
2020-06-20 04:00:00,Parramatta,94765,Bankstown,18.8,57,9.4,1020.1,
2020-06-20 05:00:00,Parramatta,94765,Bankstown,20.2,44,13.0,1019.3,
2020-06-20 07:00:00,Parramatta,94765,Bankstown,17.4,58,7.6,1018.5,
2020-06-20 08:00:00,Parramatta,94765,Bankstown,16.9,62,9.4,1018.6,
2020-06-20 10:00:00,Parramatta,94765,Bankstown,13.9,75,0.0,1018.7,
2020-06-20 11:00:00,Parramatta,94765,Bankstown,12.0,84,5.4,1018.4,
2020-06-20 13:00:00,Parramatta,94765,Bankstown,10.2,92,0.0,1017.8,
2020-06-20 14:00:00,Parramatta,94765,Bankstown,9.8,92,0.0,1017.1,
2020-06-20 16:00:00,Parramatta,94765,Bankstown,10.0,93,0.0,1015.2,
2020-06-20 17:00:00,Parramatta,94765,Bankstown,10.6,94,0.0,1014.9,
2020-06-20 19:00:00,Parramatta,94765,Bankstown,11.1,95,1.8,1013.7,
2020-06-20 20:00:00,Parramatta,94765,Bankstown,11.1,96,0.0,1013.8,
2020-06-20 22:00:00,Parramatta,94765,Bankstown,11.3,94,7.6,1014.3,
2020-06-20 23:00:00,Parramatta,94765,Bankstown,11.5,95,3.6,1014.1,
2020-06-21 01:00:00,Parramatta,94765,Bankstown,12.4,91,7.6,1012.8,
2020-06-21 02:00:00,Parramatta,94765,Bankstown,14.8,76,5.4,1011.5,
2020-06-21 04:00:00,Parramatta,94765,Bankstown,17.7,66,7.6,1009.3,
2020-06-21 05:00:00,Parramatta,94765,Bankstown,18.1,61,9.4,1008.8,
2020-06-21 07:00:00,Parramatta,94765,Bankstown,14.9,73,0.0,1008.7,
2020-06-21 08:00:00,Parramatta,94765,Bankstown,13.1,85,0.0,1009.3,
2020-06-21 10:00:00,Parramatta,94765,Bankstown,12.1,87,7.6,1010.5,
2020-06-21 11:00:00,Parramatta,94765,Bankstown,11.7,76,9.4,1010.6,
2020-06-21 13:00:00,Parramatta,94765,Bankstown,9.9,76,9.4,1010.9,
2020-06-21 14:00:00,Parramatta,94765,Bankstown,9.2,74,5.4,1010.7,
2020-06-21 16:00:00,Parramatta,94765,Bankstown,9.1,75,9.4,1009.5,
2020-06-21 17:00:00,Parramatta,94765,Bankstown,6.5,89,0.0,1009.5,
2020-06-21 19:00:00,Parramatta,94765,Bankstown,5.0,93,0.0,1009.0,
2020-06-21 20:00:00,Parramatta,94765,Bankstown,5.0,95,0.0,1009.5,
2020-06-21 22:00:00,Parramatta,94765,Bankstown,5.7,94,0.0,1010.4,
2020-06-21 23:00:00,Parramatta,94765,Bankstown,8.9,78,9.4,1010.8,
2020-06-22 01:00:00,Parramatta,94765,Bankstown,13.8,63,9.4,1010.1,
2020-06-22 02:00:00,Parramatta,94765,Bankstown,15.2,54,13.0,1009.3,
2020-06-22 04:00:00,Parramatta,94765,Bankstown,15.2,49,16.6,1008.5,
2020-06-22 05:00:00,Parramatta,94765,Bankstown,15.4,46,18.4,1008.7,
2020-06-22 07:00:00,Parramatta,94765,Bankstown,13.0,52,13.0,1009.8,
2020-06-22 08:00:00,Parramatta,94765,Bankstown,12.3,55,13.0,1010.5,
2020-06-22 10:00:00,Parramatta,94765,Bankstown,10.5,61,9.4,1011.6,
2020-06-22 11:00:00,Parramatta,94765,Bankstown,9.9,63,5.4,1011.6,
2020-06-22 13:00:00,Parramatta,94765,Bankstown,8.6,68,5.4,1011.7,
2020-06-22 14:00:00,Parramatta,94765,Bankstown,8.0,72,7.6,1011.7,
2020-06-22 16:00:00,Parramatta,94765,Bankstown,6.3,81,7.6,1011.2,
2020-06-22 17:00:00,Parramatta,94765,Bankstown,7.0,79,9.4,1011.0,
2020-06-22 19:00:00,Parramatta,94765,Bankstown,5.5,84,7.6,1010.9,
2020-06-22 20:00:00,Parramatta,94765,Bankstown,5.1,86,1.8,1011.3,
2020-06-22 22:00:00,Parramatta,94765,Bankstown,5.8,86,0.0,1012.2,
2020-06-22 23:00:00,Parramatta,94765,Bankstown,9.4,71,7.6,1012.6,
2020-06-23 01:00:00,Parramatta,94765,Bankstown,13.8,51,16.6,1012.5,
2020-06-23 02:00:00,Parramatta,94765,Bankstown,14.6,47,22.3,1011.8,
2020-06-23 04:00:00,Parramatta,94765,Bankstown,16.1,41,20.5,1011.0,
2020-06-23 05:00:00,Parramatta,94765,Bankstown,15.3,43,20.5,1011.2,
2020-06-23 07:00:00,Parramatta,94765,Bankstown,13.6,50,13.0,1011.8,
2020-06-23 08:00:00,Parramatta,94765,Bankstown,13.0,53,14.8,1012.6,
2020-06-23 10:00:00,Parramatta,94765,Bankstown,11.2,60,9.4,1013.5,
2020-06-23 11:00:00,Parramatta,94765,Bankstown,9.5,69,9.4,1013.8,
2020-06-23 13:00:00,Parramatta,94765,Bankstown,7.6,79,7.6,1013.6,
2020-06-23 14:00:00,Parramatta,94765,Bankstown,6.1,83,7.6,1013.4,
2020-06-23 16:00:00,Parramatta,94765,Bankstown,5.9,88,9.4,1012.8,
2020-06-23 17:00:00,Parramatta,94765,Bankstown,5.3,91,7.6,1012.6,
2020-06-23 19:00:00,Parramatta,94765,Bankstown,4.6,90,0.0,1012.9,
2020-06-23 20:00:00,Parramatta,94765,Bankstown,5.1,88,7.6,1013.5,
2020-06-23 22:00:00,Parramatta,94765,Bankstown,8.4,80,7.6,1014.4,
2020-06-23 23:00:00,Parramatta,94765,Bankstown,10.9,71,5.4,1014.9,
2020-06-24 01:00:00,Parramatta,94765,Bankstown,15.9,52,13.0,1014.3,
2020-06-24 02:00:00,Parramatta,94765,Bankstown,17.3,49,20.5,1013.6,
2020-06-24 04:00:00,Parramatta,94765,Bankstown,18.4,47,16.6,1013.1,
2020-06-24 05:00:00,Parramatta,94765,Bankstown,17.8,50,16.6,1013.7,
2020-06-24 07:00:00,Parramatta,94765,Bankstown,15.5,61,9.4,1015.1,
2020-06-24 08:00:00,Parramatta,94765,Bankstown,13.9,68,0.0,1015.7,
2020-06-24 10:00:00,Parramatta,94765,Bankstown,11.5,73,0.0,1016.9,
2020-06-24 11:00:00,Parramatta,94765,Bankstown,10.5,81,7.6,1017.5,
2020-06-24 13:00:00,Parramatta,94765,Bankstown,9.0,83,0.0,1018.0,
2020-06-24 14:00:00,Parramatta,94765,Bankstown,9.9,83,7.6,1018.1,
2020-06-24 16:00:00,Parramatta,94765,Bankstown,9.8,80,7.6,1018.1,
2020-06-24 17:00:00,Parramatta,94765,Bankstown,9.2,82,3.6,1018.3,
2020-06-24 19:00:00,Parramatta,94765,Bankstown,8.4,80,7.6,1018.4,
2020-06-24 20:00:00,Parramatta,94765,Bankstown,8.0,82,7.6,1018.9,
2020-06-24 22:00:00,Parramatta,94765,Bankstown,9.6,78,9.4,1019.6,
2020-06-24 23:00:00,Parramatta,94765,Bankstown,12.3,70,7.6,1020.1,
2020-06-25 01:00:00,Parramatta,94765,Bankstown,15.9,54,14.8,1019.4,
2020-06-25 02:00:00,Parramatta,94765,Bankstown,17.2,53,16.6,1018.9,
2020-06-25 04:00:00,Parramatta,94765,Bankstown,18.1,45,18.4,1018.3,
2020-06-25 05:00:00,Parramatta,94765,Bankstown,17.8,45,16.6,1018.3,
2020-06-25 07:00:00,Parramatta,94765,Bankstown,15.3,53,13.0,1019.0,
2020-06-25 08:00:00,Parramatta,94765,Bankstown,13.7,58,11.2,1019.7,
2020-06-25 10:00:00,Parramatta,94765,Bankstown,10.4,75,1.8,1020.7,
2020-06-25 11:00:00,Parramatta,94765,Bankstown,9.1,81,0.0,1021.0,
2020-06-25 13:00:00,Parramatta,94765,Bankstown,7.9,85,0.0,1021.2,
2020-06-25 14:00:00,Parramatta,94765,Bankstown,7.7,80,7.6,1021.3,
2020-06-25 16:00:00,Parramatta,94765,Bankstown,5.6,88,1.8,1021.1,
2020-06-25 17:00:00,Parramatta,94765,Bankstown,6.0,85,1.8,1021.2,
2020-06-25 19:00:00,Parramatta,94765,Bankstown,6.2,82,5.4,1021.7,
2020-06-25 20:00:00,Parramatta,94765,Bankstown,6.9,81,7.6,1022.3,
2020-06-25 22:00:00,Parramatta,94765,Bankstown,8.2,79,7.6,1023.6,
2020-06-25 23:00:00,Parramatta,94765,Bankstown,11.3,66,9.4,1024.2,
2020-06-26 01:00:00,Parramatta,94765,Bankstown,15.2,48,13.0,1024.1,
2020-06-26 02:00:00,Parramatta,94765,Bankstown,16.9,47,9.4,1023.2,
2020-06-26 04:00:00,Parramatta,94765,Bankstown,18.2,42,13.0,1022.3,
2020-06-26 05:00:00,Parramatta,94765,Bankstown,17.1,48,11.2,1022.5,
2020-06-26 07:00:00,Parramatta,94765,Bankstown,14.8,58,11.2,1023.5,
2020-06-26 08:00:00,Parramatta,94765,Bankstown,12.4,68,0.0,1024.3,
2020-06-26 10:00:00,Parramatta,94765,Bankstown,9.2,86,0.0,1025.6,
2020-06-26 11:00:00,Parramatta,94765,Bankstown,9.2,87,0.0,1025.8,
2020-06-26 13:00:00,Parramatta,94765,Bankstown,10.6,79,0.0,1026.2,
2020-06-26 14:00:00,Parramatta,94765,Bankstown,10.4,80,1.8,1026.0,
2020-06-26 16:00:00,Parramatta,94765,Bankstown,9.7,76,0.0,1026.2,
2020-06-26 17:00:00,Parramatta,94765,Bankstown,8.1,83,0.0,1026.5,
2020-06-26 19:00:00,Parramatta,94765,Bankstown,8.5,83,7.6,1026.6,
2020-06-26 20:00:00,Parramatta,94765,Bankstown,8.0,85,0.0,1027.1,
2020-06-26 22:00:00,Parramatta,94765,Bankstown,7.8,89,0.0,1027.8,
2020-06-26 23:00:00,Parramatta,94765,Bankstown,9.9,79,7.6,1028.2,
2020-06-27 01:00:00,Parramatta,94765,Bankstown,14.0,63,7.6,1028.1,
2020-06-27 02:00:00,Parramatta,94765,Bankstown,16.2,56,14.8,1027.1,
2020-06-27 04:00:00,Parramatta,94765,Bankstown,16.2,57,16.6,1026.1,
2020-06-27 05:00:00,Parramatta,94765,Bankstown,15.2,58,16.6,1026.3,
2020-06-27 07:00:00,Parramatta,94765,Bankstown,12.8,69,9.4,1026.6,
2020-06-27 08:00:00,Parramatta,94765,Bankstown,11.2,76,0.0,1026.9,
2020-06-27 10:00:00,Parramatta,94765,Bankstown,9.9,89,0.0,1027.8,
2020-06-27 11:00:00,Parramatta,94765,Bankstown,10.9,80,7.6,1028.0,
2020-06-27 13:00:00,Parramatta,94765,Bankstown,11.0,79,0.0,1028.2,
2020-06-27 14:00:00,Parramatta,94765,Bankstown,10.6,78,9.4,1028.0,
2020-06-27 16:00:00,Parramatta,94765,Bankstown,10.1,81,9.4,1027.7,
2020-06-27 17:00:00,Parramatta,94765,Bankstown,9.8,81,7.6,1027.6,
2020-06-27 19:00:00,Parramatta,94765,Bankstown,9.0,76,7.6,1027.4,
2020-06-27 20:00:00,Parramatta,94765,Bankstown,8.3,80,5.4,1027.7,
2020-06-27 22:00:00,Parramatta,94765,Bankstown,8.4,78,7.6,1028.5,
2020-06-27 23:00:00,Parramatta,94765,Bankstown,10.6,71,11.2,1028.7,
2020-06-28 01:00:00,Parramatta,94765,Bankstown,14.2,62,7.6,1028.3,
2020-06-28 02:00:00,Parramatta,94765,Bankstown,15.9,57,0.0,1027.6,
2020-06-28 04:00:00,Parramatta,94765,Bankstown,16.0,49,13.0,1026.6,
2020-06-28 05:00:00,Parramatta,94765,Bankstown,15.4,51,18.4,1026.4,
2020-06-28 07:00:00,Parramatta,94765,Bankstown,14.1,61,9.4,1026.9,
2020-06-28 08:00:00,Parramatta,94765,Bankstown,13.6,64,5.4,1027.0,
2020-06-28 10:00:00,Parramatta,94765,Bankstown,13.0,73,13.0,1027.4,
2020-06-28 11:00:00,Parramatta,94765,Bankstown,12.9,75,11.2,1028.2,
2020-06-28 13:00:00,Parramatta,94765,Bankstown,10.1,84,0.0,1028.2,
2020-06-28 14:00:00,Parramatta,94765,Bankstown,9.8,87,0.0,1027.9,
2020-06-28 16:00:00,Parramatta,94765,Bankstown,9.7,91,3.6,1027.3,
2020-06-28 17:00:00,Parramatta,94765,Bankstown,9.8,93,3.6,1027.0,
2020-06-28 19:00:00,Parramatta,94765,Bankstown,9.9,92,5.4,1026.9,
2020-06-28 20:00:00,Parramatta,94765,Bankstown,8.1,94,0.0,1027.2,
2020-06-28 22:00:00,Parramatta,94765,Bankstown,9.5,96,0.0,1028.5,
2020-06-28 23:00:00,Parramatta,94765,Bankstown,10.5,91,1.8,1028.7,
2020-06-29 01:00:00,Parramatta,94765,Bankstown,15.1,73,9.4,1028.3,
2020-06-29 02:00:00,Parramatta,94765,Bankstown,16.1,64,11.2,1027.3,
2020-06-29 04:00:00,Parramatta,94765,Bankstown,13.8,82,20.5,1026.1,
2020-06-29 05:00:00,Parramatta,94765,Bankstown,14.9,72,14.8,1025.9,
2020-06-29 07:00:00,Parramatta,94765,Bankstown,14.0,81,9.4,1026.0,
2020-06-29 08:00:00,Parramatta,94765,Bankstown,12.7,85,7.6,1026.5,
2020-06-29 10:00:00,Parramatta,94765,Bankstown,10.4,94,0.0,1027.5,
2020-06-29 11:00:00,Parramatta,94765,Bankstown,9.6,95,0.0,1027.8,
2020-06-29 13:00:00,Parramatta,94765,Bankstown,8.1,96,0.0,1027.1,
2020-06-29 14:00:00,Parramatta,94765,Bankstown,7.5,97,0.0,1026.8,
2020-06-29 16:00:00,Parramatta,94765,Bankstown,7.3,98,0.0,1026.3,
2020-06-29 17:00:00,Parramatta,94765,Bankstown,6.8,98,0.0,1025.9,
2020-06-29 19:00:00,Parramatta,94765,Bankstown,5.5,98,0.0,1025.5,
2020-06-29 20:00:00,Parramatta,94765,Bankstown,5.5,98,0.0,1025.7,
2020-06-29 22:00:00,Parramatta,94765,Bankstown,7.1,98,0.0,1026.9,
2020-06-29 23:00:00,Parramatta,94765,Bankstown,9.2,97,7.6,1027.0,
2020-06-30 01:00:00,Parramatta,94765,Bankstown,14.5,74,7.6,1025.8,
2020-06-30 02:00:00,Parramatta,94765,Bankstown,15.9,67,7.6,1024.4,
2020-06-30 04:00:00,Parramatta,94765,Bankstown,17.5,58,11.2,1022.5,
2020-06-30 05:00:00,Parramatta,94765,Bankstown,18.0,48,11.2,1021.9,
2020-06-30 07:00:00,Parramatta,94765,Bankstown,15.6,59,5.4,1021.9,
2020-06-30 08:00:00,Parramatta,94765,Bankstown,12.7,74,1.8,1022.5,
2020-06-30 10:00:00,Parramatta,94765,Bankstown,10.0,92,0.0,1023.1,
2020-06-30 11:00:00,Parramatta,94765,Bankstown,9.0,94,0.0,1022.9,
2020-06-30 13:00:00,Parramatta,94765,Bankstown,7.5,95,0.0,1023.1,
2020-06-30 14:00:00,Parramatta,94765,Bankstown,6.8,96,0.0,1022.7,
2020-06-30 16:00:00,Parramatta,94765,Bankstown,5.9,96,0.0,1022.0,
2020-06-30 17:00:00,Parramatta,94765,Bankstown,5.5,96,0.0,1021.7,
2020-06-30 19:00:00,Parramatta,94765,Bankstown,4.6,97,0.0,1021.7,
2020-06-30 20:00:00,Parramatta,94765,Bankstown,4.3,97,0.0,1021.9,
2020-06-30 22:00:00,Parramatta,94765,Bankstown,6.6,98,0.0,1022.5,
2020-06-30 23:00:00,Parramatta,94765,Bankstown,8.9,93,7.6,1022.4,
2020-07-01 01:00:00,Parramatta,94765,Bankstown,15.0,58,9.4,1021.6,
2020-07-01 02:00:00,Parramatta,94765,Bankstown,17.6,53,9.4,1020.4,
2020-07-01 04:00:00,Parramatta,94765,Bankstown,20.5,42,1.8,1018.3,
2020-07-01 05:00:00,Parramatta,94765,Bankstown,21.2,39,5.4,1017.7,
2020-07-01 07:00:00,Parramatta,94765,Bankstown,17.9,50,1.8,1017.3,
2020-07-01 08:00:00,Parramatta,94765,Bankstown,15.6,60,7.6,1017.9,
2020-07-01 10:00:00,Parramatta,94765,Bankstown,15.4,60,9.4,1018.3,
2020-07-01 11:00:00,Parramatta,94765,Bankstown,14.3,61,9.4,1018.2,
2020-07-01 13:00:00,Parramatta,94765,Bankstown,8.5,90,0.0,1017.4,
2020-07-01 14:00:00,Parramatta,94765,Bankstown,7.8,92,0.0,1017.0,
2020-07-01 16:00:00,Parramatta,94765,Bankstown,6.7,93,0.0,1016.6,
2020-07-01 17:00:00,Parramatta,94765,Bankstown,6.1,94,0.0,1016.1,
2020-07-01 19:00:00,Parramatta,94765,Bankstown,5.2,95,0.0,1016.1,
2020-07-01 20:00:00,Parramatta,94765,Bankstown,5.4,96,0.0,1016.3,
2020-07-01 22:00:00,Parramatta,94765,Bankstown,6.8,96,0.0,1016.4,
2020-07-01 23:00:00,Parramatta,94765,Bankstown,10.4,87,0.0,1016.4,
2020-07-02 01:00:00,Parramatta,94765,Bankstown,20.3,47,14.8,1015.5,
2020-07-02 02:00:00,Parramatta,94765,Bankstown,22.0,41,13.0,1014.6,
2020-07-02 04:00:00,Parramatta,94765,Bankstown,22.8,39,11.2,1013.0,
2020-07-02 05:00:00,Parramatta,94765,Bankstown,22.1,41,14.8,1013.0,
2020-07-02 07:00:00,Parramatta,94765,Bankstown,20.4,47,9.4,1014.0,
2020-07-02 08:00:00,Parramatta,94765,Bankstown,18.7,52,3.6,1014.7,
2020-07-02 10:00:00,Parramatta,94765,Bankstown,13.6,76,0.0,1016.3,
2020-07-02 11:00:00,Parramatta,94765,Bankstown,13.9,77,0.0,1016.9,
2020-07-02 13:00:00,Parramatta,94765,Bankstown,13.8,81,0.0,1017.7,
2020-07-02 14:00:00,Parramatta,94765,Bankstown,14.0,78,7.6,1017.8,
2020-07-02 16:00:00,Parramatta,94765,Bankstown,13.0,67,7.6,1018.3,
2020-07-02 17:00:00,Parramatta,94765,Bankstown,11.7,70,3.6,1018.2,
2020-07-02 19:00:00,Parramatta,94765,Bankstown,10.5,69,7.6,1018.9,
2020-07-02 20:00:00,Parramatta,94765,Bankstown,10.3,67,7.6,1019.6,
2020-07-02 22:00:00,Parramatta,94765,Bankstown,9.3,78,5.4,1020.6,
2020-07-02 23:00:00,Parramatta,94765,Bankstown,12.7,60,7.6,1020.9,
2020-07-03 01:00:00,Parramatta,94765,Bankstown,15.5,42,14.8,1020.3,
2020-07-03 02:00:00,Parramatta,94765,Bankstown,16.5,44,16.6,1019.3,
2020-07-03 04:00:00,Parramatta,94765,Bankstown,17.5,35,18.4,1018.0,
2020-07-03 05:00:00,Parramatta,94765,Bankstown,17.7,35,13.0,1017.8,
2020-07-03 07:00:00,Parramatta,94765,Bankstown,15.1,40,14.8,1018.3,
2020-07-03 08:00:00,Parramatta,94765,Bankstown,13.7,44,14.8,1019.0,
2020-07-03 10:00:00,Parramatta,94765,Bankstown,12.1,49,7.6,1019.5,
2020-07-03 11:00:00,Parramatta,94765,Bankstown,10.8,54,14.8,1018.9,
2020-07-03 13:00:00,Parramatta,94765,Bankstown,7.0,77,0.0,1018.4,
2020-07-03 14:00:00,Parramatta,94765,Bankstown,6.1,78,7.6,1018.4,
2020-07-03 16:00:00,Parramatta,94765,Bankstown,8.1,71,7.6,1017.6,
2020-07-03 17:00:00,Parramatta,94765,Bankstown,9.3,66,0.0,1017.0,
2020-07-03 19:00:00,Parramatta,94765,Bankstown,7.8,89,0.0,1017.5,
2020-07-03 20:00:00,Parramatta,94765,Bankstown,7.4,91,0.0,1018.0,
2020-07-03 22:00:00,Parramatta,94765,Bankstown,8.7,81,7.6,1019.7,
2020-07-03 23:00:00,Parramatta,94765,Bankstown,9.4,83,9.4,1020.0,
2020-07-04 01:00:00,Parramatta,94765,Bankstown,13.4,50,20.5,1020.4,
2020-07-04 02:00:00,Parramatta,94765,Bankstown,14.4,44,18.4,1019.7,
2020-07-04 04:00:00,Parramatta,94765,Bankstown,15.9,35,13.0,1018.8,
2020-07-04 05:00:00,Parramatta,94765,Bankstown,16.0,31,13.0,1018.6,
2020-07-04 07:00:00,Parramatta,94765,Bankstown,13.6,37,13.0,1019.3,
2020-07-04 08:00:00,Parramatta,94765,Bankstown,12.8,42,13.0,1019.9,
2020-07-04 10:00:00,Parramatta,94765,Bankstown,11.3,49,13.0,1020.6,
2020-07-04 11:00:00,Parramatta,94765,Bankstown,11.0,52,16.6,1021.0,
2020-07-04 13:00:00,Parramatta,94765,Bankstown,9.9,60,16.6,1020.7,
2020-07-04 14:00:00,Parramatta,94765,Bankstown,9.3,64,7.6,1020.4,
2020-07-04 16:00:00,Parramatta,94765,Bankstown,8.9,68,11.2,1020.5,
2020-07-04 17:00:00,Parramatta,94765,Bankstown,7.1,75,5.4,1020.4,
2020-07-04 19:00:00,Parramatta,94765,Bankstown,6.5,78,3.6,1020.2,
2020-07-04 20:00:00,Parramatta,94765,Bankstown,6.6,79,7.6,1020.8,
2020-07-04 22:00:00,Parramatta,94765,Bankstown,7.7,77,0.0,1022.0,
2020-07-04 23:00:00,Parramatta,94765,Bankstown,10.7,67,7.6,1022.6,
2020-07-05 01:00:00,Parramatta,94765,Bankstown,15.7,47,18.4,1022.3,
2020-07-05 02:00:00,Parramatta,94765,Bankstown,17.0,44,16.6,1021.6,
2020-07-05 04:00:00,Parramatta,94765,Bankstown,17.7,38,16.6,1021.1,
2020-07-05 05:00:00,Parramatta,94765,Bankstown,17.9,38,11.2,1021.0,
2020-07-05 07:00:00,Parramatta,94765,Bankstown,15.8,47,3.6,1021.7,
2020-07-05 08:00:00,Parramatta,94765,Bankstown,13.0,60,0.0,1022.5,
2020-07-05 10:00:00,Parramatta,94765,Bankstown,9.1,79,0.0,1024.2,
2020-07-05 11:00:00,Parramatta,94765,Bankstown,7.8,81,7.6,1024.7,
2020-07-05 13:00:00,Parramatta,94765,Bankstown,7.8,79,0.0,1025.7,
2020-07-05 14:00:00,Parramatta,94765,Bankstown,9.3,75,7.6,1025.8,
2020-07-05 16:00:00,Parramatta,94765,Bankstown,9.6,74,1.8,1026.0,
2020-07-05 17:00:00,Parramatta,94765,Bankstown,9.1,73,9.4,1025.9,
2020-07-05 19:00:00,Parramatta,94765,Bankstown,7.9,80,7.6,1026.0,
2020-07-05 20:00:00,Parramatta,94765,Bankstown,6.5,86,7.6,1026.6,
2020-07-05 22:00:00,Parramatta,94765,Bankstown,8.2,81,1.8,1028.0,
2020-07-05 23:00:00,Parramatta,94765,Bankstown,10.9,69,13.0,1028.5,
2020-07-06 01:00:00,Parramatta,94765,Bankstown,14.7,56,11.2,1028.2,
2020-07-06 02:00:00,Parramatta,94765,Bankstown,16.3,51,9.4,1027.2,
2020-07-06 04:00:00,Parramatta,94765,Bankstown,18.4,45,7.6,1026.0,
2020-07-06 05:00:00,Parramatta,94765,Bankstown,17.9,44,0.0,1025.8,
2020-07-06 07:00:00,Parramatta,94765,Bankstown,14.6,63,14.8,1026.5,
2020-07-06 08:00:00,Parramatta,94765,Bankstown,13.6,69,7.6,1027.1,
2020-07-06 10:00:00,Parramatta,94765,Bankstown,9.2,87,0.0,1028.6,
2020-07-06 11:00:00,Parramatta,94765,Bankstown,8.2,90,0.0,1028.9,
2020-07-06 13:00:00,Parramatta,94765,Bankstown,7.9,90,1.8,1029.2,
2020-07-06 14:00:00,Parramatta,94765,Bankstown,9.2,89,0.0,1028.8,
2020-07-06 16:00:00,Parramatta,94765,Bankstown,10.0,85,0.0,1028.4,
2020-07-06 17:00:00,Parramatta,94765,Bankstown,10.4,82,1.8,1028.3,
2020-07-06 19:00:00,Parramatta,94765,Bankstown,10.5,79,9.4,1028.3,
2020-07-06 20:00:00,Parramatta,94765,Bankstown,10.0,77,9.4,1029.3,
2020-07-06 22:00:00,Parramatta,94765,Bankstown,9.0,78,9.4,1030.2,
2020-07-06 23:00:00,Parramatta,94765,Bankstown,10.4,72,11.2,1030.6,
2020-07-07 01:00:00,Parramatta,94765,Bankstown,14.8,54,9.4,1030.2,
2020-07-07 02:00:00,Parramatta,94765,Bankstown,15.6,53,13.0,1029.6,
2020-07-07 04:00:00,Parramatta,94765,Bankstown,16.0,54,11.2,1028.9,
2020-07-07 05:00:00,Parramatta,94765,Bankstown,16.0,56,9.4,1028.9,
2020-07-07 07:00:00,Parramatta,94765,Bankstown,15.3,60,1.8,1029.3,
2020-07-07 08:00:00,Parramatta,94765,Bankstown,14.6,64,11.2,1029.4,
2020-07-07 10:00:00,Parramatta,94765,Bankstown,12.9,82,11.2,1030.6,
2020-07-07 11:00:00,Parramatta,94765,Bankstown,12.3,87,3.6,1030.8,
2020-07-07 13:00:00,Parramatta,94765,Bankstown,11.7,93,9.4,1030.7,
2020-07-07 14:00:00,Parramatta,94765,Bankstown,11.5,93,5.4,1030.5,
2020-07-07 16:00:00,Parramatta,94765,Bankstown,11.2,94,0.0,1030.3,
2020-07-07 17:00:00,Parramatta,94765,Bankstown,11.0,94,0.0,1030.2,
2020-07-07 19:00:00,Parramatta,94765,Bankstown,11.0,92,7.6,1029.9,
2020-07-07 20:00:00,Parramatta,94765,Bankstown,11.0,88,1.8,1030.4,
2020-07-07 22:00:00,Parramatta,94765,Bankstown,10.5,91,5.4,1031.1,
2020-07-07 23:00:00,Parramatta,94765,Bankstown,12.2,83,7.6,1031.6,
2020-07-08 01:00:00,Parramatta,94765,Bankstown,15.1,71,1.8,1031.4,
2020-07-08 02:00:00,Parramatta,94765,Bankstown,14.5,72,7.6,1030.7,
2020-07-08 04:00:00,Parramatta,94765,Bankstown,15.5,67,0.0,1029.4,
2020-07-08 05:00:00,Parramatta,94765,Bankstown,14.9,65,11.2,1029.2,
2020-07-08 07:00:00,Parramatta,94765,Bankstown,14.4,65,5.4,1029.2,
2020-07-08 08:00:00,Parramatta,94765,Bankstown,14.0,69,0.0,1029.5,
2020-07-08 10:00:00,Parramatta,94765,Bankstown,12.3,81,0.0,1030.0,
2020-07-08 11:00:00,Parramatta,94765,Bankstown,11.5,86,0.0,1030.1,
2020-07-08 13:00:00,Parramatta,94765,Bankstown,8.3,93,0.0,1030.3,
2020-07-08 14:00:00,Parramatta,94765,Bankstown,7.3,94,0.0,1030.1,
2020-07-08 16:00:00,Parramatta,94765,Bankstown,6.7,96,0.0,1029.9,
2020-07-08 17:00:00,Parramatta,94765,Bankstown,6.0,96,0.0,1029.7,
2020-07-08 19:00:00,Parramatta,94765,Bankstown,5.8,97,0.0,1029.8,
2020-07-08 20:00:00,Parramatta,94765,Bankstown,5.0,96,0.0,1030.2,
2020-07-08 22:00:00,Parramatta,94765,Bankstown,7.1,97,0.0,1031.1,
2020-07-08 23:00:00,Parramatta,94765,Bankstown,9.1,88,9.4,1031.6,
2020-07-09 01:00:00,Parramatta,94765,Bankstown,14.6,63,5.4,1031.1,
2020-07-09 02:00:00,Parramatta,94765,Bankstown,16.0,62,9.4,1030.0,
2020-07-09 04:00:00,Parramatta,94765,Bankstown,17.4,59,14.8,1028.0,
2020-07-09 05:00:00,Parramatta,94765,Bankstown,18.4,57,11.2,1027.6,
2020-07-09 07:00:00,Parramatta,94765,Bankstown,15.9,70,11.2,1027.9,
2020-07-09 08:00:00,Parramatta,94765,Bankstown,14.7,80,13.0,1028.0,
2020-07-09 10:00:00,Parramatta,94765,Bankstown,12.2,84,0.0,1028.9,
2020-07-09 11:00:00,Parramatta,94765,Bankstown,11.2,92,0.0,1028.7,
2020-07-09 13:00:00,Parramatta,94765,Bankstown,10.4,95,0.0,1028.6,
2020-07-09 14:00:00,Parramatta,94765,Bankstown,10.5,95,0.0,1028.3,
2020-07-09 16:00:00,Parramatta,94765,Bankstown,10.0,95,1.8,1027.5,
2020-07-09 17:00:00,Parramatta,94765,Bankstown,9.5,96,0.0,1027.1,
2020-07-09 19:00:00,Parramatta,94765,Bankstown,8.4,96,0.0,1026.4,
2020-07-09 20:00:00,Parramatta,94765,Bankstown,7.7,97,0.0,1027.1,
2020-07-09 22:00:00,Parramatta,94765,Bankstown,8.7,98,0.0,1027.6,
2020-07-09 23:00:00,Parramatta,94765,Bankstown,10.4,97,7.6,1027.5,
2020-07-10 01:00:00,Parramatta,94765,Bankstown,15.4,70,9.4,1026.8,
2020-07-10 02:00:00,Parramatta,94765,Bankstown,15.9,66,9.4,1025.6,
2020-07-10 04:00:00,Parramatta,94765,Bankstown,16.0,68,7.6,1024.1,
2020-07-10 05:00:00,Parramatta,94765,Bankstown,16.5,67,9.4,1023.5,
2020-07-10 07:00:00,Parramatta,94765,Bankstown,15.3,76,0.0,1023.2,
2020-07-10 08:00:00,Parramatta,94765,Bankstown,14.6,85,5.4,1023.4,
2020-07-10 10:00:00,Parramatta,94765,Bankstown,13.2,94,0.0,1023.1,
2020-07-10 11:00:00,Parramatta,94765,Bankstown,12.7,96,1.8,1022.9,
2020-07-10 13:00:00,Parramatta,94765,Bankstown,12.6,97,0.0,1022.4,
2020-07-10 14:00:00,Parramatta,94765,Bankstown,12.3,98,0.0,1021.6,
2020-07-10 16:00:00,Parramatta,94765,Bankstown,11.7,98,0.0,1020.3,
2020-07-10 17:00:00,Parramatta,94765,Bankstown,11.7,98,0.0,1019.4,
2020-07-10 19:00:00,Parramatta,94765,Bankstown,11.6,98,0.0,1018.6,
2020-07-10 20:00:00,Parramatta,94765,Bankstown,11.6,99,1.8,1018.8,
2020-07-10 22:00:00,Parramatta,94765,Bankstown,11.7,99,7.6,1018.7,
2020-07-10 23:00:00,Parramatta,94765,Bankstown,12.1,98,0.0,1018.2,
2020-07-11 01:00:00,Parramatta,94765,Bankstown,12.9,93,9.4,1017.4,
2020-07-11 02:00:00,Parramatta,94765,Bankstown,13.2,90,7.6,1016.2,
2020-07-11 04:00:00,Parramatta,94765,Bankstown,14.5,84,3.6,1014.4,
2020-07-11 05:00:00,Parramatta,94765,Bankstown,15.0,81,7.6,1014.0,
2020-07-11 07:00:00,Parramatta,94765,Bankstown,13.6,87,0.0,1013.9,
2020-07-11 08:00:00,Parramatta,94765,Bankstown,13.5,91,5.4,1014.1,
2020-07-11 10:00:00,Parramatta,94765,Bankstown,12.0,95,0.0,1015.2,
2020-07-11 11:00:00,Parramatta,94765,Bankstown,10.8,96,0.0,1015.1,
2020-07-11 13:00:00,Parramatta,94765,Bankstown,10.0,98,0.0,1015.3,
2020-07-11 14:00:00,Parramatta,94765,Bankstown,9.1,98,0.0,1015.1,
2020-07-11 16:00:00,Parramatta,94765,Bankstown,8.9,99,1.8,1015.1,
2020-07-11 17:00:00,Parramatta,94765,Bankstown,7.7,99,0.0,1015.0,
2020-07-11 19:00:00,Parramatta,94765,Bankstown,6.9,99,1.8,1015.3,
2020-07-11 20:00:00,Parramatta,94765,Bankstown,6.0,99,3.6,1015.7,
2020-07-11 22:00:00,Parramatta,94765,Bankstown,7.7,99,9.4,1016.5,
2020-07-11 23:00:00,Parramatta,94765,Bankstown,9.1,99,9.4,1016.7,
2020-07-12 01:00:00,Parramatta,94765,Bankstown,12.0,98,9.4,1016.6,
2020-07-12 02:00:00,Parramatta,94765,Bankstown,14.3,78,1.8,1015.8,
2020-07-12 04:00:00,Parramatta,94765,Bankstown,17.7,57,1.8,1014.7,
2020-07-12 05:00:00,Parramatta,94765,Bankstown,17.1,58,0.0,1014.7,
2020-07-12 07:00:00,Parramatta,94765,Bankstown,11.5,93,24.1,1014.9,
2020-07-12 08:00:00,Parramatta,94765,Bankstown,11.3,93,0.0,1015.7,
2020-07-12 10:00:00,Parramatta,94765,Bankstown,10.0,96,7.6,1016.7,
2020-07-12 11:00:00,Parramatta,94765,Bankstown,10.2,96,0.0,1017.3,
2020-07-12 13:00:00,Parramatta,94765,Bankstown,10.4,92,7.6,1016.9,
2020-07-12 14:00:00,Parramatta,94765,Bankstown,10.4,93,1.8,1017.6,
2020-07-12 16:00:00,Parramatta,94765,Bankstown,9.8,96,7.6,1017.4,
2020-07-12 17:00:00,Parramatta,94765,Bankstown,8.8,96,7.6,1017.0,
2020-07-12 19:00:00,Parramatta,94765,Bankstown,6.9,97,0.0,1017.2,
2020-07-12 20:00:00,Parramatta,94765,Bankstown,6.3,98,0.0,1017.4,
2020-07-12 22:00:00,Parramatta,94765,Bankstown,8.2,99,0.0,1018.7,
2020-07-12 23:00:00,Parramatta,94765,Bankstown,9.8,90,7.6,1019.0,
2020-07-13 01:00:00,Parramatta,94765,Bankstown,14.1,70,9.4,1018.2,
2020-07-13 02:00:00,Parramatta,94765,Bankstown,15.7,65,5.4,1017.4,
2020-07-13 04:00:00,Parramatta,94765,Bankstown,16.1,58,7.6,1016.5,
2020-07-13 05:00:00,Parramatta,94765,Bankstown,17.0,52,5.4,1016.4,
2020-07-13 07:00:00,Parramatta,94765,Bankstown,13.9,71,9.4,1017.4,
2020-07-13 08:00:00,Parramatta,94765,Bankstown,12.9,79,3.6,1017.7,
2020-07-13 10:00:00,Parramatta,94765,Bankstown,11.0,82,7.6,1018.4,
2020-07-13 11:00:00,Parramatta,94765,Bankstown,10.8,77,11.2,1017.9,
2020-07-13 13:00:00,Parramatta,94765,Bankstown,10.1,83,7.6,1017.8,
2020-07-13 14:00:00,Parramatta,94765,Bankstown,11.2,79,13.0,1016.7,
2020-07-13 16:00:00,Parramatta,94765,Bankstown,11.0,78,11.2,1015.8,
2020-07-13 17:00:00,Parramatta,94765,Bankstown,11.7,73,9.4,1016.0,
2020-07-13 19:00:00,Parramatta,94765,Bankstown,11.5,84,18.4,1015.0,
2020-07-13 20:00:00,Parramatta,94765,Bankstown,11.1,89,16.6,1015.3,
2020-07-13 22:00:00,Parramatta,94765,Bankstown,13.5,85,24.1,1016.6,
2020-07-13 23:00:00,Parramatta,94765,Bankstown,12.8,88,18.4,1017.7,
2020-07-14 01:00:00,Parramatta,94765,Bankstown,14.9,70,25.9,1017.8,
2020-07-14 02:00:00,Parramatta,94765,Bankstown,15.6,67,29.5,1017.1,
2020-07-14 04:00:00,Parramatta,94765,Bankstown,12.9,90,18.4,1017.3,
2020-07-14 05:00:00,Parramatta,94765,Bankstown,15.5,69,25.9,1017.4,
2020-07-14 07:00:00,Parramatta,94765,Bankstown,13.6,74,13.0,1018.3,
2020-07-14 08:00:00,Parramatta,94765,Bankstown,12.5,81,18.4,1019.1,
2020-07-14 10:00:00,Parramatta,94765,Bankstown,12.6,73,18.4,1019.4,
2020-07-14 11:00:00,Parramatta,94765,Bankstown,12.5,74,14.8,1019.7,
2020-07-14 13:00:00,Parramatta,94765,Bankstown,12.4,75,13.0,1019.3,
2020-07-14 14:00:00,Parramatta,94765,Bankstown,12.4,73,16.6,1018.9,
2020-07-14 16:00:00,Parramatta,94765,Bankstown,12.3,74,13.0,1018.3,
2020-07-14 17:00:00,Parramatta,94765,Bankstown,12.0,74,14.8,1018.3,
2020-07-14 19:00:00,Parramatta,94765,Bankstown,11.8,72,14.8,1017.5,
2020-07-14 20:00:00,Parramatta,94765,Bankstown,11.9,67,18.4,1018.0,
2020-07-14 22:00:00,Parramatta,94765,Bankstown,11.6,68,14.8,1018.7,
2020-07-14 23:00:00,Parramatta,94765,Bankstown,13.1,62,18.4,1018.7,
2020-07-15 01:00:00,Parramatta,94765,Bankstown,14.8,58,20.5,1018.0,
2020-07-15 02:00:00,Parramatta,94765,Bankstown,15.5,57,16.6,1017.1,
2020-07-15 04:00:00,Parramatta,94765,Bankstown,15.8,56,16.6,1016.2,
2020-07-15 05:00:00,Parramatta,94765,Bankstown,15.5,58,16.6,1016.4,
2020-07-15 07:00:00,Parramatta,94765,Bankstown,14.4,59,16.6,1017.2,
2020-07-15 08:00:00,Parramatta,94765,Bankstown,13.4,62,14.8,1017.7,
2020-07-15 10:00:00,Parramatta,94765,Bankstown,11.7,67,7.6,1017.9,
2020-07-15 11:00:00,Parramatta,94765,Bankstown,10.6,72,3.6,1017.9,
2020-07-15 13:00:00,Parramatta,94765,Bankstown,8.5,82,5.4,1017.8,
2020-07-15 14:00:00,Parramatta,94765,Bankstown,7.7,84,0.0,1017.4,
2020-07-15 16:00:00,Parramatta,94765,Bankstown,11.4,59,16.6,1017.0,
2020-07-15 17:00:00,Parramatta,94765,Bankstown,11.0,60,16.6,1016.6,
2020-07-15 19:00:00,Parramatta,94765,Bankstown,9.6,64,14.8,1016.5,
2020-07-15 20:00:00,Parramatta,94765,Bankstown,9.9,63,14.8,1016.8,
2020-07-15 22:00:00,Parramatta,94765,Bankstown,10.0,64,9.4,1017.6,
2020-07-15 23:00:00,Parramatta,94765,Bankstown,11.9,57,13.0,1017.9,
2020-07-16 01:00:00,Parramatta,94765,Bankstown,15.3,52,22.3,1017.2,
2020-07-16 02:00:00,Parramatta,94765,Bankstown,16.0,53,20.5,1016.6,
2020-07-16 04:00:00,Parramatta,94765,Bankstown,17.1,53,18.4,1016.0,
2020-07-16 05:00:00,Parramatta,94765,Bankstown,16.1,53,22.3,1016.2,
2020-07-16 07:00:00,Parramatta,94765,Bankstown,14.5,57,9.4,1017.0,
2020-07-16 08:00:00,Parramatta,94765,Bankstown,13.5,63,9.4,1017.6,
2020-07-16 10:00:00,Parramatta,94765,Bankstown,12.8,63,9.4,1018.6,
2020-07-16 11:00:00,Parramatta,94765,Bankstown,12.2,65,11.2,1018.7,
2020-07-16 13:00:00,Parramatta,94765,Bankstown,11.1,67,9.4,1018.8,
2020-07-16 14:00:00,Parramatta,94765,Bankstown,10.6,68,9.4,1018.5,
2020-07-16 16:00:00,Parramatta,94765,Bankstown,11.1,67,11.2,1018.4,
2020-07-16 17:00:00,Parramatta,94765,Bankstown,11.2,67,9.4,1018.4,
2020-07-16 19:00:00,Parramatta,94765,Bankstown,10.3,72,9.4,1018.8,
2020-07-16 20:00:00,Parramatta,94765,Bankstown,9.8,75,11.2,1019.3,
2020-07-16 22:00:00,Parramatta,94765,Bankstown,10.3,74,7.6,1020.4,
2020-07-16 23:00:00,Parramatta,94765,Bankstown,12.7,64,13.0,1020.7,
2020-07-17 01:00:00,Parramatta,94765,Bankstown,15.3,59,13.0,1021.0,
2020-07-17 02:00:00,Parramatta,94765,Bankstown,16.4,60,13.0,1020.3,
2020-07-17 04:00:00,Parramatta,94765,Bankstown,16.4,59,24.1,1019.8,
2020-07-17 05:00:00,Parramatta,94765,Bankstown,15.9,59,20.5,1020.2,
2020-07-17 07:00:00,Parramatta,94765,Bankstown,15.0,65,11.2,1020.8,
2020-07-17 08:00:00,Parramatta,94765,Bankstown,14.1,68,13.0,1021.0,
2020-07-17 10:00:00,Parramatta,94765,Bankstown,12.1,76,5.4,1021.9,
2020-07-17 11:00:00,Parramatta,94765,Bankstown,11.6,77,7.6,1022.2,
2020-07-17 13:00:00,Parramatta,94765,Bankstown,10.6,84,0.0,1022.5,
2020-07-17 14:00:00,Parramatta,94765,Bankstown,10.9,82,7.6,1022.2,
2020-07-17 16:00:00,Parramatta,94765,Bankstown,10.6,84,1.8,1021.7,
2020-07-17 17:00:00,Parramatta,94765,Bankstown,10.3,81,0.0,1021.7,
2020-07-17 19:00:00,Parramatta,94765,Bankstown,11.1,71,9.4,1022.0,
2020-07-17 20:00:00,Parramatta,94765,Bankstown,11.1,70,7.6,1021.8,
2020-07-17 22:00:00,Parramatta,94765,Bankstown,11.1,72,7.6,1022.1,
2020-07-17 23:00:00,Parramatta,94765,Bankstown,13.0,64,7.6,1022.2,
2020-07-18 01:00:00,Parramatta,94765,Bankstown,15.6,55,13.0,1022.2,
2020-07-18 02:00:00,Parramatta,94765,Bankstown,16.9,52,9.4,1021.2,
2020-07-18 04:00:00,Parramatta,94765,Bankstown,17.5,49,7.6,1019.4,
2020-07-18 05:00:00,Parramatta,94765,Bankstown,17.5,48,7.6,1019.3,
2020-07-18 07:00:00,Parramatta,94765,Bankstown,15.6,59,9.4,1019.3,
2020-07-18 08:00:00,Parramatta,94765,Bankstown,14.2,72,9.4,1019.5,
2020-07-18 10:00:00,Parramatta,94765,Bankstown,12.2,81,7.6,1019.6,
2020-07-18 11:00:00,Parramatta,94765,Bankstown,10.1,88,0.0,1019.6,
2020-07-18 13:00:00,Parramatta,94765,Bankstown,8.2,93,0.0,1019.6,
2020-07-18 14:00:00,Parramatta,94765,Bankstown,7.7,94,0.0,1019.2,
2020-07-18 16:00:00,Parramatta,94765,Bankstown,6.3,95,0.0,1017.8,
2020-07-18 17:00:00,Parramatta,94765,Bankstown,5.7,96,0.0,1017.3,
2020-07-18 19:00:00,Parramatta,94765,Bankstown,4.6,96,0.0,1017.0,
2020-07-18 20:00:00,Parramatta,94765,Bankstown,4.5,96,3.6,1017.4,
2020-07-18 22:00:00,Parramatta,94765,Bankstown,6.2,97,0.0,1018.3,
2020-07-18 23:00:00,Parramatta,94765,Bankstown,9.4,87,0.0,1018.2,
2020-07-19 01:00:00,Parramatta,94765,Bankstown,14.5,63,5.4,1017.2,
2020-07-19 02:00:00,Parramatta,94765,Bankstown,17.7,45,13.0,1015.5,
2020-07-19 04:00:00,Parramatta,94765,Bankstown,18.1,47,9.4,1013.8,
2020-07-19 05:00:00,Parramatta,94765,Bankstown,18.8,46,9.4,1013.3,
2020-07-19 07:00:00,Parramatta,94765,Bankstown,17.7,45,9.4,1013.2,
2020-07-19 08:00:00,Parramatta,94765,Bankstown,17.4,46,9.4,1013.7,
2020-07-19 10:00:00,Parramatta,94765,Bankstown,16.0,49,9.4,1014.5,
2020-07-19 11:00:00,Parramatta,94765,Bankstown,14.8,53,9.4,1014.7,
2020-07-19 13:00:00,Parramatta,94765,Bankstown,13.2,58,9.4,1014.5,
2020-07-19 14:00:00,Parramatta,94765,Bankstown,12.4,59,9.4,1014.2,
2020-07-19 16:00:00,Parramatta,94765,Bankstown,7.7,75,0.0,1013.5,
2020-07-19 17:00:00,Parramatta,94765,Bankstown,6.2,87,0.0,1013.7,
2020-07-19 19:00:00,Parramatta,94765,Bankstown,5.0,90,0.0,1015.1,
2020-07-19 20:00:00,Parramatta,94765,Bankstown,10.9,58,13.0,1016.4,
2020-07-19 22:00:00,Parramatta,94765,Bankstown,12.4,40,18.4,1018.2,
2020-07-19 23:00:00,Parramatta,94765,Bankstown,12.9,41,20.5,1019.0,
2020-07-20 01:00:00,Parramatta,94765,Bankstown,15.1,37,13.0,1019.6,
2020-07-20 02:00:00,Parramatta,94765,Bankstown,16.7,32,14.8,1019.0,
2020-07-20 04:00:00,Parramatta,94765,Bankstown,17.8,26,16.6,1018.0,
2020-07-20 05:00:00,Parramatta,94765,Bankstown,17.7,26,20.5,1018.0,
2020-07-20 07:00:00,Parramatta,94765,Bankstown,15.4,29,16.6,1019.4,
2020-07-20 08:00:00,Parramatta,94765,Bankstown,13.7,34,14.8,1020.1,
2020-07-20 10:00:00,Parramatta,94765,Bankstown,11.6,45,9.4,1021.4,
2020-07-20 11:00:00,Parramatta,94765,Bankstown,11.2,48,11.2,1021.7,
2020-07-20 13:00:00,Parramatta,94765,Bankstown,9.8,55,9.4,1023.0,
2020-07-20 14:00:00,Parramatta,94765,Bankstown,8.3,63,7.6,1023.1,
2020-07-20 16:00:00,Parramatta,94765,Bankstown,8.0,66,5.4,1023.5,
2020-07-20 17:00:00,Parramatta,94765,Bankstown,7.6,67,7.6,1023.5,
2020-07-20 19:00:00,Parramatta,94765,Bankstown,6.8,73,7.6,1024.3,
2020-07-20 20:00:00,Parramatta,94765,Bankstown,6.8,74,7.6,1025.1,
2020-07-20 22:00:00,Parramatta,94765,Bankstown,8.4,70,9.4,1026.5,
2020-07-20 23:00:00,Parramatta,94765,Bankstown,10.5,61,13.0,1027.1,
2020-07-21 00:00:00,Parramatta,94765,Bankstown,12.9,54,13.0,1027.4,
2020-07-21 01:00:00,Parramatta,94765,Bankstown,15.6,47,13.0,1027.4,
2020-07-21 02:00:00,Parramatta,94765,Bankstown,15.7,42,11.2,1027.1,
2020-07-21 04:00:00,Parramatta,94765,Bankstown,16.6,42,14.8,1026.1,
2020-07-21 05:00:00,Parramatta,94765,Bankstown,16.3,44,13.0,1026.1,
2020-07-21 06:00:00,Parramatta,94765,Bankstown,15.4,47,14.8,1026.3,
2020-07-21 07:00:00,Parramatta,94765,Bankstown,13.4,56,14.8,1026.4,
2020-07-21 08:00:00,Parramatta,94765,Bankstown,11.1,64,1.8,1026.9,
2020-07-21 10:00:00,Parramatta,94765,Bankstown,8.1,82,0.0,1028.0,
2020-07-21 11:00:00,Parramatta,94765,Bankstown,7.0,87,0.0,1028.4,
2020-07-21 12:00:00,Parramatta,94765,Bankstown,6.4,89,0.0,1028.5,
2020-07-21 13:00:00,Parramatta,94765,Bankstown,6.4,89,7.6,1028.6,
2020-07-21 14:00:00,Parramatta,94765,Bankstown,5.5,91,1.8,1028.5,
2020-07-21 15:00:00,Parramatta,94765,Bankstown,6.3,92,1.8,1028.3,
2020-07-21 16:00:00,Parramatta,94765,Bankstown,7.4,87,5.4,1028.1,
2020-07-21 17:00:00,Parramatta,94765,Bankstown,7.3,84,5.4,1027.7,
2020-07-21 18:00:00,Parramatta,94765,Bankstown,6.2,88,7.6,1027.4,
2020-07-21 19:00:00,Parramatta,94765,Bankstown,5.3,88,0.0,1027.5,
2020-07-21 20:00:00,Parramatta,94765,Bankstown,4.9,91,0.0,1027.3,
2020-07-21 21:00:00,Parramatta,94765,Bankstown,4.9,93,7.6,1027.7,
2020-07-21 22:00:00,Parramatta,94765,Bankstown,6.2,88,0.0,1027.9,
2020-07-21 23:00:00,Parramatta,94765,Bankstown,9.1,73,7.6,1028.2,
2020-07-22 00:00:00,Parramatta,94765,Bankstown,10.8,65,7.6,1028.2,
2020-07-22 01:00:00,Parramatta,94765,Bankstown,13.0,59,9.4,1027.9,
2020-07-22 02:00:00,Parramatta,94765,Bankstown,14.8,51,9.4,1026.5,
2020-07-22 03:00:00,Parramatta,94765,Bankstown,16.9,47,9.4,1025.4,
2020-07-22 04:00:00,Parramatta,94765,Bankstown,18.3,43,9.4,1024.3,
2020-07-22 05:00:00,Parramatta,94765,Bankstown,18.4,44,9.4,1024.0,
2020-07-22 06:00:00,Parramatta,94765,Bankstown,17.7,42,9.4,1024.1,
2020-07-22 07:00:00,Parramatta,94765,Bankstown,15.8,51,7.6,1024.2,
2020-07-22 08:00:00,Parramatta,94765,Bankstown,12.6,64,0.0,1024.7,
2020-07-22 09:00:00,Parramatta,94765,Bankstown,10.6,77,0.0,1025.2,
2020-07-22 10:00:00,Parramatta,94765,Bankstown,9.2,86,0.0,1025.2,
2020-07-22 11:00:00,Parramatta,94765,Bankstown,7.9,88,0.0,1025.3,
2020-07-22 12:00:00,Parramatta,94765,Bankstown,7.2,92,0.0,1025.7,
2020-07-22 13:00:00,Parramatta,94765,Bankstown,6.2,92,0.0,1025.9,
2020-07-22 14:00:00,Parramatta,94765,Bankstown,5.8,93,0.0,1025.9,
2020-07-22 15:00:00,Parramatta,94765,Bankstown,4.9,93,0.0,1025.8,
2020-07-22 16:00:00,Parramatta,94765,Bankstown,4.8,94,0.0,1025.7,
2020-07-22 17:00:00,Parramatta,94765,Bankstown,4.2,94,0.0,1025.1,
2020-07-22 18:00:00,Parramatta,94765,Bankstown,4.1,95,0.0,1024.7,
2020-07-22 19:00:00,Parramatta,94765,Bankstown,4.1,95,0.0,1024.8,
2020-07-22 20:00:00,Parramatta,94765,Bankstown,4.6,93,1.8,1025.1,
2020-07-22 21:00:00,Parramatta,94765,Bankstown,5.0,91,7.6,1025.7,
2020-07-22 22:00:00,Parramatta,94765,Bankstown,7.4,86,5.4,1026.3,
2020-07-22 23:00:00,Parramatta,94765,Bankstown,9.8,72,9.4,1026.7,
2020-07-23 00:00:00,Parramatta,94765,Bankstown,12.5,64,9.4,1026.6,
2020-07-23 01:00:00,Parramatta,94765,Bankstown,14.8,59,7.6,1026.0,
2020-07-23 02:00:00,Parramatta,94765,Bankstown,16.5,58,7.6,1025.1,
2020-07-23 03:00:00,Parramatta,94765,Bankstown,17.3,54,3.6,1024.2,
2020-07-23 04:00:00,Parramatta,94765,Bankstown,18.3,44,3.6,1023.9,
2020-07-23 05:00:00,Parramatta,94765,Bankstown,18.5,43,9.4,1023.7,
2020-07-23 06:00:00,Parramatta,94765,Bankstown,17.3,59,14.8,1023.6,
2020-07-23 07:00:00,Parramatta,94765,Bankstown,15.6,69,16.6,1024.2,
2020-07-23 08:00:00,Parramatta,94765,Bankstown,14.2,76,9.4,1024.8,
2020-07-23 09:00:00,Parramatta,94765,Bankstown,11.5,84,0.0,1025.4,
2020-07-23 10:00:00,Parramatta,94765,Bankstown,9.8,89,0.0,1025.8,
2020-07-23 11:00:00,Parramatta,94765,Bankstown,8.9,92,0.0,1026.3,
2020-07-23 12:00:00,Parramatta,94765,Bankstown,8.3,93,0.0,1026.7,
2020-07-23 13:00:00,Parramatta,94765,Bankstown,7.8,94,0.0,1027.0,
2020-07-23 14:00:00,Parramatta,94765,Bankstown,7.3,95,0.0,1026.9,
2020-07-23 15:00:00,Parramatta,94765,Bankstown,7.0,95,0.0,1026.7,
2020-07-23 16:00:00,Parramatta,94765,Bankstown,6.5,95,0.0,1026.4,
2020-07-23 17:00:00,Parramatta,94765,Bankstown,6.1,96,0.0,1026.1,
2020-07-23 18:00:00,Parramatta,94765,Bankstown,5.9,97,1.8,1026.2,
2020-07-23 19:00:00,Parramatta,94765,Bankstown,5.8,97,1.8,1026.3,
2020-07-23 20:00:00,Parramatta,94765,Bankstown,5.5,97,5.4,1026.6,
2020-07-23 21:00:00,Parramatta,94765,Bankstown,5.4,97,0.0,1027.2,
2020-07-23 22:00:00,Parramatta,94765,Bankstown,7.5,98,7.6,1027.7,
2020-07-23 23:00:00,Parramatta,94765,Bankstown,9.6,92,5.4,1028.1,
2020-07-24 00:00:00,Parramatta,94765,Bankstown,12.3,76,9.4,1028.1,
2020-07-24 01:00:00,Parramatta,94765,Bankstown,14.6,67,7.6,1027.6,
2020-07-24 02:00:00,Parramatta,94765,Bankstown,16.2,60,9.4,1026.6,
2020-07-24 03:00:00,Parramatta,94765,Bankstown,17.9,56,7.6,1025.8,
2020-07-24 04:00:00,Parramatta,94765,Bankstown,18.5,55,7.6,1025.2,
2020-07-24 05:00:00,Parramatta,94765,Bankstown,19.0,49,9.4,1024.8,
2020-07-24 06:00:00,Parramatta,94765,Bankstown,18.3,52,13.0,1024.8,
2020-07-24 07:00:00,Parramatta,94765,Bankstown,16.5,66,13.0,1025.1,
2020-07-24 08:00:00,Parramatta,94765,Bankstown,15.1,75,11.2,1025.7,
2020-07-24 09:00:00,Parramatta,94765,Bankstown,13.8,80,3.6,1026.0,
2020-07-24 10:00:00,Parramatta,94765,Bankstown,11.1,90,0.0,1026.3,
2020-07-24 11:00:00,Parramatta,94765,Bankstown,10.5,92,0.0,1026.5,
2020-07-24 12:00:00,Parramatta,94765,Bankstown,10.3,94,0.0,1026.5,
2020-07-24 13:00:00,Parramatta,94765,Bankstown,10.3,95,0.0,1026.7,
2020-07-24 14:00:00,Parramatta,94765,Bankstown,10.1,94,0.0,1026.6,
2020-07-24 15:00:00,Parramatta,94765,Bankstown,10.2,94,0.0,1026.4,
2020-07-24 16:00:00,Parramatta,94765,Bankstown,9.0,94,0.0,1026.0,
2020-07-24 17:00:00,Parramatta,94765,Bankstown,7.7,95,0.0,1025.8,
2020-07-24 18:00:00,Parramatta,94765,Bankstown,7.4,96,0.0,1025.4,
2020-07-24 19:00:00,Parramatta,94765,Bankstown,6.6,96,0.0,1025.6,
2020-07-24 20:00:00,Parramatta,94765,Bankstown,6.6,97,9.4,1025.9,
2020-07-24 21:00:00,Parramatta,94765,Bankstown,6.2,97,0.0,1026.1,
2020-07-24 22:00:00,Parramatta,94765,Bankstown,6.5,97,0.0,1026.3,
2020-07-24 23:00:00,Parramatta,94765,Bankstown,8.9,98,1.8,1026.3,
2020-07-25 00:00:00,Parramatta,94765,Bankstown,10.9,90,3.6,1026.7,
2020-07-25 01:00:00,Parramatta,94765,Bankstown,13.7,80,0.0,1026.3,
2020-07-25 02:00:00,Parramatta,94765,Bankstown,15.5,73,0.0,1024.6,
2020-07-25 03:00:00,Parramatta,94765,Bankstown,17.8,64,5.4,1023.6,
2020-07-25 04:00:00,Parramatta,94765,Bankstown,18.4,62,14.8,1023.1,
2020-07-25 05:00:00,Parramatta,94765,Bankstown,17.0,75,14.8,1023.1,
2020-07-25 06:00:00,Parramatta,94765,Bankstown,15.6,84,11.2,1023.0,
2020-07-25 07:00:00,Parramatta,94765,Bankstown,15.4,87,7.6,1023.2,
2020-07-25 08:00:00,Parramatta,94765,Bankstown,14.5,94,9.4,1023.7,
2020-07-25 09:00:00,Parramatta,94765,Bankstown,14.1,95,0.0,1023.9,
2020-07-25 10:00:00,Parramatta,94765,Bankstown,13.8,96,0.0,1023.8,
2020-07-25 11:00:00,Parramatta,94765,Bankstown,13.6,96,0.0,1023.7,
2020-07-25 12:00:00,Parramatta,94765,Bankstown,12.8,97,0.0,1023.1,
2020-07-25 13:00:00,Parramatta,94765,Bankstown,13.0,98,0.0,1023.0,
2020-07-25 14:00:00,Parramatta,94765,Bankstown,12.9,98,0.0,1022.9,
2020-07-25 15:00:00,Parramatta,94765,Bankstown,12.8,98,0.0,1022.0,
2020-07-25 16:00:00,Parramatta,94765,Bankstown,12.7,99,0.0,1021.3,
2020-07-25 17:00:00,Parramatta,94765,Bankstown,12.6,99,0.0,1020.6,
2020-07-25 18:00:00,Parramatta,94765,Bankstown,12.5,99,0.0,1020.2,
2020-07-25 19:00:00,Parramatta,94765,Bankstown,12.2,99,0.0,1019.1,
2020-07-25 20:00:00,Parramatta,94765,Bankstown,11.2,99,0.0,1019.4,
2020-07-25 21:00:00,Parramatta,94765,Bankstown,11.6,99,0.0,1019.6,
2020-07-25 22:00:00,Parramatta,94765,Bankstown,12.2,99,5.4,1019.3,
2020-07-25 23:00:00,Parramatta,94765,Bankstown,12.6,99,5.4,1018.7,
2020-07-26 00:00:00,Parramatta,94765,Bankstown,13.1,99,0.0,1018.2,
2020-07-26 01:00:00,Parramatta,94765,Bankstown,13.9,99,9.4,1017.2,
2020-07-26 02:00:00,Parramatta,94765,Bankstown,14.7,99,7.6,1015.5,
2020-07-26 03:00:00,Parramatta,94765,Bankstown,15.4,99,13.0,1013.7,
2020-07-26 04:00:00,Parramatta,94765,Bankstown,15.8,98,16.6,1012.7,
2020-07-26 05:00:00,Parramatta,94765,Bankstown,15.4,97,13.0,1011.9,
2020-07-26 06:00:00,Parramatta,94765,Bankstown,14.9,97,9.4,1011.3,
2020-07-26 07:00:00,Parramatta,94765,Bankstown,14.5,98,11.2,1010.5,
2020-07-26 08:00:00,Parramatta,94765,Bankstown,14.8,97,14.8,1009.6,
2020-07-26 09:00:00,Parramatta,94765,Bankstown,15.5,97,25.9,1008.9,
2020-07-26 10:00:00,Parramatta,94765,Bankstown,15.5,93,27.7,1007.5,
2020-07-26 11:00:00,Parramatta,94765,Bankstown,15.1,93,25.9,1006.4,
2020-07-26 12:00:00,Parramatta,94765,Bankstown,14.6,94,27.7,1004.5,
2020-07-26 13:00:00,Parramatta,94765,Bankstown,15.3,95,37.1,1002.7,
2020-07-26 14:00:00,Parramatta,94765,Bankstown,15.2,97,22.3,1001.1,
2020-07-26 15:00:00,Parramatta,94765,Bankstown,15.6,94,29.5,1000.2,
2020-07-26 16:00:00,Parramatta,94765,Bankstown,15.3,92,24.1,999.4,
2020-07-26 17:00:00,Parramatta,94765,Bankstown,15.0,97,18.4,999.3,
2020-07-26 18:00:00,Parramatta,94765,Bankstown,14.5,98,13.0,998.6,
2020-07-26 19:00:00,Parramatta,94765,Bankstown,15.1,87,13.0,997.6,
2020-07-26 20:00:00,Parramatta,94765,Bankstown,15.6,87,14.8,997.6,
2020-07-26 21:00:00,Parramatta,94765,Bankstown,14.9,92,16.6,997.5,
2020-07-26 22:00:00,Parramatta,94765,Bankstown,15.3,93,14.8,997.8,
2020-07-26 23:00:00,Parramatta,94765,Bankstown,15.8,93,16.6,998.5,
2020-07-27 00:00:00,Parramatta,94765,Bankstown,16.1,87,13.0,998.4,
2020-07-27 01:00:00,Parramatta,94765,Bankstown,16.6,83,18.4,998.5,
2020-07-27 02:00:00,Parramatta,94765,Bankstown,16.5,81,22.3,998.4,
2020-07-27 03:00:00,Parramatta,94765,Bankstown,16.7,76,14.8,998.3,
2020-07-27 04:00:00,Parramatta,94765,Bankstown,16.6,72,20.5,998.6,
2020-07-27 05:00:00,Parramatta,94765,Bankstown,14.9,82,16.6,999.4,
2020-07-27 06:00:00,Parramatta,94765,Bankstown,15.5,74,20.5,999.6,
2020-07-27 07:00:00,Parramatta,94765,Bankstown,14.3,79,16.6,1000.0,
2020-07-27 08:00:00,Parramatta,94765,Bankstown,13.7,82,20.5,1000.3,
2020-07-27 09:00:00,Parramatta,94765,Bankstown,13.3,84,16.6,1000.7,
2020-07-27 10:00:00,Parramatta,94765,Bankstown,13.7,79,18.4,1001.1,
2020-07-27 11:00:00,Parramatta,94765,Bankstown,12.9,88,16.6,1001.6,
2020-07-27 12:00:00,Parramatta,94765,Bankstown,12.7,93,16.6,1002.0,
2020-07-27 13:00:00,Parramatta,94765,Bankstown,13.0,91,13.0,1002.1,
2020-07-27 15:00:00,Parramatta,94765,Bankstown,14.4,83,16.6,1001.9,
2020-07-27 16:00:00,Parramatta,94765,Bankstown,13.7,89,13.0,1002.7,
2020-07-27 17:00:00,Parramatta,94765,Bankstown,13.8,95,13.0,1003.2,
2020-07-27 18:00:00,Parramatta,94765,Bankstown,14.1,96,13.0,1003.6,
2020-07-27 19:00:00,Parramatta,94765,Bankstown,13.7,95,13.0,1004.1,
2020-07-27 20:00:00,Parramatta,94765,Bankstown,14.4,92,13.0,1005.0,
2020-07-27 21:00:00,Parramatta,94765,Bankstown,14.8,90,13.0,1006.0,
2020-07-27 22:00:00,Parramatta,94765,Bankstown,14.4,94,11.2,1007.3,
2020-07-27 23:00:00,Parramatta,94765,Bankstown,14.8,95,11.2,1008.3,
2020-07-28 00:00:00,Parramatta,94765,Bankstown,15.2,93,13.0,1009.1,
2020-07-28 01:00:00,Parramatta,94765,Bankstown,16.9,85,13.0,1009.2,
2020-07-28 02:00:00,Parramatta,94765,Bankstown,18.3,71,22.3,1009.1,
2020-07-28 03:00:00,Parramatta,94765,Bankstown,18.3,66,20.5,1008.9,
2020-07-28 04:00:00,Parramatta,94765,Bankstown,18.4,62,20.5,1009.2,
2020-07-28 05:00:00,Parramatta,94765,Bankstown,18.3,63,16.6,1009.8,
2020-07-28 06:00:00,Parramatta,94765,Bankstown,17.8,61,14.8,1010.8,
2020-07-28 07:00:00,Parramatta,94765,Bankstown,16.6,65,11.2,1011.8,
2020-07-28 08:00:00,Parramatta,94765,Bankstown,15.0,72,5.4,1012.6,
2020-07-28 09:00:00,Parramatta,94765,Bankstown,13.6,84,0.0,1013.4,
2020-07-28 10:00:00,Parramatta,94765,Bankstown,13.4,87,1.8,1014.1,
2020-07-28 11:00:00,Parramatta,94765,Bankstown,13.3,89,0.0,1014.5,
2020-07-28 12:00:00,Parramatta,94765,Bankstown,13.0,91,0.0,1014.9,
2020-07-28 13:00:00,Parramatta,94765,Bankstown,13.0,90,1.8,1014.9,
2020-07-28 14:00:00,Parramatta,94765,Bankstown,12.4,92,0.0,1014.2,
2020-07-28 15:00:00,Parramatta,94765,Bankstown,10.7,94,5.4,1013.8,
2020-07-28 16:00:00,Parramatta,94765,Bankstown,10.2,96,0.0,1013.9,
2020-07-28 17:00:00,Parramatta,94765,Bankstown,9.7,96,0.0,1014.4,
2020-07-28 18:00:00,Parramatta,94765,Bankstown,8.6,96,0.0,1014.5,
2020-07-28 19:00:00,Parramatta,94765,Bankstown,8.5,97,0.0,1014.9,
2020-07-28 20:00:00,Parramatta,94765,Bankstown,7.8,97,3.6,1016.2,
2020-07-28 21:00:00,Parramatta,94765,Bankstown,8.3,97,1.8,1017.0,
2020-07-28 22:00:00,Parramatta,94765,Bankstown,10.1,96,0.0,1017.5,
2020-07-28 23:00:00,Parramatta,94765,Bankstown,13.4,75,11.2,1017.4,
2020-07-29 00:00:00,Parramatta,94765,Bankstown,15.9,65,13.0,1016.7,
2020-07-29 01:00:00,Parramatta,94765,Bankstown,17.4,60,9.4,1016.6,
2020-07-29 02:00:00,Parramatta,94765,Bankstown,18.1,55,13.0,1016.0,
2020-07-29 03:00:00,Parramatta,94765,Bankstown,18.9,52,9.4,1015.1,
2020-07-29 04:00:00,Parramatta,94765,Bankstown,17.9,59,14.8,1015.0,
2020-07-29 05:00:00,Parramatta,94765,Bankstown,17.2,61,14.8,1015.4,
2020-07-29 06:00:00,Parramatta,94765,Bankstown,16.3,63,16.6,1015.8,
2020-07-29 07:00:00,Parramatta,94765,Bankstown,15.8,68,13.0,1016.3,
2020-07-29 08:00:00,Parramatta,94765,Bankstown,14.5,74,7.6,1017.1,
2020-07-29 09:00:00,Parramatta,94765,Bankstown,12.9,83,7.6,1018.2,
2020-07-29 10:00:00,Parramatta,94765,Bankstown,12.2,86,7.6,1018.8,
2020-07-29 11:00:00,Parramatta,94765,Bankstown,11.2,89,0.0,1019.4,
2020-07-29 12:00:00,Parramatta,94765,Bankstown,10.3,92,0.0,1019.5,
2020-07-29 13:00:00,Parramatta,94765,Bankstown,9.5,93,0.0,1019.5,
2020-07-29 14:00:00,Parramatta,94765,Bankstown,8.9,94,0.0,1019.3,
2020-07-29 15:00:00,Parramatta,94765,Bankstown,9.0,95,5.4,1019.7,
2020-07-29 16:00:00,Parramatta,94765,Bankstown,8.8,94,7.6,1020.0,
2020-07-29 17:00:00,Parramatta,94765,Bankstown,9.4,93,9.4,1020.2,
2020-07-29 18:00:00,Parramatta,94765,Bankstown,11.0,81,9.4,1020.3,
2020-07-29 19:00:00,Parramatta,94765,Bankstown,10.1,83,7.6,1020.5,
2020-07-29 20:00:00,Parramatta,94765,Bankstown,8.8,87,0.0,1021.5,
2020-07-29 21:00:00,Parramatta,94765,Bankstown,8.7,91,0.0,1022.7,
2020-07-29 22:00:00,Parramatta,94765,Bankstown,10.2,86,3.6,1023.5,
2020-07-29 23:00:00,Parramatta,94765,Bankstown,12.4,75,14.8,1024.1,
2020-07-30 00:00:00,Parramatta,94765,Bankstown,14.8,64,14.8,1024.3,
2020-07-30 01:00:00,Parramatta,94765,Bankstown,16.1,59,16.6,1024.1,
2020-07-30 02:00:00,Parramatta,94765,Bankstown,17.3,57,11.2,1023.6,
2020-07-30 03:00:00,Parramatta,94765,Bankstown,18.3,50,18.4,1022.8,
2020-07-30 04:00:00,Parramatta,94765,Bankstown,17.6,46,25.9,1022.6,
2020-07-30 05:00:00,Parramatta,94765,Bankstown,17.3,47,24.1,1022.7,
2020-07-30 06:00:00,Parramatta,94765,Bankstown,16.2,54,25.9,1023.2,
2020-07-30 07:00:00,Parramatta,94765,Bankstown,15.3,59,16.6,1024.0,
2020-07-30 08:00:00,Parramatta,94765,Bankstown,14.7,63,20.5,1024.7,
2020-07-30 09:00:00,Parramatta,94765,Bankstown,14.6,63,14.8,1025.5,
2020-07-30 10:00:00,Parramatta,94765,Bankstown,14.1,63,9.4,1026.2,
2020-07-30 11:00:00,Parramatta,94765,Bankstown,13.8,67,7.6,1026.8,
2020-07-30 12:00:00,Parramatta,94765,Bankstown,13.5,71,7.6,1027.3,
2020-07-30 13:00:00,Parramatta,94765,Bankstown,12.9,73,9.4,1027.7,
2020-07-30 14:00:00,Parramatta,94765,Bankstown,12.0,75,9.4,1027.7,
2020-07-30 15:00:00,Parramatta,94765,Bankstown,9.9,84,0.0,1027.5,
2020-07-30 16:00:00,Parramatta,94765,Bankstown,8.5,88,0.0,1027.4,
2020-07-30 17:00:00,Parramatta,94765,Bankstown,7.5,89,0.0,1027.1,
2020-07-30 18:00:00,Parramatta,94765,Bankstown,7.3,90,7.6,1026.9,
2020-07-30 19:00:00,Parramatta,94765,Bankstown,7.7,88,7.6,1027.1,
2020-07-30 20:00:00,Parramatta,94765,Bankstown,7.9,84,7.6,1027.7,
2020-07-30 21:00:00,Parramatta,94765,Bankstown,7.2,85,7.6,1028.4,
2020-07-30 22:00:00,Parramatta,94765,Bankstown,8.9,78,9.4,1028.9,
2020-07-30 23:00:00,Parramatta,94765,Bankstown,11.3,69,13.0,1029.3,
2020-07-31 00:00:00,Parramatta,94765,Bankstown,13.0,59,13.0,1029.4,
2020-07-31 01:00:00,Parramatta,94765,Bankstown,14.7,53,11.2,1028.9,
2020-07-31 02:00:00,Parramatta,94765,Bankstown,15.9,49,7.6,1027.6,
2020-07-31 03:00:00,Parramatta,94765,Bankstown,17.1,44,7.6,1026.9,
2020-07-31 04:00:00,Parramatta,94765,Bankstown,16.7,43,9.4,1026.3,
2020-07-31 05:00:00,Parramatta,94765,Bankstown,16.8,42,5.4,1026.2,
2020-07-31 06:00:00,Parramatta,94765,Bankstown,16.5,52,9.4,1026.3,
2020-07-31 07:00:00,Parramatta,94765,Bankstown,14.6,56,14.8,1026.5,
2020-07-31 08:00:00,Parramatta,94765,Bankstown,13.1,62,9.4,1027.1,
2020-07-31 09:00:00,Parramatta,94765,Bankstown,10.5,76,0.0,1027.5,
2020-07-31 10:00:00,Parramatta,94765,Bankstown,9.1,86,0.0,1027.7,
2020-07-31 11:00:00,Parramatta,94765,Bankstown,8.1,91,0.0,1028.0,
2020-07-31 12:00:00,Parramatta,94765,Bankstown,7.5,92,0.0,1027.8,
2020-07-31 13:00:00,Parramatta,94765,Bankstown,6.9,93,0.0,1028.0,
2020-07-31 14:00:00,Parramatta,94765,Bankstown,6.5,93,0.0,1028.0,
2020-07-31 15:00:00,Parramatta,94765,Bankstown,5.8,92,0.0,1027.6,
2020-07-31 16:00:00,Parramatta,94765,Bankstown,5.4,94,0.0,1027.5,
2020-07-31 17:00:00,Parramatta,94765,Bankstown,5.0,94,0.0,1026.9,
2020-07-31 18:00:00,Parramatta,94765,Bankstown,5.0,95,5.4,1026.6,
2020-07-31 19:00:00,Parramatta,94765,Bankstown,4.6,95,0.0,1026.1,
2020-07-31 20:00:00,Parramatta,94765,Bankstown,4.3,96,0.0,1026.8,
2020-07-31 21:00:00,Parramatta,94765,Bankstown,3.8,96,0.0,1027.1,
2020-07-31 22:00:00,Parramatta,94765,Bankstown,6.4,96,1.8,1027.4,
2020-07-31 23:00:00,Parramatta,94765,Bankstown,9.0,84,7.6,1027.3,
2020-08-01 00:00:00,Parramatta,94765,Bankstown,11.2,71,9.4,1027.2,
2020-08-01 01:00:00,Parramatta,94765,Bankstown,13.8,62,7.6,1026.4,
2020-08-01 02:00:00,Parramatta,94765,Bankstown,16.4,54,11.2,1025.2,
2020-08-01 03:00:00,Parramatta,94765,Bankstown,17.7,50,11.2,1024.1,
2020-08-01 04:00:00,Parramatta,94765,Bankstown,18.3,47,11.2,1023.4,
2020-08-01 05:00:00,Parramatta,94765,Bankstown,18.9,46,7.6,1022.9,
2020-08-01 06:00:00,Parramatta,94765,Bankstown,19.4,44,1.8,1022.7,
2020-08-01 07:00:00,Parramatta,94765,Bankstown,18.0,50,0.0,1022.7,
2020-08-01 08:00:00,Parramatta,94765,Bankstown,14.3,67,1.8,1023.4,
2020-08-01 09:00:00,Parramatta,94765,Bankstown,11.8,81,0.0,1023.9,
2020-08-01 10:00:00,Parramatta,94765,Bankstown,9.8,88,0.0,1024.2,
2020-08-01 11:00:00,Parramatta,94765,Bankstown,9.0,92,0.0,1024.3,
2020-08-01 12:00:00,Parramatta,94765,Bankstown,8.2,94,0.0,1024.6,
2020-08-01 13:00:00,Parramatta,94765,Bankstown,7.3,94,0.0,1024.5,
2020-08-01 14:00:00,Parramatta,94765,Bankstown,6.6,95,0.0,1024.5,
2020-08-01 15:00:00,Parramatta,94765,Bankstown,6.5,95,0.0,1024.2,
2020-08-01 16:00:00,Parramatta,94765,Bankstown,5.7,95,0.0,1024.0,
2020-08-01 17:00:00,Parramatta,94765,Bankstown,5.0,96,0.0,1023.9,
2020-08-01 18:00:00,Parramatta,94765,Bankstown,5.1,96,5.4,1023.7,
2020-08-01 19:00:00,Parramatta,94765,Bankstown,4.4,96,0.0,1024.1,
2020-08-01 20:00:00,Parramatta,94765,Bankstown,4.0,96,0.0,1024.6,
2020-08-01 21:00:00,Parramatta,94765,Bankstown,3.5,96,0.0,1025.1,
2020-08-01 22:00:00,Parramatta,94765,Bankstown,6.7,94,7.6,1025.8,
2020-08-01 23:00:00,Parramatta,94765,Bankstown,10.0,75,5.4,1025.9,
2020-08-02 00:00:00,Parramatta,94765,Bankstown,12.8,59,7.6,1025.8,
2020-08-02 01:00:00,Parramatta,94765,Bankstown,15.5,50,7.6,1025.1,
2020-08-02 02:00:00,Parramatta,94765,Bankstown,17.1,40,9.4,1024.2,
2020-08-02 03:00:00,Parramatta,94765,Bankstown,18.6,39,11.2,1023.3,
2020-08-02 04:00:00,Parramatta,94765,Bankstown,19.4,30,7.6,1022.5,
2020-08-02 05:00:00,Parramatta,94765,Bankstown,19.6,26,9.4,1022.2,
2020-08-02 06:00:00,Parramatta,94765,Bankstown,18.2,39,13.0,1022.2,
2020-08-02 07:00:00,Parramatta,94765,Bankstown,16.3,59,14.8,1022.5,
2020-08-02 08:00:00,Parramatta,94765,Bankstown,14.6,66,7.6,1022.8,
2020-08-02 09:00:00,Parramatta,94765,Bankstown,12.6,76,0.0,1022.9,
2020-08-02 10:00:00,Parramatta,94765,Bankstown,10.3,86,0.0,1023.2,
2020-08-02 11:00:00,Parramatta,94765,Bankstown,9.7,89,0.0,1023.0,
2020-08-02 12:00:00,Parramatta,94765,Bankstown,8.9,93,0.0,1023.0,
2020-08-02 13:00:00,Parramatta,94765,Bankstown,7.9,93,0.0,1022.6,
2020-08-02 14:00:00,Parramatta,94765,Bankstown,7.2,94,0.0,1022.2,
2020-08-02 15:00:00,Parramatta,94765,Bankstown,6.8,95,0.0,1021.8,
2020-08-02 16:00:00,Parramatta,94765,Bankstown,5.7,95,0.0,1021.3,
2020-08-02 17:00:00,Parramatta,94765,Bankstown,5.5,96,0.0,1020.7,
2020-08-02 18:00:00,Parramatta,94765,Bankstown,5.2,96,0.0,1020.2,
2020-08-02 19:00:00,Parramatta,94765,Bankstown,5.3,97,7.6,1019.9,
2020-08-02 20:00:00,Parramatta,94765,Bankstown,4.8,97,0.0,1020.2,
2020-08-02 21:00:00,Parramatta,94765,Bankstown,4.4,97,0.0,1020.5,
2020-08-02 22:00:00,Parramatta,94765,Bankstown,7.0,96,0.0,1020.7,
2020-08-02 23:00:00,Parramatta,94765,Bankstown,9.5,75,7.6,1020.5,
2020-08-03 00:00:00,Parramatta,94765,Bankstown,12.4,63,9.4,1019.9,
2020-08-03 01:00:00,Parramatta,94765,Bankstown,14.3,59,9.4,1018.9,
2020-08-03 02:00:00,Parramatta,94765,Bankstown,16.8,49,11.2,1017.5,
2020-08-03 03:00:00,Parramatta,94765,Bankstown,18.2,42,7.6,1016.0,
2020-08-03 04:00:00,Parramatta,94765,Bankstown,20.1,33,9.4,1015.1,
2020-08-03 05:00:00,Parramatta,94765,Bankstown,21.1,32,9.4,1014.6,
2020-08-03 06:00:00,Parramatta,94765,Bankstown,20.6,35,5.4,1014.3,
2020-08-03 07:00:00,Parramatta,94765,Bankstown,17.7,49,0.0,1014.4,
2020-08-03 08:00:00,Parramatta,94765,Bankstown,14.9,65,0.0,1014.5,
2020-08-03 09:00:00,Parramatta,94765,Bankstown,13.1,76,0.0,1014.9,
2020-08-03 10:00:00,Parramatta,94765,Bankstown,11.6,77,0.0,1015.2,
2020-08-03 11:00:00,Parramatta,94765,Bankstown,10.2,85,0.0,1015.0,
2020-08-03 12:00:00,Parramatta,94765,Bankstown,9.5,87,0.0,1015.2,
2020-08-03 13:00:00,Parramatta,94765,Bankstown,8.9,89,1.8,1014.9,
2020-08-03 14:00:00,Parramatta,94765,Bankstown,8.5,90,0.0,1014.5,
2020-08-03 15:00:00,Parramatta,94765,Bankstown,7.3,92,0.0,1014.2,
2020-08-03 16:00:00,Parramatta,94765,Bankstown,6.7,94,0.0,1013.6,
2020-08-03 17:00:00,Parramatta,94765,Bankstown,6.0,93,0.0,1013.1,
2020-08-03 18:00:00,Parramatta,94765,Bankstown,4.9,94,0.0,1012.8,
2020-08-03 19:00:00,Parramatta,94765,Bankstown,4.2,95,0.0,1012.6,
2020-08-03 20:00:00,Parramatta,94765,Bankstown,3.7,95,0.0,1012.6,
2020-08-03 21:00:00,Parramatta,94765,Bankstown,3.4,94,0.0,1012.4,
2020-08-03 22:00:00,Parramatta,94765,Bankstown,6.1,93,0.0,1012.3,
2020-08-03 23:00:00,Parramatta,94765,Bankstown,10.2,78,0.0,1012.0,
2020-08-04 00:00:00,Parramatta,94765,Bankstown,16.7,47,9.4,1011.4,
2020-08-04 01:00:00,Parramatta,94765,Bankstown,18.7,36,11.2,1010.5,
2020-08-04 02:00:00,Parramatta,94765,Bankstown,19.8,36,13.0,1009.1,
2020-08-04 03:00:00,Parramatta,94765,Bankstown,20.3,31,14.8,1008.0,
2020-08-04 04:00:00,Parramatta,94765,Bankstown,20.3,33,13.0,1007.6,
2020-08-04 05:00:00,Parramatta,94765,Bankstown,21.9,27,24.1,1007.4,
2020-08-04 06:00:00,Parramatta,94765,Bankstown,20.8,28,24.1,1008.1,
2020-08-04 07:00:00,Parramatta,94765,Bankstown,19.0,32,22.3,1009.1,
2020-08-04 08:00:00,Parramatta,94765,Bankstown,17.0,39,16.6,1010.1,
2020-08-04 09:00:00,Parramatta,94765,Bankstown,15.1,46,11.2,1011.3,
2020-08-04 10:00:00,Parramatta,94765,Bankstown,13.5,43,14.8,1012.7,
2020-08-04 11:00:00,Parramatta,94765,Bankstown,11.8,35,11.2,1013.3,
2020-08-04 12:00:00,Parramatta,94765,Bankstown,11.1,35,16.6,1013.6,
2020-08-04 13:00:00,Parramatta,94765,Bankstown,10.3,37,20.5,1014.3,
2020-08-04 14:00:00,Parramatta,94765,Bankstown,9.3,39,13.0,1014.2,
2020-08-04 15:00:00,Parramatta,94765,Bankstown,9.0,41,20.5,1014.1,
2020-08-04 16:00:00,Parramatta,94765,Bankstown,8.3,45,16.6,1013.9,
2020-08-04 17:00:00,Parramatta,94765,Bankstown,7.5,49,14.8,1013.4,
2020-08-04 18:00:00,Parramatta,94765,Bankstown,6.6,54,11.2,1013.4,
2020-08-04 19:00:00,Parramatta,94765,Bankstown,5.9,59,9.4,1013.4,
2020-08-04 20:00:00,Parramatta,94765,Bankstown,5.2,62,9.4,1013.3,
2020-08-04 21:00:00,Parramatta,94765,Bankstown,4.6,64,9.4,1013.2,
2020-08-04 22:00:00,Parramatta,94765,Bankstown,7.4,56,11.2,1013.3,
2020-08-04 23:00:00,Parramatta,94765,Bankstown,10.0,46,13.0,1013.1,
2020-08-05 00:00:00,Parramatta,94765,Bankstown,11.6,42,11.2,1013.2,
2020-08-05 01:00:00,Parramatta,94765,Bankstown,13.0,33,16.6,1013.2,
2020-08-05 02:00:00,Parramatta,94765,Bankstown,14.5,32,13.0,1012.4,
2020-08-05 03:00:00,Parramatta,94765,Bankstown,16.6,27,18.4,1011.8,
2020-08-05 04:00:00,Parramatta,94765,Bankstown,17.1,25,24.1,1011.3,
2020-08-05 05:00:00,Parramatta,94765,Bankstown,17.4,17,25.9,1011.3,
2020-08-05 06:00:00,Parramatta,94765,Bankstown,16.5,20,22.3,1011.7,
2020-08-05 07:00:00,Parramatta,94765,Bankstown,14.5,25,11.2,1012.2,
2020-08-05 08:00:00,Parramatta,94765,Bankstown,12.1,30,5.4,1013.0,
2020-08-05 09:00:00,Parramatta,94765,Bankstown,11.6,32,13.0,1014.0,
2020-08-05 10:00:00,Parramatta,94765,Bankstown,10.7,35,7.6,1015.1,
2020-08-05 11:00:00,Parramatta,94765,Bankstown,11.3,41,14.8,1015.7,
2020-08-05 12:00:00,Parramatta,94765,Bankstown,10.7,47,20.5,1016.0,
2020-08-05 13:00:00,Parramatta,94765,Bankstown,9.9,51,16.6,1015.8,
2020-08-05 14:00:00,Parramatta,94765,Bankstown,9.4,50,18.4,1015.8,
2020-08-05 15:00:00,Parramatta,94765,Bankstown,8.6,53,13.0,1016.4,
2020-08-05 16:00:00,Parramatta,94765,Bankstown,8.1,55,13.0,1016.5,
2020-08-05 17:00:00,Parramatta,94765,Bankstown,7.1,58,11.2,1016.2,
2020-08-05 18:00:00,Parramatta,94765,Bankstown,6.6,64,11.2,1015.8,
2020-08-05 19:00:00,Parramatta,94765,Bankstown,4.9,70,7.6,1016.0,
2020-08-05 20:00:00,Parramatta,94765,Bankstown,5.5,71,9.4,1017.1,
2020-08-05 21:00:00,Parramatta,94765,Bankstown,4.8,71,11.2,1018.1,
2020-08-05 22:00:00,Parramatta,94765,Bankstown,6.9,65,7.6,1019.0,
2020-08-05 23:00:00,Parramatta,94765,Bankstown,9.2,54,9.4,1019.4,
2020-08-06 00:00:00,Parramatta,94765,Bankstown,11.5,44,13.0,1019.4,
2020-08-06 01:00:00,Parramatta,94765,Bankstown,13.6,38,16.6,1018.9,
2020-08-06 02:00:00,Parramatta,94765,Bankstown,14.5,33,13.0,1018.6,
2020-08-06 03:00:00,Parramatta,94765,Bankstown,15.3,30,13.0,1017.8,
2020-08-06 04:00:00,Parramatta,94765,Bankstown,15.9,29,9.4,1017.7,
2020-08-06 05:00:00,Parramatta,94765,Bankstown,15.0,34,20.5,1018.0,
2020-08-06 06:00:00,Parramatta,94765,Bankstown,14.3,38,14.8,1018.3,
2020-08-06 07:00:00,Parramatta,94765,Bankstown,13.0,39,14.8,1019.3,
2020-08-06 08:00:00,Parramatta,94765,Bankstown,11.6,45,9.4,1020.1,
2020-08-06 09:00:00,Parramatta,94765,Bankstown,9.3,57,0.0,1021.5,
2020-08-06 10:00:00,Parramatta,94765,Bankstown,8.1,70,0.0,1022.2,
2020-08-06 11:00:00,Parramatta,94765,Bankstown,7.5,76,0.0,1022.3,
2020-08-06 12:00:00,Parramatta,94765,Bankstown,7.7,73,0.0,1022.4,
2020-08-06 13:00:00,Parramatta,94765,Bankstown,7.8,76,0.0,1023.2,
2020-08-06 14:00:00,Parramatta,94765,Bankstown,7.5,77,0.0,1022.4,
2020-08-06 15:00:00,Parramatta,94765,Bankstown,8.0,73,1.8,1022.3,
2020-08-06 16:00:00,Parramatta,94765,Bankstown,7.9,71,0.0,1021.7,
2020-08-06 17:00:00,Parramatta,94765,Bankstown,8.1,76,1.8,1021.9,
2020-08-06 18:00:00,Parramatta,94765,Bankstown,8.3,78,1.8,1021.8,
2020-08-06 19:00:00,Parramatta,94765,Bankstown,8.6,76,3.6,1022.5,
2020-08-06 20:00:00,Parramatta,94765,Bankstown,8.7,79,3.6,1022.7,
2020-08-06 21:00:00,Parramatta,94765,Bankstown,8.7,78,1.8,1022.3,
2020-08-06 22:00:00,Parramatta,94765,Bankstown,9.2,83,5.4,1022.1,
2020-08-06 23:00:00,Parramatta,94765,Bankstown,10.5,77,7.6,1022.8,
2020-08-07 00:00:00,Parramatta,94765,Bankstown,11.7,78,0.0,1021.9,
2020-08-07 01:00:00,Parramatta,94765,Bankstown,11.4,89,5.4,1021.5,
2020-08-07 02:00:00,Parramatta,94765,Bankstown,12.4,90,1.8,1020.1,
2020-08-07 03:00:00,Parramatta,94765,Bankstown,13.1,91,9.4,1019.4,
2020-08-07 04:00:00,Parramatta,94765,Bankstown,12.7,92,11.2,1019.1,
2020-08-07 05:00:00,Parramatta,94765,Bankstown,11.5,94,5.4,1018.6,
2020-08-07 06:00:00,Parramatta,94765,Bankstown,11.1,96,7.6,1018.5,
2020-08-07 07:00:00,Parramatta,94765,Bankstown,11.3,97,7.6,1017.6,
2020-08-07 08:00:00,Parramatta,94765,Bankstown,11.5,98,0.0,1017.1,
2020-08-07 09:00:00,Parramatta,94765,Bankstown,11.6,98,7.6,1017.6,
2020-08-07 10:00:00,Parramatta,94765,Bankstown,11.5,98,0.0,1017.6,
2020-08-07 11:00:00,Parramatta,94765,Bankstown,11.5,98,1.8,1017.5,
2020-08-07 12:00:00,Parramatta,94765,Bankstown,11.5,98,1.8,1017.0,
2020-08-07 13:00:00,Parramatta,94765,Bankstown,11.5,98,9.4,1016.4,
2020-08-07 14:00:00,Parramatta,94765,Bankstown,11.6,98,0.0,1015.5,
2020-08-07 15:00:00,Parramatta,94765,Bankstown,11.6,98,0.0,1015.5,
2020-08-07 16:00:00,Parramatta,94765,Bankstown,11.4,98,7.6,1014.8,
2020-08-07 17:00:00,Parramatta,94765,Bankstown,11.3,98,0.0,1014.2,
2020-08-07 18:00:00,Parramatta,94765,Bankstown,11.2,98,0.0,1014.1,
2020-08-07 19:00:00,Parramatta,94765,Bankstown,10.8,99,0.0,1013.9,
2020-08-07 20:00:00,Parramatta,94765,Bankstown,9.8,99,0.0,1014.1,
2020-08-07 21:00:00,Parramatta,94765,Bankstown,10.3,99,5.4,1014.4,
2020-08-07 22:00:00,Parramatta,94765,Bankstown,11.4,99,0.0,1014.4,
2020-08-07 23:00:00,Parramatta,94765,Bankstown,13.0,94,7.6,1014.6,
2020-08-08 00:00:00,Parramatta,94765,Bankstown,15.9,81,11.2,1013.6,
2020-08-08 01:00:00,Parramatta,94765,Bankstown,16.7,71,11.2,1013.6,
2020-08-08 02:00:00,Parramatta,94765,Bankstown,15.8,76,13.0,1012.8,
2020-08-08 03:00:00,Parramatta,94765,Bankstown,14.4,86,13.0,1011.7,
2020-08-08 04:00:00,Parramatta,94765,Bankstown,14.8,83,7.6,1011.1,
2020-08-08 05:00:00,Parramatta,94765,Bankstown,14.4,82,7.6,1010.8,
2020-08-08 06:00:00,Parramatta,94765,Bankstown,14.8,82,7.6,1010.6,
2020-08-08 07:00:00,Parramatta,94765,Bankstown,14.2,83,9.4,1010.8,
2020-08-08 08:00:00,Parramatta,94765,Bankstown,13.2,87,5.4,1011.1,
2020-08-08 09:00:00,Parramatta,94765,Bankstown,13.2,91,7.6,1011.5,
2020-08-08 10:00:00,Parramatta,94765,Bankstown,12.6,89,9.4,1012.0,
2020-08-08 11:00:00,Parramatta,94765,Bankstown,12.8,79,11.2,1011.8,
2020-08-08 12:00:00,Parramatta,94765,Bankstown,12.2,77,14.8,1012.0,
2020-08-08 13:00:00,Parramatta,94765,Bankstown,11.8,77,13.0,1011.7,
2020-08-08 14:00:00,Parramatta,94765,Bankstown,11.2,78,9.4,1011.8,
2020-08-08 15:00:00,Parramatta,94765,Bankstown,10.9,78,11.2,1011.5,
2020-08-08 16:00:00,Parramatta,94765,Bankstown,10.5,81,7.6,1011.4,
2020-08-08 17:00:00,Parramatta,94765,Bankstown,10.2,76,9.4,1010.6,
2020-08-08 18:00:00,Parramatta,94765,Bankstown,9.9,74,9.4,1010.2,
2020-08-08 19:00:00,Parramatta,94765,Bankstown,7.9,83,7.6,1010.4,
2020-08-08 20:00:00,Parramatta,94765,Bankstown,8.1,84,7.6,1010.9,
2020-08-08 21:00:00,Parramatta,94765,Bankstown,7.7,84,9.4,1011.3,
2020-08-08 22:00:00,Parramatta,94765,Bankstown,9.6,79,0.0,1012.0,
2020-08-08 23:00:00,Parramatta,94765,Bankstown,11.7,65,13.0,1011.9,
2020-08-09 00:00:00,Parramatta,94765,Bankstown,13.3,59,14.8,1011.3,
2020-08-09 01:00:00,Parramatta,94765,Bankstown,13.8,59,13.0,1010.8,
2020-08-09 02:00:00,Parramatta,94765,Bankstown,13.1,63,11.2,1009.9,
2020-08-09 03:00:00,Parramatta,94765,Bankstown,12.3,71,16.6,1009.1,
2020-08-09 04:00:00,Parramatta,94765,Bankstown,10.2,90,14.8,1008.6,
2020-08-09 05:00:00,Parramatta,94765,Bankstown,10.2,92,16.6,1008.2,
2020-08-09 06:00:00,Parramatta,94765,Bankstown,9.9,92,16.6,1007.6,
2020-08-09 07:00:00,Parramatta,94765,Bankstown,10.1,95,14.8,1007.2,
2020-08-09 08:00:00,Parramatta,94765,Bankstown,9.4,94,22.3,1006.1,
2020-08-09 09:00:00,Parramatta,94765,Bankstown,10.3,94,20.5,1003.1,
2020-08-09 10:00:00,Parramatta,94765,Bankstown,13.6,82,42.5,1003.2,
2020-08-09 11:00:00,Parramatta,94765,Bankstown,12.2,86,29.5,1007.3,
2020-08-09 12:00:00,Parramatta,94765,Bankstown,12.8,81,16.6,1008.8,
2020-08-09 13:00:00,Parramatta,94765,Bankstown,13.5,83,20.5,1009.3,
2020-08-09 14:00:00,Parramatta,94765,Bankstown,13.1,81,16.6,1009.7,
2020-08-09 15:00:00,Parramatta,94765,Bankstown,13.9,76,24.1,1010.1,
2020-08-09 16:00:00,Parramatta,94765,Bankstown,13.2,85,24.1,1010.5,
2020-08-09 17:00:00,Parramatta,94765,Bankstown,13.3,88,35.3,1010.3,
2020-08-09 18:00:00,Parramatta,94765,Bankstown,13.9,82,27.7,1011.0,
2020-08-09 19:00:00,Parramatta,94765,Bankstown,13.2,90,27.7,1012.1,
2020-08-09 20:00:00,Parramatta,94765,Bankstown,13.3,85,38.9,1013.2,
2020-08-09 21:00:00,Parramatta,94765,Bankstown,13.6,78,29.5,1014.1,
2020-08-09 22:00:00,Parramatta,94765,Bankstown,13.6,75,33.5,1015.4,
2020-08-09 23:00:00,Parramatta,94765,Bankstown,15.4,58,31.7,1016.0,
2020-08-10 00:00:00,Parramatta,94765,Bankstown,15.6,62,38.9,1016.9,
2020-08-10 01:00:00,Parramatta,94765,Bankstown,14.2,71,35.3,1017.7,
2020-08-10 02:00:00,Parramatta,94765,Bankstown,15.2,68,24.1,1017.8,
2020-08-10 03:00:00,Parramatta,94765,Bankstown,16.2,57,31.7,1017.5,
2020-08-10 04:00:00,Parramatta,94765,Bankstown,14.6,62,37.1,1017.9,
2020-08-10 05:00:00,Parramatta,94765,Bankstown,15.0,66,25.9,1018.4,
2020-08-10 06:00:00,Parramatta,94765,Bankstown,12.2,84,22.3,1019.2,
2020-08-10 07:00:00,Parramatta,94765,Bankstown,11.5,90,13.0,1019.8,
2020-08-10 08:00:00,Parramatta,94765,Bankstown,11.5,90,3.6,1020.4,
2020-08-10 09:00:00,Parramatta,94765,Bankstown,11.0,90,11.2,1020.8,
2020-08-10 10:00:00,Parramatta,94765,Bankstown,11.2,88,11.2,1021.1,
2020-08-10 11:00:00,Parramatta,94765,Bankstown,10.7,87,11.2,1021.4,
2020-08-10 12:00:00,Parramatta,94765,Bankstown,10.5,88,13.0,1021.1,
2020-08-10 13:00:00,Parramatta,94765,Bankstown,10.3,89,11.2,1020.9,
2020-08-10 14:00:00,Parramatta,94765,Bankstown,10.6,87,13.0,1020.8,
2020-08-10 15:00:00,Parramatta,94765,Bankstown,10.8,86,13.0,1021.0,
2020-08-10 16:00:00,Parramatta,94765,Bankstown,10.9,85,13.0,1021.1,
2020-08-10 17:00:00,Parramatta,94765,Bankstown,10.9,84,11.2,1020.9,
2020-08-10 18:00:00,Parramatta,94765,Bankstown,10.9,84,9.4,1021.0,
2020-08-10 19:00:00,Parramatta,94765,Bankstown,10.8,82,0.0,1021.2,
2020-08-10 20:00:00,Parramatta,94765,Bankstown,10.7,84,0.0,1021.7,
2020-08-10 21:00:00,Parramatta,94765,Bankstown,10.9,83,7.6,1022.0,
2020-08-10 22:00:00,Parramatta,94765,Bankstown,11.2,82,9.4,1021.9,
2020-08-10 23:00:00,Parramatta,94765,Bankstown,12.2,77,9.4,1021.9,
2020-08-11 00:00:00,Parramatta,94765,Bankstown,13.3,73,9.4,1021.7,
2020-08-11 01:00:00,Parramatta,94765,Bankstown,14.9,67,11.2,1021.4,
2020-08-11 02:00:00,Parramatta,94765,Bankstown,15.8,54,9.4,1020.6,
2020-08-11 03:00:00,Parramatta,94765,Bankstown,16.0,49,0.0,1019.1,
2020-08-11 04:00:00,Parramatta,94765,Bankstown,17.1,51,5.4,1018.5,
2020-08-11 05:00:00,Parramatta,94765,Bankstown,17.3,47,9.4,1018.3,
2020-08-11 06:00:00,Parramatta,94765,Bankstown,17.2,50,11.2,1017.9,
2020-08-11 07:00:00,Parramatta,94765,Bankstown,15.7,54,9.4,1017.9,
2020-08-11 08:00:00,Parramatta,94765,Bankstown,14.1,69,11.2,1018.3,
2020-08-11 09:00:00,Parramatta,94765,Bankstown,13.4,73,11.2,1018.7,
2020-08-11 10:00:00,Parramatta,94765,Bankstown,13.0,74,11.2,1018.9,
2020-08-11 11:00:00,Parramatta,94765,Bankstown,10.1,86,0.0,1019.5,
2020-08-11 12:00:00,Parramatta,94765,Bankstown,9.7,90,5.4,1018.3,
2020-08-11 13:00:00,Parramatta,94765,Bankstown,9.3,92,0.0,1018.4,
2020-08-11 14:00:00,Parramatta,94765,Bankstown,9.1,92,0.0,1018.7,
2020-08-11 15:00:00,Parramatta,94765,Bankstown,9.0,93,0.0,1018.2,
2020-08-11 16:00:00,Parramatta,94765,Bankstown,8.7,93,3.6,1017.7,
2020-08-11 17:00:00,Parramatta,94765,Bankstown,8.7,94,0.0,1017.1,
2020-08-11 18:00:00,Parramatta,94765,Bankstown,8.6,95,0.0,1017.0,
2020-08-11 19:00:00,Parramatta,94765,Bankstown,8.5,95,0.0,1016.9,
2020-08-11 20:00:00,Parramatta,94765,Bankstown,8.2,95,0.0,1016.8,
2020-08-11 21:00:00,Parramatta,94765,Bankstown,7.9,95,0.0,1016.9,
2020-08-11 22:00:00,Parramatta,94765,Bankstown,9.2,96,0.0,1017.0,
2020-08-11 23:00:00,Parramatta,94765,Bankstown,10.6,90,0.0,1017.1,
2020-08-12 00:00:00,Parramatta,94765,Bankstown,12.5,83,0.0,1016.5,
2020-08-12 01:00:00,Parramatta,94765,Bankstown,15.2,73,7.6,1015.3,
2020-08-12 02:00:00,Parramatta,94765,Bankstown,16.2,63,9.4,1014.2,
2020-08-12 03:00:00,Parramatta,94765,Bankstown,16.7,64,7.6,1013.1,
2020-08-12 04:00:00,Parramatta,94765,Bankstown,16.6,66,7.6,1012.6,
2020-08-12 05:00:00,Parramatta,94765,Bankstown,17.2,61,7.6,1012.0,
2020-08-12 06:00:00,Parramatta,94765,Bankstown,16.9,66,0.0,1011.8,
2020-08-12 07:00:00,Parramatta,94765,Bankstown,15.7,75,0.0,1011.8,
2020-08-12 08:00:00,Parramatta,94765,Bankstown,14.3,78,0.0,1012.3,
2020-08-12 09:00:00,Parramatta,94765,Bankstown,12.6,85,0.0,1012.7,
2020-08-12 10:00:00,Parramatta,94765,Bankstown,12.1,91,7.6,1013.2,
2020-08-12 11:00:00,Parramatta,94765,Bankstown,12.4,88,7.6,1013.3,
2020-08-12 12:00:00,Parramatta,94765,Bankstown,11.1,91,5.4,1013.2,
2020-08-12 13:00:00,Parramatta,94765,Bankstown,9.8,93,0.0,1013.0,
2020-08-12 14:00:00,Parramatta,94765,Bankstown,9.3,95,0.0,1012.9,
2020-08-12 15:00:00,Parramatta,94765,Bankstown,8.6,96,0.0,1012.9,
2020-08-12 16:00:00,Parramatta,94765,Bankstown,8.4,97,5.4,1013.0,
2020-08-12 17:00:00,Parramatta,94765,Bankstown,8.7,97,0.0,1012.2,
2020-08-12 18:00:00,Parramatta,94765,Bankstown,7.9,97,0.0,1012.0,
2020-08-12 19:00:00,Parramatta,94765,Bankstown,8.1,97,5.4,1012.0,
2020-08-12 20:00:00,Parramatta,94765,Bankstown,7.5,97,0.0,1012.5,
2020-08-12 21:00:00,Parramatta,94765,Bankstown,7.4,97,1.8,1013.2,
2020-08-13 00:00:00,Parramatta,94765,Bankstown,16.3,69,0.0,1014.6,
2020-08-13 01:00:00,Parramatta,94765,Bankstown,18.6,55,9.4,1014.1,
2020-08-13 02:00:00,Parramatta,94765,Bankstown,20.0,52,9.4,1013.4,
2020-08-13 03:00:00,Parramatta,94765,Bankstown,20.8,48,13.0,1012.5,
2020-08-13 04:00:00,Parramatta,94765,Bankstown,21.5,45,11.2,1012.3,
2020-08-13 05:00:00,Parramatta,94765,Bankstown,22.0,43,11.2,1012.3,
2020-08-13 06:00:00,Parramatta,94765,Bankstown,21.9,43,5.4,1012.4,
2020-08-13 07:00:00,Parramatta,94765,Bankstown,19.7,52,0.0,1012.9,
2020-08-13 08:00:00,Parramatta,94765,Bankstown,17.2,66,14.8,1013.8,
2020-08-13 09:00:00,Parramatta,94765,Bankstown,15.0,76,9.4,1014.7,
2020-08-13 10:00:00,Parramatta,94765,Bankstown,15.0,81,0.0,1015.4,
2020-08-13 11:00:00,Parramatta,94765,Bankstown,13.9,87,0.0,1016.0,
2020-08-13 12:00:00,Parramatta,94765,Bankstown,12.7,89,0.0,1016.5,
2020-08-13 13:00:00,Parramatta,94765,Bankstown,11.6,93,0.0,1016.5,
2020-08-13 14:00:00,Parramatta,94765,Bankstown,10.8,93,0.0,1016.2,
2020-08-13 15:00:00,Parramatta,94765,Bankstown,9.9,94,0.0,1016.1,
2020-08-13 16:00:00,Parramatta,94765,Bankstown,9.3,94,0.0,1015.7,
2020-08-13 17:00:00,Parramatta,94765,Bankstown,8.6,95,0.0,1015.4,
2020-08-13 18:00:00,Parramatta,94765,Bankstown,8.2,95,0.0,1015.3,
2020-08-13 19:00:00,Parramatta,94765,Bankstown,7.8,96,0.0,1015.4,
2020-08-13 20:00:00,Parramatta,94765,Bankstown,7.4,96,0.0,1015.2,
2020-08-13 21:00:00,Parramatta,94765,Bankstown,8.2,97,0.0,1016.4,
2020-08-13 22:00:00,Parramatta,94765,Bankstown,10.0,97,0.0,1016.3,
2020-08-13 23:00:00,Parramatta,94765,Bankstown,12.8,80,7.6,1016.2,
2020-08-14 00:00:00,Parramatta,94765,Bankstown,15.1,74,7.6,1016.5,
2020-08-14 01:00:00,Parramatta,94765,Bankstown,15.8,70,5.4,1015.7,
2020-08-14 02:00:00,Parramatta,94765,Bankstown,16.9,65,5.4,1014.6,
2020-08-14 03:00:00,Parramatta,94765,Bankstown,17.6,63,3.6,1013.6,
2020-08-14 04:00:00,Parramatta,94765,Bankstown,17.6,64,1.8,1013.0,
2020-08-14 05:00:00,Parramatta,94765,Bankstown,17.6,66,0.0,1012.5,
2020-08-14 06:00:00,Parramatta,94765,Bankstown,17.5,68,7.6,1012.6,
2020-08-14 07:00:00,Parramatta,94765,Bankstown,15.9,73,11.2,1012.5,
2020-08-14 08:00:00,Parramatta,94765,Bankstown,14.3,83,1.8,1012.7,
2020-08-14 09:00:00,Parramatta,94765,Bankstown,13.9,90,0.0,1012.5,
2020-08-14 10:00:00,Parramatta,94765,Bankstown,13.6,94,0.0,1012.3,
2020-08-14 11:00:00,Parramatta,94765,Bankstown,13.8,94,3.6,1012.3,
2020-08-14 12:00:00,Parramatta,94765,Bankstown,13.4,95,0.0,1011.4,
2020-08-14 13:00:00,Parramatta,94765,Bankstown,13.3,97,0.0,1010.3,
2020-08-14 14:00:00,Parramatta,94765,Bankstown,13.3,97,0.0,1009.5,
2020-08-14 15:00:00,Parramatta,94765,Bankstown,13.3,97,0.0,1008.9,
2020-08-14 16:00:00,Parramatta,94765,Bankstown,13.2,97,0.0,1007.9,
2020-08-14 17:00:00,Parramatta,94765,Bankstown,13.1,97,5.4,1007.5,
2020-08-14 18:00:00,Parramatta,94765,Bankstown,12.9,98,5.4,1007.0,
2020-08-14 19:00:00,Parramatta,94765,Bankstown,11.9,97,7.6,1006.9,
2020-08-14 20:00:00,Parramatta,94765,Bankstown,11.3,97,7.6,1007.3,
2020-08-14 21:00:00,Parramatta,94765,Bankstown,11.5,98,7.6,1007.8,
2020-08-14 22:00:00,Parramatta,94765,Bankstown,12.4,97,9.4,1007.8,
2020-08-14 23:00:00,Parramatta,94765,Bankstown,14.3,83,7.6,1007.6,
2020-08-15 00:00:00,Parramatta,94765,Bankstown,16.9,69,9.4,1007.0,
2020-08-15 01:00:00,Parramatta,94765,Bankstown,18.5,60,14.8,1006.2,
2020-08-15 02:00:00,Parramatta,94765,Bankstown,17.5,53,20.5,1005.5,
2020-08-15 03:00:00,Parramatta,94765,Bankstown,18.5,49,24.1,1005.0,
2020-08-15 04:00:00,Parramatta,94765,Bankstown,18.1,48,18.4,1004.8,
2020-08-15 05:00:00,Parramatta,94765,Bankstown,18.6,45,25.9,1005.0,
2020-08-15 06:00:00,Parramatta,94765,Bankstown,17.5,52,18.4,1005.4,
2020-08-15 07:00:00,Parramatta,94765,Bankstown,16.9,52,16.6,1006.0,
2020-08-15 08:00:00,Parramatta,94765,Bankstown,15.8,56,13.0,1006.6,
2020-08-15 09:00:00,Parramatta,94765,Bankstown,15.6,57,9.4,1007.2,
2020-08-15 10:00:00,Parramatta,94765,Bankstown,15.1,63,13.0,1007.6,
2020-08-15 11:00:00,Parramatta,94765,Bankstown,13.7,75,1.8,1007.7,
2020-08-15 12:00:00,Parramatta,94765,Bankstown,13.0,84,1.8,1007.7,
2020-08-15 13:00:00,Parramatta,94765,Bankstown,12.6,87,7.6,1007.0,
2020-08-15 14:00:00,Parramatta,94765,Bankstown,13.0,83,7.6,1006.5,
2020-08-15 15:00:00,Parramatta,94765,Bankstown,13.1,78,7.6,1006.3,
2020-08-15 16:00:00,Parramatta,94765,Bankstown,13.1,76,9.4,1005.6,
2020-08-15 17:00:00,Parramatta,94765,Bankstown,12.8,77,7.6,1005.4,
2020-08-15 18:00:00,Parramatta,94765,Bankstown,12.7,76,7.6,1005.4,
2020-08-15 19:00:00,Parramatta,94765,Bankstown,12.6,76,9.4,1005.7,
2020-08-15 20:00:00,Parramatta,94765,Bankstown,12.4,74,9.4,1005.9,
2020-08-15 21:00:00,Parramatta,94765,Bankstown,11.7,76,7.6,1006.4,
2020-08-15 22:00:00,Parramatta,94765,Bankstown,12.8,74,7.6,1007.3,
2020-08-15 23:00:00,Parramatta,94765,Bankstown,16.0,60,9.4,1007.3,
2020-08-16 00:00:00,Parramatta,94765,Bankstown,17.9,49,22.3,1007.0,
2020-08-16 01:00:00,Parramatta,94765,Bankstown,18.5,46,24.1,1006.5,
2020-08-16 02:00:00,Parramatta,94765,Bankstown,18.8,42,24.1,1005.6,
2020-08-16 03:00:00,Parramatta,94765,Bankstown,19.0,42,20.5,1004.7,
2020-08-16 04:00:00,Parramatta,94765,Bankstown,19.2,37,29.5,1004.7,
2020-08-16 05:00:00,Parramatta,94765,Bankstown,18.4,39,31.7,1004.6,
2020-08-16 06:00:00,Parramatta,94765,Bankstown,17.8,40,25.9,1004.7,
2020-08-16 07:00:00,Parramatta,94765,Bankstown,16.5,41,20.5,1005.2,
2020-08-16 08:00:00,Parramatta,94765,Bankstown,15.4,45,14.8,1005.7,
2020-08-16 09:00:00,Parramatta,94765,Bankstown,13.4,55,7.6,1006.4,
2020-08-16 10:00:00,Parramatta,94765,Bankstown,13.4,57,7.6,1007.0,
2020-08-16 11:00:00,Parramatta,94765,Bankstown,13.9,57,9.4,1007.3,
2020-08-16 12:00:00,Parramatta,94765,Bankstown,15.0,53,14.8,1007.2,
2020-08-16 13:00:00,Parramatta,94765,Bankstown,14.9,54,14.8,1007.4,
2020-08-16 14:00:00,Parramatta,94765,Bankstown,14.5,57,11.2,1007.3,
2020-08-16 15:00:00,Parramatta,94765,Bankstown,14.1,58,11.2,1006.9,
2020-08-16 16:00:00,Parramatta,94765,Bankstown,13.7,60,13.0,1006.8,
2020-08-16 17:00:00,Parramatta,94765,Bankstown,13.3,61,13.0,1006.7,
2020-08-16 18:00:00,Parramatta,94765,Bankstown,11.0,72,9.4,1006.6,
2020-08-16 19:00:00,Parramatta,94765,Bankstown,10.7,73,9.4,1007.4,
2020-08-16 20:00:00,Parramatta,94765,Bankstown,10.2,74,9.4,1007.7,
2020-08-16 21:00:00,Parramatta,94765,Bankstown,10.2,76,7.6,1008.2,
2020-08-16 22:00:00,Parramatta,94765,Bankstown,13.4,64,7.6,1008.8,
2020-08-16 23:00:00,Parramatta,94765,Bankstown,16.0,53,18.4,1009.1,
2020-08-17 00:00:00,Parramatta,94765,Bankstown,17.0,48,24.1,1009.1,
2020-08-17 01:00:00,Parramatta,94765,Bankstown,17.6,46,18.4,1008.6,
2020-08-17 02:00:00,Parramatta,94765,Bankstown,18.3,44,20.5,1007.9,
2020-08-17 03:00:00,Parramatta,94765,Bankstown,18.8,40,16.6,1006.8,
2020-08-17 04:00:00,Parramatta,94765,Bankstown,18.8,38,27.7,1006.5,
2020-08-17 05:00:00,Parramatta,94765,Bankstown,19.4,41,18.4,1006.0,
2020-08-17 06:00:00,Parramatta,94765,Bankstown,18.8,38,16.6,1006.0,
2020-08-17 07:00:00,Parramatta,94765,Bankstown,17.6,39,16.6,1006.4,
2020-08-17 08:00:00,Parramatta,94765,Bankstown,16.0,42,14.8,1007.2,
2020-08-17 09:00:00,Parramatta,94765,Bankstown,15.2,43,14.8,1007.8,
2020-08-17 10:00:00,Parramatta,94765,Bankstown,14.0,46,14.8,1008.3,
2020-08-17 11:00:00,Parramatta,94765,Bankstown,13.2,50,13.0,1008.4,
2020-08-17 12:00:00,Parramatta,94765,Bankstown,13.2,49,14.8,1008.9,
2020-08-17 13:00:00,Parramatta,94765,Bankstown,10.8,59,11.2,1008.7,
2020-08-17 14:00:00,Parramatta,94765,Bankstown,9.9,66,7.6,1008.4,
2020-08-17 15:00:00,Parramatta,94765,Bankstown,10.1,65,0.0,1008.2,
2020-08-17 16:00:00,Parramatta,94765,Bankstown,10.5,69,7.6,1007.4,
2020-08-17 17:00:00,Parramatta,94765,Bankstown,10.9,67,9.4,1007.2,
2020-08-17 18:00:00,Parramatta,94765,Bankstown,10.9,66,5.4,1006.9,
2020-08-17 19:00:00,Parramatta,94765,Bankstown,10.5,75,0.0,1007.0,
2020-08-17 20:00:00,Parramatta,94765,Bankstown,9.9,77,0.0,1007.2,
2020-08-17 21:00:00,Parramatta,94765,Bankstown,11.3,68,7.6,1007.2,
2020-08-17 22:00:00,Parramatta,94765,Bankstown,12.8,64,13.0,1007.3,
2020-08-17 23:00:00,Parramatta,94765,Bankstown,14.7,58,11.2,1006.8,
2020-08-18 00:00:00,Parramatta,94765,Bankstown,17.0,48,14.8,1006.2,
2020-08-18 01:00:00,Parramatta,94765,Bankstown,19.0,43,16.6,1005.5,
2020-08-18 02:00:00,Parramatta,94765,Bankstown,19.8,42,22.3,1004.4,
2020-08-18 03:00:00,Parramatta,94765,Bankstown,20.3,39,25.9,1003.2,
2020-08-18 04:00:00,Parramatta,94765,Bankstown,19.6,43,13.0,1002.3,
2020-08-18 05:00:00,Parramatta,94765,Bankstown,19.5,45,13.0,1001.6,
2020-08-18 06:00:00,Parramatta,94765,Bankstown,19.6,43,13.0,1001.2,
2020-08-18 07:00:00,Parramatta,94765,Bankstown,18.9,47,7.6,1001.2,
2020-08-18 08:00:00,Parramatta,94765,Bankstown,16.9,57,7.6,1001.3,
2020-08-18 09:00:00,Parramatta,94765,Bankstown,15.8,64,1.8,1001.7,
2020-08-18 10:00:00,Parramatta,94765,Bankstown,16.3,60,3.6,1001.8,
2020-08-18 11:00:00,Parramatta,94765,Bankstown,12.3,76,0.0,1001.6,
2020-08-18 12:00:00,Parramatta,94765,Bankstown,11.3,82,0.0,1001.3,
2020-08-18 13:00:00,Parramatta,94765,Bankstown,10.2,89,0.0,1000.9,
2020-08-18 14:00:00,Parramatta,94765,Bankstown,10.7,78,5.4,1000.4,
2020-08-18 15:00:00,Parramatta,94765,Bankstown,8.6,90,3.6,999.9,
2020-08-18 16:00:00,Parramatta,94765,Bankstown,8.2,92,1.8,999.4,
2020-08-18 17:00:00,Parramatta,94765,Bankstown,8.6,91,0.0,999.2,
2020-08-18 18:00:00,Parramatta,94765,Bankstown,8.2,90,0.0,998.8,
2020-08-18 19:00:00,Parramatta,94765,Bankstown,7.9,92,9.4,998.5,
2020-08-18 20:00:00,Parramatta,94765,Bankstown,7.0,93,0.0,998.1,
2020-08-18 21:00:00,Parramatta,94765,Bankstown,7.2,95,0.0,998.4,
2020-08-18 22:00:00,Parramatta,94765,Bankstown,10.5,90,0.0,998.0,
2020-08-18 23:00:00,Parramatta,94765,Bankstown,16.1,55,14.8,997.5,
2020-08-19 00:00:00,Parramatta,94765,Bankstown,18.1,44,14.8,996.5,
2020-08-19 01:00:00,Parramatta,94765,Bankstown,19.0,40,13.0,995.3,
2020-08-19 02:00:00,Parramatta,94765,Bankstown,20.8,27,22.3,993.9,
2020-08-19 03:00:00,Parramatta,94765,Bankstown,20.9,24,31.7,992.3,
2020-08-19 04:00:00,Parramatta,94765,Bankstown,20.8,28,27.7,992.0,
2020-08-19 05:00:00,Parramatta,94765,Bankstown,18.6,34,31.7,992.3,
2020-08-19 06:00:00,Parramatta,94765,Bankstown,17.7,40,22.3,993.5,
2020-08-19 07:00:00,Parramatta,94765,Bankstown,14.3,54,35.3,995.5,
2020-08-19 08:00:00,Parramatta,94765,Bankstown,11.4,72,11.2,995.7,
2020-08-19 09:00:00,Parramatta,94765,Bankstown,12.3,67,13.0,996.2,
2020-08-19 10:00:00,Parramatta,94765,Bankstown,13.2,59,33.5,996.0,
2020-08-19 11:00:00,Parramatta,94765,Bankstown,13.3,56,20.5,996.0,
2020-08-19 12:00:00,Parramatta,94765,Bankstown,13.2,57,24.1,997.2,
2020-08-19 13:00:00,Parramatta,94765,Bankstown,11.8,64,9.4,996.7,
2020-08-19 14:00:00,Parramatta,94765,Bankstown,11.3,61,5.4,996.7,
2020-08-19 15:00:00,Parramatta,94765,Bankstown,10.8,61,9.4,997.3,
2020-08-19 16:00:00,Parramatta,94765,Bankstown,11.9,55,13.0,997.3,
2020-08-19 17:00:00,Parramatta,94765,Bankstown,11.4,56,9.4,997.5,
2020-08-19 18:00:00,Parramatta,94765,Bankstown,9.6,67,7.6,998.2,
2020-08-19 19:00:00,Parramatta,94765,Bankstown,10.2,64,13.0,998.8,
2020-08-19 20:00:00,Parramatta,94765,Bankstown,10.6,56,13.0,999.5,
2020-08-19 21:00:00,Parramatta,94765,Bankstown,11.1,55,13.0,1000.1,
2020-08-19 22:00:00,Parramatta,94765,Bankstown,13.3,49,16.6,1000.7,
2020-08-19 23:00:00,Parramatta,94765,Bankstown,14.6,45,16.6,1001.1,
2020-08-20 00:00:00,Parramatta,94765,Bankstown,15.8,38,29.5,1001.2,
2020-08-20 01:00:00,Parramatta,94765,Bankstown,16.8,37,29.5,1001.6,
2020-08-20 02:00:00,Parramatta,94765,Bankstown,16.9,37,27.7,1001.6,
2020-08-20 03:00:00,Parramatta,94765,Bankstown,17.3,36,27.7,1001.9,
2020-08-20 04:00:00,Parramatta,94765,Bankstown,16.8,35,20.5,1002.1,
2020-08-20 05:00:00,Parramatta,94765,Bankstown,17.6,36,27.7,1002.4,
2020-08-20 06:00:00,Parramatta,94765,Bankstown,16.6,36,22.3,1002.9,
2020-08-20 07:00:00,Parramatta,94765,Bankstown,15.7,39,14.8,1003.5,
2020-08-20 08:00:00,Parramatta,94765,Bankstown,14.0,45,14.8,1004.3,
2020-08-20 09:00:00,Parramatta,94765,Bankstown,11.7,53,0.0,1005.4,
2020-08-20 10:00:00,Parramatta,94765,Bankstown,12.2,53,9.4,1006.5,
2020-08-20 11:00:00,Parramatta,94765,Bankstown,12.4,52,20.5,1006.8,
2020-08-20 12:00:00,Parramatta,94765,Bankstown,11.9,54,13.0,1007.0,
2020-08-20 13:00:00,Parramatta,94765,Bankstown,10.8,57,7.6,1007.3,
2020-08-20 14:00:00,Parramatta,94765,Bankstown,11.6,54,13.0,1007.2,
2020-08-20 15:00:00,Parramatta,94765,Bankstown,10.3,59,7.6,1007.0,
2020-08-20 16:00:00,Parramatta,94765,Bankstown,9.2,64,7.6,1006.4,
2020-08-20 17:00:00,Parramatta,94765,Bankstown,8.5,67,7.6,1006.2,
2020-08-20 18:00:00,Parramatta,94765,Bankstown,8.2,69,7.6,1005.8,
2020-08-20 19:00:00,Parramatta,94765,Bankstown,6.2,78,5.4,1006.2,
2020-08-20 20:00:00,Parramatta,94765,Bankstown,6.7,74,1.8,1006.5,
2020-08-20 21:00:00,Parramatta,94765,Bankstown,10.0,65,7.6,1006.9,
2020-08-20 22:00:00,Parramatta,94765,Bankstown,11.6,60,11.2,1007.6,
2020-08-20 23:00:00,Parramatta,94765,Bankstown,14.6,50,13.0,1007.3,
2020-08-21 00:00:00,Parramatta,94765,Bankstown,15.7,43,16.6,1006.7,
2020-08-21 01:00:00,Parramatta,94765,Bankstown,16.3,42,11.2,1006.1,
2020-08-21 02:00:00,Parramatta,94765,Bankstown,17.6,35,25.9,1005.0,
2020-08-21 03:00:00,Parramatta,94765,Bankstown,18.3,33,27.7,1004.4,
2020-08-21 04:00:00,Parramatta,94765,Bankstown,17.6,35,29.5,1004.0,
2020-08-21 05:00:00,Parramatta,94765,Bankstown,17.8,34,24.1,1003.6,
2020-08-21 06:00:00,Parramatta,94765,Bankstown,17.4,35,24.1,1003.6,
2020-08-21 07:00:00,Parramatta,94765,Bankstown,16.0,38,20.5,1004.1,
2020-08-21 08:00:00,Parramatta,94765,Bankstown,15.1,42,16.6,1004.8,
2020-08-21 09:00:00,Parramatta,94765,Bankstown,14.0,47,9.4,1005.8,
2020-08-21 10:00:00,Parramatta,94765,Bankstown,13.7,49,7.6,1006.1,
2020-08-21 11:00:00,Parramatta,94765,Bankstown,13.5,49,13.0,1006.3,
2020-08-21 12:00:00,Parramatta,94765,Bankstown,13.6,52,13.0,1006.5,
2020-08-21 13:00:00,Parramatta,94765,Bankstown,12.5,57,13.0,1006.8,
2020-08-21 14:00:00,Parramatta,94765,Bankstown,12.1,57,13.0,1006.5,
2020-08-21 15:00:00,Parramatta,94765,Bankstown,11.1,66,14.8,1006.7,
2020-08-21 16:00:00,Parramatta,94765,Bankstown,10.1,67,11.2,1005.9,
2020-08-21 17:00:00,Parramatta,94765,Bankstown,9.0,75,7.6,1005.3,
2020-08-21 18:00:00,Parramatta,94765,Bankstown,9.7,66,11.2,1005.3,
2020-08-21 19:00:00,Parramatta,94765,Bankstown,9.6,62,11.2,1005.1,
2020-08-21 20:00:00,Parramatta,94765,Bankstown,8.9,64,13.0,1004.9,
2020-08-21 21:00:00,Parramatta,94765,Bankstown,8.9,64,13.0,1004.9,
2020-08-21 22:00:00,Parramatta,94765,Bankstown,10.3,55,16.6,1004.9,
2020-08-21 23:00:00,Parramatta,94765,Bankstown,11.9,48,14.8,1004.9,
2020-08-22 00:00:00,Parramatta,94765,Bankstown,13.3,42,22.3,1004.1,
2020-08-22 01:00:00,Parramatta,94765,Bankstown,14.6,37,25.9,1003.6,
2020-08-22 02:00:00,Parramatta,94765,Bankstown,14.6,38,20.5,1003.3,
2020-08-22 03:00:00,Parramatta,94765,Bankstown,14.8,32,22.3,1002.4,
2020-08-22 04:00:00,Parramatta,94765,Bankstown,15.1,29,27.7,1002.3,
2020-08-22 05:00:00,Parramatta,94765,Bankstown,14.9,33,20.5,1002.4,
2020-08-22 06:00:00,Parramatta,94765,Bankstown,14.2,34,22.3,1003.1,
2020-08-22 07:00:00,Parramatta,94765,Bankstown,12.1,45,22.3,1003.5,
2020-08-22 08:00:00,Parramatta,94765,Bankstown,10.7,49,13.0,1004.4,
2020-08-22 09:00:00,Parramatta,94765,Bankstown,9.9,52,11.2,1004.8,
2020-08-22 10:00:00,Parramatta,94765,Bankstown,10.6,49,13.0,1005.1,
2020-08-22 11:00:00,Parramatta,94765,Bankstown,10.6,53,18.4,1005.4,
2020-08-22 12:00:00,Parramatta,94765,Bankstown,9.6,57,13.0,1005.4,
2020-08-22 13:00:00,Parramatta,94765,Bankstown,9.3,58,11.2,1005.0,
2020-08-22 14:00:00,Parramatta,94765,Bankstown,9.9,52,11.2,1004.5,
2020-08-22 15:00:00,Parramatta,94765,Bankstown,8.3,57,5.4,1004.1,
2020-08-22 16:00:00,Parramatta,94765,Bankstown,9.9,51,11.2,1003.7,
2020-08-22 17:00:00,Parramatta,94765,Bankstown,10.3,52,14.8,1003.8,
2020-08-22 18:00:00,Parramatta,94765,Bankstown,9.9,54,11.2,1004.0,
2020-08-22 19:00:00,Parramatta,94765,Bankstown,10.6,51,24.1,1005.0,
2020-08-22 20:00:00,Parramatta,94765,Bankstown,10.1,53,24.1,1005.7,
2020-08-22 21:00:00,Parramatta,94765,Bankstown,10.2,53,16.6,1006.5,
2020-08-22 22:00:00,Parramatta,94765,Bankstown,11.4,50,16.6,1007.4,
2020-08-22 23:00:00,Parramatta,94765,Bankstown,12.7,44,24.1,1007.6,
2020-08-23 00:00:00,Parramatta,94765,Bankstown,13.9,40,22.3,1007.6,
2020-08-23 01:00:00,Parramatta,94765,Bankstown,14.4,35,27.7,1007.5,
2020-08-23 02:00:00,Parramatta,94765,Bankstown,15.5,33,31.7,1006.9,
2020-08-23 03:00:00,Parramatta,94765,Bankstown,16.0,31,33.5,1006.3,
2020-08-23 04:00:00,Parramatta,94765,Bankstown,16.5,32,27.7,1006.9,
2020-08-23 05:00:00,Parramatta,94765,Bankstown,15.8,35,31.7,1007.2,
2020-08-23 06:00:00,Parramatta,94765,Bankstown,15.7,37,22.3,1007.9,
2020-08-23 07:00:00,Parramatta,94765,Bankstown,14.6,39,25.9,1008.9,
2020-08-23 08:00:00,Parramatta,94765,Bankstown,13.1,45,18.4,1010.0,
2020-08-23 09:00:00,Parramatta,94765,Bankstown,12.2,49,16.6,1011.3,
2020-08-23 10:00:00,Parramatta,94765,Bankstown,11.6,52,13.0,1011.9,
2020-08-23 11:00:00,Parramatta,94765,Bankstown,11.2,52,13.0,1012.4,
2020-08-23 12:00:00,Parramatta,94765,Bankstown,10.1,58,9.4,1013.3,
2020-08-23 13:00:00,Parramatta,94765,Bankstown,10.4,55,13.0,1013.3,
2020-08-23 14:00:00,Parramatta,94765,Bankstown,10.9,54,14.8,1013.7,
2020-08-23 15:00:00,Parramatta,94765,Bankstown,11.1,54,14.8,1014.1,
2020-08-23 16:00:00,Parramatta,94765,Bankstown,10.4,55,16.6,1014.4,
2020-08-23 17:00:00,Parramatta,94765,Bankstown,10.5,53,13.0,1014.3,
2020-08-23 18:00:00,Parramatta,94765,Bankstown,9.5,56,9.4,1015.0,
2020-08-23 19:00:00,Parramatta,94765,Bankstown,8.7,57,7.6,1015.9,
2020-08-23 20:00:00,Parramatta,94765,Bankstown,8.4,59,11.2,1016.7,
2020-08-23 21:00:00,Parramatta,94765,Bankstown,8.6,57,5.4,1017.7,
2020-08-23 22:00:00,Parramatta,94765,Bankstown,11.0,48,14.8,1018.8,
2020-08-23 23:00:00,Parramatta,94765,Bankstown,12.3,43,20.5,1019.2,
2020-08-24 00:00:00,Parramatta,94765,Bankstown,13.6,40,16.6,1019.6,
2020-08-24 01:00:00,Parramatta,94765,Bankstown,15.2,36,11.2,1019.3,
2020-08-24 02:00:00,Parramatta,94765,Bankstown,16.1,34,14.8,1019.0,
2020-08-24 03:00:00,Parramatta,94765,Bankstown,16.7,31,14.8,1018.4,
2020-08-24 04:00:00,Parramatta,94765,Bankstown,17.5,28,13.0,1018.3,
2020-08-24 05:00:00,Parramatta,94765,Bankstown,17.6,31,14.8,1018.5,
2020-08-24 06:00:00,Parramatta,94765,Bankstown,17.2,28,13.0,1019.0,
2020-08-24 07:00:00,Parramatta,94765,Bankstown,14.9,41,16.6,1019.8,
2020-08-24 08:00:00,Parramatta,94765,Bankstown,12.9,50,11.2,1020.9,
2020-08-24 09:00:00,Parramatta,94765,Bankstown,10.5,61,0.0,1021.9,
2020-08-24 10:00:00,Parramatta,94765,Bankstown,9.6,64,7.6,1022.9,
2020-08-24 11:00:00,Parramatta,94765,Bankstown,9.9,55,9.4,1023.4,
2020-08-24 12:00:00,Parramatta,94765,Bankstown,9.1,57,7.6,1024.1,
2020-08-24 13:00:00,Parramatta,94765,Bankstown,7.4,63,0.0,1024.6,
2020-08-24 14:00:00,Parramatta,94765,Bankstown,5.9,73,7.6,1024.5,
2020-08-24 15:00:00,Parramatta,94765,Bankstown,5.5,73,0.0,1024.5,
2020-08-24 16:00:00,Parramatta,94765,Bankstown,4.3,78,0.0,1024.8,
2020-08-24 17:00:00,Parramatta,94765,Bankstown,3.4,85,0.0,1024.8,
2020-08-24 18:00:00,Parramatta,94765,Bankstown,3.1,85,0.0,1025.1,
2020-08-24 19:00:00,Parramatta,94765,Bankstown,2.7,87,0.0,1025.4,
2020-08-24 20:00:00,Parramatta,94765,Bankstown,2.8,89,0.0,1025.8,
2020-08-24 21:00:00,Parramatta,94765,Bankstown,3.3,90,0.0,1026.4,
2020-08-24 22:00:00,Parramatta,94765,Bankstown,7.7,70,1.8,1027.2,
2020-08-24 23:00:00,Parramatta,94765,Bankstown,10.6,54,14.8,1027.4,
2020-08-25 00:00:00,Parramatta,94765,Bankstown,12.3,45,13.0,1027.4,
2020-08-25 01:00:00,Parramatta,94765,Bankstown,14.0,41,9.4,1027.2,
2020-08-25 02:00:00,Parramatta,94765,Bankstown,14.5,35,7.6,1026.4,
2020-08-25 03:00:00,Parramatta,94765,Bankstown,15.5,34,7.6,1025.7,
2020-08-25 04:00:00,Parramatta,94765,Bankstown,15.4,49,16.6,1025.4,
2020-08-25 05:00:00,Parramatta,94765,Bankstown,15.2,49,14.8,1025.7,
2020-08-25 06:00:00,Parramatta,94765,Bankstown,14.9,50,16.6,1025.9,
2020-08-25 07:00:00,Parramatta,94765,Bankstown,13.5,57,20.5,1026.4,
2020-08-25 08:00:00,Parramatta,94765,Bankstown,11.6,66,13.0,1027.1,
2020-08-25 09:00:00,Parramatta,94765,Bankstown,10.0,71,1.8,1027.7,
2020-08-25 10:00:00,Parramatta,94765,Bankstown,8.8,80,0.0,1028.4,
2020-08-25 11:00:00,Parramatta,94765,Bankstown,7.7,82,0.0,1028.9,
2020-08-25 12:00:00,Parramatta,94765,Bankstown,7.1,85,0.0,1029.1,
2020-08-25 13:00:00,Parramatta,94765,Bankstown,6.9,86,0.0,1029.1,
2020-08-25 14:00:00,Parramatta,94765,Bankstown,5.8,88,0.0,1029.1,
2020-08-25 15:00:00,Parramatta,94765,Bankstown,5.4,89,0.0,1029.2,
2020-08-25 16:00:00,Parramatta,94765,Bankstown,4.8,89,1.8,1028.9,
2020-08-25 17:00:00,Parramatta,94765,Bankstown,4.1,91,0.0,1028.8,
2020-08-25 18:00:00,Parramatta,94765,Bankstown,3.6,93,0.0,1028.7,
2020-08-25 19:00:00,Parramatta,94765,Bankstown,3.4,94,1.8,1029.2,
2020-08-25 20:00:00,Parramatta,94765,Bankstown,3.7,94,5.4,1029.6,
2020-08-25 22:00:00,Parramatta,94765,Bankstown,7.3,81,0.0,1030.7,
2020-08-25 23:00:00,Parramatta,94765,Bankstown,10.7,61,13.0,1030.8,
2020-08-26 00:00:00,Parramatta,94765,Bankstown,12.8,53,11.2,1030.4,
2020-08-26 01:00:00,Parramatta,94765,Bankstown,15.1,46,9.4,1029.8,
2020-08-26 02:00:00,Parramatta,94765,Bankstown,16.7,36,9.4,1028.8,
2020-08-26 04:00:00,Parramatta,94765,Bankstown,18.2,29,9.4,1026.8,
2020-08-26 05:00:00,Parramatta,94765,Bankstown,18.4,27,9.4,1026.3,
2020-08-26 06:00:00,Parramatta,94765,Bankstown,18.6,28,3.6,1025.9,
2020-08-26 07:00:00,Parramatta,94765,Bankstown,16.1,47,20.5,1026.1,
2020-08-26 08:00:00,Parramatta,94765,Bankstown,14.6,54,11.2,1026.8,
2020-08-26 09:00:00,Parramatta,94765,Bankstown,13.3,59,7.6,1027.3,
2020-08-26 10:00:00,Parramatta,94765,Bankstown,11.0,70,1.8,1027.6,
2020-08-26 11:00:00,Parramatta,94765,Bankstown,8.8,81,0.0,1027.7,
2020-08-26 12:00:00,Parramatta,94765,Bankstown,7.3,88,0.0,1027.5,
2020-08-26 13:00:00,Parramatta,94765,Bankstown,6.8,88,0.0,1027.2,
2020-08-26 14:00:00,Parramatta,94765,Bankstown,5.9,90,0.0,1026.9,
2020-08-26 15:00:00,Parramatta,94765,Bankstown,5.3,92,0.0,1026.9,
2020-08-26 16:00:00,Parramatta,94765,Bankstown,5.4,92,0.0,1026.2,
2020-08-26 17:00:00,Parramatta,94765,Bankstown,4.5,93,0.0,1026.1,
2020-08-26 18:00:00,Parramatta,94765,Bankstown,3.9,93,0.0,1026.0,
2020-08-26 19:00:00,Parramatta,94765,Bankstown,3.4,94,1.8,1026.1,
2020-08-26 20:00:00,Parramatta,94765,Bankstown,3.3,94,0.0,1026.5,
2020-08-26 21:00:00,Parramatta,94765,Bankstown,4.6,95,5.4,1027.0,
2020-08-26 22:00:00,Parramatta,94765,Bankstown,7.5,82,7.6,1027.2,
2020-08-26 23:00:00,Parramatta,94765,Bankstown,10.5,62,14.8,1027.2,
2020-08-27 00:00:00,Parramatta,94765,Bankstown,13.3,54,9.4,1026.5,
2020-08-27 01:00:00,Parramatta,94765,Bankstown,16.2,44,9.4,1025.6,
2020-08-27 02:00:00,Parramatta,94765,Bankstown,18.2,31,11.2,1024.3,
2020-08-27 03:00:00,Parramatta,94765,Bankstown,19.6,23,14.8,1022.7,
2020-08-27 04:00:00,Parramatta,94765,Bankstown,21.2,23,13.0,1021.6,
2020-08-27 05:00:00,Parramatta,94765,Bankstown,21.5,18,13.0,1020.7,
2020-08-27 06:00:00,Parramatta,94765,Bankstown,21.3,18,11.2,1020.3,
2020-08-27 07:00:00,Parramatta,94765,Bankstown,20.2,16,13.0,1020.4,
2020-08-27 08:00:00,Parramatta,94765,Bankstown,15.2,29,7.6,1020.9,
2020-08-27 09:00:00,Parramatta,94765,Bankstown,12.8,45,3.6,1021.2,
2020-08-27 10:00:00,Parramatta,94765,Bankstown,11.0,50,0.0,1021.3,
2020-08-27 11:00:00,Parramatta,94765,Bankstown,11.7,45,7.6,1020.4,
2020-08-27 12:00:00,Parramatta,94765,Bankstown,9.3,66,0.0,1020.4,
2020-08-27 13:00:00,Parramatta,94765,Bankstown,13.9,39,13.0,1019.1,
2020-08-27 14:00:00,Parramatta,94765,Bankstown,13.4,38,11.2,1018.9,
2020-08-27 15:00:00,Parramatta,94765,Bankstown,13.8,34,13.0,1019.1,
2020-08-27 16:00:00,Parramatta,94765,Bankstown,12.9,36,13.0,1018.4,
2020-08-27 17:00:00,Parramatta,94765,Bankstown,13.2,37,14.8,1018.1,
2020-08-27 18:00:00,Parramatta,94765,Bankstown,8.9,56,7.6,1019.4,
2020-08-27 19:00:00,Parramatta,94765,Bankstown,9.3,59,3.6,1020.2,
2020-08-27 20:00:00,Parramatta,94765,Bankstown,8.4,64,0.0,1021.3,
2020-08-27 21:00:00,Parramatta,94765,Bankstown,8.6,72,0.0,1022.5,
2020-08-27 22:00:00,Parramatta,94765,Bankstown,12.9,58,1.8,1023.7,
2020-08-27 23:00:00,Parramatta,94765,Bankstown,15.2,37,16.6,1024.2,
2020-08-28 00:00:00,Parramatta,94765,Bankstown,16.3,30,16.6,1024.9,
2020-08-28 01:00:00,Parramatta,94765,Bankstown,17.1,26,14.8,1025.0,
2020-08-28 02:00:00,Parramatta,94765,Bankstown,17.3,27,13.0,1025.0,
2020-08-28 03:00:00,Parramatta,94765,Bankstown,17.9,24,11.2,1024.6,
2020-08-28 04:00:00,Parramatta,94765,Bankstown,18.6,24,9.4,1024.5,
2020-08-28 05:00:00,Parramatta,94765,Bankstown,18.0,30,16.6,1024.6,
2020-08-28 06:00:00,Parramatta,94765,Bankstown,17.1,33,16.6,1025.0,
2020-08-28 07:00:00,Parramatta,94765,Bankstown,16.0,37,16.6,1025.8,
2020-08-28 08:00:00,Parramatta,94765,Bankstown,14.4,46,13.0,1026.3,
2020-08-28 09:00:00,Parramatta,94765,Bankstown,12.5,55,0.0,1027.4,
2020-08-28 10:00:00,Parramatta,94765,Bankstown,10.3,69,0.0,1028.3,
2020-08-28 11:00:00,Parramatta,94765,Bankstown,9.4,72,0.0,1028.9,
2020-08-28 12:00:00,Parramatta,94765,Bankstown,8.0,79,0.0,1029.1,
2020-08-28 13:00:00,Parramatta,94765,Bankstown,7.2,83,0.0,1029.2,
2020-08-28 14:00:00,Parramatta,94765,Bankstown,6.4,83,0.0,1029.3,
2020-08-28 15:00:00,Parramatta,94765,Bankstown,6.1,84,0.0,1029.5,
2020-08-28 16:00:00,Parramatta,94765,Bankstown,5.2,91,0.0,1029.3,
2020-08-28 17:00:00,Parramatta,94765,Bankstown,5.0,91,0.0,1028.9,
2020-08-28 18:00:00,Parramatta,94765,Bankstown,4.3,90,0.0,1029.2,
2020-08-28 19:00:00,Parramatta,94765,Bankstown,3.9,90,0.0,1029.5,
2020-08-28 20:00:00,Parramatta,94765,Bankstown,4.2,89,3.6,1030.0,
2020-08-28 21:00:00,Parramatta,94765,Bankstown,5.5,90,5.4,1030.7,
2020-08-28 22:00:00,Parramatta,94765,Bankstown,8.5,74,9.4,1031.0,
2020-08-28 23:00:00,Parramatta,94765,Bankstown,11.9,61,9.4,1031.0,
2020-08-29 00:00:00,Parramatta,94765,Bankstown,15.0,50,9.4,1030.8,
2020-08-29 01:00:00,Parramatta,94765,Bankstown,17.4,42,9.4,1030.1,
2020-08-29 02:00:00,Parramatta,94765,Bankstown,19.8,32,7.6,1029.1,
2020-08-29 03:00:00,Parramatta,94765,Bankstown,21.1,22,11.2,1028.1,
2020-08-29 04:00:00,Parramatta,94765,Bankstown,21.8,20,9.4,1027.3,
2020-08-29 05:00:00,Parramatta,94765,Bankstown,22.4,20,5.4,1026.7,
2020-08-29 06:00:00,Parramatta,94765,Bankstown,21.5,30,13.0,1026.2,
2020-08-29 07:00:00,Parramatta,94765,Bankstown,19.4,42,14.8,1026.3,
2020-08-29 08:00:00,Parramatta,94765,Bankstown,17.0,51,13.0,1026.7,
2020-08-29 09:00:00,Parramatta,94765,Bankstown,15.4,58,13.0,1027.3,
2020-08-29 10:00:00,Parramatta,94765,Bankstown,13.8,65,1.8,1027.7,
2020-08-29 11:00:00,Parramatta,94765,Bankstown,10.9,80,0.0,1027.9,
2020-08-29 12:00:00,Parramatta,94765,Bankstown,9.6,80,0.0,1027.8,
2020-08-29 13:00:00,Parramatta,94765,Bankstown,8.5,90,0.0,1027.7,
2020-08-29 14:00:00,Parramatta,94765,Bankstown,7.6,90,0.0,1027.5,
2020-08-29 15:00:00,Parramatta,94765,Bankstown,6.9,92,0.0,1027.0,
2020-08-29 16:00:00,Parramatta,94765,Bankstown,6.4,94,0.0,1026.4,
2020-08-29 17:00:00,Parramatta,94765,Bankstown,5.7,93,0.0,1025.5,
2020-08-29 18:00:00,Parramatta,94765,Bankstown,5.1,94,0.0,1025.3,
2020-08-29 19:00:00,Parramatta,94765,Bankstown,4.4,93,0.0,1025.3,
2020-08-29 20:00:00,Parramatta,94765,Bankstown,4.4,95,0.0,1025.5,
2020-08-29 21:00:00,Parramatta,94765,Bankstown,5.0,95,0.0,1025.7,
2020-08-29 22:00:00,Parramatta,94765,Bankstown,8.2,89,7.6,1025.9,
2020-08-29 23:00:00,Parramatta,94765,Bankstown,12.2,67,7.6,1025.6,
2020-08-30 00:00:00,Parramatta,94765,Bankstown,15.8,55,7.6,1024.8,
2020-08-30 01:00:00,Parramatta,94765,Bankstown,19.1,41,9.4,1023.5,
2020-08-30 02:00:00,Parramatta,94765,Bankstown,22.4,34,9.4,1022.1,
2020-08-30 03:00:00,Parramatta,94765,Bankstown,24.3,29,11.2,1020.5,
2020-08-30 04:00:00,Parramatta,94765,Bankstown,25.3,24,14.8,1019.4,
2020-08-30 05:00:00,Parramatta,94765,Bankstown,26.0,25,13.0,1018.3,
2020-08-30 06:00:00,Parramatta,94765,Bankstown,25.8,22,18.4,1017.8,
2020-08-30 07:00:00,Parramatta,94765,Bankstown,23.8,28,13.0,1017.6,
2020-08-30 08:00:00,Parramatta,94765,Bankstown,22.0,32,13.0,1017.9,
2020-08-30 09:00:00,Parramatta,94765,Bankstown,20.5,36,13.0,1018.4,
2020-08-30 10:00:00,Parramatta,94765,Bankstown,18.8,43,9.4,1018.7,
2020-08-30 11:00:00,Parramatta,94765,Bankstown,16.4,53,7.6,1018.7,
2020-08-30 12:00:00,Parramatta,94765,Bankstown,15.3,54,5.4,1018.2,
2020-08-30 13:00:00,Parramatta,94765,Bankstown,12.6,67,0.0,1017.7,
2020-08-30 14:00:00,Parramatta,94765,Bankstown,15.9,55,5.4,1017.3,
2020-08-30 15:00:00,Parramatta,94765,Bankstown,15.2,64,5.4,1016.6,
2020-08-30 16:00:00,Parramatta,94765,Bankstown,16.9,53,11.2,1016.0,
2020-08-30 17:00:00,Parramatta,94765,Bankstown,16.4,55,9.4,1015.3,
2020-08-30 18:00:00,Parramatta,94765,Bankstown,16.8,54,13.0,1015.0,
2020-08-30 19:00:00,Parramatta,94765,Bankstown,13.6,64,7.6,1015.5,
2020-08-30 20:00:00,Parramatta,94765,Bankstown,10.6,80,0.0,1015.8,
2020-08-30 21:00:00,Parramatta,94765,Bankstown,10.8,82,0.0,1017.0,
2020-08-30 22:00:00,Parramatta,94765,Bankstown,14.5,65,0.0,1017.9,
2020-08-30 23:00:00,Parramatta,94765,Bankstown,17.9,55,0.0,1018.2,
2020-08-31 00:00:00,Parramatta,94765,Bankstown,20.5,39,16.6,1018.0,
2020-08-31 01:00:00,Parramatta,94765,Bankstown,20.7,37,11.2,1017.7,
2020-08-31 02:00:00,Parramatta,94765,Bankstown,21.6,33,20.5,1017.4,
2020-08-31 03:00:00,Parramatta,94765,Bankstown,19.0,56,33.5,1017.4,
2020-08-31 04:00:00,Parramatta,94765,Bankstown,17.6,55,35.3,1017.7,
2020-08-31 05:00:00,Parramatta,94765,Bankstown,16.7,56,31.7,1018.0,
2020-08-31 06:00:00,Parramatta,94765,Bankstown,15.5,57,29.5,1018.9,
2020-08-31 07:00:00,Parramatta,94765,Bankstown,15.0,59,27.7,1020.2,
2020-08-31 08:00:00,Parramatta,94765,Bankstown,14.7,60,14.8,1021.1,
2020-08-31 09:00:00,Parramatta,94765,Bankstown,14.5,60,14.8,1022.3,
2020-08-31 10:00:00,Parramatta,94765,Bankstown,14.5,57,16.6,1023.1,
2020-08-31 11:00:00,Parramatta,94765,Bankstown,14.3,59,20.5,1023.7,
2020-08-31 12:00:00,Parramatta,94765,Bankstown,14.0,59,11.2,1024.0,
2020-08-31 13:00:00,Parramatta,94765,Bankstown,13.6,59,11.2,1024.1,
2020-08-31 14:00:00,Parramatta,94765,Bankstown,13.5,58,13.0,1024.2,
2020-08-31 15:00:00,Parramatta,94765,Bankstown,12.9,62,9.4,1024.1,
2020-08-31 16:00:00,Parramatta,94765,Bankstown,12.4,68,5.4,1023.7,
2020-08-31 17:00:00,Parramatta,94765,Bankstown,11.9,69,9.4,1023.7,
2020-08-31 18:00:00,Parramatta,94765,Bankstown,11.5,71,9.4,1023.5,
2020-08-31 19:00:00,Parramatta,94765,Bankstown,10.3,74,5.4,1023.8,
2020-08-31 20:00:00,Parramatta,94765,Bankstown,9.4,78,0.0,1024.1,
2020-08-31 21:00:00,Parramatta,94765,Bankstown,9.1,81,0.0,1024.7,
2020-08-31 22:00:00,Parramatta,94765,Bankstown,11.5,70,9.4,1025.2,
2020-08-31 23:00:00,Parramatta,94765,Bankstown,14.1,60,9.4,1025.4,
2020-09-01 00:00:00,Parramatta,94765,Bankstown,16.0,54,5.4,1025.1,
2020-09-01 01:00:00,Parramatta,94765,Bankstown,15.8,47,7.6,1024.4,
2020-09-01 02:00:00,Parramatta,94765,Bankstown,16.4,44,9.4,1023.2,
2020-09-01 03:00:00,Parramatta,94765,Bankstown,17.9,43,9.4,1022.4,
2020-09-01 04:00:00,Parramatta,94765,Bankstown,17.9,44,3.6,1021.7,
2020-09-01 05:00:00,Parramatta,94765,Bankstown,17.8,44,14.8,1021.3,
2020-09-01 06:00:00,Parramatta,94765,Bankstown,17.4,47,14.8,1021.3,
2020-09-01 07:00:00,Parramatta,94765,Bankstown,15.9,50,18.4,1021.1,
2020-09-01 08:00:00,Parramatta,94765,Bankstown,14.4,55,18.4,1021.6,
2020-09-01 09:00:00,Parramatta,94765,Bankstown,13.7,59,16.6,1021.9,
2020-09-01 10:00:00,Parramatta,94765,Bankstown,13.3,61,11.2,1022.1,
2020-09-01 11:00:00,Parramatta,94765,Bankstown,11.1,70,7.6,1022.6,
2020-09-01 12:00:00,Parramatta,94765,Bankstown,9.6,77,0.0,1022.5,
2020-09-01 13:00:00,Parramatta,94765,Bankstown,8.5,83,0.0,1022.9,
2020-09-01 14:00:00,Parramatta,94765,Bankstown,7.8,84,0.0,1022.2,
2020-09-01 15:00:00,Parramatta,94765,Bankstown,7.1,90,0.0,1022.3,
2020-09-01 16:00:00,Parramatta,94765,Bankstown,7.1,91,0.0,1021.5,
2020-09-01 17:00:00,Parramatta,94765,Bankstown,6.3,92,0.0,1020.8,
2020-09-01 18:00:00,Parramatta,94765,Bankstown,6.2,93,0.0,1020.5,
2020-09-01 19:00:00,Parramatta,94765,Bankstown,5.6,93,0.0,1020.7,
2020-09-01 20:00:00,Parramatta,94765,Bankstown,5.4,93,0.0,1020.6,
2020-09-01 21:00:00,Parramatta,94765,Bankstown,6.3,94,0.0,1020.9,
2020-09-01 22:00:00,Parramatta,94765,Bankstown,9.1,90,0.0,1021.2,
2020-09-01 23:00:00,Parramatta,94765,Bankstown,12.9,68,9.4,1021.3,
2020-09-02 00:00:00,Parramatta,94765,Bankstown,16.9,53,11.2,1020.3,
2020-09-02 01:00:00,Parramatta,94765,Bankstown,19.6,49,9.4,1020.0,
2020-09-02 02:00:00,Parramatta,94765,Bankstown,21.4,39,13.0,1018.8,
2020-09-02 03:00:00,Parramatta,94765,Bankstown,22.9,35,16.6,1017.3,
2020-09-02 04:00:00,Parramatta,94765,Bankstown,24.1,27,13.0,1016.3,
2020-09-02 05:00:00,Parramatta,94765,Bankstown,23.9,28,13.0,1016.0,
2020-09-02 06:00:00,Parramatta,94765,Bankstown,23.8,28,9.4,1015.9,
2020-09-02 07:00:00,Parramatta,94765,Bankstown,24.3,29,0.0,1016.2,
2020-09-02 08:00:00,Parramatta,94765,Bankstown,19.9,42,0.0,1017.1,
2020-09-02 09:00:00,Parramatta,94765,Bankstown,17.0,52,0.0,1017.6,
2020-09-02 10:00:00,Parramatta,94765,Bankstown,18.4,53,11.2,1018.0,
2020-09-02 11:00:00,Parramatta,94765,Bankstown,14.3,69,3.6,1018.5,
2020-09-02 12:00:00,Parramatta,94765,Bankstown,12.5,76,0.0,1018.3,
2020-09-02 13:00:00,Parramatta,94765,Bankstown,12.8,80,7.6,1017.6,
2020-09-02 14:00:00,Parramatta,94765,Bankstown,15.6,67,11.2,1017.3,
2020-09-02 15:00:00,Parramatta,94765,Bankstown,17.6,59,11.2,1016.6,
2020-09-02 16:00:00,Parramatta,94765,Bankstown,16.8,61,13.0,1016.1,
2020-09-02 17:00:00,Parramatta,94765,Bankstown,12.5,72,3.6,1015.4,
2020-09-02 18:00:00,Parramatta,94765,Bankstown,10.9,77,0.0,1015.5,
2020-09-02 19:00:00,Parramatta,94765,Bankstown,9.8,84,0.0,1015.6,
2020-09-02 20:00:00,Parramatta,94765,Bankstown,9.1,87,0.0,1016.2,
2020-09-02 21:00:00,Parramatta,94765,Bankstown,10.4,88,0.0,1016.8,
2020-09-02 22:00:00,Parramatta,94765,Bankstown,15.2,71,0.0,1016.9,
2020-09-02 23:00:00,Parramatta,94765,Bankstown,23.6,36,14.8,1016.4,
2020-09-03 00:00:00,Parramatta,94765,Bankstown,25.7,31,16.6,1016.1,
2020-09-03 01:00:00,Parramatta,94765,Bankstown,27.9,29,14.8,1015.5,
2020-09-03 02:00:00,Parramatta,94765,Bankstown,29.3,29,14.8,1014.5,
2020-09-03 03:00:00,Parramatta,94765,Bankstown,30.3,24,16.6,1013.3,
2020-09-03 04:00:00,Parramatta,94765,Bankstown,29.8,21,24.1,1012.7,
2020-09-03 05:00:00,Parramatta,94765,Bankstown,29.3,23,16.6,1012.5,
2020-09-03 06:00:00,Parramatta,94765,Bankstown,29.4,23,16.6,1013.1,
2020-09-03 07:00:00,Parramatta,94765,Bankstown,28.4,23,14.8,1013.2,
2020-09-03 08:00:00,Parramatta,94765,Bankstown,25.8,31,9.4,1014.0,
2020-09-03 09:00:00,Parramatta,94765,Bankstown,23.6,40,7.6,1014.5,
2020-09-03 10:00:00,Parramatta,94765,Bankstown,24.5,39,11.2,1014.5,
2020-09-03 11:00:00,Parramatta,94765,Bankstown,24.3,39,11.2,1014.6,
2020-09-03 12:00:00,Parramatta,94765,Bankstown,24.1,37,11.2,1014.2,
2020-09-03 13:00:00,Parramatta,94765,Bankstown,22.0,45,5.4,1014.1,
2020-09-03 14:00:00,Parramatta,94765,Bankstown,21.1,50,7.6,1013.7,
2020-09-03 15:00:00,Parramatta,94765,Bankstown,18.6,56,5.4,1013.7,
2020-09-03 16:00:00,Parramatta,94765,Bankstown,21.3,47,11.2,1013.5,
2020-09-03 17:00:00,Parramatta,94765,Bankstown,20.6,47,7.6,1013.8,
2020-09-03 18:00:00,Parramatta,94765,Bankstown,16.3,64,9.4,1014.6,
2020-09-03 19:00:00,Parramatta,94765,Bankstown,14.7,74,1.8,1015.8,
2020-09-03 20:00:00,Parramatta,94765,Bankstown,13.8,77,0.0,1016.2,
2020-09-03 21:00:00,Parramatta,94765,Bankstown,13.6,80,0.0,1016.7,
2020-09-03 22:00:00,Parramatta,94765,Bankstown,16.5,70,0.0,1017.7,
2020-09-03 23:00:00,Parramatta,94765,Bankstown,18.3,59,1.8,1018.0,
2020-09-04 00:00:00,Parramatta,94765,Bankstown,18.1,66,0.0,1017.3,
2020-09-04 01:00:00,Parramatta,94765,Bankstown,17.6,72,3.6,1017.0,
2020-09-04 02:00:00,Parramatta,94765,Bankstown,16.7,84,5.4,1016.5,
2020-09-04 03:00:00,Parramatta,94765,Bankstown,16.9,84,7.6,1015.7,
2020-09-04 04:00:00,Parramatta,94765,Bankstown,17.7,76,9.4,1014.6,
2020-09-04 05:00:00,Parramatta,94765,Bankstown,17.4,89,9.4,1014.1,
2020-09-04 06:00:00,Parramatta,94765,Bankstown,17.0,89,7.6,1014.2,
2020-09-04 07:00:00,Parramatta,94765,Bankstown,16.7,91,7.6,1014.6,
2020-09-04 08:00:00,Parramatta,94765,Bankstown,16.4,91,0.0,1015.0,
2020-09-04 09:00:00,Parramatta,94765,Bankstown,15.9,94,5.4,1015.2,
2020-09-04 10:00:00,Parramatta,94765,Bankstown,15.3,95,1.8,1015.4,
2020-09-04 11:00:00,Parramatta,94765,Bankstown,15.2,96,3.6,1016.0,
2020-09-04 12:00:00,Parramatta,94765,Bankstown,15.2,96,7.6,1015.6,
2020-09-04 13:00:00,Parramatta,94765,Bankstown,15.4,96,7.6,1015.0,
2020-09-04 14:00:00,Parramatta,94765,Bankstown,14.8,96,5.4,1015.1,
2020-09-04 15:00:00,Parramatta,94765,Bankstown,14.3,96,1.8,1014.9,
2020-09-04 16:00:00,Parramatta,94765,Bankstown,14.0,97,0.0,1014.5,
2020-09-04 17:00:00,Parramatta,94765,Bankstown,12.4,96,0.0,1014.3,
2020-09-04 18:00:00,Parramatta,94765,Bankstown,11.4,97,0.0,1014.3,
2020-09-04 19:00:00,Parramatta,94765,Bankstown,10.7,98,1.8,1014.9,
2020-09-04 20:00:00,Parramatta,94765,Bankstown,10.0,98,1.8,1015.5,
2020-09-04 21:00:00,Parramatta,94765,Bankstown,11.6,99,3.6,1016.4,
2020-09-04 22:00:00,Parramatta,94765,Bankstown,13.7,85,11.2,1016.7,
2020-09-04 23:00:00,Parramatta,94765,Bankstown,17.0,52,13.0,1017.2,
2020-09-05 00:00:00,Parramatta,94765,Bankstown,18.4,44,14.8,1017.6,
2020-09-05 01:00:00,Parramatta,94765,Bankstown,19.5,37,14.8,1017.3,
2020-09-05 02:00:00,Parramatta,94765,Bankstown,20.6,36,16.6,1017.0,
2020-09-05 03:00:00,Parramatta,94765,Bankstown,21.1,33,13.0,1016.4,
2020-09-05 04:00:00,Parramatta,94765,Bankstown,22.2,33,11.2,1016.2,
2020-09-05 05:00:00,Parramatta,94765,Bankstown,19.7,36,20.5,1016.3,
2020-09-05 06:00:00,Parramatta,94765,Bankstown,20.3,32,14.8,1017.0,
2020-09-05 07:00:00,Parramatta,94765,Bankstown,19.1,35,16.6,1018.3,
2020-09-05 08:00:00,Parramatta,94765,Bankstown,17.3,39,11.2,1019.5,
2020-09-05 09:00:00,Parramatta,94765,Bankstown,15.3,55,5.4,1020.7,
2020-09-05 10:00:00,Parramatta,94765,Bankstown,12.9,70,0.0,1021.8,
2020-09-05 11:00:00,Parramatta,94765,Bankstown,11.4,76,0.0,1022.8,
2020-09-05 12:00:00,Parramatta,94765,Bankstown,10.3,84,0.0,1023.2,
2020-09-05 13:00:00,Parramatta,94765,Bankstown,9.8,87,0.0,1023.9,
2020-09-05 14:00:00,Parramatta,94765,Bankstown,9.3,90,0.0,1024.4,
2020-09-05 15:00:00,Parramatta,94765,Bankstown,8.9,90,0.0,1024.8,
2020-09-05 16:00:00,Parramatta,94765,Bankstown,8.7,91,0.0,1024.9,
2020-09-05 17:00:00,Parramatta,94765,Bankstown,8.3,92,0.0,1024.7,
2020-09-05 18:00:00,Parramatta,94765,Bankstown,8.2,94,0.0,1025.1,
2020-09-05 19:00:00,Parramatta,94765,Bankstown,8.6,93,1.8,1025.7,
2020-09-05 20:00:00,Parramatta,94765,Bankstown,8.6,91,0.0,1026.6,
2020-09-05 21:00:00,Parramatta,94765,Bankstown,8.8,91,0.0,1027.5,
2020-09-05 22:00:00,Parramatta,94765,Bankstown,11.0,84,5.4,1028.4,
2020-09-05 23:00:00,Parramatta,94765,Bankstown,14.0,76,7.6,1028.9,
2020-09-06 00:00:00,Parramatta,94765,Bankstown,16.0,65,1.8,1028.9,
2020-09-06 01:00:00,Parramatta,94765,Bankstown,18.5,57,11.2,1028.4,
2020-09-06 02:00:00,Parramatta,94765,Bankstown,18.7,52,9.4,1027.9,
2020-09-06 04:00:00,Parramatta,94765,Bankstown,18.7,49,11.2,1027.1,
2020-09-06 05:00:00,Parramatta,94765,Bankstown,18.6,47,16.6,1027.0,
2020-09-06 06:00:00,Parramatta,94765,Bankstown,18.9,48,18.4,1027.2,
2020-09-06 07:00:00,Parramatta,94765,Bankstown,17.4,51,18.4,1027.8,
2020-09-06 08:00:00,Parramatta,94765,Bankstown,16.5,59,16.6,1028.5,
2020-09-06 09:00:00,Parramatta,94765,Bankstown,15.9,64,9.4,1029.1,
2020-09-06 10:00:00,Parramatta,94765,Bankstown,13.2,76,0.0,1029.9,
2020-09-06 11:00:00,Parramatta,94765,Bankstown,11.6,84,0.0,1030.1,
2020-09-06 12:00:00,Parramatta,94765,Bankstown,11.2,89,0.0,1030.3,
2020-09-06 13:00:00,Parramatta,94765,Bankstown,11.5,88,0.0,1030.5,
2020-09-06 14:00:00,Parramatta,94765,Bankstown,12.0,84,0.0,1030.7,
2020-09-06 15:00:00,Parramatta,94765,Bankstown,11.2,85,0.0,1030.5,
2020-09-06 16:00:00,Parramatta,94765,Bankstown,10.0,91,0.0,1030.4,
2020-09-06 17:00:00,Parramatta,94765,Bankstown,9.2,92,0.0,1030.0,
2020-09-06 18:00:00,Parramatta,94765,Bankstown,8.8,94,0.0,1030.1,
2020-09-06 19:00:00,Parramatta,94765,Bankstown,8.7,95,0.0,1030.6,
2020-09-06 20:00:00,Parramatta,94765,Bankstown,8.5,95,0.0,1031.2,
2020-09-06 21:00:00,Parramatta,94765,Bankstown,9.2,95,0.0,1031.8,
2020-09-06 22:00:00,Parramatta,94765,Bankstown,12.7,86,1.8,1032.0,
2020-09-06 23:00:00,Parramatta,94765,Bankstown,16.5,68,5.4,1032.1,
2020-09-07 00:00:00,Parramatta,94765,Bankstown,19.1,57,11.2,1031.8,
2020-09-07 01:00:00,Parramatta,94765,Bankstown,20.6,43,14.8,1031.2,
2020-09-07 02:00:00,Parramatta,94765,Bankstown,21.3,41,13.0,1030.6,
2020-09-07 03:00:00,Parramatta,94765,Bankstown,22.3,40,13.0,1029.6,
2020-09-07 04:00:00,Parramatta,94765,Bankstown,21.9,44,20.5,1029.1,
2020-09-07 05:00:00,Parramatta,94765,Bankstown,21.5,44,22.3,1028.6,
2020-09-07 06:00:00,Parramatta,94765,Bankstown,20.6,51,25.9,1028.7,
2020-09-07 07:00:00,Parramatta,94765,Bankstown,19.3,56,20.5,1029.0,
2020-09-07 08:00:00,Parramatta,94765,Bankstown,17.9,61,22.3,1029.4,
2020-09-07 09:00:00,Parramatta,94765,Bankstown,17.2,64,18.4,1030.2,
2020-09-07 10:00:00,Parramatta,94765,Bankstown,16.7,65,14.8,1030.6,
2020-09-07 11:00:00,Parramatta,94765,Bankstown,14.8,72,0.0,1030.8,
2020-09-07 12:00:00,Parramatta,94765,Bankstown,13.2,80,0.0,1031.1,
2020-09-07 13:00:00,Parramatta,94765,Bankstown,11.6,85,0.0,1031.0,
2020-09-07 14:00:00,Parramatta,94765,Bankstown,10.9,90,0.0,1030.9,
2020-09-07 15:00:00,Parramatta,94765,Bankstown,9.9,93,0.0,1030.4,
2020-09-07 16:00:00,Parramatta,94765,Bankstown,9.0,94,0.0,1029.8,
2020-09-07 17:00:00,Parramatta,94765,Bankstown,8.5,95,0.0,1029.5,
2020-09-07 18:00:00,Parramatta,94765,Bankstown,7.9,95,0.0,1029.6,
2020-09-07 19:00:00,Parramatta,94765,Bankstown,7.6,95,0.0,1029.5,
2020-09-07 20:00:00,Parramatta,94765,Bankstown,7.1,95,0.0,1029.6,
2020-09-07 21:00:00,Parramatta,94765,Bankstown,8.7,96,0.0,1029.9,
2020-09-07 22:00:00,Parramatta,94765,Bankstown,12.0,89,0.0,1030.3,
2020-09-07 23:00:00,Parramatta,94765,Bankstown,16.0,72,1.8,1030.0,
2020-09-08 00:00:00,Parramatta,94765,Bankstown,18.5,57,5.4,1029.5,
2020-09-08 01:00:00,Parramatta,94765,Bankstown,21.2,48,13.0,1028.3,
2020-09-08 02:00:00,Parramatta,94765,Bankstown,23.5,38,13.0,1026.9,
2020-09-08 03:00:00,Parramatta,94765,Bankstown,24.7,36,11.2,1025.6,
2020-09-08 04:00:00,Parramatta,94765,Bankstown,25.3,34,9.4,1024.9,
2020-09-08 05:00:00,Parramatta,94765,Bankstown,25.0,42,14.8,1024.3,
2020-09-08 06:00:00,Parramatta,94765,Bankstown,23.9,49,16.6,1023.9,
2020-09-08 07:00:00,Parramatta,94765,Bankstown,22.2,55,13.0,1024.4,
2020-09-08 08:00:00,Parramatta,94765,Bankstown,20.2,61,9.4,1024.8,
2020-09-08 09:00:00,Parramatta,94765,Bankstown,19.0,66,3.6,1024.9,
2020-09-08 10:00:00,Parramatta,94765,Bankstown,17.4,71,0.0,1024.9,
2020-09-08 11:00:00,Parramatta,94765,Bankstown,15.8,83,0.0,1024.9,
2020-09-08 12:00:00,Parramatta,94765,Bankstown,14.6,86,1.8,1024.9,
2020-09-08 13:00:00,Parramatta,94765,Bankstown,14.7,86,3.6,1024.9,
2020-09-08 14:00:00,Parramatta,94765,Bankstown,14.4,88,7.6,1024.4,
2020-09-08 15:00:00,Parramatta,94765,Bankstown,13.8,90,0.0,1024.0,
2020-09-08 16:00:00,Parramatta,94765,Bankstown,13.3,91,5.4,1023.8,
2020-09-08 17:00:00,Parramatta,94765,Bankstown,13.0,91,0.0,1023.5,
2020-09-08 18:00:00,Parramatta,94765,Bankstown,15.7,86,13.0,1024.6,
2020-09-08 19:00:00,Parramatta,94765,Bankstown,17.0,79,27.7,1025.2,
2020-09-08 20:00:00,Parramatta,94765,Bankstown,16.4,80,24.1,1026.1,
2020-09-08 21:00:00,Parramatta,94765,Bankstown,15.8,83,18.4,1027.9,
2020-09-08 22:00:00,Parramatta,94765,Bankstown,14.7,90,18.4,1028.6,
2020-09-08 23:00:00,Parramatta,94765,Bankstown,14.5,88,18.4,1028.6,
2020-09-09 00:00:00,Parramatta,94765,Bankstown,15.0,85,14.8,1028.7,
2020-09-09 01:00:00,Parramatta,94765,Bankstown,14.6,89,13.0,1028.7,
2020-09-09 02:00:00,Parramatta,94765,Bankstown,14.0,90,9.4,1027.9,
2020-09-09 03:00:00,Parramatta,94765,Bankstown,14.3,87,9.4,1027.4,
2020-09-09 04:00:00,Parramatta,94765,Bankstown,14.3,85,14.8,1027.4,
2020-09-09 05:00:00,Parramatta,94765,Bankstown,14.0,85,11.2,1027.1,
2020-09-09 06:00:00,Parramatta,94765,Bankstown,13.6,89,11.2,1027.4,
2020-09-09 07:00:00,Parramatta,94765,Bankstown,13.1,92,7.6,1027.8,
2020-09-09 08:00:00,Parramatta,94765,Bankstown,13.0,91,7.6,1028.2,
2020-09-09 09:00:00,Parramatta,94765,Bankstown,12.7,93,7.6,1028.5,
2020-09-09 10:00:00,Parramatta,94765,Bankstown,12.6,92,7.6,1028.5,
2020-09-09 11:00:00,Parramatta,94765,Bankstown,12.5,92,5.4,1028.3,
2020-09-09 12:00:00,Parramatta,94765,Bankstown,12.3,90,7.6,1028.3,
2020-09-09 13:00:00,Parramatta,94765,Bankstown,12.2,90,5.4,1027.9,
2020-09-09 14:00:00,Parramatta,94765,Bankstown,12.2,92,9.4,1027.9,
2020-09-09 15:00:00,Parramatta,94765,Bankstown,12.3,93,7.6,1027.6,
2020-09-09 16:00:00,Parramatta,94765,Bankstown,12.1,94,7.6,1027.2,
2020-09-09 17:00:00,Parramatta,94765,Bankstown,12.4,85,11.2,1026.7,
2020-09-09 18:00:00,Parramatta,94765,Bankstown,12.0,87,11.2,1026.8,
2020-09-09 19:00:00,Parramatta,94765,Bankstown,12.1,85,9.4,1027.3,
2020-09-09 20:00:00,Parramatta,94765,Bankstown,10.8,88,9.4,1028.1,
2020-09-09 21:00:00,Parramatta,94765,Bankstown,12.1,83,7.6,1028.7,
2020-09-09 22:00:00,Parramatta,94765,Bankstown,14.4,72,13.0,1029.4,
2020-09-09 23:00:00,Parramatta,94765,Bankstown,16.4,53,9.4,1029.6,
2020-09-10 00:00:00,Parramatta,94765,Bankstown,16.9,47,25.9,1029.5,
2020-09-10 01:00:00,Parramatta,94765,Bankstown,16.1,54,22.3,1029.4,
2020-09-10 02:00:00,Parramatta,94765,Bankstown,18.2,48,24.1,1028.6,
2020-09-10 03:00:00,Parramatta,94765,Bankstown,18.2,47,20.5,1028.1,
2020-09-10 04:00:00,Parramatta,94765,Bankstown,17.9,48,22.3,1027.9,
2020-09-10 05:00:00,Parramatta,94765,Bankstown,17.3,48,20.5,1028.0,
2020-09-10 06:00:00,Parramatta,94765,Bankstown,16.5,51,22.3,1028.3,
2020-09-10 07:00:00,Parramatta,94765,Bankstown,16.0,61,22.3,1028.7,
2020-09-10 08:00:00,Parramatta,94765,Bankstown,14.2,66,14.8,1029.3,
2020-09-10 09:00:00,Parramatta,94765,Bankstown,14.0,70,9.4,1029.9,
2020-09-10 10:00:00,Parramatta,94765,Bankstown,13.4,87,14.8,1030.6,
2020-09-10 11:00:00,Parramatta,94765,Bankstown,13.0,88,7.6,1030.7,
2020-09-10 12:00:00,Parramatta,94765,Bankstown,12.6,89,9.4,1030.6,
2020-09-10 13:00:00,Parramatta,94765,Bankstown,12.1,89,7.6,1030.7,
2020-09-10 14:00:00,Parramatta,94765,Bankstown,11.5,89,0.0,1030.3,
2020-09-10 15:00:00,Parramatta,94765,Bankstown,10.5,86,0.0,1030.2,
2020-09-10 16:00:00,Parramatta,94765,Bankstown,9.7,88,0.0,1030.1,
2020-09-10 17:00:00,Parramatta,94765,Bankstown,11.0,89,3.6,1029.9,
2020-09-10 18:00:00,Parramatta,94765,Bankstown,11.3,87,11.2,1030.0,
2020-09-10 19:00:00,Parramatta,94765,Bankstown,11.4,88,5.4,1030.4,
2020-09-10 20:00:00,Parramatta,94765,Bankstown,11.0,89,7.6,1031.0,
2020-09-10 21:00:00,Parramatta,94765,Bankstown,11.8,85,9.4,1031.6,
2020-09-10 22:00:00,Parramatta,94765,Bankstown,12.7,80,9.4,1032.1,
2020-09-10 23:00:00,Parramatta,94765,Bankstown,15.5,70,5.4,1032.1,
2020-09-11 00:00:00,Parramatta,94765,Bankstown,16.9,62,0.0,1031.7,
2020-09-11 01:00:00,Parramatta,94765,Bankstown,18.1,57,5.4,1031.0,
2020-09-11 02:00:00,Parramatta,94765,Bankstown,18.5,52,9.4,1030.2,
2020-09-11 03:00:00,Parramatta,94765,Bankstown,19.0,52,7.6,1029.3,
2020-09-11 04:00:00,Parramatta,94765,Bankstown,19.7,51,5.4,1028.8,
2020-09-11 05:00:00,Parramatta,94765,Bankstown,18.6,51,14.8,1028.5,
2020-09-11 06:00:00,Parramatta,94765,Bankstown,18.1,54,16.6,1028.4,
2020-09-11 07:00:00,Parramatta,94765,Bankstown,17.7,56,16.6,1028.6,
2020-09-11 08:00:00,Parramatta,94765,Bankstown,16.3,62,16.6,1029.2,
2020-09-11 09:00:00,Parramatta,94765,Bankstown,15.3,69,11.2,1029.8,
2020-09-11 10:00:00,Parramatta,94765,Bankstown,12.9,80,0.0,1030.0,
2020-09-11 11:00:00,Parramatta,94765,Bankstown,11.5,85,3.6,1030.0,
2020-09-11 12:00:00,Parramatta,94765,Bankstown,10.8,91,0.0,1030.1,
2020-09-11 13:00:00,Parramatta,94765,Bankstown,10.4,92,0.0,1030.3,
2020-09-11 14:00:00,Parramatta,94765,Bankstown,10.0,92,0.0,1029.8,
2020-09-11 15:00:00,Parramatta,94765,Bankstown,9.5,94,0.0,1029.1,
2020-09-11 16:00:00,Parramatta,94765,Bankstown,8.8,95,0.0,1028.7,
2020-09-11 17:00:00,Parramatta,94765,Bankstown,7.8,95,0.0,1028.4,
2020-09-11 18:00:00,Parramatta,94765,Bankstown,7.3,95,0.0,1028.5,
2020-09-11 19:00:00,Parramatta,94765,Bankstown,7.3,96,0.0,1029.0,
2020-09-11 20:00:00,Parramatta,94765,Bankstown,7.0,96,0.0,1028.6,
2020-09-11 21:00:00,Parramatta,94765,Bankstown,8.0,96,0.0,1028.7,
2020-09-11 22:00:00,Parramatta,94765,Bankstown,11.3,94,3.6,1028.8,
2020-09-11 23:00:00,Parramatta,94765,Bankstown,15.5,72,13.0,1028.1,
2020-09-12 00:00:00,Parramatta,94765,Bankstown,18.3,57,13.0,1027.5,
2020-09-12 01:00:00,Parramatta,94765,Bankstown,20.0,49,13.0,1026.3,
2020-09-12 02:00:00,Parramatta,94765,Bankstown,21.0,38,13.0,1025.5,
2020-09-12 03:00:00,Parramatta,94765,Bankstown,22.0,36,7.6,1024.8,
2020-09-12 04:00:00,Parramatta,94765,Bankstown,22.6,36,1.8,1024.0,
2020-09-12 05:00:00,Parramatta,94765,Bankstown,23.8,35,9.4,1023.3,
2020-09-12 06:00:00,Parramatta,94765,Bankstown,22.6,43,16.6,1022.7,
2020-09-12 07:00:00,Parramatta,94765,Bankstown,20.9,52,20.5,1023.0,
2020-09-12 08:00:00,Parramatta,94765,Bankstown,18.9,62,16.6,1023.4,
2020-09-12 09:00:00,Parramatta,94765,Bankstown,17.6,69,14.8,1023.9,
2020-09-12 10:00:00,Parramatta,94765,Bankstown,16.6,73,9.4,1024.4,
2020-09-12 11:00:00,Parramatta,94765,Bankstown,14.8,77,0.0,1024.4,
2020-09-12 12:00:00,Parramatta,94765,Bankstown,13.4,85,0.0,1024.2,
2020-09-12 13:00:00,Parramatta,94765,Bankstown,12.4,91,0.0,1024.0,
2020-09-12 14:00:00,Parramatta,94765,Bankstown,11.4,92,0.0,1023.8,
2020-09-12 15:00:00,Parramatta,94765,Bankstown,10.9,94,1.8,1023.4,
2020-09-12 16:00:00,Parramatta,94765,Bankstown,10.5,94,0.0,1023.0,
2020-09-12 17:00:00,Parramatta,94765,Bankstown,9.9,95,0.0,1022.5,
2020-09-12 18:00:00,Parramatta,94765,Bankstown,9.5,96,3.6,1022.7,
2020-09-12 19:00:00,Parramatta,94765,Bankstown,9.0,96,0.0,1023.1,
2020-09-12 20:00:00,Parramatta,94765,Bankstown,8.8,96,0.0,1023.3,
2020-09-12 21:00:00,Parramatta,94765,Bankstown,10.4,97,5.4,1023.7,
2020-09-12 22:00:00,Parramatta,94765,Bankstown,12.6,88,7.6,1024.1,
2020-09-12 23:00:00,Parramatta,94765,Bankstown,16.4,65,11.2,1023.5,
2020-09-13 00:00:00,Parramatta,94765,Bankstown,17.3,60,9.4,1023.0,
2020-09-13 01:00:00,Parramatta,94765,Bankstown,20.6,48,9.4,1022.0,
2020-09-13 02:00:00,Parramatta,94765,Bankstown,22.9,36,11.2,1021.6,
2020-09-13 03:00:00,Parramatta,94765,Bankstown,24.7,36,13.0,1021.0,
2020-09-13 04:00:00,Parramatta,94765,Bankstown,25.4,34,14.8,1020.4,
2020-09-13 05:00:00,Parramatta,94765,Bankstown,23.5,32,18.4,1020.7,
2020-09-13 06:00:00,Parramatta,94765,Bankstown,18.5,60,13.0,1021.5,
2020-09-13 07:00:00,Parramatta,94765,Bankstown,18.3,62,3.6,1021.4,
2020-09-13 08:00:00,Parramatta,94765,Bankstown,19.0,49,9.4,1021.6,
2020-09-13 09:00:00,Parramatta,94765,Bankstown,17.9,54,9.4,1021.9,
2020-09-13 10:00:00,Parramatta,94765,Bankstown,17.3,56,5.4,1022.5,
2020-09-13 11:00:00,Parramatta,94765,Bankstown,15.4,64,5.4,1022.7,
2020-09-13 12:00:00,Parramatta,94765,Bankstown,13.3,74,0.0,1022.7,
2020-09-13 13:00:00,Parramatta,94765,Bankstown,12.0,83,0.0,1022.4,
2020-09-13 14:00:00,Parramatta,94765,Bankstown,11.4,84,0.0,1022.5,
2020-09-13 15:00:00,Parramatta,94765,Bankstown,10.9,88,0.0,1022.5,
2020-09-13 16:00:00,Parramatta,94765,Bankstown,9.9,90,0.0,1022.3,
2020-09-13 17:00:00,Parramatta,94765,Bankstown,9.6,92,0.0,1022.1,
2020-09-13 18:00:00,Parramatta,94765,Bankstown,9.1,93,0.0,1022.0,
2020-09-13 19:00:00,Parramatta,94765,Bankstown,8.7,94,0.0,1022.4,
2020-09-13 20:00:00,Parramatta,94765,Bankstown,8.4,94,0.0,1023.2,
2020-09-13 21:00:00,Parramatta,94765,Bankstown,10.1,94,0.0,1023.9,
2020-09-13 22:00:00,Parramatta,94765,Bankstown,13.6,80,1.8,1024.8,
2020-09-13 23:00:00,Parramatta,94765,Bankstown,18.1,59,1.8,1025.3,
2020-09-14 00:00:00,Parramatta,94765,Bankstown,21.7,48,3.6,1025.1,
2020-09-14 01:00:00,Parramatta,94765,Bankstown,22.2,47,7.6,1024.8,
2020-09-14 02:00:00,Parramatta,94765,Bankstown,21.2,53,18.4,1024.4,
2020-09-14 03:00:00,Parramatta,94765,Bankstown,20.5,57,20.5,1024.0,
2020-09-14 04:00:00,Parramatta,94765,Bankstown,20.5,58,22.3,1023.6,
2020-09-14 05:00:00,Parramatta,94765,Bankstown,20.0,60,22.3,1023.5,
2020-09-14 06:00:00,Parramatta,94765,Bankstown,19.3,62,24.1,1023.6,
2020-09-14 07:00:00,Parramatta,94765,Bankstown,18.3,65,20.5,1024.3,
2020-09-14 08:00:00,Parramatta,94765,Bankstown,16.8,72,14.8,1025.0,
2020-09-14 09:00:00,Parramatta,94765,Bankstown,15.9,77,9.4,1026.0,
2020-09-14 10:00:00,Parramatta,94765,Bankstown,15.7,77,3.6,1027.0,
2020-09-14 11:00:00,Parramatta,94765,Bankstown,14.0,86,0.0,1027.5,
2020-09-14 12:00:00,Parramatta,94765,Bankstown,13.4,90,0.0,1027.7,
2020-09-14 13:00:00,Parramatta,94765,Bankstown,12.4,91,0.0,1027.6,
2020-09-14 14:00:00,Parramatta,94765,Bankstown,12.7,94,0.0,1027.6,
2020-09-14 15:00:00,Parramatta,94765,Bankstown,12.9,93,0.0,1027.4,
2020-09-14 16:00:00,Parramatta,94765,Bankstown,13.1,92,0.0,1027.2,
2020-09-14 17:00:00,Parramatta,94765,Bankstown,13.5,90,0.0,1026.9,
2020-09-14 18:00:00,Parramatta,94765,Bankstown,13.8,90,0.0,1026.9,
2020-09-14 19:00:00,Parramatta,94765,Bankstown,14.3,89,0.0,1027.2,
2020-09-14 20:00:00,Parramatta,94765,Bankstown,14.6,90,0.0,1027.7,
2020-09-14 21:00:00,Parramatta,94765,Bankstown,15.4,89,0.0,1028.4,
2020-09-14 22:00:00,Parramatta,94765,Bankstown,16.6,81,5.4,1029.0,
2020-09-14 23:00:00,Parramatta,94765,Bankstown,18.1,72,9.4,1029.3,
2020-09-15 00:00:00,Parramatta,94765,Bankstown,19.7,69,11.2,1029.0,
2020-09-15 01:00:00,Parramatta,94765,Bankstown,20.1,63,11.2,1028.6,
2020-09-15 02:00:00,Parramatta,94765,Bankstown,22.0,57,11.2,1027.3,
2020-09-15 03:00:00,Parramatta,94765,Bankstown,22.8,49,11.2,1026.2,
2020-09-15 04:00:00,Parramatta,94765,Bankstown,23.5,47,13.0,1025.3,
2020-09-15 05:00:00,Parramatta,94765,Bankstown,23.5,52,9.4,1024.5,
2020-09-15 06:00:00,Parramatta,94765,Bankstown,22.3,55,24.1,1024.4,
2020-09-15 07:00:00,Parramatta,94765,Bankstown,21.1,58,20.5,1024.6,
2020-09-15 08:00:00,Parramatta,94765,Bankstown,19.4,64,16.6,1025.1,
2020-09-15 09:00:00,Parramatta,94765,Bankstown,18.2,71,13.0,1025.6,
2020-09-15 10:00:00,Parramatta,94765,Bankstown,17.7,72,16.6,1026.2,
2020-09-15 11:00:00,Parramatta,94765,Bankstown,17.3,75,7.6,1026.9,
2020-09-15 12:00:00,Parramatta,94765,Bankstown,15.4,81,0.0,1026.8,
2020-09-15 13:00:00,Parramatta,94765,Bankstown,14.3,87,0.0,1026.5,
2020-09-15 14:00:00,Parramatta,94765,Bankstown,13.5,90,0.0,1026.2,
2020-09-15 15:00:00,Parramatta,94765,Bankstown,13.0,92,0.0,1025.7,
2020-09-15 16:00:00,Parramatta,94765,Bankstown,12.2,93,0.0,1025.1,
2020-09-15 17:00:00,Parramatta,94765,Bankstown,11.6,94,0.0,1024.4,
2020-09-15 18:00:00,Parramatta,94765,Bankstown,10.9,95,0.0,1024.1,
2020-09-15 19:00:00,Parramatta,94765,Bankstown,10.5,96,0.0,1024.2,
2020-09-15 20:00:00,Parramatta,94765,Bankstown,9.9,96,0.0,1024.3,
2020-09-15 21:00:00,Parramatta,94765,Bankstown,11.9,97,0.0,1024.7,
2020-09-15 22:00:00,Parramatta,94765,Bankstown,14.3,89,0.0,1024.7,
2020-09-15 23:00:00,Parramatta,94765,Bankstown,17.7,74,7.6,1024.5,
2020-09-16 00:00:00,Parramatta,94765,Bankstown,20.0,64,11.2,1023.7,
2020-09-16 01:00:00,Parramatta,94765,Bankstown,22.3,56,9.4,1022.5,
2020-09-16 02:00:00,Parramatta,94765,Bankstown,25.4,46,9.4,1021.1,
2020-09-16 03:00:00,Parramatta,94765,Bankstown,27.2,35,13.0,1019.7,
2020-09-16 04:00:00,Parramatta,94765,Bankstown,27.3,34,13.0,1018.6,
2020-09-16 05:00:00,Parramatta,94765,Bankstown,28.1,31,18.4,1018.0,
2020-09-16 06:00:00,Parramatta,94765,Bankstown,27.9,26,13.0,1017.5,
2020-09-16 07:00:00,Parramatta,94765,Bankstown,26.7,26,14.8,1017.7,
2020-09-16 08:00:00,Parramatta,94765,Bankstown,24.2,31,9.4,1018.3,
2020-09-16 09:00:00,Parramatta,94765,Bankstown,22.7,36,7.6,1019.3,
2020-09-16 10:00:00,Parramatta,94765,Bankstown,22.8,35,13.0,1020.1,
2020-09-16 11:00:00,Parramatta,94765,Bankstown,20.4,43,7.6,1020.1,
2020-09-16 12:00:00,Parramatta,94765,Bankstown,17.5,55,3.6,1020.5,
2020-09-16 13:00:00,Parramatta,94765,Bankstown,15.8,65,0.0,1020.2,
2020-09-16 14:00:00,Parramatta,94765,Bankstown,14.5,74,0.0,1020.4,
2020-09-16 15:00:00,Parramatta,94765,Bankstown,13.3,82,0.0,1020.3,
2020-09-16 16:00:00,Parramatta,94765,Bankstown,12.6,86,0.0,1020.0,
2020-09-16 17:00:00,Parramatta,94765,Bankstown,12.0,88,0.0,1019.8,
2020-09-16 18:00:00,Parramatta,94765,Bankstown,11.4,88,0.0,1020.1,
2020-09-16 19:00:00,Parramatta,94765,Bankstown,10.8,89,0.0,1020.4,
2020-09-16 20:00:00,Parramatta,94765,Bankstown,10.7,88,0.0,1021.0,
2020-09-16 21:00:00,Parramatta,94765,Bankstown,13.5,81,0.0,1021.6,
2020-09-16 22:00:00,Parramatta,94765,Bankstown,16.6,69,5.4,1022.0,
2020-09-16 23:00:00,Parramatta,94765,Bankstown,20.6,57,9.4,1022.4,
2020-09-17 00:00:00,Parramatta,94765,Bankstown,23.7,46,7.6,1022.0,
2020-09-17 01:00:00,Parramatta,94765,Bankstown,27.4,32,9.4,1021.3,
2020-09-17 02:00:00,Parramatta,94765,Bankstown,28.5,29,9.4,1020.6,
2020-09-17 03:00:00,Parramatta,94765,Bankstown,29.8,27,13.0,1019.6,
2020-09-17 04:00:00,Parramatta,94765,Bankstown,31.0,27,14.8,1019.0,
2020-09-17 05:00:00,Parramatta,94765,Bankstown,31.0,26,18.4,1018.5,
2020-09-17 06:00:00,Parramatta,94765,Bankstown,23.3,50,38.9,1019.5,
2020-09-17 07:00:00,Parramatta,94765,Bankstown,18.0,72,42.5,1022.1,
2020-09-17 08:00:00,Parramatta,94765,Bankstown,16.8,71,29.5,1024.4,
2020-09-17 09:00:00,Parramatta,94765,Bankstown,16.4,71,24.1,1026.4,
2020-09-17 10:00:00,Parramatta,94765,Bankstown,16.2,72,20.5,1028.6,
2020-09-17 11:00:00,Parramatta,94765,Bankstown,16.2,69,18.4,1029.6,
2020-09-17 12:00:00,Parramatta,94765,Bankstown,16.0,70,16.6,1030.3,
2020-09-17 13:00:00,Parramatta,94765,Bankstown,15.5,69,13.0,1030.6,
2020-09-17 14:00:00,Parramatta,94765,Bankstown,14.8,73,7.6,1030.7,
2020-09-17 15:00:00,Parramatta,94765,Bankstown,14.3,76,7.6,1030.7,
2020-09-17 16:00:00,Parramatta,94765,Bankstown,14.2,79,7.6,1030.6,
2020-09-17 17:00:00,Parramatta,94765,Bankstown,14.2,79,5.4,1030.3,
2020-09-17 18:00:00,Parramatta,94765,Bankstown,13.6,83,0.0,1030.5,
2020-09-17 19:00:00,Parramatta,94765,Bankstown,13.7,84,0.0,1031.0,
2020-09-17 20:00:00,Parramatta,94765,Bankstown,13.3,89,7.6,1031.0,
2020-09-17 21:00:00,Parramatta,94765,Bankstown,14.1,84,7.6,1031.7,
2020-09-17 22:00:00,Parramatta,94765,Bankstown,15.1,80,0.0,1032.2,
2020-09-17 23:00:00,Parramatta,94765,Bankstown,16.7,75,7.6,1032.2,
2020-09-18 00:00:00,Parramatta,94765,Bankstown,17.4,72,9.4,1032.2,
2020-09-18 01:00:00,Parramatta,94765,Bankstown,16.9,74,14.8,1031.9,
2020-09-18 02:00:00,Parramatta,94765,Bankstown,16.7,76,11.2,1031.3,
2020-09-18 03:00:00,Parramatta,94765,Bankstown,17.5,73,7.6,1030.5,
2020-09-18 04:00:00,Parramatta,94765,Bankstown,17.6,72,9.4,1029.9,
2020-09-18 05:00:00,Parramatta,94765,Bankstown,17.8,71,7.6,1029.2,
2020-09-18 06:00:00,Parramatta,94765,Bankstown,17.8,70,7.6,1028.9,
2020-09-18 07:00:00,Parramatta,94765,Bankstown,17.2,77,11.2,1029.0,
2020-09-18 08:00:00,Parramatta,94765,Bankstown,16.9,80,7.6,1029.6,
2020-09-18 09:00:00,Parramatta,94765,Bankstown,15.8,93,7.6,1029.9,
2020-09-18 10:00:00,Parramatta,94765,Bankstown,15.4,95,9.4,1030.0,
2020-09-18 11:00:00,Parramatta,94765,Bankstown,15.5,94,0.0,1030.1,
2020-09-18 12:00:00,Parramatta,94765,Bankstown,15.5,95,1.8,1029.8,
2020-09-18 13:00:00,Parramatta,94765,Bankstown,15.4,96,5.4,1029.4,
2020-09-18 14:00:00,Parramatta,94765,Bankstown,15.4,96,0.0,1029.2,
2020-09-18 15:00:00,Parramatta,94765,Bankstown,15.4,96,0.0,1028.6,
2020-09-18 16:00:00,Parramatta,94765,Bankstown,15.5,95,0.0,1027.9,
2020-09-18 17:00:00,Parramatta,94765,Bankstown,15.2,95,0.0,1027.1,
2020-09-18 18:00:00,Parramatta,94765,Bankstown,15.3,95,0.0,1026.7,
2020-09-18 19:00:00,Parramatta,94765,Bankstown,15.4,95,0.0,1026.9,
2020-09-18 20:00:00,Parramatta,94765,Bankstown,15.3,95,0.0,1027.2,
2020-09-18 21:00:00,Parramatta,94765,Bankstown,15.5,93,0.0,1027.7,
2020-09-18 22:00:00,Parramatta,94765,Bankstown,16.2,91,0.0,1027.7,
2020-09-18 23:00:00,Parramatta,94765,Bankstown,17.1,87,1.8,1027.6,
2020-09-19 00:00:00,Parramatta,94765,Bankstown,18.8,79,5.4,1026.7,
2020-09-19 01:00:00,Parramatta,94765,Bankstown,19.7,80,3.6,1025.9,
2020-09-19 02:00:00,Parramatta,94765,Bankstown,20.7,72,7.6,1024.9,
2020-09-19 03:00:00,Parramatta,94765,Bankstown,21.7,67,20.5,1023.7,
2020-09-19 04:00:00,Parramatta,94765,Bankstown,22.3,61,22.3,1022.4,
2020-09-19 05:00:00,Parramatta,94765,Bankstown,22.1,64,24.1,1021.7,
2020-09-19 06:00:00,Parramatta,94765,Bankstown,20.7,70,25.9,1021.3,
2020-09-19 07:00:00,Parramatta,94765,Bankstown,20.3,71,20.5,1021.2,
2020-09-19 08:00:00,Parramatta,94765,Bankstown,19.4,74,16.6,1020.7,
2020-09-19 09:00:00,Parramatta,94765,Bankstown,19.2,79,16.6,1020.8,
2020-09-19 10:00:00,Parramatta,94765,Bankstown,19.2,78,18.4,1020.4,
2020-09-19 11:00:00,Parramatta,94765,Bankstown,19.2,78,16.6,1020.0,
2020-09-19 12:00:00,Parramatta,94765,Bankstown,19.1,77,14.8,1019.8,
2020-09-19 13:00:00,Parramatta,94765,Bankstown,18.9,76,11.2,1019.1,
2020-09-19 14:00:00,Parramatta,94765,Bankstown,18.6,77,7.6,1018.7,
2020-09-19 15:00:00,Parramatta,94765,Bankstown,17.4,82,0.0,1018.2,
2020-09-19 16:00:00,Parramatta,94765,Bankstown,17.3,82,0.0,1017.6,
2020-09-19 17:00:00,Parramatta,94765,Bankstown,18.2,72,13.0,1016.2,
2020-09-19 18:00:00,Parramatta,94765,Bankstown,17.8,75,7.6,1016.5,
2020-09-19 19:00:00,Parramatta,94765,Bankstown,16.5,87,3.6,1016.3,
2020-09-19 20:00:00,Parramatta,94765,Bankstown,16.3,88,0.0,1016.0,
2020-09-19 21:00:00,Parramatta,94765,Bankstown,16.6,87,9.4,1016.3,
2020-09-19 22:00:00,Parramatta,94765,Bankstown,16.5,89,1.8,1016.5,
2020-09-19 23:00:00,Parramatta,94765,Bankstown,16.4,89,7.6,1016.9,
2020-09-20 00:00:00,Parramatta,94765,Bankstown,15.9,92,11.2,1016.3,
2020-09-20 01:00:00,Parramatta,94765,Bankstown,16.2,92,11.2,1015.3,
2020-09-20 02:00:00,Parramatta,94765,Bankstown,17.6,78,16.6,1013.7,
2020-09-20 03:00:00,Parramatta,94765,Bankstown,19.7,69,20.5,1012.4,
2020-09-20 04:00:00,Parramatta,94765,Bankstown,20.7,65,20.5,1011.2,
2020-09-20 05:00:00,Parramatta,94765,Bankstown,21.9,65,13.0,1010.8,
2020-09-20 06:00:00,Parramatta,94765,Bankstown,21.9,62,14.8,1010.6,
2020-09-20 07:00:00,Parramatta,94765,Bankstown,20.5,73,18.4,1010.8,
2020-09-20 08:00:00,Parramatta,94765,Bankstown,19.1,79,14.8,1011.2,
2020-09-20 09:00:00,Parramatta,94765,Bankstown,18.3,83,11.2,1011.7,
2020-09-20 10:00:00,Parramatta,94765,Bankstown,17.7,82,7.6,1012.5,
2020-09-20 11:00:00,Parramatta,94765,Bankstown,18.0,75,9.4,1012.9,
2020-09-20 12:00:00,Parramatta,94765,Bankstown,17.6,76,9.4,1012.9,
2020-09-20 13:00:00,Parramatta,94765,Bankstown,15.8,83,0.0,1012.8,
2020-09-20 14:00:00,Parramatta,94765,Bankstown,14.4,90,0.0,1012.8,
2020-09-20 15:00:00,Parramatta,94765,Bankstown,14.1,93,0.0,1012.5,
2020-09-20 16:00:00,Parramatta,94765,Bankstown,13.6,94,0.0,1011.8,
2020-09-20 17:00:00,Parramatta,94765,Bankstown,13.3,95,0.0,1011.3,
2020-09-20 18:00:00,Parramatta,94765,Bankstown,12.6,95,0.0,1011.4,
2020-09-20 19:00:00,Parramatta,94765,Bankstown,11.9,95,0.0,1011.3,
2020-09-20 20:00:00,Parramatta,94765,Bankstown,11.9,96,0.0,1011.8,
2020-09-20 21:00:00,Parramatta,94765,Bankstown,13.9,96,0.0,1011.9,
2020-09-20 22:00:00,Parramatta,94765,Bankstown,17.3,83,0.0,1012.1,
2020-09-20 23:00:00,Parramatta,94765,Bankstown,21.2,72,1.8,1011.7,
2020-09-21 00:00:00,Parramatta,94765,Bankstown,24.7,56,13.0,1010.8,
2020-09-21 01:00:00,Parramatta,94765,Bankstown,26.6,49,16.6,1009.7,
2020-09-21 02:00:00,Parramatta,94765,Bankstown,27.5,49,13.0,1008.6,
2020-09-21 03:00:00,Parramatta,94765,Bankstown,27.7,47,14.8,1008.0,
2020-09-21 04:00:00,Parramatta,94765,Bankstown,27.7,49,11.2,1007.3,
2020-09-21 05:00:00,Parramatta,94765,Bankstown,28.6,47,13.0,1006.2,
2020-09-21 06:00:00,Parramatta,94765,Bankstown,29.7,36,13.0,1005.3,
2020-09-21 07:00:00,Parramatta,94765,Bankstown,28.4,43,18.4,1004.4,
2020-09-21 08:00:00,Parramatta,94765,Bankstown,26.8,49,16.6,1004.8,
2020-09-21 09:00:00,Parramatta,94765,Bankstown,26.3,50,18.4,1006.4,
2020-09-21 10:00:00,Parramatta,94765,Bankstown,25.3,57,14.8,1007.1,
2020-09-21 11:00:00,Parramatta,94765,Bankstown,24.8,60,11.2,1007.8,
2020-09-21 12:00:00,Parramatta,94765,Bankstown,21.9,69,11.2,1007.2,
2020-09-21 13:00:00,Parramatta,94765,Bankstown,20.6,76,5.4,1005.6,
2020-09-21 14:00:00,Parramatta,94765,Bankstown,23.9,49,14.8,1006.5,
2020-09-21 15:00:00,Parramatta,94765,Bankstown,23.1,49,13.0,1006.4,
2020-09-21 16:00:00,Parramatta,94765,Bankstown,18.0,74,5.4,1005.9,
2020-09-21 17:00:00,Parramatta,94765,Bankstown,20.4,63,11.2,1005.8,
2020-09-21 18:00:00,Parramatta,94765,Bankstown,19.9,65,7.6,1006.5,
2020-09-21 19:00:00,Parramatta,94765,Bankstown,17.9,80,5.4,1007.4,
2020-09-21 20:00:00,Parramatta,94765,Bankstown,19.8,67,16.6,1008.5,
2020-09-21 21:00:00,Parramatta,94765,Bankstown,19.6,47,18.4,1009.6,
2020-09-21 22:00:00,Parramatta,94765,Bankstown,21.0,40,20.5,1010.5,
2020-09-21 23:00:00,Parramatta,94765,Bankstown,21.9,36,20.5,1010.6,
2020-09-22 00:00:00,Parramatta,94765,Bankstown,23.2,28,16.6,1010.4,
2020-09-22 01:00:00,Parramatta,94765,Bankstown,24.3,27,16.6,1009.9,
2020-09-22 02:00:00,Parramatta,94765,Bankstown,25.1,23,22.3,1009.1,
2020-09-22 03:00:00,Parramatta,94765,Bankstown,25.9,18,22.3,1008.5,
2020-09-22 04:00:00,Parramatta,94765,Bankstown,26.4,19,20.5,1008.1,
2020-09-22 05:00:00,Parramatta,94765,Bankstown,26.3,19,24.1,1008.1,
2020-09-22 06:00:00,Parramatta,94765,Bankstown,25.8,21,22.3,1008.1,
2020-09-22 07:00:00,Parramatta,94765,Bankstown,24.5,22,22.3,1008.9,
2020-09-22 08:00:00,Parramatta,94765,Bankstown,22.8,25,16.6,1009.9,
2020-09-22 09:00:00,Parramatta,94765,Bankstown,21.3,30,13.0,1010.9,
2020-09-22 10:00:00,Parramatta,94765,Bankstown,19.7,35,9.4,1011.9,
2020-09-22 11:00:00,Parramatta,94765,Bankstown,20.0,38,11.2,1012.0,
2020-09-22 12:00:00,Parramatta,94765,Bankstown,19.3,42,11.2,1011.7,
2020-09-22 13:00:00,Parramatta,94765,Bankstown,18.9,44,11.2,1011.5,
2020-09-22 14:00:00,Parramatta,94765,Bankstown,18.6,45,11.2,1011.5,
2020-09-22 15:00:00,Parramatta,94765,Bankstown,16.6,52,9.4,1011.8,
2020-09-22 16:00:00,Parramatta,94765,Bankstown,15.5,55,9.4,1011.5,
2020-09-22 17:00:00,Parramatta,94765,Bankstown,12.7,64,0.0,1011.3,
2020-09-22 18:00:00,Parramatta,94765,Bankstown,11.7,68,0.0,1011.3,
2020-09-22 19:00:00,Parramatta,94765,Bankstown,10.9,72,0.0,1011.5,
2020-09-22 20:00:00,Parramatta,94765,Bankstown,10.7,72,0.0,1012.1,
2020-09-22 21:00:00,Parramatta,94765,Bankstown,13.6,70,0.0,1012.6,
2020-09-22 22:00:00,Parramatta,94765,Bankstown,18.3,49,1.8,1012.8,
2020-09-22 23:00:00,Parramatta,94765,Bankstown,20.3,33,11.2,1012.4,
2020-09-23 00:00:00,Parramatta,94765,Bankstown,20.4,29,13.0,1012.2,
2020-09-23 01:00:00,Parramatta,94765,Bankstown,21.7,29,18.4,1011.5,
2020-09-23 02:00:00,Parramatta,94765,Bankstown,22.3,28,18.4,1010.7,
2020-09-23 03:00:00,Parramatta,94765,Bankstown,23.1,24,22.3,1009.9,
2020-09-23 04:00:00,Parramatta,94765,Bankstown,22.8,24,20.5,1009.5,
2020-09-23 05:00:00,Parramatta,94765,Bankstown,22.3,25,16.6,1009.5,
2020-09-23 06:00:00,Parramatta,94765,Bankstown,21.9,27,20.5,1009.8,
2020-09-23 07:00:00,Parramatta,94765,Bankstown,20.6,26,20.5,1010.7,
2020-09-23 08:00:00,Parramatta,94765,Bankstown,19.3,30,18.4,1012.2,
2020-09-23 09:00:00,Parramatta,94765,Bankstown,17.5,37,13.0,1013.3,
2020-09-23 10:00:00,Parramatta,94765,Bankstown,16.5,41,9.4,1014.0,
2020-09-23 11:00:00,Parramatta,94765,Bankstown,15.6,46,9.4,1014.3,
2020-09-23 12:00:00,Parramatta,94765,Bankstown,14.4,52,5.4,1014.4,
2020-09-23 13:00:00,Parramatta,94765,Bankstown,13.4,56,9.4,1014.2,
2020-09-23 14:00:00,Parramatta,94765,Bankstown,11.4,65,0.0,1014.1,
2020-09-23 15:00:00,Parramatta,94765,Bankstown,10.6,70,1.8,1013.7,
2020-09-23 16:00:00,Parramatta,94765,Bankstown,9.8,74,3.6,1013.2,
2020-09-23 17:00:00,Parramatta,94765,Bankstown,9.3,84,5.4,1012.8,
2020-09-23 18:00:00,Parramatta,94765,Bankstown,10.0,70,7.6,1012.7,
2020-09-23 19:00:00,Parramatta,94765,Bankstown,8.9,75,3.6,1013.0,
2020-09-23 20:00:00,Parramatta,94765,Bankstown,10.5,70,7.6,1013.1,
2020-09-23 21:00:00,Parramatta,94765,Bankstown,13.6,59,9.4,1013.5,
2020-09-23 22:00:00,Parramatta,94765,Bankstown,15.9,47,14.8,1013.8,
2020-09-23 23:00:00,Parramatta,94765,Bankstown,17.0,40,20.5,1013.7,
2020-09-24 00:00:00,Parramatta,94765,Bankstown,17.9,38,20.5,1013.7,
2020-09-24 01:00:00,Parramatta,94765,Bankstown,18.8,34,25.9,1013.4,
2020-09-24 02:00:00,Parramatta,94765,Bankstown,19.9,30,24.1,1012.6,
2020-09-24 03:00:00,Parramatta,94765,Bankstown,20.4,27,18.4,1011.9,
2020-09-24 04:00:00,Parramatta,94765,Bankstown,20.9,25,20.5,1011.2,
2020-09-24 05:00:00,Parramatta,94765,Bankstown,21.4,25,20.5,1010.9,
2020-09-24 06:00:00,Parramatta,94765,Bankstown,19.9,24,16.6,1010.8,
2020-09-24 07:00:00,Parramatta,94765,Bankstown,19.6,26,22.3,1011.4,
2020-09-24 08:00:00,Parramatta,94765,Bankstown,18.1,29,14.8,1011.8,
2020-09-24 09:00:00,Parramatta,94765,Bankstown,17.3,32,13.0,1012.4,
2020-09-24 10:00:00,Parramatta,94765,Bankstown,16.4,36,7.6,1013.2,
2020-09-24 11:00:00,Parramatta,94765,Bankstown,15.3,40,7.6,1013.9,
2020-09-24 12:00:00,Parramatta,94765,Bankstown,14.5,45,7.6,1013.8,
2020-09-24 13:00:00,Parramatta,94765,Bankstown,11.7,56,0.0,1013.3,
2020-09-24 14:00:00,Parramatta,94765,Bankstown,11.0,62,0.0,1012.5,
2020-09-24 15:00:00,Parramatta,94765,Bankstown,9.7,73,0.0,1011.9,
2020-09-24 16:00:00,Parramatta,94765,Bankstown,9.9,79,0.0,1011.4,
2020-09-24 17:00:00,Parramatta,94765,Bankstown,9.2,86,0.0,1010.7,
2020-09-24 18:00:00,Parramatta,94765,Bankstown,8.0,86,0.0,1009.9,
2020-09-24 19:00:00,Parramatta,94765,Bankstown,7.3,88,0.0,1009.4,
2020-09-24 20:00:00,Parramatta,94765,Bankstown,7.2,92,0.0,1009.1,
2020-09-24 21:00:00,Parramatta,94765,Bankstown,13.2,58,7.6,1008.8,
2020-09-24 22:00:00,Parramatta,94765,Bankstown,16.3,47,9.4,1008.2,
2020-09-24 23:00:00,Parramatta,94765,Bankstown,19.4,35,24.1,1007.0,
2020-09-25 00:00:00,Parramatta,94765,Bankstown,20.7,32,16.6,1005.5,
2020-09-25 01:00:00,Parramatta,94765,Bankstown,21.8,30,20.5,1004.0,
2020-09-25 02:00:00,Parramatta,94765,Bankstown,21.6,27,18.4,1002.7,
2020-09-25 03:00:00,Parramatta,94765,Bankstown,22.3,25,25.9,1001.1,
2020-09-25 04:00:00,Parramatta,94765,Bankstown,23.1,24,29.5,1000.0,
2020-09-25 05:00:00,Parramatta,94765,Bankstown,21.7,29,31.7,999.0,
2020-09-25 06:00:00,Parramatta,94765,Bankstown,22.7,26,22.3,998.1,
2020-09-25 07:00:00,Parramatta,94765,Bankstown,13.8,63,33.5,1001.4,
2020-09-25 08:00:00,Parramatta,94765,Bankstown,12.3,70,20.5,1002.9,
2020-09-25 09:00:00,Parramatta,94765,Bankstown,11.6,71,13.0,1004.3,
2020-09-25 10:00:00,Parramatta,94765,Bankstown,11.2,59,16.6,1004.8,
2020-09-25 11:00:00,Parramatta,94765,Bankstown,10.6,58,14.8,1005.6,
2020-09-25 12:00:00,Parramatta,94765,Bankstown,10.3,54,18.4,1005.7,
2020-09-25 13:00:00,Parramatta,94765,Bankstown,10.2,50,16.6,1006.0,
2020-09-25 14:00:00,Parramatta,94765,Bankstown,10.1,50,13.0,1006.4,
2020-09-25 15:00:00,Parramatta,94765,Bankstown,9.7,54,13.0,1006.1,
2020-09-25 16:00:00,Parramatta,94765,Bankstown,10.4,50,22.3,1005.4,
2020-09-25 17:00:00,Parramatta,94765,Bankstown,10.5,48,20.5,1005.5,
2020-09-25 18:00:00,Parramatta,94765,Bankstown,9.8,50,18.4,1006.4,
2020-09-25 19:00:00,Parramatta,94765,Bankstown,10.2,46,22.3,1006.3,
2020-09-25 20:00:00,Parramatta,94765,Bankstown,10.1,46,25.9,1007.2,
2020-09-25 21:00:00,Parramatta,94765,Bankstown,11.0,46,20.5,1008.1,
2020-09-25 22:00:00,Parramatta,94765,Bankstown,12.5,42,20.5,1009.1,
2020-09-25 23:00:00,Parramatta,94765,Bankstown,13.9,35,31.7,1009.7,
2020-09-26 00:00:00,Parramatta,94765,Bankstown,14.5,32,27.7,1009.8,
2020-09-26 01:00:00,Parramatta,94765,Bankstown,15.9,29,25.9,1009.3,
2020-09-26 02:00:00,Parramatta,94765,Bankstown,16.5,26,33.5,1009.5,
2020-09-26 03:00:00,Parramatta,94765,Bankstown,16.9,28,35.3,1010.0,
2020-09-26 04:00:00,Parramatta,94765,Bankstown,17.2,30,33.5,1010.1,
2020-09-26 05:00:00,Parramatta,94765,Bankstown,17.4,32,24.1,1010.9,
2020-09-26 06:00:00,Parramatta,94765,Bankstown,16.6,34,24.1,1011.9,
2020-09-26 07:00:00,Parramatta,94765,Bankstown,16.0,35,18.4,1012.7,
2020-09-26 08:00:00,Parramatta,94765,Bankstown,14.3,41,14.8,1013.9,
2020-09-26 09:00:00,Parramatta,94765,Bankstown,13.1,47,11.2,1015.2,
2020-09-26 10:00:00,Parramatta,94765,Bankstown,12.4,50,13.0,1016.2,
2020-09-26 11:00:00,Parramatta,94765,Bankstown,11.7,50,3.6,1017.0,
2020-09-26 12:00:00,Parramatta,94765,Bankstown,10.8,56,0.0,1017.2,
2020-09-26 13:00:00,Parramatta,94765,Bankstown,10.7,57,7.6,1017.1,
2020-09-26 14:00:00,Parramatta,94765,Bankstown,9.6,60,3.6,1017.3,
2020-09-26 15:00:00,Parramatta,94765,Bankstown,10.9,53,13.0,1017.4,
2020-09-26 16:00:00,Parramatta,94765,Bankstown,10.8,53,13.0,1017.3,
2020-09-26 17:00:00,Parramatta,94765,Bankstown,10.5,56,13.0,1017.4,
2020-09-26 18:00:00,Parramatta,94765,Bankstown,10.2,56,11.2,1018.0,
2020-09-26 19:00:00,Parramatta,94765,Bankstown,9.5,58,9.4,1018.7,
2020-09-26 20:00:00,Parramatta,94765,Bankstown,9.9,59,7.6,1019.3,
2020-09-26 21:00:00,Parramatta,94765,Bankstown,12.3,53,14.8,1020.3,
2020-09-26 22:00:00,Parramatta,94765,Bankstown,13.8,48,20.5,1021.2,
2020-09-26 23:00:00,Parramatta,94765,Bankstown,15.2,43,16.6,1021.5,
2020-09-27 00:00:00,Parramatta,94765,Bankstown,16.8,35,20.5,1021.8,
2020-09-27 01:00:00,Parramatta,94765,Bankstown,17.9,30,13.0,1021.6,
2020-09-27 02:00:00,Parramatta,94765,Bankstown,17.6,30,9.4,1021.4,
2020-09-27 03:00:00,Parramatta,94765,Bankstown,16.4,51,24.1,1021.7,
2020-09-27 04:00:00,Parramatta,94765,Bankstown,17.1,49,24.1,1021.6,
2020-09-27 05:00:00,Parramatta,94765,Bankstown,16.6,48,25.9,1021.8,
2020-09-27 06:00:00,Parramatta,94765,Bankstown,15.0,49,25.9,1022.4,
2020-09-27 07:00:00,Parramatta,94765,Bankstown,14.3,48,22.3,1023.1,
2020-09-27 08:00:00,Parramatta,94765,Bankstown,13.7,51,14.8,1024.2,
2020-09-27 09:00:00,Parramatta,94765,Bankstown,12.6,56,7.6,1025.2,
2020-09-27 10:00:00,Parramatta,94765,Bankstown,10.7,69,5.4,1026.0,
2020-09-27 11:00:00,Parramatta,94765,Bankstown,10.2,72,0.0,1026.6,
2020-09-27 12:00:00,Parramatta,94765,Bankstown,10.9,69,0.0,1027.0,
2020-09-27 13:00:00,Parramatta,94765,Bankstown,10.7,69,1.8,1027.0,
2020-09-27 14:00:00,Parramatta,94765,Bankstown,10.7,69,0.0,1027.0,
2020-09-27 15:00:00,Parramatta,94765,Bankstown,10.3,70,0.0,1026.5,
2020-09-27 16:00:00,Parramatta,94765,Bankstown,8.9,75,5.4,1026.0,
2020-09-27 17:00:00,Parramatta,94765,Bankstown,7.7,82,0.0,1025.9,
2020-09-27 18:00:00,Parramatta,94765,Bankstown,7.7,85,0.0,1025.9,
2020-09-27 19:00:00,Parramatta,94765,Bankstown,6.6,87,0.0,1026.2,
2020-09-27 20:00:00,Parramatta,94765,Bankstown,6.3,88,0.0,1026.9,
2020-09-27 21:00:00,Parramatta,94765,Bankstown,9.4,81,3.6,1027.8,
2020-09-27 22:00:00,Parramatta,94765,Bankstown,12.5,62,5.4,1028.2,
2020-09-27 23:00:00,Parramatta,94765,Bankstown,14.9,50,9.4,1028.2,
2020-09-28 00:00:00,Parramatta,94765,Bankstown,16.4,47,7.6,1027.8,
2020-09-28 01:00:00,Parramatta,94765,Bankstown,17.8,39,11.2,1026.7,
2020-09-28 02:00:00,Parramatta,94765,Bankstown,18.5,34,11.2,1025.8,
2020-09-28 03:00:00,Parramatta,94765,Bankstown,19.6,31,11.2,1025.0,
2020-09-28 04:00:00,Parramatta,94765,Bankstown,19.9,28,7.6,1024.3,
2020-09-28 05:00:00,Parramatta,94765,Bankstown,19.9,34,7.6,1023.7,
2020-09-28 06:00:00,Parramatta,94765,Bankstown,18.8,43,24.1,1023.7,
2020-09-28 07:00:00,Parramatta,94765,Bankstown,17.6,47,20.5,1024.0,
2020-09-28 08:00:00,Parramatta,94765,Bankstown,16.1,51,13.0,1024.8,
2020-09-28 09:00:00,Parramatta,94765,Bankstown,15.2,56,11.2,1025.7,
2020-09-28 10:00:00,Parramatta,94765,Bankstown,13.8,60,9.4,1026.5,
2020-09-28 11:00:00,Parramatta,94765,Bankstown,11.5,72,5.4,1027.0,
2020-09-28 12:00:00,Parramatta,94765,Bankstown,10.9,78,0.0,1027.2,
2020-09-28 13:00:00,Parramatta,94765,Bankstown,10.3,82,0.0,1027.3,
2020-09-28 14:00:00,Parramatta,94765,Bankstown,10.8,82,0.0,1027.3,
2020-09-28 15:00:00,Parramatta,94765,Bankstown,10.4,83,0.0,1026.9,
2020-09-28 16:00:00,Parramatta,94765,Bankstown,11.0,86,0.0,1026.6,
2020-09-28 17:00:00,Parramatta,94765,Bankstown,11.5,82,0.0,1026.3,
2020-09-28 18:00:00,Parramatta,94765,Bankstown,12.0,80,0.0,1025.7,
2020-09-28 19:00:00,Parramatta,94765,Bankstown,11.8,81,0.0,1025.8,
2020-09-28 20:00:00,Parramatta,94765,Bankstown,11.5,86,0.0,1026.6,
2020-09-28 21:00:00,Parramatta,94765,Bankstown,12.9,81,1.8,1027.2,
2020-09-28 22:00:00,Parramatta,94765,Bankstown,14.6,69,0.0,1028.0,
2020-09-28 23:00:00,Parramatta,94765,Bankstown,17.0,56,7.6,1027.7,
2020-09-29 00:00:00,Parramatta,94765,Bankstown,17.2,51,5.4,1027.9,
2020-09-29 01:00:00,Parramatta,94765,Bankstown,18.1,46,5.4,1026.5,
2020-09-29 02:00:00,Parramatta,94765,Bankstown,19.0,42,9.4,1025.3,
2020-09-29 03:00:00,Parramatta,94765,Bankstown,18.4,47,13.0,1024.4,
2020-09-29 04:00:00,Parramatta,94765,Bankstown,18.8,50,20.5,1023.6,
2020-09-29 05:00:00,Parramatta,94765,Bankstown,19.0,47,16.6,1022.4,
2020-09-29 06:00:00,Parramatta,94765,Bankstown,18.3,49,18.4,1022.6,
2020-09-29 07:00:00,Parramatta,94765,Bankstown,16.9,54,18.4,1022.7,
2020-09-29 08:00:00,Parramatta,94765,Bankstown,15.9,58,16.6,1022.8,
2020-09-29 09:00:00,Parramatta,94765,Bankstown,15.2,62,9.4,1023.6,
2020-09-29 10:00:00,Parramatta,94765,Bankstown,14.8,65,3.6,1023.8,
2020-09-29 11:00:00,Parramatta,94765,Bankstown,12.5,76,0.0,1024.0,
2020-09-29 12:00:00,Parramatta,94765,Bankstown,12.1,77,0.0,1023.5,
2020-09-29 13:00:00,Parramatta,94765,Bankstown,11.3,81,0.0,1023.1,
2020-09-29 14:00:00,Parramatta,94765,Bankstown,10.8,86,0.0,1022.6,
2020-09-29 15:00:00,Parramatta,94765,Bankstown,9.9,89,0.0,1021.8,
2020-09-29 16:00:00,Parramatta,94765,Bankstown,9.4,91,0.0,1021.0,
2020-09-29 17:00:00,Parramatta,94765,Bankstown,9.1,93,0.0,1020.3,
2020-09-29 18:00:00,Parramatta,94765,Bankstown,9.1,93,0.0,1019.6,
2020-09-29 19:00:00,Parramatta,94765,Bankstown,9.3,92,0.0,1019.5,
2020-09-29 20:00:00,Parramatta,94765,Bankstown,9.2,92,0.0,1020.1,
2020-09-29 21:00:00,Parramatta,94765,Bankstown,10.3,90,0.0,1020.2,
2020-09-29 22:00:00,Parramatta,94765,Bankstown,13.6,78,0.0,1020.2,
2020-09-29 23:00:00,Parramatta,94765,Bankstown,16.4,64,7.6,1020.0,
2020-09-30 00:00:00,Parramatta,94765,Bankstown,17.9,60,9.4,1019.2,
2020-09-30 01:00:00,Parramatta,94765,Bankstown,18.1,53,9.4,1017.9,
2020-09-30 02:00:00,Parramatta,94765,Bankstown,19.7,47,13.0,1016.4,
2020-09-30 03:00:00,Parramatta,94765,Bankstown,20.8,44,14.8,1015.1,
2020-09-30 04:00:00,Parramatta,94765,Bankstown,21.2,45,20.5,1014.0,
2020-09-30 05:00:00,Parramatta,94765,Bankstown,20.0,49,14.8,1013.7,
2020-09-30 06:00:00,Parramatta,94765,Bankstown,19.8,52,11.2,1013.4,
2020-09-30 07:00:00,Parramatta,94765,Bankstown,19.8,52,9.4,1013.4,
2020-09-30 08:00:00,Parramatta,94765,Bankstown,18.1,64,9.4,1013.8,
2020-09-30 09:00:00,Parramatta,94765,Bankstown,17.7,61,11.2,1014.0,
2020-09-30 10:00:00,Parramatta,94765,Bankstown,17.2,62,13.0,1014.0,
2020-09-30 11:00:00,Parramatta,94765,Bankstown,16.5,65,13.0,1014.1,
2020-09-30 12:00:00,Parramatta,94765,Bankstown,16.7,65,18.4,1013.3,
2020-09-30 13:00:00,Parramatta,94765,Bankstown,16.3,67,16.6,1013.0,
2020-09-30 14:00:00,Parramatta,94765,Bankstown,16.1,67,11.2,1012.3,
2020-09-30 15:00:00,Parramatta,94765,Bankstown,16.4,65,9.4,1011.8,
2020-09-30 16:00:00,Parramatta,94765,Bankstown,14.3,87,0.0,1012.0,
2020-09-30 17:00:00,Parramatta,94765,Bankstown,13.9,91,0.0,1011.9,
2020-09-30 18:00:00,Parramatta,94765,Bankstown,14.0,92,0.0,1011.8,
2020-09-30 19:00:00,Parramatta,94765,Bankstown,13.5,92,5.4,1012.2,
2020-09-30 20:00:00,Parramatta,94765,Bankstown,13.6,90,1.8,1014.0,
2020-09-30 21:00:00,Parramatta,94765,Bankstown,13.9,93,3.6,1014.4,
2020-09-30 22:00:00,Parramatta,94765,Bankstown,16.3,79,5.4,1014.7,
2020-09-30 23:00:00,Parramatta,94765,Bankstown,19.4,58,9.4,1014.8,
2020-10-01 00:00:00,Parramatta,94765,Bankstown,21.5,52,14.8,1015.3,
2020-10-01 01:00:00,Parramatta,94765,Bankstown,21.9,44,13.0,1014.6,
2020-10-01 02:00:00,Parramatta,94765,Bankstown,23.5,36,9.4,1014.2,
2020-10-01 03:00:00,Parramatta,94765,Bankstown,24.4,34,14.8,1014.0,
2020-10-01 04:00:00,Parramatta,94765,Bankstown,24.9,,24.1,1014.0,
2020-10-01 05:00:00,Parramatta,94765,Bankstown,24.9,22,18.4,1014.2,
2020-10-01 06:00:00,Parramatta,94765,Bankstown,24.5,22,20.5,1015.1,
2020-10-01 07:00:00,Parramatta,94765,Bankstown,18.7,66,25.9,1016.9,
2020-10-01 08:00:00,Parramatta,94765,Bankstown,16.9,71,22.3,1018.4,
2020-10-01 09:00:00,Parramatta,94765,Bankstown,15.9,74,13.0,1019.8,
2020-10-01 10:00:00,Parramatta,94765,Bankstown,15.3,76,9.4,1021.1,
2020-10-01 11:00:00,Parramatta,94765,Bankstown,14.0,79,0.0,1021.8,
2020-10-01 12:00:00,Parramatta,94765,Bankstown,13.0,87,0.0,1022.6,
2020-10-01 13:00:00,Parramatta,94765,Bankstown,11.8,89,0.0,1022.7,
2020-10-01 14:00:00,Parramatta,94765,Bankstown,11.3,91,0.0,1022.5,
2020-10-01 15:00:00,Parramatta,94765,Bankstown,10.3,91,0.0,1022.3,
2020-10-01 16:00:00,Parramatta,94765,Bankstown,10.1,94,0.0,1022.0,
2020-10-01 17:00:00,Parramatta,94765,Bankstown,9.1,93,0.0,1021.8,
2020-10-01 18:00:00,Parramatta,94765,Bankstown,9.2,94,0.0,1022.2,
2020-10-01 19:00:00,Parramatta,94765,Bankstown,8.4,94,0.0,1022.5,
2020-10-01 20:00:00,Parramatta,94765,Bankstown,8.6,95,1.8,1023.3,
2020-10-01 21:00:00,Parramatta,94765,Bankstown,11.2,95,0.0,1024.0,
2020-10-01 22:00:00,Parramatta,94765,Bankstown,13.8,81,7.6,1024.6,
2020-10-01 23:00:00,Parramatta,94765,Bankstown,17.5,62,7.6,1024.7,
2020-10-02 00:00:00,Parramatta,94765,Bankstown,20.7,41,9.4,1024.4,
2020-10-02 01:00:00,Parramatta,94765,Bankstown,22.8,28,13.0,1023.9,
2020-10-02 02:00:00,Parramatta,94765,Bankstown,24.2,25,11.2,1023.3,
2020-10-02 03:00:00,Parramatta,94765,Bankstown,26.0,23,9.4,1022.7,
2020-10-02 04:00:00,Parramatta,94765,Bankstown,27.3,23,9.4,1022.2,
2020-10-02 05:00:00,Parramatta,94765,Bankstown,27.7,20,9.4,1021.7,
2020-10-02 06:00:00,Parramatta,94765,Bankstown,27.9,17,7.6,1021.6,
2020-10-02 07:00:00,Parramatta,94765,Bankstown,24.9,38,20.5,1021.9,
2020-10-02 08:00:00,Parramatta,94765,Bankstown,22.1,48,14.8,1022.7,
2020-10-02 09:00:00,Parramatta,94765,Bankstown,20.3,45,9.4,1023.5,
2020-10-02 10:00:00,Parramatta,94765,Bankstown,19.5,49,1.8,1024.0,
2020-10-02 11:00:00,Parramatta,94765,Bankstown,16.4,61,0.0,1024.4,
2020-10-02 12:00:00,Parramatta,94765,Bankstown,14.8,72,0.0,1024.6,
2020-10-02 13:00:00,Parramatta,94765,Bankstown,13.3,79,0.0,1025.0,
2020-10-02 14:00:00,Parramatta,94765,Bankstown,12.7,79,0.0,1024.8,
2020-10-02 15:00:00,Parramatta,94765,Bankstown,11.7,86,0.0,1024.6,
2020-10-02 16:00:00,Parramatta,94765,Bankstown,11.1,87,0.0,1024.2,
2020-10-02 17:00:00,Parramatta,94765,Bankstown,10.6,88,0.0,1024.1,
2020-10-02 18:00:00,Parramatta,94765,Bankstown,9.8,88,0.0,1024.3,
2020-10-02 19:00:00,Parramatta,94765,Bankstown,9.8,89,0.0,1024.8,
2020-10-02 20:00:00,Parramatta,94765,Bankstown,10.0,91,0.0,1025.4,
2020-10-02 21:00:00,Parramatta,94765,Bankstown,13.7,80,3.6,1026.2,
2020-10-02 22:00:00,Parramatta,94765,Bankstown,17.1,60,5.4,1026.9,
2020-10-02 23:00:00,Parramatta,94765,Bankstown,19.8,50,1.8,1026.9,
2020-10-03 00:00:00,Parramatta,94765,Bankstown,23.4,39,3.6,1026.3,
2020-10-03 01:00:00,Parramatta,94765,Bankstown,26.5,33,7.6,1025.3,
2020-10-03 02:00:00,Parramatta,94765,Bankstown,28.9,23,11.2,1024.2,
2020-10-03 03:00:00,Parramatta,94765,Bankstown,30.0,13,11.2,1022.8,
2020-10-03 04:00:00,Parramatta,94765,Bankstown,29.6,28,18.4,1021.4,
2020-10-03 05:00:00,Parramatta,94765,Bankstown,28.0,33,25.9,1020.7,
2020-10-03 06:00:00,Parramatta,94765,Bankstown,26.6,36,22.3,1020.3,
2020-10-03 07:00:00,Parramatta,94765,Bankstown,25.1,40,24.1,1020.3,
2020-10-03 08:00:00,Parramatta,94765,Bankstown,23.0,43,20.5,1020.6,
2020-10-03 09:00:00,Parramatta,94765,Bankstown,21.4,52,18.4,1021.1,
2020-10-03 10:00:00,Parramatta,94765,Bankstown,20.5,59,13.0,1021.6,
2020-10-03 11:00:00,Parramatta,94765,Bankstown,18.9,66,0.0,1022.2,
2020-10-03 12:00:00,Parramatta,94765,Bankstown,16.7,76,0.0,1022.1,
2020-10-03 13:00:00,Parramatta,94765,Bankstown,15.9,80,0.0,1022.0,
2020-10-03 14:00:00,Parramatta,94765,Bankstown,15.8,86,9.4,1021.9,
2020-10-03 15:00:00,Parramatta,94765,Bankstown,14.1,90,0.0,1021.6,
2020-10-03 16:00:00,Parramatta,94765,Bankstown,14.0,92,0.0,1020.8,
2020-10-03 17:00:00,Parramatta,94765,Bankstown,13.4,92,0.0,1020.5,
2020-10-03 18:00:00,Parramatta,94765,Bankstown,13.1,94,0.0,1020.3,
2020-10-03 19:00:00,Parramatta,94765,Bankstown,12.2,94,0.0,1020.6,
2020-10-03 20:00:00,Parramatta,94765,Bankstown,12.7,95,0.0,1021.0,
2020-10-03 21:00:00,Parramatta,94765,Bankstown,14.9,87,0.0,1021.3,
2020-10-03 22:00:00,Parramatta,94765,Bankstown,18.6,71,5.4,1021.4,
2020-10-03 23:00:00,Parramatta,94765,Bankstown,21.5,60,9.4,1021.4,
2020-10-04 00:00:00,Parramatta,94765,Bankstown,25.4,38,9.4,1020.7,
2020-10-04 01:00:00,Parramatta,94765,Bankstown,27.6,36,9.4,1019.8,
2020-10-04 02:00:00,Parramatta,94765,Bankstown,30.1,27,9.4,1018.9,
2020-10-04 03:00:00,Parramatta,94765,Bankstown,31.6,24,9.4,1017.8,
2020-10-04 04:00:00,Parramatta,94765,Bankstown,32.0,21,9.4,1016.5,
2020-10-04 05:00:00,Parramatta,94765,Bankstown,29.9,34,24.1,1015.8,
2020-10-04 06:00:00,Parramatta,94765,Bankstown,28.8,35,25.9,1015.4,
2020-10-04 07:00:00,Parramatta,94765,Bankstown,26.9,42,25.9,1015.2,
2020-10-04 08:00:00,Parramatta,94765,Bankstown,24.9,47,20.5,1015.5,
2020-10-04 09:00:00,Parramatta,94765,Bankstown,23.6,50,16.6,1016.0,
2020-10-04 10:00:00,Parramatta,94765,Bankstown,23.3,47,16.6,1016.5,
2020-10-04 11:00:00,Parramatta,94765,Bankstown,23.3,43,9.4,1016.8,
2020-10-04 12:00:00,Parramatta,94765,Bankstown,19.8,55,7.6,1017.1,
2020-10-04 13:00:00,Parramatta,94765,Bankstown,17.9,65,0.0,1017.3,
2020-10-04 14:00:00,Parramatta,94765,Bankstown,16.1,75,0.0,1017.3,
2020-10-04 15:00:00,Parramatta,94765,Bankstown,14.5,80,0.0,1017.1,
2020-10-04 16:00:00,Parramatta,94765,Bankstown,14.1,85,0.0,1016.7,
2020-10-04 17:00:00,Parramatta,94765,Bankstown,13.5,87,0.0,1016.5,
2020-10-04 18:00:00,Parramatta,94765,Bankstown,13.0,89,0.0,1016.5,
2020-10-04 19:00:00,Parramatta,94765,Bankstown,12.4,90,0.0,1016.7,
2020-10-04 20:00:00,Parramatta,94765,Bankstown,12.3,92,1.8,1017.1,
2020-10-04 21:00:00,Parramatta,94765,Bankstown,15.5,82,0.0,1017.4,
2020-10-04 22:00:00,Parramatta,94765,Bankstown,21.4,59,1.8,1017.3,
2020-10-04 23:00:00,Parramatta,94765,Bankstown,27.1,31,18.4,1016.9,
2020-10-05 00:00:00,Parramatta,94765,Bankstown,28.5,29,13.0,1016.5,
2020-10-05 01:00:00,Parramatta,94765,Bankstown,29.9,27,13.0,1015.7,
2020-10-05 02:00:00,Parramatta,94765,Bankstown,31.3,22,13.0,1014.7,
2020-10-05 03:00:00,Parramatta,94765,Bankstown,33.0,21,11.2,1014.1,
2020-10-05 04:00:00,Parramatta,94765,Bankstown,33.1,20,18.4,1013.6,
2020-10-05 05:00:00,Parramatta,94765,Bankstown,33.1,19,14.8,1013.3,
2020-10-05 06:00:00,Parramatta,94765,Bankstown,33.0,18,18.4,1013.5,
2020-10-05 07:00:00,Parramatta,94765,Bankstown,32.1,19,13.0,1014.0,
2020-10-05 08:00:00,Parramatta,94765,Bankstown,29.3,28,9.4,1014.6,
2020-10-05 09:00:00,Parramatta,94765,Bankstown,26.9,41,3.6,1015.4,
2020-10-05 10:00:00,Parramatta,94765,Bankstown,23.2,53,5.4,1016.6,
2020-10-05 11:00:00,Parramatta,94765,Bankstown,22.0,59,27.7,1017.9,
2020-10-05 12:00:00,Parramatta,94765,Bankstown,18.3,75,18.4,1019.0,
2020-10-05 13:00:00,Parramatta,94765,Bankstown,16.8,79,24.1,1019.8,
2020-10-05 14:00:00,Parramatta,94765,Bankstown,16.7,79,18.4,1020.4,
2020-10-05 15:00:00,Parramatta,94765,Bankstown,16.7,78,14.8,1020.7,
2020-10-05 16:00:00,Parramatta,94765,Bankstown,16.8,78,13.0,1021.0,
2020-10-05 17:00:00,Parramatta,94765,Bankstown,16.7,77,16.6,1020.9,
2020-10-05 18:00:00,Parramatta,94765,Bankstown,16.5,76,14.8,1020.8,
2020-10-05 19:00:00,Parramatta,94765,Bankstown,16.3,77,13.0,1021.3,
2020-10-05 20:00:00,Parramatta,94765,Bankstown,16.4,77,13.0,1022.4,
2020-10-05 21:00:00,Parramatta,94765,Bankstown,16.7,78,11.2,1022.2,
2020-10-05 22:00:00,Parramatta,94765,Bankstown,16.9,77,13.0,1022.7,
2020-10-05 23:00:00,Parramatta,94765,Bankstown,17.6,75,11.2,1022.9,
2020-10-06 00:00:00,Parramatta,94765,Bankstown,18.5,70,11.2,1022.7,
2020-10-06 01:00:00,Parramatta,94765,Bankstown,19.4,68,5.4,1021.8,
2020-10-06 02:00:00,Parramatta,94765,Bankstown,20.0,65,7.6,1021.1,
2020-10-06 03:00:00,Parramatta,94765,Bankstown,20.0,66,13.0,1020.5,
2020-10-06 04:00:00,Parramatta,94765,Bankstown,19.7,69,16.6,1020.6,
2020-10-06 05:00:00,Parramatta,94765,Bankstown,19.2,69,18.4,1019.9,
2020-10-06 06:00:00,Parramatta,94765,Bankstown,18.5,72,20.5,1020.2,
2020-10-06 07:00:00,Parramatta,94765,Bankstown,17.9,74,18.4,1020.4,
2020-10-06 08:00:00,Parramatta,94765,Bankstown,17.3,79,16.6,1021.0,
2020-10-06 09:00:00,Parramatta,94765,Bankstown,17.2,81,14.8,1021.4,
2020-10-06 10:00:00,Parramatta,94765,Bankstown,17.0,84,11.2,1022.3,
2020-10-06 11:00:00,Parramatta,94765,Bankstown,16.9,84,9.4,1022.4,
2020-10-06 12:00:00,Parramatta,94765,Bankstown,17.0,84,7.6,1022.3,
2020-10-06 13:00:00,Parramatta,94765,Bankstown,17.2,82,5.4,1022.2,
2020-10-06 14:00:00,Parramatta,94765,Bankstown,17.3,81,5.4,1022.1,
2020-10-06 15:00:00,Parramatta,94765,Bankstown,17.4,81,5.4,1021.0,
2020-10-06 16:00:00,Parramatta,94765,Bankstown,17.2,82,5.4,1020.6,
2020-10-06 17:00:00,Parramatta,94765,Bankstown,17.4,81,5.4,1020.3,
2020-10-06 18:00:00,Parramatta,94765,Bankstown,17.3,84,7.6,1020.3,
2020-10-06 19:00:00,Parramatta,94765,Bankstown,17.3,85,1.8,1020.2,
2020-10-06 20:00:00,Parramatta,94765,Bankstown,17.5,83,5.4,1020.8,
2020-10-06 21:00:00,Parramatta,94765,Bankstown,18.0,81,0.0,1020.8,
2020-10-06 22:00:00,Parramatta,94765,Bankstown,19.0,79,1.8,1020.7,
2020-10-06 23:00:00,Parramatta,94765,Bankstown,19.5,75,5.4,1020.9,
2020-10-07 00:00:00,Parramatta,94765,Bankstown,20.3,74,5.4,1020.0,
2020-10-07 01:00:00,Parramatta,94765,Bankstown,20.9,71,0.0,1019.6,
2020-10-07 02:00:00,Parramatta,94765,Bankstown,21.3,71,7.6,1018.9,
2020-10-07 03:00:00,Parramatta,94765,Bankstown,21.0,75,3.6,1018.9,
2020-10-07 04:00:00,Parramatta,94765,Bankstown,20.8,77,7.6,1018.0,
2020-10-07 05:00:00,Parramatta,94765,Bankstown,20.1,84,9.4,1018.1,
2020-10-07 06:00:00,Parramatta,94765,Bankstown,18.8,89,16.6,1017.1,
2020-10-07 07:00:00,Parramatta,94765,Bankstown,18.1,90,14.8,1016.8,
2020-10-07 08:00:00,Parramatta,94765,Bankstown,18.0,90,13.0,1017.9,
2020-10-07 09:00:00,Parramatta,94765,Bankstown,18.2,90,11.2,1018.1,
2020-10-07 10:00:00,Parramatta,94765,Bankstown,18.5,86,0.0,1018.8,
2020-10-07 11:00:00,Parramatta,94765,Bankstown,18.5,87,0.0,1018.7,
2020-10-07 12:00:00,Parramatta,94765,Bankstown,18.2,88,7.6,1017.6,
2020-10-07 13:00:00,Parramatta,94765,Bankstown,18.2,92,16.6,1015.3,
2020-10-07 14:00:00,Parramatta,94765,Bankstown,18.1,93,5.4,1016.3,
2020-10-07 15:00:00,Parramatta,94765,Bankstown,17.8,94,3.6,1015.2,
2020-10-07 16:00:00,Parramatta,94765,Bankstown,17.5,95,3.6,1014.5,
2020-10-07 17:00:00,Parramatta,94765,Bankstown,17.2,96,0.0,1013.3,
2020-10-07 18:00:00,Parramatta,94765,Bankstown,15.8,96,0.0,1012.6,
2020-10-07 19:00:00,Parramatta,94765,Bankstown,15.9,97,0.0,1012.1,
2020-10-07 20:00:00,Parramatta,94765,Bankstown,15.5,97,0.0,1012.2,
2020-10-07 21:00:00,Parramatta,94765,Bankstown,17.8,96,3.6,1012.3,
2020-10-07 22:00:00,Parramatta,94765,Bankstown,18.9,84,7.6,1011.8,
2020-10-07 23:00:00,Parramatta,94765,Bankstown,21.0,77,9.4,1011.6,
2020-10-08 00:00:00,Parramatta,94765,Bankstown,22.9,72,11.2,1010.9,
2020-10-08 01:00:00,Parramatta,94765,Bankstown,23.9,66,11.2,1009.9,
2020-10-08 02:00:00,Parramatta,94765,Bankstown,25.8,56,13.0,1009.4,
2020-10-08 03:00:00,Parramatta,94765,Bankstown,27.6,48,13.0,1008.6,
2020-10-08 04:00:00,Parramatta,94765,Bankstown,25.5,49,20.5,1008.8,
2020-10-08 05:00:00,Parramatta,94765,Bankstown,26.7,41,27.7,1008.2,
2020-10-08 06:00:00,Parramatta,94765,Bankstown,27.5,31,25.9,1008.0,
2020-10-08 07:00:00,Parramatta,94765,Bankstown,26.5,31,22.3,1008.6,
2020-10-08 08:00:00,Parramatta,94765,Bankstown,23.6,32,24.1,1009.2,
2020-10-08 09:00:00,Parramatta,94765,Bankstown,23.1,34,13.0,1010.3,
2020-10-08 10:00:00,Parramatta,94765,Bankstown,21.9,37,13.0,1010.3,
2020-10-08 11:00:00,Parramatta,94765,Bankstown,20.6,42,9.4,1011.0,
2020-10-08 12:00:00,Parramatta,94765,Bankstown,19.2,50,7.6,1011.4,
2020-10-08 13:00:00,Parramatta,94765,Bankstown,18.7,52,11.2,1011.9,
2020-10-08 14:00:00,Parramatta,94765,Bankstown,15.8,59,7.6,1012.2,
2020-10-08 15:00:00,Parramatta,94765,Bankstown,14.4,68,0.0,1012.0,
2020-10-08 16:00:00,Parramatta,94765,Bankstown,12.2,78,0.0,1011.8,
2020-10-08 17:00:00,Parramatta,94765,Bankstown,12.6,69,5.4,1011.8,
2020-10-08 18:00:00,Parramatta,94765,Bankstown,10.8,83,0.0,1012.1,
2020-10-08 19:00:00,Parramatta,94765,Bankstown,10.1,85,9.4,1012.9,
2020-10-08 20:00:00,Parramatta,94765,Bankstown,11.0,82,0.0,1013.7,
2020-10-08 21:00:00,Parramatta,94765,Bankstown,15.5,56,1.8,1014.5,
2020-10-08 22:00:00,Parramatta,94765,Bankstown,17.9,49,3.6,1014.9,
2020-10-08 23:00:00,Parramatta,94765,Bankstown,19.5,38,24.1,1014.8,
2020-10-09 00:00:00,Parramatta,94765,Bankstown,20.8,39,20.5,1015.0,
2020-10-09 01:00:00,Parramatta,94765,Bankstown,19.3,41,18.4,1015.0,
2020-10-09 02:00:00,Parramatta,94765,Bankstown,21.2,32,20.5,1014.1,
2020-10-09 03:00:00,Parramatta,94765,Bankstown,22.1,34,22.3,1013.5,
2020-10-09 04:00:00,Parramatta,94765,Bankstown,22.9,28,24.1,1012.6,
2020-10-09 05:00:00,Parramatta,94765,Bankstown,23.1,29,22.3,1012.6,
2020-10-09 06:00:00,Parramatta,94765,Bankstown,21.9,32,22.3,1012.9,
2020-10-09 07:00:00,Parramatta,94765,Bankstown,21.3,32,27.7,1013.7,
2020-10-09 08:00:00,Parramatta,94765,Bankstown,19.3,37,18.4,1014.7,
2020-10-09 09:00:00,Parramatta,94765,Bankstown,18.3,40,9.4,1015.8,
2020-10-09 10:00:00,Parramatta,94765,Bankstown,17.3,42,11.2,1016.5,
2020-10-09 11:00:00,Parramatta,94765,Bankstown,16.5,44,11.2,1016.8,
2020-10-09 12:00:00,Parramatta,94765,Bankstown,16.1,47,5.4,1017.1,
2020-10-09 13:00:00,Parramatta,94765,Bankstown,15.1,52,9.4,1017.3,
2020-10-09 14:00:00,Parramatta,94765,Bankstown,15.8,51,11.2,1017.3,
2020-10-09 15:00:00,Parramatta,94765,Bankstown,15.8,49,14.8,1017.3,
2020-10-09 16:00:00,Parramatta,94765,Bankstown,15.6,50,14.8,1017.3,
2020-10-09 17:00:00,Parramatta,94765,Bankstown,15.1,51,14.8,1017.4,
2020-10-09 18:00:00,Parramatta,94765,Bankstown,14.0,54,11.2,1017.6,
2020-10-09 19:00:00,Parramatta,94765,Bankstown,13.0,57,11.2,1018.0,
2020-10-09 20:00:00,Parramatta,94765,Bankstown,12.0,63,0.0,1018.9,
2020-10-09 21:00:00,Parramatta,94765,Bankstown,15.4,53,9.4,1019.4,
2020-10-09 22:00:00,Parramatta,94765,Bankstown,17.6,43,11.2,1019.6,
2020-10-09 23:00:00,Parramatta,94765,Bankstown,19.9,35,14.8,1019.4,
2020-10-10 00:00:00,Parramatta,94765,Bankstown,21.9,31,5.4,1019.0,
2020-10-10 01:00:00,Parramatta,94765,Bankstown,23.2,23,13.0,1018.3,
2020-10-10 02:00:00,Parramatta,94765,Bankstown,24.1,24,13.0,1017.6,
2020-10-10 03:00:00,Parramatta,94765,Bankstown,25.6,18,16.6,1016.8,
2020-10-10 04:00:00,Parramatta,94765,Bankstown,25.7,19,18.4,1016.3,
2020-10-10 05:00:00,Parramatta,94765,Bankstown,26.1,21,18.4,1015.7,
2020-10-10 06:00:00,Parramatta,94765,Bankstown,24.8,19,25.9,1016.1,
2020-10-10 07:00:00,Parramatta,94765,Bankstown,23.8,23,22.3,1016.8,
2020-10-10 08:00:00,Parramatta,94765,Bankstown,22.1,27,20.5,1017.8,
2020-10-10 09:00:00,Parramatta,94765,Bankstown,20.7,31,13.0,1018.7,
2020-10-10 10:00:00,Parramatta,94765,Bankstown,20.0,32,11.2,1019.5,
2020-10-10 11:00:00,Parramatta,94765,Bankstown,18.1,39,7.6,1019.9,
2020-10-10 12:00:00,Parramatta,94765,Bankstown,16.6,44,7.6,1019.9,
2020-10-10 13:00:00,Parramatta,94765,Bankstown,14.5,53,5.4,1020.1,
2020-10-10 14:00:00,Parramatta,94765,Bankstown,12.4,72,0.0,1020.0,
2020-10-10 15:00:00,Parramatta,94765,Bankstown,11.3,75,0.0,1019.7,
2020-10-10 16:00:00,Parramatta,94765,Bankstown,10.6,80,0.0,1019.8,
2020-10-10 17:00:00,Parramatta,94765,Bankstown,10.1,84,0.0,1019.6,
2020-10-10 18:00:00,Parramatta,94765,Bankstown,9.8,84,0.0,1019.8,
2020-10-10 19:00:00,Parramatta,94765,Bankstown,9.6,90,0.0,1020.3,
2020-10-10 20:00:00,Parramatta,94765,Bankstown,10.1,88,1.8,1021.0,
2020-10-10 21:00:00,Parramatta,94765,Bankstown,13.0,72,0.0,1021.6,
2020-10-10 22:00:00,Parramatta,94765,Bankstown,17.3,48,5.4,1021.7,
2020-10-10 23:00:00,Parramatta,94765,Bankstown,20.1,40,7.6,1021.6,
2020-10-11 00:00:00,Parramatta,94765,Bankstown,23.4,33,1.8,1021.1,
2020-10-11 01:00:00,Parramatta,94765,Bankstown,25.7,25,13.0,1020.2,
2020-10-11 02:00:00,Parramatta,94765,Bankstown,26.0,23,13.0,1019.4,
2020-10-11 03:00:00,Parramatta,94765,Bankstown,27.6,19,14.8,1018.4,
2020-10-11 04:00:00,Parramatta,94765,Bankstown,26.6,21,7.6,1017.9,
2020-10-11 05:00:00,Parramatta,94765,Bankstown,27.7,20,1.8,1017.5,
2020-10-11 06:00:00,Parramatta,94765,Bankstown,25.0,28,22.3,1017.9,
2020-10-11 07:00:00,Parramatta,94765,Bankstown,24.0,29,20.5,1018.7,
2020-10-11 08:00:00,Parramatta,94765,Bankstown,22.6,33,14.8,1019.7,
2020-10-11 09:00:00,Parramatta,94765,Bankstown,18.5,72,20.5,1020.9,
2020-10-11 10:00:00,Parramatta,94765,Bankstown,18.2,74,18.4,1022.0,
2020-10-11 11:00:00,Parramatta,94765,Bankstown,17.9,72,14.8,1022.7,
2020-10-11 12:00:00,Parramatta,94765,Bankstown,17.7,79,16.6,1023.2,
2020-10-11 13:00:00,Parramatta,94765,Bankstown,17.6,82,16.6,1023.3,
2020-10-11 14:00:00,Parramatta,94765,Bankstown,17.0,83,14.8,1023.2,
2020-10-11 15:00:00,Parramatta,94765,Bankstown,16.6,86,13.0,1022.8,
2020-10-11 16:00:00,Parramatta,94765,Bankstown,15.8,89,9.4,1022.8,
2020-10-11 17:00:00,Parramatta,94765,Bankstown,16.1,83,11.2,1022.8,
2020-10-11 18:00:00,Parramatta,94765,Bankstown,15.8,83,7.6,1023.0,
2020-10-11 19:00:00,Parramatta,94765,Bankstown,15.8,83,5.4,1023.4,
2020-10-11 20:00:00,Parramatta,94765,Bankstown,15.5,83,7.6,1024.0,
2020-10-11 21:00:00,Parramatta,94765,Bankstown,16.8,79,9.4,1024.5,
2020-10-11 22:00:00,Parramatta,94765,Bankstown,19.0,73,9.4,1024.5,
2020-10-11 23:00:00,Parramatta,94765,Bankstown,20.5,67,7.6,1024.3,
2020-10-12 00:00:00,Parramatta,94765,Bankstown,21.9,58,9.4,1023.8,
2020-10-12 01:00:00,Parramatta,94765,Bankstown,22.5,56,5.4,1023.2,
2020-10-12 02:00:00,Parramatta,94765,Bankstown,24.3,51,18.4,1022.3,
2020-10-12 03:00:00,Parramatta,94765,Bankstown,24.8,51,16.6,1021.4,
2020-10-12 04:00:00,Parramatta,94765,Bankstown,24.8,49,20.5,1020.5,
2020-10-12 05:00:00,Parramatta,94765,Bankstown,24.8,42,16.6,1020.0,
2020-10-12 06:00:00,Parramatta,94765,Bankstown,22.7,48,16.6,1020.7,
2020-10-12 07:00:00,Parramatta,94765,Bankstown,22.4,52,22.3,1019.8,
2020-10-12 08:00:00,Parramatta,94765,Bankstown,20.8,61,14.8,1020.9,
2020-10-12 09:00:00,Parramatta,94765,Bankstown,20.0,74,18.4,1021.0,
2020-10-12 10:00:00,Parramatta,94765,Bankstown,19.7,77,9.4,1022.0,
2020-10-12 11:00:00,Parramatta,94765,Bankstown,18.7,78,1.8,1022.4,
2020-10-12 12:00:00,Parramatta,94765,Bankstown,16.8,86,0.0,1022.4,
2020-10-12 13:00:00,Parramatta,94765,Bankstown,15.7,89,0.0,1022.3,
2020-10-12 14:00:00,Parramatta,94765,Bankstown,15.3,91,0.0,1022.1,
2020-10-12 15:00:00,Parramatta,94765,Bankstown,14.5,93,0.0,1021.9,
2020-10-12 16:00:00,Parramatta,94765,Bankstown,13.8,93,0.0,1021.5,
2020-10-12 17:00:00,Parramatta,94765,Bankstown,13.5,94,0.0,1021.4,
2020-10-12 18:00:00,Parramatta,94765,Bankstown,12.7,94,0.0,1021.2,
2020-10-12 19:00:00,Parramatta,94765,Bankstown,12.1,95,0.0,1021.6,
2020-10-12 20:00:00,Parramatta,94765,Bankstown,13.5,96,1.8,1022.1,
2020-10-12 21:00:00,Parramatta,94765,Bankstown,15.9,83,9.4,1022.6,
2020-10-12 22:00:00,Parramatta,94765,Bankstown,18.5,67,9.4,1022.6,
2020-10-12 23:00:00,Parramatta,94765,Bankstown,21.6,59,9.4,1022.4,
2020-10-13 00:00:00,Parramatta,94765,Bankstown,24.6,44,9.4,1022.1,
2020-10-13 01:00:00,Parramatta,94765,Bankstown,27.6,28,11.2,1021.6,
2020-10-13 02:00:00,Parramatta,94765,Bankstown,28.4,20,5.4,1021.0,
2020-10-13 03:00:00,Parramatta,94765,Bankstown,29.4,15,7.6,1020.4,
2020-10-13 04:00:00,Parramatta,94765,Bankstown,29.6,16,7.6,1019.8,
2020-10-13 05:00:00,Parramatta,94765,Bankstown,29.6,26,20.5,1019.2,
2020-10-13 06:00:00,Parramatta,94765,Bankstown,27.7,29,24.1,1019.4,
2020-10-13 07:00:00,Parramatta,94765,Bankstown,26.4,32,20.5,1020.0,
2020-10-13 08:00:00,Parramatta,94765,Bankstown,23.6,37,14.8,1022.0,
2020-10-13 09:00:00,Parramatta,94765,Bankstown,18.8,73,27.7,1024.2,
2020-10-13 10:00:00,Parramatta,94765,Bankstown,17.9,75,20.5,1025.6,
2020-10-13 11:00:00,Parramatta,94765,Bankstown,17.7,73,13.0,1026.8,
2020-10-13 12:00:00,Parramatta,94765,Bankstown,17.7,73,13.0,1027.1,
2020-10-13 13:00:00,Parramatta,94765,Bankstown,17.7,75,13.0,1027.1,
2020-10-13 14:00:00,Parramatta,94765,Bankstown,16.7,76,9.4,1026.9,
2020-10-13 15:00:00,Parramatta,94765,Bankstown,16.0,78,7.6,1026.4,
2020-10-13 16:00:00,Parramatta,94765,Bankstown,16.3,77,7.6,1026.0,
2020-10-13 17:00:00,Parramatta,94765,Bankstown,16.1,76,9.4,1025.7,
2020-10-13 18:00:00,Parramatta,94765,Bankstown,15.3,79,9.4,1025.7,
2020-10-13 19:00:00,Parramatta,94765,Bankstown,14.6,82,9.4,1026.2,
2020-10-13 20:00:00,Parramatta,94765,Bankstown,15.1,82,9.4,1026.8,
2020-10-13 21:00:00,Parramatta,94765,Bankstown,16.9,76,9.4,1027.4,
2020-10-13 22:00:00,Parramatta,94765,Bankstown,18.2,72,11.2,1027.7,
2020-10-13 23:00:00,Parramatta,94765,Bankstown,19.3,63,14.8,1027.9,
2020-10-14 00:00:00,Parramatta,94765,Bankstown,19.9,59,13.0,1027.5,
2020-10-14 01:00:00,Parramatta,94765,Bankstown,21.4,53,14.8,1026.7,
2020-10-14 02:00:00,Parramatta,94765,Bankstown,21.9,50,11.2,1025.9,
2020-10-14 03:00:00,Parramatta,94765,Bankstown,21.6,50,16.6,1025.2,
2020-10-14 04:00:00,Parramatta,94765,Bankstown,21.6,49,20.5,1024.5,
2020-10-14 05:00:00,Parramatta,94765,Bankstown,20.8,54,22.3,1023.9,
2020-10-14 06:00:00,Parramatta,94765,Bankstown,20.6,55,22.3,1023.7,
2020-10-14 07:00:00,Parramatta,94765,Bankstown,20.0,58,20.5,1023.8,
2020-10-14 08:00:00,Parramatta,94765,Bankstown,18.6,68,16.6,1024.0,
2020-10-14 09:00:00,Parramatta,94765,Bankstown,17.7,76,13.0,1024.7,
2020-10-14 10:00:00,Parramatta,94765,Bankstown,17.0,81,9.4,1025.2,
2020-10-14 11:00:00,Parramatta,94765,Bankstown,16.0,86,7.6,1025.3,
2020-10-14 12:00:00,Parramatta,94765,Bankstown,15.5,85,7.6,1024.9,
2020-10-14 13:00:00,Parramatta,94765,Bankstown,15.1,85,0.0,1024.7,
2020-10-14 14:00:00,Parramatta,94765,Bankstown,14.4,88,0.0,1024.1,
2020-10-14 15:00:00,Parramatta,94765,Bankstown,14.0,91,0.0,1023.3,
2020-10-14 16:00:00,Parramatta,94765,Bankstown,13.6,92,0.0,1022.8,
2020-10-14 17:00:00,Parramatta,94765,Bankstown,13.4,92,0.0,1022.1,
2020-10-14 18:00:00,Parramatta,94765,Bankstown,13.1,93,0.0,1021.8,
2020-10-14 19:00:00,Parramatta,94765,Bankstown,12.9,93,0.0,1021.7,
2020-10-14 20:00:00,Parramatta,94765,Bankstown,13.5,93,0.0,1021.7,
2020-10-14 21:00:00,Parramatta,94765,Bankstown,16.5,85,0.0,1021.5,
2020-10-14 22:00:00,Parramatta,94765,Bankstown,20.7,70,9.4,1021.0,
2020-10-14 23:00:00,Parramatta,94765,Bankstown,22.9,56,13.0,1020.5,
2020-10-15 00:00:00,Parramatta,94765,Bankstown,23.8,49,13.0,1019.3,
2020-10-15 01:00:00,Parramatta,94765,Bankstown,25.6,43,16.6,1017.9,
2020-10-15 02:00:00,Parramatta,94765,Bankstown,28.0,38,14.8,1016.4,
2020-10-15 03:00:00,Parramatta,94765,Bankstown,29.4,35,11.2,1015.2,
2020-10-15 04:00:00,Parramatta,94765,Bankstown,27.5,44,20.5,1014.0,
2020-10-15 05:00:00,Parramatta,94765,Bankstown,26.1,46,18.4,1013.5,
2020-10-15 06:00:00,Parramatta,94765,Bankstown,24.7,50,18.4,1013.1,
2020-10-15 07:00:00,Parramatta,94765,Bankstown,24.9,50,20.5,1013.1,
2020-10-15 08:00:00,Parramatta,94765,Bankstown,23.7,53,13.0,1013.4,
2020-10-15 09:00:00,Parramatta,94765,Bankstown,22.1,59,7.6,1014.0,
2020-10-15 10:00:00,Parramatta,94765,Bankstown,20.7,63,0.0,1014.6,
2020-10-15 11:00:00,Parramatta,94765,Bankstown,18.6,73,0.0,1014.7,
2020-10-15 12:00:00,Parramatta,94765,Bankstown,17.0,79,0.0,1014.3,
2020-10-15 13:00:00,Parramatta,94765,Bankstown,16.9,82,5.4,1013.8,
2020-10-15 14:00:00,Parramatta,94765,Bankstown,16.8,82,0.0,1013.3,
2020-10-15 15:00:00,Parramatta,94765,Bankstown,15.8,87,0.0,1012.7,
2020-10-15 16:00:00,Parramatta,94765,Bankstown,16.1,87,0.0,1012.6,
2020-10-15 17:00:00,Parramatta,94765,Bankstown,17.2,80,5.4,1013.1,
2020-10-15 18:00:00,Parramatta,94765,Bankstown,16.9,81,7.6,1013.4,
2020-10-15 19:00:00,Parramatta,94765,Bankstown,18.4,74,9.4,1014.8,
2020-10-15 20:00:00,Parramatta,94765,Bankstown,18.8,72,24.1,1016.5,
2020-10-15 21:00:00,Parramatta,94765,Bankstown,18.4,74,27.7,1018.0,
2020-10-15 22:00:00,Parramatta,94765,Bankstown,17.9,74,20.5,1019.0,
2020-10-15 23:00:00,Parramatta,94765,Bankstown,18.1,74,20.5,1020.1,
2020-10-16 00:00:00,Parramatta,94765,Bankstown,19.6,66,18.4,1020.1,
2020-10-16 01:00:00,Parramatta,94765,Bankstown,18.6,69,25.9,1019.7,
2020-10-16 02:00:00,Parramatta,94765,Bankstown,19.1,65,22.3,1019.6,
2020-10-16 03:00:00,Parramatta,94765,Bankstown,19.4,63,22.3,1019.4,
2020-10-16 04:00:00,Parramatta,94765,Bankstown,18.9,60,24.1,1019.4,
2020-10-16 05:00:00,Parramatta,94765,Bankstown,18.1,66,24.1,1019.0,
2020-10-16 06:00:00,Parramatta,94765,Bankstown,17.5,67,16.6,1019.2,
2020-10-16 07:00:00,Parramatta,94765,Bankstown,17.3,67,20.5,1019.2,
2020-10-16 08:00:00,Parramatta,94765,Bankstown,16.9,70,13.0,1019.6,
2020-10-16 09:00:00,Parramatta,94765,Bankstown,16.6,72,14.8,1019.9,
2020-10-16 10:00:00,Parramatta,94765,Bankstown,16.2,76,11.2,1020.7,
2020-10-16 11:00:00,Parramatta,94765,Bankstown,16.0,78,9.4,1020.6,
2020-10-16 12:00:00,Parramatta,94765,Bankstown,15.8,79,7.6,1020.1,
2020-10-16 13:00:00,Parramatta,94765,Bankstown,15.8,79,5.4,1019.9,
2020-10-16 14:00:00,Parramatta,94765,Bankstown,15.8,78,3.6,1019.4,
2020-10-16 15:00:00,Parramatta,94765,Bankstown,15.7,78,7.6,1018.5,
2020-10-16 16:00:00,Parramatta,94765,Bankstown,15.5,78,5.4,1017.3,
2020-10-16 17:00:00,Parramatta,94765,Bankstown,15.5,78,0.0,1016.4,
2020-10-16 18:00:00,Parramatta,94765,Bankstown,15.5,77,5.4,1016.2,
2020-10-16 19:00:00,Parramatta,94765,Bankstown,15.5,77,0.0,1015.6,
2020-10-16 20:00:00,Parramatta,94765,Bankstown,15.9,76,0.0,1015.6,
2020-10-16 21:00:00,Parramatta,94765,Bankstown,16.8,74,5.4,1015.3,
2020-10-16 22:00:00,Parramatta,94765,Bankstown,18.4,73,9.4,1014.8,
2020-10-16 23:00:00,Parramatta,94765,Bankstown,21.0,71,14.8,1013.8,
2020-10-17 00:00:00,Parramatta,94765,Bankstown,22.3,59,18.4,1012.7,
2020-10-17 01:00:00,Parramatta,94765,Bankstown,24.5,50,18.4,1011.3,
2020-10-17 02:00:00,Parramatta,94765,Bankstown,26.1,44,16.6,1009.8,
2020-10-17 03:00:00,Parramatta,94765,Bankstown,28.1,40,14.8,1008.5,
2020-10-17 04:00:00,Parramatta,94765,Bankstown,28.5,46,18.4,1007.4,
2020-10-17 05:00:00,Parramatta,94765,Bankstown,26.6,53,20.5,1006.9,
2020-10-17 06:00:00,Parramatta,94765,Bankstown,23.9,64,16.6,1007.2,
2020-10-17 07:00:00,Parramatta,94765,Bankstown,23.3,66,14.8,1007.7,
2020-10-17 08:00:00,Parramatta,94765,Bankstown,22.5,71,13.0,1008.8,
2020-10-17 09:00:00,Parramatta,94765,Bankstown,21.6,76,7.6,1008.9,
2020-10-17 10:00:00,Parramatta,94765,Bankstown,21.0,79,0.0,1009.5,
2020-10-17 11:00:00,Parramatta,94765,Bankstown,20.6,84,0.0,1010.4,
2020-10-17 12:00:00,Parramatta,94765,Bankstown,20.8,72,7.6,1010.4,
2020-10-17 13:00:00,Parramatta,94765,Bankstown,19.6,85,7.6,1010.4,
2020-10-17 14:00:00,Parramatta,94765,Bankstown,19.5,78,5.4,1009.8,
2020-10-17 15:00:00,Parramatta,94765,Bankstown,18.3,81,9.4,1009.1,
2020-10-17 16:00:00,Parramatta,94765,Bankstown,17.6,90,1.8,1009.1,
2020-10-17 17:00:00,Parramatta,94765,Bankstown,17.7,91,1.8,1009.1,
2020-10-17 18:00:00,Parramatta,94765,Bankstown,17.6,88,3.6,1009.1,
2020-10-17 19:00:00,Parramatta,94765,Bankstown,17.5,93,0.0,1009.6,
2020-10-17 20:00:00,Parramatta,94765,Bankstown,16.9,93,0.0,1010.0,
2020-10-17 21:00:00,Parramatta,94765,Bankstown,17.5,92,0.0,1010.4,
2020-10-17 22:00:00,Parramatta,94765,Bankstown,19.1,81,0.0,1010.4,
2020-10-17 23:00:00,Parramatta,94765,Bankstown,21.6,65,1.8,1010.5,
2020-10-18 00:00:00,Parramatta,94765,Bankstown,23.0,53,9.4,1010.3,
2020-10-18 01:00:00,Parramatta,94765,Bankstown,24.2,47,9.4,1010.0,
2020-10-18 02:00:00,Parramatta,94765,Bankstown,25.4,45,5.4,1009.7,
2020-10-18 03:00:00,Parramatta,94765,Bankstown,25.0,48,22.3,1009.1,
2020-10-18 04:00:00,Parramatta,94765,Bankstown,22.9,56,29.5,1009.3,
2020-10-18 05:00:00,Parramatta,94765,Bankstown,20.2,74,24.1,1010.0,
2020-10-18 06:00:00,Parramatta,94765,Bankstown,20.5,71,27.7,1010.5,
2020-10-18 07:00:00,Parramatta,94765,Bankstown,18.7,78,24.1,1011.9,
2020-10-18 08:00:00,Parramatta,94765,Bankstown,18.1,78,18.4,1012.5,
2020-10-18 09:00:00,Parramatta,94765,Bankstown,17.4,77,27.7,1013.6,
2020-10-18 10:00:00,Parramatta,94765,Bankstown,16.8,77,16.6,1014.9,
2020-10-18 11:00:00,Parramatta,94765,Bankstown,15.7,89,11.2,1015.6,
2020-10-18 12:00:00,Parramatta,94765,Bankstown,15.3,91,7.6,1015.8,
2020-10-18 13:00:00,Parramatta,94765,Bankstown,15.3,92,1.8,1015.8,
2020-10-18 14:00:00,Parramatta,94765,Bankstown,15.1,89,7.6,1015.7,
2020-10-18 15:00:00,Parramatta,94765,Bankstown,15.3,87,7.6,1015.3,
2020-10-18 16:00:00,Parramatta,94765,Bankstown,14.9,87,9.4,1015.2,
2020-10-18 17:00:00,Parramatta,94765,Bankstown,15.1,86,5.4,1014.9,
2020-10-18 18:00:00,Parramatta,94765,Bankstown,15.1,86,9.4,1015.1,
2020-10-18 19:00:00,Parramatta,94765,Bankstown,14.8,85,7.6,1015.7,
2020-10-18 20:00:00,Parramatta,94765,Bankstown,15.3,85,7.6,1016.7,
2020-10-18 21:00:00,Parramatta,94765,Bankstown,15.9,80,9.4,1017.1,
2020-10-18 22:00:00,Parramatta,94765,Bankstown,17.1,72,22.3,1017.2,
2020-10-18 23:00:00,Parramatta,94765,Bankstown,17.4,70,16.6,1017.7,
2020-10-19 00:00:00,Parramatta,94765,Bankstown,18.6,66,18.4,1017.7,
2020-10-19 01:00:00,Parramatta,94765,Bankstown,19.7,62,18.4,1017.4,
2020-10-19 02:00:00,Parramatta,94765,Bankstown,20.2,60,27.7,1017.1,
2020-10-19 03:00:00,Parramatta,94765,Bankstown,20.3,56,18.4,1016.9,
2020-10-19 04:00:00,Parramatta,94765,Bankstown,20.5,56,24.1,1016.2,
2020-10-19 05:00:00,Parramatta,94765,Bankstown,19.6,56,22.3,1016.1,
2020-10-19 06:00:00,Parramatta,94765,Bankstown,19.1,59,25.9,1016.4,
2020-10-19 07:00:00,Parramatta,94765,Bankstown,17.9,61,22.3,1016.9,
2020-10-19 08:00:00,Parramatta,94765,Bankstown,17.3,67,22.3,1017.6,
2020-10-19 10:00:00,Parramatta,94765,Bankstown,17.0,71,14.8,1019.1,
2020-10-19 11:00:00,Parramatta,94765,Bankstown,17.2,70,13.0,1019.3,
2020-10-19 12:00:00,Parramatta,94765,Bankstown,16.8,74,7.6,1019.3,
2020-10-19 13:00:00,Parramatta,94765,Bankstown,16.5,75,9.4,1019.3,
2020-10-19 14:00:00,Parramatta,94765,Bankstown,16.4,77,7.6,1018.8,
2020-10-19 15:00:00,Parramatta,94765,Bankstown,16.1,78,7.6,1018.2,
2020-10-19 16:00:00,Parramatta,94765,Bankstown,16.1,79,9.4,1018.1,
2020-10-19 17:00:00,Parramatta,94765,Bankstown,15.6,81,1.8,1017.9,
2020-10-19 18:00:00,Parramatta,94765,Bankstown,15.3,81,7.6,1018.0,
2020-10-19 19:00:00,Parramatta,94765,Bankstown,15.8,79,7.6,1018.4,
2020-10-19 20:00:00,Parramatta,94765,Bankstown,15.6,79,7.6,1018.8,
2020-10-19 21:00:00,Parramatta,94765,Bankstown,17.6,72,9.4,1019.4,
2020-10-19 22:00:00,Parramatta,94765,Bankstown,18.1,62,13.0,1019.7,
2020-10-19 23:00:00,Parramatta,94765,Bankstown,19.2,63,1.8,1019.7,
2020-10-20 00:00:00,Parramatta,94765,Bankstown,18.3,68,14.8,1019.9,
2020-10-20 01:00:00,Parramatta,94765,Bankstown,18.9,65,11.2,1019.5,
2020-10-20 02:00:00,Parramatta,94765,Bankstown,20.1,62,11.2,1018.8,
2020-10-20 03:00:00,Parramatta,94765,Bankstown,20.3,61,11.2,1018.4,
2020-10-20 04:00:00,Parramatta,94765,Bankstown,21.7,51,13.0,1017.3,
2020-10-20 05:00:00,Parramatta,94765,Bankstown,20.8,53,22.3,1016.8,
2020-10-20 06:00:00,Parramatta,94765,Bankstown,20.8,57,22.3,1016.7,
2020-10-20 07:00:00,Parramatta,94765,Bankstown,19.5,66,18.4,1016.8,
2020-10-20 08:00:00,Parramatta,94765,Bankstown,18.3,67,16.6,1017.2,
2020-10-20 09:00:00,Parramatta,94765,Bankstown,17.6,72,13.0,1018.0,
2020-10-20 10:00:00,Parramatta,94765,Bankstown,17.2,75,7.6,1018.3,
2020-10-20 11:00:00,Parramatta,94765,Bankstown,17.3,75,0.0,1018.0,
2020-10-20 12:00:00,Parramatta,94765,Bankstown,16.0,81,0.0,1018.1,
2020-10-20 13:00:00,Parramatta,94765,Bankstown,14.9,85,0.0,1018.0,
2020-10-20 14:00:00,Parramatta,94765,Bankstown,14.4,89,0.0,1017.7,
2020-10-20 15:00:00,Parramatta,94765,Bankstown,13.8,91,0.0,1016.9,
2020-10-20 16:00:00,Parramatta,94765,Bankstown,12.7,92,0.0,1016.5,
2020-10-20 17:00:00,Parramatta,94765,Bankstown,12.6,94,0.0,1016.2,
2020-10-20 18:00:00,Parramatta,94765,Bankstown,12.2,95,0.0,1016.4,
2020-10-20 19:00:00,Parramatta,94765,Bankstown,11.7,95,0.0,1016.7,
2020-10-20 20:00:00,Parramatta,94765,Bankstown,12.8,95,0.0,1017.3,
2020-10-20 21:00:00,Parramatta,94765,Bankstown,15.4,85,0.0,1017.7,
2020-10-20 22:00:00,Parramatta,94765,Bankstown,19.1,65,11.2,1017.9,
2020-10-20 23:00:00,Parramatta,94765,Bankstown,21.2,57,13.0,1017.5,
2020-10-21 00:00:00,Parramatta,94765,Bankstown,22.4,55,14.8,1017.0,
2020-10-21 01:00:00,Parramatta,94765,Bankstown,23.9,46,14.8,1016.0,
2020-10-21 02:00:00,Parramatta,94765,Bankstown,23.9,51,20.5,1014.9,
2020-10-21 03:00:00,Parramatta,94765,Bankstown,24.5,51,22.3,1014.2,
2020-10-21 04:00:00,Parramatta,94765,Bankstown,24.7,50,25.9,1013.4,
2020-10-21 05:00:00,Parramatta,94765,Bankstown,24.4,53,29.5,1012.7,
2020-10-21 06:00:00,Parramatta,94765,Bankstown,22.7,56,25.9,1012.4,
2020-10-21 07:00:00,Parramatta,94765,Bankstown,21.1,60,20.5,1012.8,
2020-10-21 08:00:00,Parramatta,94765,Bankstown,20.0,63,18.4,1013.2,
2020-10-21 09:00:00,Parramatta,94765,Bankstown,19.0,67,14.8,1013.9,
2020-10-21 10:00:00,Parramatta,94765,Bankstown,18.4,69,11.2,1014.7,
2020-10-21 11:00:00,Parramatta,94765,Bankstown,17.7,73,7.6,1015.3,
2020-10-21 12:00:00,Parramatta,94765,Bankstown,17.7,75,0.0,1015.3,
2020-10-21 13:00:00,Parramatta,94765,Bankstown,17.5,76,5.4,1015.4,
2020-10-21 14:00:00,Parramatta,94765,Bankstown,15.9,83,0.0,1015.1,
2020-10-21 15:00:00,Parramatta,94765,Bankstown,15.1,86,0.0,1014.4,
2020-10-21 16:00:00,Parramatta,94765,Bankstown,15.1,90,0.0,1013.9,
2020-10-21 17:00:00,Parramatta,94765,Bankstown,15.5,90,0.0,1013.5,
2020-10-21 18:00:00,Parramatta,94765,Bankstown,15.7,89,5.4,1013.4,
2020-10-21 19:00:00,Parramatta,94765,Bankstown,15.7,91,1.8,1014.2,
2020-10-21 20:00:00,Parramatta,94765,Bankstown,16.2,90,0.0,1014.6,
2020-10-21 21:00:00,Parramatta,94765,Bankstown,16.8,89,5.4,1015.3,
2020-10-21 22:00:00,Parramatta,94765,Bankstown,17.1,87,5.4,1015.9,
2020-10-21 23:00:00,Parramatta,94765,Bankstown,18.4,83,7.6,1016.1,
2020-10-22 00:00:00,Parramatta,94765,Bankstown,20.0,75,7.6,1015.6,
2020-10-22 01:00:00,Parramatta,94765,Bankstown,21.8,68,9.4,1014.9,
2020-10-22 02:00:00,Parramatta,94765,Bankstown,23.3,58,13.0,1014.3,
2020-10-22 03:00:00,Parramatta,94765,Bankstown,24.4,58,14.8,1013.7,
2020-10-22 04:00:00,Parramatta,94765,Bankstown,24.5,58,20.5,1013.1,
2020-10-22 05:00:00,Parramatta,94765,Bankstown,23.6,58,22.3,1012.6,
2020-10-22 06:00:00,Parramatta,94765,Bankstown,23.5,53,24.1,1012.6,
2020-10-22 07:00:00,Parramatta,94765,Bankstown,22.8,61,18.4,1013.0,
2020-10-22 08:00:00,Parramatta,94765,Bankstown,21.3,70,18.4,1014.1,
2020-10-22 09:00:00,Parramatta,94765,Bankstown,20.4,77,13.0,1014.8,
2020-10-22 10:00:00,Parramatta,94765,Bankstown,20.3,78,5.4,1015.5,
2020-10-22 11:00:00,Parramatta,94765,Bankstown,19.9,79,7.6,1015.5,
2020-10-22 12:00:00,Parramatta,94765,Bankstown,19.5,80,3.6,1015.2,
2020-10-22 13:00:00,Parramatta,94765,Bankstown,19.1,83,7.6,1015.1,
2020-10-22 14:00:00,Parramatta,94765,Bankstown,17.1,88,0.0,1014.8,
2020-10-22 15:00:00,Parramatta,94765,Bankstown,16.6,92,0.0,1014.1,
2020-10-22 16:00:00,Parramatta,94765,Bankstown,16.1,93,0.0,1013.1,
2020-10-22 17:00:00,Parramatta,94765,Bankstown,15.5,94,0.0,1013.4,
2020-10-22 18:00:00,Parramatta,94765,Bankstown,15.0,95,0.0,1013.3,
2020-10-22 19:00:00,Parramatta,94765,Bankstown,15.6,96,0.0,1013.9,
2020-10-22 20:00:00,Parramatta,94765,Bankstown,17.2,96,0.0,1013.9,
2020-10-22 21:00:00,Parramatta,94765,Bankstown,18.4,86,3.6,1014.5,
2020-10-22 22:00:00,Parramatta,94765,Bankstown,20.4,76,5.4,1014.5,
2020-10-22 23:00:00,Parramatta,94765,Bankstown,22.6,67,5.4,1014.0,
2020-10-23 00:00:00,Parramatta,94765,Bankstown,25.2,56,9.4,1013.0,
2020-10-23 01:00:00,Parramatta,94765,Bankstown,26.9,48,9.4,1012.3,
2020-10-23 02:00:00,Parramatta,94765,Bankstown,28.7,39,9.4,1011.3,
2020-10-23 03:00:00,Parramatta,94765,Bankstown,27.6,45,16.6,1010.7,
2020-10-23 04:00:00,Parramatta,94765,Bankstown,25.8,53,25.9,1009.4,
2020-10-23 05:00:00,Parramatta,94765,Bankstown,25.9,51,25.9,1008.7,
2020-10-23 06:00:00,Parramatta,94765,Bankstown,25.3,55,24.1,1008.0,
2020-10-23 07:00:00,Parramatta,94765,Bankstown,23.7,61,24.1,1008.0,
2020-10-23 08:00:00,Parramatta,94765,Bankstown,22.3,68,27.7,1008.2,
2020-10-23 09:00:00,Parramatta,94765,Bankstown,21.3,74,16.6,1009.3,
2020-10-23 10:00:00,Parramatta,94765,Bankstown,20.8,77,9.4,1008.9,
2020-10-23 11:00:00,Parramatta,94765,Bankstown,20.5,80,7.6,1009.3,
2020-10-23 12:00:00,Parramatta,94765,Bankstown,20.5,81,9.4,1008.6,
2020-10-23 13:00:00,Parramatta,94765,Bankstown,20.3,82,9.4,1008.0,
2020-10-23 14:00:00,Parramatta,94765,Bankstown,20.1,83,7.6,1007.4,
2020-10-23 15:00:00,Parramatta,94765,Bankstown,20.1,83,0.0,1006.8,
2020-10-23 16:00:00,Parramatta,94765,Bankstown,19.7,90,0.0,1006.8,
2020-10-23 17:00:00,Parramatta,94765,Bankstown,19.1,94,3.6,1006.8,
2020-10-23 18:00:00,Parramatta,94765,Bankstown,19.1,95,9.4,1005.1,
2020-10-23 19:00:00,Parramatta,94765,Bankstown,19.0,95,1.8,1005.4,
2020-10-23 20:00:00,Parramatta,94765,Bankstown,19.2,95,0.0,1006.1,
2020-10-23 21:00:00,Parramatta,94765,Bankstown,20.1,90,0.0,1006.3,
2020-10-23 22:00:00,Parramatta,94765,Bankstown,22.4,78,13.0,1005.8,
2020-10-23 23:00:00,Parramatta,94765,Bankstown,23.3,72,20.5,1005.4,
2020-10-24 00:00:00,Parramatta,94765,Bankstown,22.9,76,14.8,1004.8,
2020-10-24 01:00:00,Parramatta,94765,Bankstown,24.3,69,18.4,1004.2,
2020-10-24 02:00:00,Parramatta,94765,Bankstown,25.1,64,16.6,1003.2,
2020-10-24 03:00:00,Parramatta,94765,Bankstown,22.4,85,18.4,1003.4,
2020-10-24 04:00:00,Parramatta,94765,Bankstown,21.1,92,9.4,1003.0,
2020-10-24 05:00:00,Parramatta,94765,Bankstown,21.5,89,14.8,1002.0,
2020-10-24 06:00:00,Parramatta,94765,Bankstown,21.4,87,9.4,1002.7,
2020-10-24 07:00:00,Parramatta,94765,Bankstown,20.6,91,7.6,1003.0,
2020-10-24 08:00:00,Parramatta,94765,Bankstown,20.3,93,13.0,1002.6,
2020-10-24 09:00:00,Parramatta,94765,Bankstown,20.1,92,9.4,1003.4,
2020-10-24 10:00:00,Parramatta,94765,Bankstown,19.7,92,7.6,1004.4,
2020-10-24 11:00:00,Parramatta,94765,Bankstown,19.3,92,5.4,1005.2,
2020-10-24 12:00:00,Parramatta,94765,Bankstown,19.0,90,3.6,1004.8,
2020-10-24 13:00:00,Parramatta,94765,Bankstown,15.8,90,31.7,1006.2,
2020-10-24 14:00:00,Parramatta,94765,Bankstown,14.7,91,24.1,1007.1,
2020-10-24 15:00:00,Parramatta,94765,Bankstown,14.6,88,18.4,1007.9,
2020-10-24 16:00:00,Parramatta,94765,Bankstown,14.4,87,14.8,1008.2,
2020-10-24 17:00:00,Parramatta,94765,Bankstown,14.3,87,16.6,1008.7,
2020-10-24 18:00:00,Parramatta,94765,Bankstown,14.3,85,16.6,1009.3,
2020-10-24 19:00:00,Parramatta,94765,Bankstown,14.3,85,16.6,1010.6,
2020-10-24 20:00:00,Parramatta,94765,Bankstown,14.1,84,16.6,1011.6,
2020-10-24 21:00:00,Parramatta,94765,Bankstown,14.4,76,14.8,1012.7,
2020-10-24 22:00:00,Parramatta,94765,Bankstown,14.5,77,22.3,1013.5,
2020-10-24 23:00:00,Parramatta,94765,Bankstown,14.6,77,20.5,1014.3,
2020-10-25 00:00:00,Parramatta,94765,Bankstown,14.6,71,22.3,1014.6,
2020-10-25 01:00:00,Parramatta,94765,Bankstown,14.6,71,25.9,1014.4,
2020-10-25 02:00:00,Parramatta,94765,Bankstown,14.9,71,20.5,1014.4,
2020-10-25 03:00:00,Parramatta,94765,Bankstown,14.7,74,24.1,1014.2,
2020-10-25 04:00:00,Parramatta,94765,Bankstown,14.1,76,16.6,1014.4,
2020-10-25 05:00:00,Parramatta,94765,Bankstown,13.0,89,14.8,1014.3,
2020-10-25 06:00:00,Parramatta,94765,Bankstown,12.5,94,13.0,1014.3,
2020-10-25 07:00:00,Parramatta,94765,Bankstown,12.6,94,11.2,1014.8,
2020-10-25 08:00:00,Parramatta,94765,Bankstown,13.3,91,13.0,1015.3,
2020-10-25 09:00:00,Parramatta,94765,Bankstown,14.1,90,14.8,1015.8,
2020-10-25 10:00:00,Parramatta,94765,Bankstown,14.7,83,18.4,1016.4,
2020-10-25 11:00:00,Parramatta,94765,Bankstown,15.0,82,20.5,1016.9,
2020-10-25 12:00:00,Parramatta,94765,Bankstown,14.0,90,24.1,1016.6,
2020-10-25 13:00:00,Parramatta,94765,Bankstown,14.4,90,25.9,1016.1,
2020-10-25 14:00:00,Parramatta,94765,Bankstown,14.2,89,27.7,1015.9,
2020-10-25 15:00:00,Parramatta,94765,Bankstown,14.6,88,24.1,1015.3,
2020-10-25 16:00:00,Parramatta,94765,Bankstown,15.1,86,27.7,1015.0,
2020-10-25 17:00:00,Parramatta,94765,Bankstown,14.5,90,29.5,1015.3,
2020-10-25 18:00:00,Parramatta,94765,Bankstown,14.3,87,33.5,1015.5,
2020-10-25 19:00:00,Parramatta,94765,Bankstown,14.2,86,31.7,1016.2,
2020-10-25 20:00:00,Parramatta,94765,Bankstown,14.6,84,31.7,1016.9,
2020-10-25 21:00:00,Parramatta,94765,Bankstown,15.5,80,29.5,1017.5,
2020-10-25 22:00:00,Parramatta,94765,Bankstown,14.9,80,33.5,1018.1,
2020-10-25 23:00:00,Parramatta,94765,Bankstown,14.6,81,35.3,1018.6,
2020-10-26 00:00:00,Parramatta,94765,Bankstown,14.4,91,27.7,1018.7,
2020-10-26 01:00:00,Parramatta,94765,Bankstown,14.3,91,29.5,1018.7,
2020-10-26 02:00:00,Parramatta,94765,Bankstown,14.9,87,22.3,1018.2,
2020-10-26 03:00:00,Parramatta,94765,Bankstown,16.6,67,27.7,1017.6,
2020-10-26 04:00:00,Parramatta,94765,Bankstown,14.1,83,37.1,1017.9,
2020-10-26 05:00:00,Parramatta,94765,Bankstown,14.2,84,29.5,1017.8,
2020-10-26 06:00:00,Parramatta,94765,Bankstown,14.0,85,25.9,1018.6,
2020-10-26 07:00:00,Parramatta,94765,Bankstown,13.5,90,27.7,1018.6,
2020-10-26 08:00:00,Parramatta,94765,Bankstown,13.4,89,18.4,1019.0,
2020-10-26 09:00:00,Parramatta,94765,Bankstown,13.4,89,11.2,1019.8,
2020-10-26 10:00:00,Parramatta,94765,Bankstown,13.3,90,9.4,1020.4,
2020-10-26 11:00:00,Parramatta,94765,Bankstown,12.8,90,9.4,1020.9,
2020-10-26 12:00:00,Parramatta,94765,Bankstown,12.5,94,13.0,1020.7,
2020-10-26 13:00:00,Parramatta,94765,Bankstown,12.4,95,13.0,1020.5,
2020-10-26 14:00:00,Parramatta,94765,Bankstown,12.4,95,11.2,1019.6,
2020-10-26 15:00:00,Parramatta,94765,Bankstown,12.5,95,13.0,1019.1,
2020-10-26 16:00:00,Parramatta,94765,Bankstown,12.7,95,7.6,1019.2,
2020-10-26 17:00:00,Parramatta,94765,Bankstown,12.8,96,9.4,1018.9,
2020-10-26 18:00:00,Parramatta,94765,Bankstown,13.0,96,11.2,1018.7,
2020-10-26 19:00:00,Parramatta,94765,Bankstown,12.9,95,7.6,1019.1,
2020-10-26 20:00:00,Parramatta,94765,Bankstown,13.3,94,7.6,1019.8,
2020-10-26 21:00:00,Parramatta,94765,Bankstown,14.1,90,11.2,1020.6,
2020-10-26 22:00:00,Parramatta,94765,Bankstown,15.2,82,13.0,1020.8,
2020-10-26 23:00:00,Parramatta,94765,Bankstown,16.4,74,18.4,1021.2,
2020-10-27 00:00:00,Parramatta,94765,Bankstown,16.7,73,20.5,1021.2,
2020-10-27 01:00:00,Parramatta,94765,Bankstown,18.8,63,18.4,1020.5,
2020-10-27 02:00:00,Parramatta,94765,Bankstown,20.1,57,22.3,1019.7,
2020-10-27 03:00:00,Parramatta,94765,Bankstown,19.7,58,24.1,1019.3,
2020-10-27 04:00:00,Parramatta,94765,Bankstown,19.4,57,22.3,1018.4,
2020-10-27 05:00:00,Parramatta,94765,Bankstown,19.0,60,20.5,1018.0,
2020-10-27 06:00:00,Parramatta,94765,Bankstown,19.1,56,25.9,1017.7,
2020-10-27 07:00:00,Parramatta,94765,Bankstown,17.8,64,22.3,1018.0,
2020-10-27 08:00:00,Parramatta,94765,Bankstown,16.7,69,16.6,1018.8,
2020-10-27 09:00:00,Parramatta,94765,Bankstown,16.1,74,16.6,1019.3,
2020-10-27 10:00:00,Parramatta,94765,Bankstown,15.0,78,3.6,1020.1,
2020-10-27 11:00:00,Parramatta,94765,Bankstown,14.2,84,7.6,1020.0,
2020-10-27 12:00:00,Parramatta,94765,Bankstown,13.9,83,7.6,1019.9,
2020-10-27 13:00:00,Parramatta,94765,Bankstown,13.5,82,9.4,1020.0,
2020-10-27 14:00:00,Parramatta,94765,Bankstown,12.8,83,7.6,1019.7,
2020-10-27 15:00:00,Parramatta,94765,Bankstown,12.0,88,0.0,1019.0,
2020-10-27 16:00:00,Parramatta,94765,Bankstown,12.3,88,1.8,1018.4,
2020-10-27 17:00:00,Parramatta,94765,Bankstown,12.9,85,0.0,1018.1,
2020-10-27 18:00:00,Parramatta,94765,Bankstown,13.9,86,9.4,1018.2,
2020-10-27 19:00:00,Parramatta,94765,Bankstown,13.3,94,11.2,1018.6,
2020-10-27 20:00:00,Parramatta,94765,Bankstown,13.6,87,7.6,1019.4,
2020-10-27 21:00:00,Parramatta,94765,Bankstown,14.8,83,7.6,1020.2,
2020-10-27 22:00:00,Parramatta,94765,Bankstown,16.1,75,9.4,1020.1,
2020-10-27 23:00:00,Parramatta,94765,Bankstown,17.7,69,7.6,1020.0,
2020-10-28 00:00:00,Parramatta,94765,Bankstown,18.4,66,9.4,1019.2,
2020-10-28 01:00:00,Parramatta,94765,Bankstown,18.9,67,11.2,1018.8,
2020-10-28 02:00:00,Parramatta,94765,Bankstown,18.8,70,18.4,1018.3,
2020-10-28 03:00:00,Parramatta,94765,Bankstown,19.0,67,13.0,1017.3,
2020-10-28 04:00:00,Parramatta,94765,Bankstown,20.3,64,20.5,1015.9,
2020-10-28 05:00:00,Parramatta,94765,Bankstown,20.3,62,20.5,1015.4,
2020-10-28 06:00:00,Parramatta,94765,Bankstown,20.1,60,24.1,1014.9,
2020-10-28 07:00:00,Parramatta,94765,Bankstown,18.9,66,16.6,1015.2,
2020-10-28 08:00:00,Parramatta,94765,Bankstown,17.8,73,20.5,1016.0,
2020-10-28 09:00:00,Parramatta,94765,Bankstown,17.2,76,13.0,1016.5,
2020-10-28 10:00:00,Parramatta,94765,Bankstown,17.0,79,1.8,1017.5,
2020-10-28 11:00:00,Parramatta,94765,Bankstown,17.0,79,11.2,1017.0,
2020-10-28 12:00:00,Parramatta,94765,Bankstown,16.6,81,3.6,1016.3,
2020-10-28 13:00:00,Parramatta,94765,Bankstown,15.9,86,9.4,1015.4,
2020-10-28 14:00:00,Parramatta,94765,Bankstown,16.0,86,7.6,1015.0,
2020-10-28 15:00:00,Parramatta,94765,Bankstown,15.8,87,7.6,1014.2,
2020-10-28 16:00:00,Parramatta,94765,Bankstown,15.5,92,9.4,1013.2,
2020-10-28 17:00:00,Parramatta,94765,Bankstown,15.2,94,7.6,1012.6,
2020-10-28 18:00:00,Parramatta,94765,Bankstown,15.0,93,7.6,1012.5,
2020-10-28 19:00:00,Parramatta,94765,Bankstown,14.8,92,9.4,1013.1,
2020-10-28 20:00:00,Parramatta,94765,Bankstown,14.7,93,7.6,1013.6,
2020-10-28 21:00:00,Parramatta,94765,Bankstown,14.9,92,1.8,1013.9,
2020-10-28 22:00:00,Parramatta,94765,Bankstown,15.2,92,7.6,1013.8,
2020-10-28 23:00:00,Parramatta,94765,Bankstown,16.6,82,0.0,1013.5,
2020-10-29 00:00:00,Parramatta,94765,Bankstown,18.7,70,7.6,1013.3,
2020-10-29 01:00:00,Parramatta,94765,Bankstown,19.2,66,9.4,1012.4,
2020-10-29 02:00:00,Parramatta,94765,Bankstown,19.6,68,14.8,1011.4,
2020-10-29 03:00:00,Parramatta,94765,Bankstown,20.6,57,16.6,1010.6,
2020-10-29 04:00:00,Parramatta,94765,Bankstown,21.2,55,14.8,1010.0,
2020-10-29 05:00:00,Parramatta,94765,Bankstown,21.7,60,18.4,1009.6,
2020-10-29 06:00:00,Parramatta,94765,Bankstown,20.0,64,14.8,1009.6,
2020-10-29 07:00:00,Parramatta,94765,Bankstown,19.6,62,20.5,1009.3,
2020-10-29 08:00:00,Parramatta,94765,Bankstown,17.9,68,14.8,1010.1,
2020-10-29 09:00:00,Parramatta,94765,Bankstown,16.9,72,9.4,1011.0,
2020-10-29 10:00:00,Parramatta,94765,Bankstown,15.3,81,0.0,1011.5,
2020-10-29 11:00:00,Parramatta,94765,Bankstown,16.1,80,11.2,1012.2,
2020-10-29 12:00:00,Parramatta,94765,Bankstown,14.5,86,9.4,1011.0,
2020-10-29 13:00:00,Parramatta,94765,Bankstown,13.7,91,5.4,1010.4,
2020-10-29 14:00:00,Parramatta,94765,Bankstown,13.2,91,1.8,1010.3,
2020-10-29 15:00:00,Parramatta,94765,Bankstown,13.1,91,0.0,1009.4,
2020-10-29 16:00:00,Parramatta,94765,Bankstown,12.1,92,0.0,1009.5,
2020-10-29 17:00:00,Parramatta,94765,Bankstown,11.9,94,0.0,1009.6,
2020-10-29 18:00:00,Parramatta,94765,Bankstown,11.5,94,0.0,1009.5,
2020-10-29 19:00:00,Parramatta,94765,Bankstown,11.3,95,3.6,1010.0,
2020-10-29 20:00:00,Parramatta,94765,Bankstown,12.9,95,7.6,1010.9,
2020-10-29 21:00:00,Parramatta,94765,Bankstown,15.2,81,3.6,1011.4,
2020-10-29 22:00:00,Parramatta,94765,Bankstown,17.6,71,3.6,1011.4,
2020-10-29 23:00:00,Parramatta,94765,Bankstown,18.7,66,1.8,1010.9,
2020-10-30 00:00:00,Parramatta,94765,Bankstown,21.0,58,11.2,1010.8,
2020-10-30 01:00:00,Parramatta,94765,Bankstown,21.1,53,11.2,1010.5,
2020-10-30 02:00:00,Parramatta,94765,Bankstown,21.4,53,11.2,1009.9,
2020-10-30 03:00:00,Parramatta,94765,Bankstown,22.5,53,13.0,1010.1,
2020-10-30 04:00:00,Parramatta,94765,Bankstown,22.0,56,24.1,1009.5,
2020-10-30 05:00:00,Parramatta,94765,Bankstown,21.1,59,20.5,1009.1,
2020-10-30 06:00:00,Parramatta,94765,Bankstown,20.3,60,24.1,1008.8,
2020-10-30 07:00:00,Parramatta,94765,Bankstown,19.8,65,24.1,1009.4,
2020-10-30 08:00:00,Parramatta,94765,Bankstown,19.0,69,18.4,1010.4,
2020-10-30 09:00:00,Parramatta,94765,Bankstown,18.3,73,16.6,1010.5,
2020-10-30 10:00:00,Parramatta,94765,Bankstown,17.7,79,11.2,1011.0,
2020-10-30 11:00:00,Parramatta,94765,Bankstown,16.8,83,5.4,1011.8,
2020-10-30 12:00:00,Parramatta,94765,Bankstown,16.6,86,9.4,1011.9,
2020-10-30 13:00:00,Parramatta,94765,Bankstown,16.3,88,5.4,1011.6,
2020-10-30 14:00:00,Parramatta,94765,Bankstown,16.5,90,3.6,1010.6,
2020-10-30 15:00:00,Parramatta,94765,Bankstown,17.8,88,13.0,1009.2,
2020-10-30 16:00:00,Parramatta,94765,Bankstown,18.4,86,9.4,1009.0,
2020-10-30 17:00:00,Parramatta,94765,Bankstown,18.7,85,13.0,1008.3,
2020-10-30 18:00:00,Parramatta,94765,Bankstown,18.8,85,20.5,1007.6,
2020-10-30 19:00:00,Parramatta,94765,Bankstown,18.6,89,20.5,1007.5,
2020-10-30 20:00:00,Parramatta,94765,Bankstown,19.0,87,16.6,1007.5,
2020-10-30 21:00:00,Parramatta,94765,Bankstown,19.2,85,13.0,1007.2,
2020-10-30 22:00:00,Parramatta,94765,Bankstown,18.4,89,14.8,1006.9,
2020-10-30 23:00:00,Parramatta,94765,Bankstown,20.7,79,11.2,1007.0,
2020-10-31 00:00:00,Parramatta,94765,Bankstown,22.4,69,5.4,1006.6,
2020-10-31 01:00:00,Parramatta,94765,Bankstown,22.5,70,16.6,1006.3,
2020-10-31 02:00:00,Parramatta,94765,Bankstown,17.4,60,33.5,1007.4,
2020-10-31 03:00:00,Parramatta,94765,Bankstown,19.1,71,18.4,1007.2,
2020-10-31 04:00:00,Parramatta,94765,Bankstown,20.5,69,24.1,1007.6,
2020-10-31 05:00:00,Parramatta,94765,Bankstown,20.1,61,20.5,1007.6,
2020-10-31 06:00:00,Parramatta,94765,Bankstown,19.3,65,3.6,1009.2,
2020-10-31 07:00:00,Parramatta,94765,Bankstown,16.6,87,11.2,1010.3,
2020-10-31 08:00:00,Parramatta,94765,Bankstown,15.5,89,9.4,1010.8,
2020-10-31 09:00:00,Parramatta,94765,Bankstown,15.4,87,3.6,1011.5,
2020-10-31 10:00:00,Parramatta,94765,Bankstown,15.0,93,11.2,1011.5,
2020-10-31 11:00:00,Parramatta,94765,Bankstown,15.2,91,9.4,1011.6,
2020-10-31 12:00:00,Parramatta,94765,Bankstown,15.0,92,9.4,1011.9,
2020-10-31 13:00:00,Parramatta,94765,Bankstown,14.6,93,9.4,1011.5,
2020-10-31 14:00:00,Parramatta,94765,Bankstown,14.4,93,1.8,1011.7,
2020-10-31 15:00:00,Parramatta,94765,Bankstown,14.0,94,0.0,1011.6,
2020-10-31 16:00:00,Parramatta,94765,Bankstown,13.6,95,7.6,1011.4,
2020-10-31 17:00:00,Parramatta,94765,Bankstown,13.8,95,3.6,1011.4,
2020-10-31 18:00:00,Parramatta,94765,Bankstown,13.7,95,0.0,1011.7,
2020-10-31 19:00:00,Parramatta,94765,Bankstown,14.0,96,0.0,1012.3,
2020-10-31 20:00:00,Parramatta,94765,Bankstown,14.2,96,0.0,1013.4,
2020-10-31 21:00:00,Parramatta,94765,Bankstown,15.9,87,11.2,1014.0,
2020-10-31 22:00:00,Parramatta,94765,Bankstown,18.0,82,14.8,1014.6,
2020-10-31 23:00:00,Parramatta,94765,Bankstown,18.4,78,16.6,1015.6,
2020-11-01 00:00:00,Parramatta,94765,Bankstown,18.1,84,14.8,1016.5,
2020-11-01 01:00:00,Parramatta,94765,Bankstown,16.8,89,13.0,1017.0,
2020-11-01 02:00:00,Parramatta,94765,Bankstown,18.3,81,16.6,1017.1,
2020-11-01 03:00:00,Parramatta,94765,Bankstown,18.5,78,22.3,1017.6,
2020-11-01 04:00:00,Parramatta,94765,Bankstown,18.3,73,33.5,1018.4,
2020-11-01 05:00:00,Parramatta,94765,Bankstown,17.7,71,31.7,1018.9,
2020-11-01 06:00:00,Parramatta,94765,Bankstown,18.8,65,29.5,1019.4,
2020-11-01 07:00:00,Parramatta,94765,Bankstown,18.8,62,27.7,1020.4,
2020-11-01 08:00:00,Parramatta,94765,Bankstown,18.2,63,25.9,1021.5,
2020-11-01 09:00:00,Parramatta,94765,Bankstown,17.3,67,20.5,1022.7,
2020-11-01 10:00:00,Parramatta,94765,Bankstown,16.8,69,18.4,1023.7,
2020-11-01 11:00:00,Parramatta,94765,Bankstown,16.1,72,13.0,1024.4,
2020-11-01 12:00:00,Parramatta,94765,Bankstown,15.6,74,11.2,1024.8,
2020-11-01 13:00:00,Parramatta,94765,Bankstown,14.5,78,9.4,1024.9,
2020-11-01 14:00:00,Parramatta,94765,Bankstown,14.6,75,7.6,1024.7,
2020-11-01 15:00:00,Parramatta,94765,Bankstown,14.0,77,9.4,1024.0,
2020-11-01 16:00:00,Parramatta,94765,Bankstown,13.4,80,9.4,1024.4,
2020-11-01 17:00:00,Parramatta,94765,Bankstown,13.8,80,9.4,1024.7,
2020-11-01 18:00:00,Parramatta,94765,Bankstown,13.6,80,11.2,1025.3,
2020-11-01 19:00:00,Parramatta,94765,Bankstown,13.7,81,13.0,1025.8,
2020-11-01 20:00:00,Parramatta,94765,Bankstown,15.0,77,11.2,1026.2,
2020-11-01 21:00:00,Parramatta,94765,Bankstown,17.0,72,16.6,1026.9,
2020-11-01 22:00:00,Parramatta,94765,Bankstown,18.2,70,11.2,1027.5,
2020-11-01 23:00:00,Parramatta,94765,Bankstown,19.4,65,20.5,1027.7,
2020-11-02 00:00:00,Parramatta,94765,Bankstown,19.9,60,20.5,1027.9,
2020-11-02 01:00:00,Parramatta,94765,Bankstown,20.1,58,18.4,1027.4,
2020-11-02 02:00:00,Parramatta,94765,Bankstown,21.0,58,18.4,1026.8,
2020-11-02 03:00:00,Parramatta,94765,Bankstown,20.8,55,25.9,1026.5,
2020-11-02 04:00:00,Parramatta,94765,Bankstown,21.5,53,24.1,1026.4,
2020-11-02 05:00:00,Parramatta,94765,Bankstown,21.4,49,24.1,1025.7,
2020-11-02 06:00:00,Parramatta,94765,Bankstown,21.1,58,24.1,1025.8,
2020-11-02 07:00:00,Parramatta,94765,Bankstown,19.8,58,20.5,1026.0,
2020-11-02 08:00:00,Parramatta,94765,Bankstown,18.7,62,16.6,1026.2,
2020-11-02 09:00:00,Parramatta,94765,Bankstown,17.3,68,13.0,1026.6,
2020-11-02 10:00:00,Parramatta,94765,Bankstown,15.3,77,7.6,1027.1,
2020-11-02 11:00:00,Parramatta,94765,Bankstown,14.4,81,3.6,1027.4,
2020-11-02 12:00:00,Parramatta,94765,Bankstown,13.8,86,0.0,1027.6,
2020-11-02 13:00:00,Parramatta,94765,Bankstown,12.9,88,0.0,1027.6,
2020-11-02 14:00:00,Parramatta,94765,Bankstown,12.6,90,0.0,1027.2,
2020-11-02 15:00:00,Parramatta,94765,Bankstown,12.3,91,1.8,1026.2,
2020-11-02 16:00:00,Parramatta,94765,Bankstown,12.0,92,0.0,1025.7,
2020-11-02 17:00:00,Parramatta,94765,Bankstown,11.6,93,0.0,1025.5,
2020-11-02 18:00:00,Parramatta,94765,Bankstown,11.4,94,0.0,1025.4,
2020-11-02 19:00:00,Parramatta,94765,Bankstown,10.7,93,0.0,1025.8,
2020-11-02 20:00:00,Parramatta,94765,Bankstown,12.0,93,5.4,1026.3,
2020-11-02 21:00:00,Parramatta,94765,Bankstown,15.3,79,9.4,1026.6,
2020-11-02 22:00:00,Parramatta,94765,Bankstown,18.0,64,9.4,1026.8,
2020-11-02 23:00:00,Parramatta,94765,Bankstown,19.7,58,7.6,1026.7,
2020-11-03 00:00:00,Parramatta,94765,Bankstown,20.9,53,9.4,1026.2,
2020-11-03 01:00:00,Parramatta,94765,Bankstown,21.9,50,13.0,1025.2,
2020-11-03 02:00:00,Parramatta,94765,Bankstown,22.6,49,11.2,1024.4,
2020-11-03 03:00:00,Parramatta,94765,Bankstown,22.4,46,13.0,1023.6,
2020-11-03 04:00:00,Parramatta,94765,Bankstown,22.8,53,16.6,1022.8,
2020-11-03 05:00:00,Parramatta,94765,Bankstown,22.1,50,20.5,1022.2,
2020-11-03 06:00:00,Parramatta,94765,Bankstown,21.8,51,18.4,1022.0,
2020-11-03 07:00:00,Parramatta,94765,Bankstown,21.1,49,20.5,1021.6,
2020-11-03 08:00:00,Parramatta,94765,Bankstown,19.9,55,16.6,1022.0,
2020-11-03 09:00:00,Parramatta,94765,Bankstown,18.2,65,11.2,1022.6,
2020-11-03 10:00:00,Parramatta,94765,Bankstown,17.5,69,9.4,1022.8,
2020-11-03 11:00:00,Parramatta,94765,Bankstown,16.7,72,5.4,1022.8,
2020-11-03 12:00:00,Parramatta,94765,Bankstown,14.8,82,0.0,1022.5,
2020-11-03 13:00:00,Parramatta,94765,Bankstown,14.1,87,0.0,1022.1,
2020-11-03 14:00:00,Parramatta,94765,Bankstown,13.4,90,0.0,1021.5,
2020-11-03 15:00:00,Parramatta,94765,Bankstown,12.9,91,0.0,1020.4,
2020-11-03 16:00:00,Parramatta,94765,Bankstown,12.5,93,5.4,1019.6,
2020-11-03 17:00:00,Parramatta,94765,Bankstown,12.3,94,0.0,1019.2,
2020-11-03 18:00:00,Parramatta,94765,Bankstown,11.6,94,0.0,1018.8,
2020-11-03 19:00:00,Parramatta,94765,Bankstown,11.0,94,0.0,1018.4,
2020-11-03 20:00:00,Parramatta,94765,Bankstown,12.8,94,0.0,1018.4,
2020-11-03 21:00:00,Parramatta,94765,Bankstown,16.0,79,5.4,1018.4,
2020-11-03 22:00:00,Parramatta,94765,Bankstown,18.5,68,9.4,1017.7,
2020-11-03 23:00:00,Parramatta,94765,Bankstown,20.1,56,11.2,1017.2,
2020-11-04 00:00:00,Parramatta,94765,Bankstown,22.4,46,9.4,1016.2,
2020-11-04 01:00:00,Parramatta,94765,Bankstown,25.2,35,11.2,1014.8,
2020-11-04 02:00:00,Parramatta,94765,Bankstown,27.1,25,20.5,1013.4,
2020-11-04 03:00:00,Parramatta,94765,Bankstown,28.4,27,11.2,1012.0,
2020-11-04 04:00:00,Parramatta,94765,Bankstown,28.2,37,14.8,1010.6,
2020-11-04 05:00:00,Parramatta,94765,Bankstown,27.3,44,20.5,1009.8,
2020-11-04 06:00:00,Parramatta,94765,Bankstown,27.4,45,16.6,1009.3,
2020-11-04 07:00:00,Parramatta,94765,Bankstown,25.5,52,14.8,1009.0,
2020-11-04 08:00:00,Parramatta,94765,Bankstown,24.0,56,7.6,1009.4,
2020-11-04 09:00:00,Parramatta,94765,Bankstown,22.7,62,5.4,1009.9,
2020-11-04 10:00:00,Parramatta,94765,Bankstown,22.0,65,5.4,1009.4,
2020-11-04 11:00:00,Parramatta,94765,Bankstown,21.7,66,5.4,1009.0,
2020-11-04 12:00:00,Parramatta,94765,Bankstown,20.4,74,7.6,1009.0,
2020-11-04 13:00:00,Parramatta,94765,Bankstown,19.5,79,9.4,1009.2,
2020-11-04 14:00:00,Parramatta,94765,Bankstown,20.1,77,11.2,1008.0,
2020-11-04 15:00:00,Parramatta,94765,Bankstown,19.5,81,7.6,1007.4,
2020-11-04 16:00:00,Parramatta,94765,Bankstown,19.5,80,7.6,1006.9,
2020-11-04 17:00:00,Parramatta,94765,Bankstown,19.4,81,0.0,1006.9,
2020-11-04 18:00:00,Parramatta,94765,Bankstown,19.6,77,9.4,1007.4,
2020-11-04 19:00:00,Parramatta,94765,Bankstown,19.6,74,14.8,1007.9,
2020-11-04 20:00:00,Parramatta,94765,Bankstown,19.2,78,20.5,1008.6,
2020-11-04 21:00:00,Parramatta,94765,Bankstown,16.0,88,16.6,1009.8,
2020-11-04 22:00:00,Parramatta,94765,Bankstown,15.4,89,20.5,1009.3,
2020-11-04 23:00:00,Parramatta,94765,Bankstown,14.0,89,25.9,1009.9,
2020-11-05 00:00:00,Parramatta,94765,Bankstown,13.8,86,13.0,1011.2,
2020-11-05 01:00:00,Parramatta,94765,Bankstown,13.1,91,31.7,1009.4,
2020-11-05 02:00:00,Parramatta,94765,Bankstown,14.5,81,18.4,1010.9,
2020-11-05 03:00:00,Parramatta,94765,Bankstown,13.7,86,16.6,1011.1,
2020-11-05 04:00:00,Parramatta,94765,Bankstown,15.0,76,18.4,1010.9,
2020-11-05 05:00:00,Parramatta,94765,Bankstown,15.3,71,14.8,1011.6,
2020-11-05 06:00:00,Parramatta,94765,Bankstown,13.4,82,16.6,1012.5,
2020-11-05 07:00:00,Parramatta,94765,Bankstown,12.7,89,14.8,1013.2,
2020-11-05 08:00:00,Parramatta,94765,Bankstown,13.1,89,9.4,1014.1,
2020-11-05 09:00:00,Parramatta,94765,Bankstown,13.2,89,11.2,1014.8,
2020-11-05 10:00:00,Parramatta,94765,Bankstown,12.9,88,14.8,1015.4,
2020-11-05 11:00:00,Parramatta,94765,Bankstown,13.2,87,11.2,1016.0,
2020-11-05 12:00:00,Parramatta,94765,Bankstown,13.6,84,13.0,1016.6,
2020-11-05 13:00:00,Parramatta,94765,Bankstown,13.7,84,14.8,1017.1,
2020-11-05 14:00:00,Parramatta,94765,Bankstown,13.8,82,16.6,1016.8,
2020-11-05 15:00:00,Parramatta,94765,Bankstown,13.4,81,13.0,1016.3,
2020-11-05 16:00:00,Parramatta,94765,Bankstown,13.3,80,11.2,1016.5,
2020-11-05 17:00:00,Parramatta,94765,Bankstown,13.2,78,11.2,1016.6,
2020-11-05 18:00:00,Parramatta,94765,Bankstown,13.3,76,11.2,1017.1,
2020-11-05 19:00:00,Parramatta,94765,Bankstown,12.3,79,9.4,1017.4,
2020-11-05 20:00:00,Parramatta,94765,Bankstown,12.7,77,9.4,1018.1,
2020-11-05 22:00:00,Parramatta,94765,Bankstown,15.7,61,16.6,1018.7,
2020-11-05 23:00:00,Parramatta,94765,Bankstown,17.9,54,18.4,1018.7,
2020-11-06 00:00:00,Parramatta,94765,Bankstown,19.0,50,24.1,1018.6,
2020-11-06 01:00:00,Parramatta,94765,Bankstown,19.8,47,16.6,1018.2,
2020-11-06 02:00:00,Parramatta,94765,Bankstown,19.9,47,13.0,1017.6,
2020-11-06 03:00:00,Parramatta,94765,Bankstown,20.4,52,16.6,1016.9,
2020-11-06 04:00:00,Parramatta,94765,Bankstown,20.0,48,20.5,1016.2,
2020-11-06 05:00:00,Parramatta,94765,Bankstown,19.9,50,24.1,1016.0,
2020-11-06 06:00:00,Parramatta,94765,Bankstown,19.4,54,22.3,1016.1,
2020-11-06 07:00:00,Parramatta,94765,Bankstown,18.5,58,20.5,1016.5,
2020-11-06 08:00:00,Parramatta,94765,Bankstown,17.4,59,18.4,1017.0,
2020-11-06 09:00:00,Parramatta,94765,Bankstown,16.2,65,11.2,1017.7,
2020-11-06 10:00:00,Parramatta,94765,Bankstown,15.2,71,0.0,1018.0,
2020-11-06 11:00:00,Parramatta,94765,Bankstown,14.1,80,5.4,1018.5,
2020-11-06 12:00:00,Parramatta,94765,Bankstown,13.4,84,0.0,1018.4,
2020-11-06 13:00:00,Parramatta,94765,Bankstown,13.0,85,0.0,1018.5,
2020-11-06 14:00:00,Parramatta,94765,Bankstown,12.6,87,0.0,1018.1,
2020-11-06 15:00:00,Parramatta,94765,Bankstown,11.9,89,0.0,1017.8,
2020-11-06 16:00:00,Parramatta,94765,Bankstown,11.4,91,0.0,1017.7,
2020-11-06 17:00:00,Parramatta,94765,Bankstown,11.6,91,0.0,1017.9,
2020-11-06 18:00:00,Parramatta,94765,Bankstown,11.8,90,0.0,1018.1,
2020-11-06 19:00:00,Parramatta,94765,Bankstown,12.3,91,0.0,1018.5,
2020-11-06 20:00:00,Parramatta,94765,Bankstown,13.3,88,0.0,1019.3,
2020-11-06 21:00:00,Parramatta,94765,Bankstown,14.8,82,1.8,1020.3,
2020-11-06 22:00:00,Parramatta,94765,Bankstown,17.4,68,5.4,1020.7,
2020-11-06 23:00:00,Parramatta,94765,Bankstown,19.8,59,9.4,1021.1,
2020-11-07 00:00:00,Parramatta,94765,Bankstown,20.9,51,9.4,1021.2,
2020-11-07 01:00:00,Parramatta,94765,Bankstown,19.4,63,25.9,1021.8,
2020-11-07 02:00:00,Parramatta,94765,Bankstown,20.1,51,31.7,1021.8,
2020-11-07 03:00:00,Parramatta,94765,Bankstown,18.8,55,33.5,1022.2,
2020-11-07 04:00:00,Parramatta,94765,Bankstown,20.0,53,29.5,1022.1,
2020-11-07 05:00:00,Parramatta,94765,Bankstown,19.3,51,33.5,1022.3,
2020-11-07 06:00:00,Parramatta,94765,Bankstown,18.3,50,29.5,1023.0,
2020-11-07 07:00:00,Parramatta,94765,Bankstown,17.3,58,31.7,1023.9,
2020-11-07 08:00:00,Parramatta,94765,Bankstown,16.5,62,25.9,1025.0,
2020-11-07 09:00:00,Parramatta,94765,Bankstown,16.3,64,20.5,1026.0,
2020-11-07 10:00:00,Parramatta,94765,Bankstown,16.1,66,16.6,1026.7,
2020-11-07 11:00:00,Parramatta,94765,Bankstown,16.0,66,13.0,1027.5,
2020-11-07 12:00:00,Parramatta,94765,Bankstown,16.0,64,9.4,1027.7,
2020-11-07 13:00:00,Parramatta,94765,Bankstown,15.8,64,13.0,1027.8,
2020-11-07 14:00:00,Parramatta,94765,Bankstown,15.5,64,9.4,1027.5,
2020-11-07 15:00:00,Parramatta,94765,Bankstown,15.2,68,7.6,1027.3,
2020-11-07 16:00:00,Parramatta,94765,Bankstown,14.8,68,9.4,1027.0,
2020-11-07 17:00:00,Parramatta,94765,Bankstown,14.3,70,9.4,1027.2,
2020-11-07 18:00:00,Parramatta,94765,Bankstown,14.3,72,9.4,1027.3,
2020-11-07 19:00:00,Parramatta,94765,Bankstown,14.0,74,7.6,1027.7,
2020-11-07 20:00:00,Parramatta,94765,Bankstown,15.5,63,9.4,1028.2,
2020-11-07 21:00:00,Parramatta,94765,Bankstown,17.3,51,18.4,1028.8,
2020-11-07 22:00:00,Parramatta,94765,Bankstown,18.2,49,14.8,1029.0,
2020-11-07 23:00:00,Parramatta,94765,Bankstown,19.2,43,11.2,1029.0,
2020-11-08 00:00:00,Parramatta,94765,Bankstown,19.6,46,13.0,1028.9,
2020-11-08 01:00:00,Parramatta,94765,Bankstown,19.9,41,13.0,1028.3,
2020-11-08 02:00:00,Parramatta,94765,Bankstown,20.2,47,18.4,1028.1,
2020-11-08 03:00:00,Parramatta,94765,Bankstown,19.5,48,24.1,1027.7,
2020-11-08 04:00:00,Parramatta,94765,Bankstown,19.6,52,24.1,1027.4,
2020-11-08 05:00:00,Parramatta,94765,Bankstown,19.6,48,22.3,1027.0,
2020-11-08 06:00:00,Parramatta,94765,Bankstown,19.2,54,25.9,1027.3,
2020-11-08 07:00:00,Parramatta,94765,Bankstown,18.8,53,24.1,1027.5,
2020-11-08 08:00:00,Parramatta,94765,Bankstown,17.6,60,18.4,1028.1,
2020-11-08 09:00:00,Parramatta,94765,Bankstown,16.6,63,16.6,1028.6,
2020-11-08 10:00:00,Parramatta,94765,Bankstown,16.0,65,9.4,1028.9,
2020-11-08 11:00:00,Parramatta,94765,Bankstown,16.4,68,0.0,1029.0,
2020-11-08 12:00:00,Parramatta,94765,Bankstown,15.2,76,0.0,1028.8,
2020-11-08 13:00:00,Parramatta,94765,Bankstown,14.1,81,0.0,1028.7,
2020-11-08 14:00:00,Parramatta,94765,Bankstown,14.0,80,0.0,1028.3,
2020-11-08 15:00:00,Parramatta,94765,Bankstown,14.1,82,0.0,1027.7,
2020-11-08 16:00:00,Parramatta,94765,Bankstown,14.5,81,1.8,1027.4,
2020-11-08 17:00:00,Parramatta,94765,Bankstown,14.2,83,0.0,1027.3,
2020-11-08 18:00:00,Parramatta,94765,Bankstown,14.2,84,0.0,1027.3,
2020-11-08 19:00:00,Parramatta,94765,Bankstown,13.2,86,0.0,1027.6,
2020-11-08 20:00:00,Parramatta,94765,Bankstown,14.3,82,7.6,1028.1,
2020-11-08 21:00:00,Parramatta,94765,Bankstown,15.8,75,7.6,1028.3,
2020-11-08 22:00:00,Parramatta,94765,Bankstown,16.4,73,7.6,1028.6,
2020-11-08 23:00:00,Parramatta,94765,Bankstown,17.0,69,7.6,1028.5,
2020-11-09 00:00:00,Parramatta,94765,Bankstown,18.7,60,7.6,1028.0,
2020-11-09 01:00:00,Parramatta,94765,Bankstown,19.1,57,20.5,1027.3,
2020-11-09 02:00:00,Parramatta,94765,Bankstown,20.0,55,11.2,1026.7,
2020-11-09 03:00:00,Parramatta,94765,Bankstown,20.7,51,14.8,1025.7,
2020-11-09 04:00:00,Parramatta,94765,Bankstown,21.1,47,20.5,1024.8,
2020-11-09 05:00:00,Parramatta,94765,Bankstown,21.1,49,16.6,1024.1,
2020-11-09 06:00:00,Parramatta,94765,Bankstown,20.2,50,16.6,1023.9,
2020-11-09 07:00:00,Parramatta,94765,Bankstown,20.2,52,18.4,1024.0,
2020-11-09 08:00:00,Parramatta,94765,Bankstown,18.8,52,18.4,1024.3,
2020-11-09 09:00:00,Parramatta,94765,Bankstown,17.6,58,16.6,1024.7,
2020-11-09 10:00:00,Parramatta,94765,Bankstown,16.8,61,9.4,1025.1,
2020-11-09 11:00:00,Parramatta,94765,Bankstown,15.3,70,0.0,1025.4,
2020-11-09 12:00:00,Parramatta,94765,Bankstown,14.9,77,0.0,1025.5,
2020-11-09 13:00:00,Parramatta,94765,Bankstown,15.2,76,0.0,1025.4,
2020-11-09 14:00:00,Parramatta,94765,Bankstown,14.5,78,0.0,1024.8,
2020-11-09 15:00:00,Parramatta,94765,Bankstown,12.8,86,0.0,1024.3,
2020-11-09 16:00:00,Parramatta,94765,Bankstown,12.0,89,0.0,1024.0,
2020-11-09 17:00:00,Parramatta,94765,Bankstown,11.6,92,0.0,1023.7,
2020-11-09 18:00:00,Parramatta,94765,Bankstown,10.8,92,0.0,1023.8,
2020-11-09 19:00:00,Parramatta,94765,Bankstown,10.8,93,0.0,1024.3,
2020-11-09 20:00:00,Parramatta,94765,Bankstown,12.1,93,0.0,1025.0,
2020-11-09 21:00:00,Parramatta,94765,Bankstown,14.5,79,0.0,1025.3,
2020-11-09 22:00:00,Parramatta,94765,Bankstown,17.8,66,7.6,1025.1,
2020-11-09 23:00:00,Parramatta,94765,Bankstown,19.1,54,9.4,1024.6,
2020-11-10 00:00:00,Parramatta,94765,Bankstown,20.7,49,13.0,1024.0,
2020-11-10 01:00:00,Parramatta,94765,Bankstown,22.0,47,11.2,1022.8,
2020-11-10 02:00:00,Parramatta,94765,Bankstown,22.8,47,9.4,1021.7,
2020-11-10 03:00:00,Parramatta,94765,Bankstown,23.3,43,13.0,1020.7,
2020-11-10 04:00:00,Parramatta,94765,Bankstown,23.2,46,22.3,1019.9,
2020-11-10 05:00:00,Parramatta,94765,Bankstown,22.5,48,24.1,1019.2,
2020-11-10 06:00:00,Parramatta,94765,Bankstown,21.4,49,24.1,1019.1,
2020-11-10 07:00:00,Parramatta,94765,Bankstown,20.5,53,22.3,1019.2,
2020-11-10 08:00:00,Parramatta,94765,Bankstown,19.6,56,20.5,1019.6,
2020-11-10 09:00:00,Parramatta,94765,Bankstown,18.3,63,16.6,1020.3,
2020-11-10 10:00:00,Parramatta,94765,Bankstown,17.7,67,11.2,1020.9,
2020-11-10 11:00:00,Parramatta,94765,Bankstown,17.2,72,9.4,1021.3,
2020-11-10 12:00:00,Parramatta,94765,Bankstown,16.6,76,5.4,1021.4,
2020-11-10 13:00:00,Parramatta,94765,Bankstown,15.1,82,0.0,1021.2,
2020-11-10 14:00:00,Parramatta,94765,Bankstown,14.4,85,0.0,1020.7,
2020-11-10 15:00:00,Parramatta,94765,Bankstown,13.7,90,0.0,1020.0,
2020-11-10 16:00:00,Parramatta,94765,Bankstown,13.2,92,0.0,1019.4,
2020-11-10 17:00:00,Parramatta,94765,Bankstown,12.9,93,0.0,1018.8,
2020-11-10 18:00:00,Parramatta,94765,Bankstown,12.5,94,0.0,1019.0,
2020-11-10 19:00:00,Parramatta,94765,Bankstown,12.3,93,0.0,1019.7,
2020-11-10 20:00:00,Parramatta,94765,Bankstown,12.9,93,0.0,1019.9,
2020-11-10 21:00:00,Parramatta,94765,Bankstown,16.1,86,5.4,1019.8,
2020-11-10 22:00:00,Parramatta,94765,Bankstown,19.4,68,7.6,1019.5,
2020-11-10 23:00:00,Parramatta,94765,Bankstown,21.8,60,11.2,1018.9,
2020-11-11 00:00:00,Parramatta,94765,Bankstown,24.6,51,9.4,1017.7,
2020-11-11 01:00:00,Parramatta,94765,Bankstown,25.9,50,9.4,1016.9,
2020-11-11 02:00:00,Parramatta,94765,Bankstown,25.7,52,14.8,1016.2,
2020-11-11 03:00:00,Parramatta,94765,Bankstown,26.0,53,20.5,1015.1,
2020-11-11 04:00:00,Parramatta,94765,Bankstown,25.4,54,25.9,1014.4,
2020-11-11 05:00:00,Parramatta,94765,Bankstown,25.3,56,20.5,1013.7,
2020-11-11 06:00:00,Parramatta,94765,Bankstown,24.8,58,20.5,1013.1,
2020-11-11 07:00:00,Parramatta,94765,Bankstown,23.8,60,24.1,1012.9,
2020-11-11 08:00:00,Parramatta,94765,Bankstown,22.7,62,16.6,1013.1,
2020-11-11 09:00:00,Parramatta,94765,Bankstown,21.5,66,14.8,1013.0,
2020-11-11 10:00:00,Parramatta,94765,Bankstown,20.8,70,7.6,1013.1,
2020-11-11 11:00:00,Parramatta,94765,Bankstown,20.6,72,0.0,1013.7,
2020-11-11 12:00:00,Parramatta,94765,Bankstown,19.1,78,0.0,1014.3,
2020-11-11 13:00:00,Parramatta,94765,Bankstown,19.2,78,3.6,1013.9,
2020-11-11 14:00:00,Parramatta,94765,Bankstown,19.4,80,9.4,1013.1,
2020-11-11 15:00:00,Parramatta,94765,Bankstown,18.3,84,0.0,1012.3,
2020-11-11 16:00:00,Parramatta,94765,Bankstown,18.3,85,3.6,1011.5,
2020-11-11 17:00:00,Parramatta,94765,Bankstown,17.0,87,1.8,1011.0,
2020-11-11 18:00:00,Parramatta,94765,Bankstown,16.9,88,7.6,1010.7,
2020-11-11 19:00:00,Parramatta,94765,Bankstown,16.4,91,0.0,1010.9,
2020-11-11 20:00:00,Parramatta,94765,Bankstown,18.1,88,0.0,1010.8,
2020-11-11 21:00:00,Parramatta,94765,Bankstown,20.0,76,9.4,1010.6,
2020-11-11 22:00:00,Parramatta,94765,Bankstown,20.9,74,5.4,1010.6,
2020-11-11 23:00:00,Parramatta,94765,Bankstown,25.0,55,13.0,1009.8,
2020-11-12 00:00:00,Parramatta,94765,Bankstown,29.2,36,14.8,1009.0,
2020-11-12 01:00:00,Parramatta,94765,Bankstown,29.9,34,14.8,1008.6,
2020-11-12 02:00:00,Parramatta,94765,Bankstown,30.4,32,14.8,1007.8,
2020-11-12 03:00:00,Parramatta,94765,Bankstown,31.6,28,14.8,1006.8,
2020-11-12 04:00:00,Parramatta,94765,Bankstown,30.3,29,14.8,1006.2,
2020-11-12 05:00:00,Parramatta,94765,Bankstown,30.3,28,20.5,1005.7,
2020-11-12 06:00:00,Parramatta,94765,Bankstown,29.8,33,14.8,1005.5,
2020-11-12 07:00:00,Parramatta,94765,Bankstown,29.8,33,14.8,1005.1,
2020-11-12 08:00:00,Parramatta,94765,Bankstown,26.9,52,20.5,1005.0,
2020-11-12 09:00:00,Parramatta,94765,Bankstown,25.5,54,18.4,1005.2,
2020-11-12 10:00:00,Parramatta,94765,Bankstown,25.4,55,14.8,1005.3,
2020-11-12 11:00:00,Parramatta,94765,Bankstown,25.2,57,18.4,1005.4,
2020-11-12 12:00:00,Parramatta,94765,Bankstown,24.8,57,11.2,1005.6,
2020-11-12 13:00:00,Parramatta,94765,Bankstown,22.6,61,20.5,1007.1,
2020-11-12 14:00:00,Parramatta,94765,Bankstown,21.3,70,13.0,1006.2,
2020-11-12 15:00:00,Parramatta,94765,Bankstown,20.7,74,7.6,1005.7,
2020-11-12 16:00:00,Parramatta,94765,Bankstown,19.9,86,1.8,1005.3,
2020-11-12 17:00:00,Parramatta,94765,Bankstown,19.6,86,16.6,1004.7,
2020-11-12 18:00:00,Parramatta,94765,Bankstown,19.8,84,5.4,1004.6,
2020-11-12 19:00:00,Parramatta,94765,Bankstown,19.7,87,0.0,1004.7,
2020-11-12 20:00:00,Parramatta,94765,Bankstown,20.9,80,3.6,1004.8,
2020-11-12 21:00:00,Parramatta,94765,Bankstown,22.0,75,11.2,1005.1,
2020-11-12 22:00:00,Parramatta,94765,Bankstown,23.5,65,16.6,1005.1,
2020-11-12 23:00:00,Parramatta,94765,Bankstown,23.7,64,11.2,1005.2,
2020-11-13 00:00:00,Parramatta,94765,Bankstown,25.2,56,14.8,1004.3,
2020-11-13 01:00:00,Parramatta,94765,Bankstown,26.7,51,14.8,1003.7,
2020-11-13 02:00:00,Parramatta,94765,Bankstown,27.4,49,11.2,1002.6,
2020-11-13 03:00:00,Parramatta,94765,Bankstown,28.4,40,13.0,1001.8,
2020-11-13 04:00:00,Parramatta,94765,Bankstown,27.9,40,13.0,1000.5,
2020-11-13 05:00:00,Parramatta,94765,Bankstown,17.8,83,16.6,1004.0,
2020-11-13 06:00:00,Parramatta,94765,Bankstown,20.4,75,3.6,1003.3,
2020-11-13 07:00:00,Parramatta,94765,Bankstown,22.7,57,9.4,1003.4,
2020-11-13 08:00:00,Parramatta,94765,Bankstown,22.1,58,0.0,1003.8,
2020-11-13 09:00:00,Parramatta,94765,Bankstown,20.9,62,9.4,1005.4,
2020-11-13 10:00:00,Parramatta,94765,Bankstown,19.7,65,13.0,1006.3,
2020-11-13 11:00:00,Parramatta,94765,Bankstown,18.0,76,1.8,1005.5,
2020-11-13 12:00:00,Parramatta,94765,Bankstown,16.8,86,1.8,1005.9,
2020-11-13 13:00:00,Parramatta,94765,Bankstown,16.4,88,3.6,1005.9,
2020-11-13 14:00:00,Parramatta,94765,Bankstown,15.9,92,0.0,1005.7,
2020-11-13 15:00:00,Parramatta,94765,Bankstown,16.1,88,7.6,1005.4,
2020-11-13 16:00:00,Parramatta,94765,Bankstown,15.1,90,7.6,1006.1,
2020-11-13 17:00:00,Parramatta,94765,Bankstown,14.7,92,0.0,1006.7,
2020-11-13 18:00:00,Parramatta,94765,Bankstown,14.7,94,0.0,1007.1,
2020-11-13 19:00:00,Parramatta,94765,Bankstown,15.0,95,0.0,1007.8,
2020-11-13 20:00:00,Parramatta,94765,Bankstown,15.9,94,0.0,1008.5,
2020-11-13 21:00:00,Parramatta,94765,Bankstown,18.4,78,0.0,1009.1,
2020-11-13 22:00:00,Parramatta,94765,Bankstown,20.9,64,9.4,1009.5,
2020-11-13 23:00:00,Parramatta,94765,Bankstown,23.2,49,13.0,1009.3,
2020-11-14 00:00:00,Parramatta,94765,Bankstown,24.3,39,11.2,1009.3,
2020-11-14 01:00:00,Parramatta,94765,Bankstown,24.9,35,11.2,1009.1,
2020-11-14 02:00:00,Parramatta,94765,Bankstown,25.2,34,11.2,1008.6,
2020-11-14 03:00:00,Parramatta,94765,Bankstown,26.9,36,5.4,1008.3,
2020-11-14 04:00:00,Parramatta,94765,Bankstown,25.0,51,18.4,1008.0,
2020-11-14 05:00:00,Parramatta,94765,Bankstown,25.1,47,22.3,1007.7,
2020-11-14 06:00:00,Parramatta,94765,Bankstown,24.2,54,27.7,1008.2,
2020-11-14 07:00:00,Parramatta,94765,Bankstown,23.4,54,16.6,1009.1,
2020-11-14 08:00:00,Parramatta,94765,Bankstown,22.2,61,16.6,1010.5,
2020-11-14 09:00:00,Parramatta,94765,Bankstown,20.8,66,14.8,1011.9,
2020-11-14 10:00:00,Parramatta,94765,Bankstown,20.1,73,9.4,1012.8,
2020-11-14 11:00:00,Parramatta,94765,Bankstown,19.6,77,7.6,1013.9,
2020-11-14 12:00:00,Parramatta,94765,Bankstown,19.0,82,0.0,1014.5,
2020-11-14 13:00:00,Parramatta,94765,Bankstown,17.5,87,0.0,1014.7,
2020-11-14 14:00:00,Parramatta,94765,Bankstown,17.1,90,0.0,1014.4,
2020-11-14 15:00:00,Parramatta,94765,Bankstown,16.2,92,0.0,1014.2,
2020-11-14 16:00:00,Parramatta,94765,Bankstown,15.5,93,0.0,1014.0,
2020-11-14 17:00:00,Parramatta,94765,Bankstown,15.2,94,0.0,1014.1,
2020-11-14 18:00:00,Parramatta,94765,Bankstown,14.7,94,0.0,1014.2,
2020-11-14 19:00:00,Parramatta,94765,Bankstown,14.6,94,0.0,1015.0,
2020-11-14 20:00:00,Parramatta,94765,Bankstown,16.7,92,0.0,1015.4,
2020-11-14 21:00:00,Parramatta,94765,Bankstown,18.7,84,7.6,1016.1,
2020-11-14 22:00:00,Parramatta,94765,Bankstown,21.1,72,7.6,1016.1,
2020-11-14 23:00:00,Parramatta,94765,Bankstown,24.3,55,11.2,1015.9,
2020-11-15 00:00:00,Parramatta,94765,Bankstown,26.4,44,9.4,1015.8,
2020-11-15 01:00:00,Parramatta,94765,Bankstown,28.5,35,9.4,1015.1,
2020-11-15 02:00:00,Parramatta,94765,Bankstown,29.9,28,7.6,1014.5,
2020-11-15 03:00:00,Parramatta,94765,Bankstown,31.5,24,9.4,1013.5,
2020-11-15 04:00:00,Parramatta,94765,Bankstown,30.2,45,18.4,1013.2,
2020-11-15 05:00:00,Parramatta,94765,Bankstown,29.4,45,22.3,1013.2,
2020-11-15 06:00:00,Parramatta,94765,Bankstown,27.7,50,22.3,1013.3,
2020-11-15 07:00:00,Parramatta,94765,Bankstown,26.5,57,20.5,1013.5,
2020-11-15 08:00:00,Parramatta,94765,Bankstown,25.8,52,16.6,1013.7,
2020-11-15 09:00:00,Parramatta,94765,Bankstown,24.8,49,13.0,1014.2,
2020-11-15 10:00:00,Parramatta,94765,Bankstown,22.7,55,5.4,1015.3,
2020-11-15 11:00:00,Parramatta,94765,Bankstown,23.0,56,5.4,1015.6,
2020-11-15 12:00:00,Parramatta,94765,Bankstown,21.0,67,0.0,1015.5,
2020-11-15 13:00:00,Parramatta,94765,Bankstown,20.0,73,0.0,1015.1,
2020-11-15 14:00:00,Parramatta,94765,Bankstown,19.4,75,0.0,1014.4,
2020-11-15 15:00:00,Parramatta,94765,Bankstown,18.7,82,0.0,1013.5,
2020-11-15 16:00:00,Parramatta,94765,Bankstown,17.9,84,0.0,1013.1,
2020-11-15 17:00:00,Parramatta,94765,Bankstown,17.1,87,0.0,1012.7,
2020-11-15 18:00:00,Parramatta,94765,Bankstown,16.5,91,7.6,1012.4,
2020-11-15 19:00:00,Parramatta,94765,Bankstown,17.0,86,9.4,1013.1,
2020-11-15 20:00:00,Parramatta,94765,Bankstown,20.1,75,13.0,1012.0,
2020-11-15 21:00:00,Parramatta,94765,Bankstown,23.0,64,1.8,1012.0,
2020-11-15 22:00:00,Parramatta,94765,Bankstown,23.8,61,0.0,1011.6,
2020-11-15 23:00:00,Parramatta,94765,Bankstown,28.9,50,11.2,1010.4,
2020-11-16 00:00:00,Parramatta,94765,Bankstown,32.0,32,16.6,1009.7,
2020-11-16 01:00:00,Parramatta,94765,Bankstown,35.3,25,16.6,1008.5,
2020-11-16 02:00:00,Parramatta,94765,Bankstown,37.2,18,14.8,1007.7,
2020-11-16 03:00:00,Parramatta,94765,Bankstown,38.0,19,13.0,1007.4,
2020-11-16 04:00:00,Parramatta,94765,Bankstown,38.2,17,27.7,1007.2,
2020-11-16 05:00:00,Parramatta,94765,Bankstown,36.5,21,27.7,1007.2,
2020-11-16 06:00:00,Parramatta,94765,Bankstown,35.7,24,16.6,1007.5,
2020-11-16 07:00:00,Parramatta,94765,Bankstown,33.9,21,18.4,1008.1,
2020-11-16 08:00:00,Parramatta,94765,Bankstown,29.9,41,11.2,1008.6,
2020-11-16 09:00:00,Parramatta,94765,Bankstown,27.9,49,0.0,1009.5,
2020-11-16 10:00:00,Parramatta,94765,Bankstown,26.8,55,0.0,1010.4,
2020-11-16 11:00:00,Parramatta,94765,Bankstown,27.7,52,9.4,1011.4,
2020-11-16 12:00:00,Parramatta,94765,Bankstown,22.8,61,29.5,1012.7,
2020-11-16 13:00:00,Parramatta,94765,Bankstown,21.1,61,25.9,1013.9,
2020-11-16 14:00:00,Parramatta,94765,Bankstown,20.2,69,29.5,1014.9,
2020-11-16 15:00:00,Parramatta,94765,Bankstown,20.0,69,24.1,1014.7,
2020-11-16 16:00:00,Parramatta,94765,Bankstown,19.7,69,18.4,1014.5,
2020-11-16 17:00:00,Parramatta,94765,Bankstown,19.0,74,13.0,1015.0,
2020-11-16 21:00:00,Parramatta,94765,Bankstown,19.8,70,9.4,1018.8,
2020-11-16 22:00:00,Parramatta,94765,Bankstown,22.1,63,14.8,1019.4,
2020-11-16 23:00:00,Parramatta,94765,Bankstown,21.8,59,22.3,1020.0,
2020-11-17 00:00:00,Parramatta,94765,Bankstown,22.3,55,13.0,1020.1,
2020-11-17 01:00:00,Parramatta,94765,Bankstown,23.4,55,20.5,1020.0,
2020-11-17 02:00:00,Parramatta,94765,Bankstown,23.6,54,20.5,1019.6,
2020-11-17 03:00:00,Parramatta,94765,Bankstown,23.0,54,24.1,1019.3,
2020-11-17 04:00:00,Parramatta,94765,Bankstown,22.1,57,27.7,1019.0,
2020-11-17 05:00:00,Parramatta,94765,Bankstown,21.5,58,27.7,1019.2,
2020-11-17 06:00:00,Parramatta,94765,Bankstown,20.2,62,27.7,1019.8,
2020-11-17 07:00:00,Parramatta,94765,Bankstown,20.1,64,22.3,1020.4,
2020-11-17 08:00:00,Parramatta,94765,Bankstown,19.3,67,22.3,1021.5,
2020-11-17 09:00:00,Parramatta,94765,Bankstown,18.8,71,20.5,1022.7,
2020-11-17 10:00:00,Parramatta,94765,Bankstown,17.3,82,20.5,1023.7,
2020-11-17 11:00:00,Parramatta,94765,Bankstown,17.0,82,14.8,1024.3,
2020-11-17 12:00:00,Parramatta,94765,Bankstown,17.7,79,13.0,1024.6,
2020-11-17 13:00:00,Parramatta,94765,Bankstown,18.0,76,7.6,1024.7,
2020-11-17 14:00:00,Parramatta,94765,Bankstown,17.7,80,7.6,1024.3,
2020-11-17 15:00:00,Parramatta,94765,Bankstown,18.0,75,18.4,1023.8,
2020-11-17 16:00:00,Parramatta,94765,Bankstown,17.6,80,16.6,1023.6,
2020-11-17 17:00:00,Parramatta,94765,Bankstown,17.9,77,11.2,1023.4,
2020-11-17 18:00:00,Parramatta,94765,Bankstown,17.8,78,9.4,1023.5,
2020-11-17 19:00:00,Parramatta,94765,Bankstown,17.7,75,9.4,1023.9,
2020-11-17 20:00:00,Parramatta,94765,Bankstown,18.5,73,5.4,1024.4,
2020-11-17 21:00:00,Parramatta,94765,Bankstown,20.8,60,13.0,1024.6,
2020-11-17 22:00:00,Parramatta,94765,Bankstown,21.3,58,14.8,1024.9,
2020-11-17 23:00:00,Parramatta,94765,Bankstown,20.5,61,14.8,1025.0,
2020-11-18 00:00:00,Parramatta,94765,Bankstown,21.9,54,14.8,1024.9,
2020-11-18 01:00:00,Parramatta,94765,Bankstown,22.5,54,20.5,1024.2,
2020-11-18 02:00:00,Parramatta,94765,Bankstown,24.1,49,18.4,1023.4,
2020-11-18 03:00:00,Parramatta,94765,Bankstown,23.8,48,20.5,1022.6,
2020-11-18 04:00:00,Parramatta,94765,Bankstown,23.8,49,18.4,1021.8,
2020-11-18 05:00:00,Parramatta,94765,Bankstown,23.6,48,22.3,1021.4,
2020-11-18 06:00:00,Parramatta,94765,Bankstown,23.0,45,24.1,1021.3,
2020-11-18 07:00:00,Parramatta,94765,Bankstown,22.5,47,20.5,1021.6,
2020-11-18 08:00:00,Parramatta,94765,Bankstown,20.8,54,24.1,1022.2,
2020-11-18 09:00:00,Parramatta,94765,Bankstown,19.6,63,18.4,1022.7,
2020-11-18 10:00:00,Parramatta,94765,Bankstown,19.1,68,13.0,1023.4,
2020-11-18 11:00:00,Parramatta,94765,Bankstown,18.7,72,11.2,1024.0,
2020-11-18 12:00:00,Parramatta,94765,Bankstown,18.2,73,0.0,1024.2,
2020-11-18 13:00:00,Parramatta,94765,Bankstown,17.5,76,0.0,1024.1,
2020-11-18 14:00:00,Parramatta,94765,Bankstown,16.3,84,0.0,1023.9,
2020-11-18 16:00:00,Parramatta,94765,Bankstown,15.2,88,0.0,1022.3,
2020-11-18 17:00:00,Parramatta,94765,Bankstown,15.0,91,0.0,1022.0,
2020-11-18 18:00:00,Parramatta,94765,Bankstown,14.4,92,0.0,1022.2,
2020-11-18 19:00:00,Parramatta,94765,Bankstown,14.2,93,0.0,1022.6,
2020-11-18 20:00:00,Parramatta,94765,Bankstown,15.9,91,0.0,1023.1,
2020-11-18 21:00:00,Parramatta,94765,Bankstown,19.2,73,0.0,1023.4,
2020-11-18 22:00:00,Parramatta,94765,Bankstown,21.6,64,14.8,1023.3,
2020-11-18 23:00:00,Parramatta,94765,Bankstown,23.1,59,9.4,1022.9,
2020-11-19 00:00:00,Parramatta,94765,Bankstown,24.7,51,14.8,1022.2,
2020-11-19 01:00:00,Parramatta,94765,Bankstown,26.0,47,22.3,1021.4,
2020-11-19 02:00:00,Parramatta,94765,Bankstown,26.3,47,20.5,1020.5,
2020-11-19 03:00:00,Parramatta,94765,Bankstown,27.1,48,25.9,1019.6,
2020-11-19 04:00:00,Parramatta,94765,Bankstown,25.5,53,25.9,1018.8,
2020-11-19 05:00:00,Parramatta,94765,Bankstown,25.8,53,25.9,1017.9,
2020-11-19 06:00:00,Parramatta,94765,Bankstown,25.1,53,29.5,1017.4,
2020-11-19 07:00:00,Parramatta,94765,Bankstown,24.3,55,27.7,1017.4,
2020-11-19 08:00:00,Parramatta,94765,Bankstown,22.8,60,14.8,1018.2,
2020-11-19 09:00:00,Parramatta,94765,Bankstown,21.4,67,16.6,1018.8,
2020-11-19 10:00:00,Parramatta,94765,Bankstown,21.0,71,9.4,1019.5,
2020-11-19 11:00:00,Parramatta,94765,Bankstown,20.5,73,9.4,1019.9,
2020-11-19 12:00:00,Parramatta,94765,Bankstown,20.0,74,0.0,1020.0,
2020-11-19 13:00:00,Parramatta,94765,Bankstown,20.1,76,11.2,1019.4,
2020-11-19 14:00:00,Parramatta,94765,Bankstown,19.8,78,7.6,1018.5,
2020-11-19 15:00:00,Parramatta,94765,Bankstown,18.7,81,0.0,1018.0,
2020-11-19 16:00:00,Parramatta,94765,Bankstown,18.0,87,0.0,1017.6,
2020-11-19 17:00:00,Parramatta,94765,Bankstown,18.2,90,1.8,1017.0,
2020-11-19 18:00:00,Parramatta,94765,Bankstown,17.8,89,0.0,1017.0,
2020-11-19 19:00:00,Parramatta,94765,Bankstown,17.3,89,0.0,1017.3,
2020-11-19 20:00:00,Parramatta,94765,Bankstown,19.4,80,0.0,1017.7,
2020-11-19 21:00:00,Parramatta,94765,Bankstown,21.2,73,5.4,1017.7,
2020-11-19 22:00:00,Parramatta,94765,Bankstown,23.6,63,7.6,1017.6,
2020-11-19 23:00:00,Parramatta,94765,Bankstown,26.6,54,9.4,1017.0,
2020-11-20 00:00:00,Parramatta,94765,Bankstown,30.8,44,11.2,1016.0,
2020-11-20 01:00:00,Parramatta,94765,Bankstown,33.0,36,14.8,1015.1,
2020-11-20 02:00:00,Parramatta,94765,Bankstown,35.9,34,13.0,1014.1,
2020-11-20 03:00:00,Parramatta,94765,Bankstown,35.5,36,14.8,1013.3,
2020-11-20 04:00:00,Parramatta,94765,Bankstown,35.2,38,22.3,1012.5,
2020-11-20 05:00:00,Parramatta,94765,Bankstown,32.0,46,18.4,1012.4,
2020-11-20 06:00:00,Parramatta,94765,Bankstown,31.6,42,18.4,1012.4,
2020-11-20 07:00:00,Parramatta,94765,Bankstown,31.1,45,22.3,1012.9,
2020-11-20 08:00:00,Parramatta,94765,Bankstown,29.6,51,14.8,1013.5,
2020-11-20 09:00:00,Parramatta,94765,Bankstown,28.0,55,24.1,1015.4,
2020-11-20 10:00:00,Parramatta,94765,Bankstown,22.9,72,27.7,1017.0,
2020-11-20 11:00:00,Parramatta,94765,Bankstown,22.0,76,24.1,1019.0,
2020-11-20 12:00:00,Parramatta,94765,Bankstown,21.5,70,14.8,1019.9,
2020-11-20 13:00:00,Parramatta,94765,Bankstown,21.2,52,11.2,1020.3,
2020-11-20 14:00:00,Parramatta,94765,Bankstown,20.1,57,5.4,1021.1,
2020-11-20 15:00:00,Parramatta,94765,Bankstown,19.1,71,14.8,1021.2,
2020-11-20 16:00:00,Parramatta,94765,Bankstown,18.6,75,13.0,1020.9,
2020-11-20 17:00:00,Parramatta,94765,Bankstown,18.1,76,13.0,1020.4,
2020-11-20 18:00:00,Parramatta,94765,Bankstown,17.5,77,7.6,1021.0,
2020-11-20 19:00:00,Parramatta,94765,Bankstown,17.6,77,7.6,1021.7,
2020-11-20 20:00:00,Parramatta,94765,Bankstown,18.8,73,9.4,1022.0,
2020-11-20 21:00:00,Parramatta,94765,Bankstown,19.7,70,11.2,1022.8,
2020-11-20 22:00:00,Parramatta,94765,Bankstown,21.1,63,18.4,1022.9,
2020-11-20 23:00:00,Parramatta,94765,Bankstown,22.1,58,16.6,1022.8,
2020-11-21 00:00:00,Parramatta,94765,Bankstown,22.8,55,13.0,1022.5,
2020-11-21 01:00:00,Parramatta,94765,Bankstown,24.5,56,16.6,1021.8,
2020-11-21 02:00:00,Parramatta,94765,Bankstown,24.1,56,18.4,1021.0,
2020-11-21 03:00:00,Parramatta,94765,Bankstown,23.8,58,25.9,1020.5,
2020-11-21 04:00:00,Parramatta,94765,Bankstown,24.2,56,20.5,1019.6,
2020-11-21 05:00:00,Parramatta,94765,Bankstown,23.5,55,24.1,1018.9,
2020-11-21 06:00:00,Parramatta,94765,Bankstown,21.5,63,24.1,1019.2,
2020-11-21 07:00:00,Parramatta,94765,Bankstown,20.7,65,20.5,1019.0,
2020-11-21 08:00:00,Parramatta,94765,Bankstown,20.2,70,9.4,1020.8,
2020-11-21 09:00:00,Parramatta,94765,Bankstown,19.7,78,14.8,1020.3,
2020-11-21 10:00:00,Parramatta,94765,Bankstown,19.4,77,14.8,1020.4,
2020-11-21 11:00:00,Parramatta,94765,Bankstown,18.7,79,9.4,1020.9,
2020-11-21 12:00:00,Parramatta,94765,Bankstown,18.0,83,7.6,1020.7,
2020-11-21 13:00:00,Parramatta,94765,Bankstown,18.7,80,1.8,1020.5,
2020-11-21 14:00:00,Parramatta,94765,Bankstown,18.9,78,5.4,1020.1,
2020-11-21 15:00:00,Parramatta,94765,Bankstown,18.9,79,1.8,1019.3,
2020-11-21 16:00:00,Parramatta,94765,Bankstown,18.7,77,1.8,1018.4,
2020-11-21 17:00:00,Parramatta,94765,Bankstown,18.9,78,3.6,1017.9,
2020-11-21 18:00:00,Parramatta,94765,Bankstown,18.6,78,5.4,1017.5,
2020-11-21 19:00:00,Parramatta,94765,Bankstown,17.7,82,0.0,1017.6,
2020-11-21 20:00:00,Parramatta,94765,Bankstown,19.1,78,0.0,1017.7,
2020-11-21 21:00:00,Parramatta,94765,Bankstown,20.9,73,7.6,1017.6,
2020-11-21 22:00:00,Parramatta,94765,Bankstown,22.2,65,7.6,1017.5,
2020-11-21 23:00:00,Parramatta,94765,Bankstown,23.8,59,9.4,1017.0,
2020-11-22 00:00:00,Parramatta,94765,Bankstown,24.0,60,9.4,1016.5,
2020-11-22 01:00:00,Parramatta,94765,Bankstown,25.3,59,9.4,1015.6,
2020-11-22 02:00:00,Parramatta,94765,Bankstown,27.3,55,5.4,1014.6,
2020-11-22 03:00:00,Parramatta,94765,Bankstown,28.4,49,5.4,1014.0,
2020-11-22 04:00:00,Parramatta,94765,Bankstown,28.2,57,1.8,1013.3,
2020-11-22 05:00:00,Parramatta,94765,Bankstown,29.7,53,11.2,1012.3,
2020-11-22 06:00:00,Parramatta,94765,Bankstown,29.7,50,11.2,1012.0,
2020-11-22 07:00:00,Parramatta,94765,Bankstown,28.7,61,9.4,1011.5,
2020-11-22 08:00:00,Parramatta,94765,Bankstown,28.7,53,5.4,1011.3,
2020-11-22 09:00:00,Parramatta,94765,Bankstown,27.3,56,9.4,1011.4,
2020-11-22 10:00:00,Parramatta,94765,Bankstown,25.4,62,5.4,1011.3,
2020-11-22 11:00:00,Parramatta,94765,Bankstown,23.7,71,0.0,1011.2,
2020-11-22 12:00:00,Parramatta,94765,Bankstown,22.8,75,0.0,1011.0,
2020-11-22 13:00:00,Parramatta,94765,Bankstown,21.6,81,0.0,1010.6,
2020-11-22 14:00:00,Parramatta,94765,Bankstown,21.0,84,0.0,1009.6,
2020-11-22 15:00:00,Parramatta,94765,Bankstown,20.9,88,0.0,1008.4,
2020-11-22 16:00:00,Parramatta,94765,Bankstown,20.9,88,0.0,1008.0,
2020-11-22 17:00:00,Parramatta,94765,Bankstown,22.1,82,22.3,1010.1,
2020-11-22 18:00:00,Parramatta,94765,Bankstown,21.2,85,11.2,1010.2,
2020-11-22 19:00:00,Parramatta,94765,Bankstown,21.0,87,7.6,1009.7,
2020-11-22 20:00:00,Parramatta,94765,Bankstown,20.9,87,0.0,1008.9,
2020-11-22 21:00:00,Parramatta,94765,Bankstown,21.2,89,3.6,1008.2,
2020-11-22 22:00:00,Parramatta,94765,Bankstown,22.5,81,11.2,1008.4,
2020-11-22 23:00:00,Parramatta,94765,Bankstown,24.1,74,9.4,1007.6,
2020-11-23 00:00:00,Parramatta,94765,Bankstown,25.7,67,13.0,1007.4,
2020-11-23 01:00:00,Parramatta,94765,Bankstown,24.5,74,13.0,1007.4,
2020-11-23 02:00:00,Parramatta,94765,Bankstown,24.8,69,13.0,1006.1,
2020-11-23 03:00:00,Parramatta,94765,Bankstown,24.1,63,18.4,1004.2,
2020-11-23 04:00:00,Parramatta,94765,Bankstown,24.5,57,13.0,1004.6,
2020-11-23 05:00:00,Parramatta,94765,Bankstown,25.5,51,11.2,1004.4,
2020-11-23 06:00:00,Parramatta,94765,Bankstown,24.7,49,13.0,1004.8,
2020-11-23 07:00:00,Parramatta,94765,Bankstown,24.0,55,7.6,1004.3,
2020-11-23 08:00:00,Parramatta,94765,Bankstown,22.2,67,9.4,1004.5,
2020-11-23 09:00:00,Parramatta,94765,Bankstown,21.0,75,9.4,1005.7,
2020-11-23 10:00:00,Parramatta,94765,Bankstown,20.4,72,11.2,1007.1,
2020-11-23 11:00:00,Parramatta,94765,Bankstown,19.9,72,22.3,1008.4,
2020-11-23 12:00:00,Parramatta,94765,Bankstown,19.3,73,16.6,1008.7,
2020-11-23 13:00:00,Parramatta,94765,Bankstown,18.9,72,13.0,1009.0,
2020-11-23 14:00:00,Parramatta,94765,Bankstown,18.3,76,3.6,1009.3,
2020-11-23 15:00:00,Parramatta,94765,Bankstown,17.5,82,1.8,1009.5,
2020-11-23 16:00:00,Parramatta,94765,Bankstown,17.2,80,0.0,1009.0,
2020-11-23 17:00:00,Parramatta,94765,Bankstown,15.7,88,0.0,1008.7,
2020-11-23 18:00:00,Parramatta,94765,Bankstown,15.6,90,0.0,1009.2,
2020-11-23 19:00:00,Parramatta,94765,Bankstown,15.8,89,5.4,1010.2,
2020-11-23 20:00:00,Parramatta,94765,Bankstown,18.2,81,7.6,1011.1,
2020-11-23 21:00:00,Parramatta,94765,Bankstown,19.3,73,11.2,1011.5,
2020-11-23 22:00:00,Parramatta,94765,Bankstown,20.9,64,22.3,1011.8,
2020-11-23 23:00:00,Parramatta,94765,Bankstown,20.5,60,18.4,1012.3,
2020-11-24 00:00:00,Parramatta,94765,Bankstown,21.9,50,20.5,1012.1,
2020-11-24 01:00:00,Parramatta,94765,Bankstown,23.7,47,20.5,1011.4,
2020-11-24 02:00:00,Parramatta,94765,Bankstown,23.3,45,24.1,1011.5,
2020-11-24 03:00:00,Parramatta,94765,Bankstown,23.6,47,24.1,1011.1,
2020-11-24 04:00:00,Parramatta,94765,Bankstown,23.6,46,27.7,1010.8,
2020-11-24 05:00:00,Parramatta,94765,Bankstown,22.5,51,25.9,1010.6,
2020-11-24 06:00:00,Parramatta,94765,Bankstown,22.3,54,24.1,1010.6,
2020-11-24 07:00:00,Parramatta,94765,Bankstown,21.8,61,20.5,1011.0,
2020-11-24 08:00:00,Parramatta,94765,Bankstown,20.2,65,18.4,1012.1,
2020-11-24 09:00:00,Parramatta,94765,Bankstown,19.5,71,16.6,1013.2,
2020-11-24 10:00:00,Parramatta,94765,Bankstown,19.3,73,14.8,1014.1,
2020-11-24 11:00:00,Parramatta,94765,Bankstown,19.3,74,13.0,1014.4,
2020-11-24 12:00:00,Parramatta,94765,Bankstown,19.2,75,11.2,1014.6,
2020-11-24 13:00:00,Parramatta,94765,Bankstown,19.0,77,9.4,1014.7,
2020-11-24 14:00:00,Parramatta,94765,Bankstown,18.7,78,7.6,1014.3,
2020-11-24 15:00:00,Parramatta,94765,Bankstown,18.4,79,5.4,1013.8,
2020-11-24 16:00:00,Parramatta,94765,Bankstown,18.2,80,7.6,1013.5,
2020-11-24 17:00:00,Parramatta,94765,Bankstown,17.9,83,0.0,1013.3,
2020-11-24 18:00:00,Parramatta,94765,Bankstown,17.7,81,3.6,1013.6,
2020-11-24 19:00:00,Parramatta,94765,Bankstown,17.4,87,7.6,1014.3,
2020-11-24 20:00:00,Parramatta,94765,Bankstown,17.1,92,7.6,1014.7,
2020-11-24 21:00:00,Parramatta,94765,Bankstown,18.8,83,3.6,1015.3,
2020-11-24 22:00:00,Parramatta,94765,Bankstown,19.9,76,7.6,1015.4,
2020-11-24 23:00:00,Parramatta,94765,Bankstown,20.2,70,9.4,1015.3,
2020-11-25 00:00:00,Parramatta,94765,Bankstown,21.7,61,9.4,1015.1,
2020-11-25 01:00:00,Parramatta,94765,Bankstown,22.2,64,11.2,1014.5,
2020-11-25 02:00:00,Parramatta,94765,Bankstown,21.7,66,14.8,1014.1,
2020-11-25 03:00:00,Parramatta,94765,Bankstown,22.9,59,11.2,1013.2,
2020-11-25 04:00:00,Parramatta,94765,Bankstown,25.2,54,14.8,1012.4,
2020-11-25 05:00:00,Parramatta,94765,Bankstown,25.3,52,14.8,1011.5,
2020-11-25 06:00:00,Parramatta,94765,Bankstown,24.2,53,20.5,1011.0,
2020-11-25 07:00:00,Parramatta,94765,Bankstown,23.5,55,25.9,1010.9,
2020-11-25 08:00:00,Parramatta,94765,Bankstown,22.5,58,22.3,1011.2,
2020-11-25 09:00:00,Parramatta,94765,Bankstown,20.8,63,18.4,1011.9,
2020-11-25 10:00:00,Parramatta,94765,Bankstown,20.1,65,13.0,1012.2,
2020-11-25 11:00:00,Parramatta,94765,Bankstown,19.7,67,9.4,1013.0,
2020-11-25 12:00:00,Parramatta,94765,Bankstown,18.8,70,0.0,1013.3,
2020-11-25 13:00:00,Parramatta,94765,Bankstown,18.4,71,7.6,1013.0,
2020-11-25 14:00:00,Parramatta,94765,Bankstown,18.1,74,0.0,1012.1,
2020-11-25 15:00:00,Parramatta,94765,Bankstown,17.3,76,0.0,1011.5,
2020-11-25 16:00:00,Parramatta,94765,Bankstown,15.9,85,0.0,1011.0,
2020-11-25 17:00:00,Parramatta,94765,Bankstown,15.5,89,0.0,1010.6,
2020-11-25 18:00:00,Parramatta,94765,Bankstown,15.0,90,0.0,1011.0,
2020-11-25 19:00:00,Parramatta,94765,Bankstown,14.9,90,0.0,1011.5,
2020-11-25 20:00:00,Parramatta,94765,Bankstown,17.7,77,0.0,1011.8,
2020-11-25 21:00:00,Parramatta,94765,Bankstown,20.2,67,7.6,1012.2,
2020-11-25 22:00:00,Parramatta,94765,Bankstown,22.6,59,7.6,1012.2,
2020-11-25 23:00:00,Parramatta,94765,Bankstown,25.0,54,9.4,1011.8,
2020-11-26 00:00:00,Parramatta,94765,Bankstown,27.8,47,9.4,1011.5,
2020-11-26 01:00:00,Parramatta,94765,Bankstown,30.3,38,5.4,1011.0,
2020-11-26 02:00:00,Parramatta,94765,Bankstown,32.5,31,9.4,1010.3,
2020-11-26 03:00:00,Parramatta,94765,Bankstown,33.6,29,11.2,1009.4,
2020-11-26 04:00:00,Parramatta,94765,Bankstown,34.8,27,9.4,1008.8,
2020-11-26 05:00:00,Parramatta,94765,Bankstown,32.9,33,22.3,1009.0,
2020-11-26 06:00:00,Parramatta,94765,Bankstown,32.0,32,18.4,1009.1,
2020-11-26 07:00:00,Parramatta,94765,Bankstown,30.6,35,20.5,1009.8,
2020-11-26 08:00:00,Parramatta,94765,Bankstown,28.5,41,22.3,1011.0,
2020-11-26 09:00:00,Parramatta,94765,Bankstown,26.0,52,14.8,1012.5,
2020-11-26 10:00:00,Parramatta,94765,Bankstown,21.7,76,31.7,1015.2,
2020-11-26 11:00:00,Parramatta,94765,Bankstown,21.0,75,31.7,1017.1,
2020-11-26 12:00:00,Parramatta,94765,Bankstown,20.4,73,25.9,1017.9,
2020-11-26 13:00:00,Parramatta,94765,Bankstown,19.7,73,20.5,1018.2,
2020-11-26 14:00:00,Parramatta,94765,Bankstown,19.1,71,14.8,1018.3,
2020-11-26 15:00:00,Parramatta,94765,Bankstown,18.8,68,13.0,1018.2,
2020-11-26 16:00:00,Parramatta,94765,Bankstown,18.2,68,7.6,1018.1,
2020-11-26 17:00:00,Parramatta,94765,Bankstown,18.4,66,11.2,1018.0,
2020-11-26 18:00:00,Parramatta,94765,Bankstown,18.2,68,9.4,1018.3,
2020-11-26 19:00:00,Parramatta,94765,Bankstown,18.1,71,7.6,1018.8,
2020-11-26 20:00:00,Parramatta,94765,Bankstown,18.2,70,9.4,1019.0,
2020-11-26 21:00:00,Parramatta,94765,Bankstown,19.4,69,9.4,1019.3,
2020-11-26 22:00:00,Parramatta,94765,Bankstown,20.3,65,7.6,1019.5,
2020-11-26 23:00:00,Parramatta,94765,Bankstown,21.2,63,7.6,1019.0,
2020-11-27 00:00:00,Parramatta,94765,Bankstown,22.4,60,5.4,1018.4,
2020-11-27 01:00:00,Parramatta,94765,Bankstown,24.9,55,11.2,1017.0,
2020-11-27 02:00:00,Parramatta,94765,Bankstown,27.1,50,13.0,1015.8,
2020-11-27 03:00:00,Parramatta,94765,Bankstown,28.8,46,13.0,1014.6,
2020-11-27 04:00:00,Parramatta,94765,Bankstown,28.4,49,22.3,1013.4,
2020-11-27 05:00:00,Parramatta,94765,Bankstown,27.5,53,20.5,1012.7,
2020-11-27 06:00:00,Parramatta,94765,Bankstown,26.9,56,20.5,1012.1,
2020-11-27 07:00:00,Parramatta,94765,Bankstown,26.0,59,18.4,1012.3,
2020-11-27 08:00:00,Parramatta,94765,Bankstown,24.8,63,16.6,1012.6,
2020-11-27 09:00:00,Parramatta,94765,Bankstown,23.8,68,11.2,1012.8,
2020-11-27 10:00:00,Parramatta,94765,Bankstown,23.2,72,9.4,1013.1,
2020-11-27 11:00:00,Parramatta,94765,Bankstown,23.1,74,7.6,1013.2,
2020-11-27 12:00:00,Parramatta,94765,Bankstown,22.3,76,0.0,1012.9,
2020-11-27 13:00:00,Parramatta,94765,Bankstown,21.6,82,0.0,1012.2,
2020-11-27 14:00:00,Parramatta,94765,Bankstown,21.0,84,0.0,1011.8,
2020-11-27 15:00:00,Parramatta,94765,Bankstown,20.6,85,0.0,1010.9,
2020-11-27 16:00:00,Parramatta,94765,Bankstown,20.3,86,0.0,1010.1,
2020-11-27 17:00:00,Parramatta,94765,Bankstown,19.7,88,0.0,1009.6,
2020-11-27 18:00:00,Parramatta,94765,Bankstown,19.1,90,0.0,1009.5,
2020-11-27 19:00:00,Parramatta,94765,Bankstown,19.4,91,0.0,1009.7,
2020-11-27 20:00:00,Parramatta,94765,Bankstown,21.3,82,0.0,1009.9,
2020-11-27 21:00:00,Parramatta,94765,Bankstown,24.0,70,5.4,1010.0,
2020-11-27 22:00:00,Parramatta,94765,Bankstown,28.1,59,9.4,1009.4,
2020-11-27 23:00:00,Parramatta,94765,Bankstown,33.4,38,13.0,1008.6,
2020-11-28 00:00:00,Parramatta,94765,Bankstown,37.0,31,13.0,1007.9,
2020-11-28 01:00:00,Parramatta,94765,Bankstown,39.3,23,16.6,1007.1,
2020-11-28 02:00:00,Parramatta,94765,Bankstown,40.4,18,18.4,1006.4,
2020-11-28 03:00:00,Parramatta,94765,Bankstown,40.2,17,20.5,1005.6,
2020-11-28 04:00:00,Parramatta,94765,Bankstown,41.5,14,20.5,1004.9,
2020-11-28 05:00:00,Parramatta,94765,Bankstown,41.1,13,22.3,1004.1,
2020-11-28 06:00:00,Parramatta,94765,Bankstown,40.2,16,16.6,1003.6,
2020-11-28 07:00:00,Parramatta,94765,Bankstown,39.2,18,13.0,1003.2,
2020-11-28 08:00:00,Parramatta,94765,Bankstown,38.2,19,11.2,1003.4,
2020-11-28 09:00:00,Parramatta,94765,Bankstown,36.1,21,7.6,1004.0,
2020-11-28 10:00:00,Parramatta,94765,Bankstown,34.2,28,7.6,1004.0,
2020-11-28 11:00:00,Parramatta,94765,Bankstown,34.0,25,7.6,1004.1,
2020-11-28 12:00:00,Parramatta,94765,Bankstown,32.0,33,1.8,1004.5,
2020-11-28 13:00:00,Parramatta,94765,Bankstown,29.0,49,11.2,1006.0,
2020-11-28 14:00:00,Parramatta,94765,Bankstown,30.5,40,7.6,1006.6,
2020-11-28 15:00:00,Parramatta,94765,Bankstown,28.6,47,9.4,1004.8,
2020-11-28 16:00:00,Parramatta,94765,Bankstown,30.7,35,11.2,1002.9,
2020-11-28 17:00:00,Parramatta,94765,Bankstown,30.0,38,22.3,1000.8,
2020-11-28 18:00:00,Parramatta,94765,Bankstown,30.8,35,13.0,999.9,
2020-11-28 19:00:00,Parramatta,94765,Bankstown,30.9,32,11.2,1000.7,
2020-11-28 20:00:00,Parramatta,94765,Bankstown,31.4,30,13.0,1000.6,
2020-11-28 21:00:00,Parramatta,94765,Bankstown,31.5,31,14.8,1000.6,
2020-11-28 22:00:00,Parramatta,94765,Bankstown,33.8,26,22.3,1000.4,
2020-11-28 23:00:00,Parramatta,94765,Bankstown,36.2,17,29.5,999.8,
2020-11-29 00:00:00,Parramatta,94765,Bankstown,38.3,17,25.9,998.8,
2020-11-29 01:00:00,Parramatta,94765,Bankstown,39.5,17,27.7,997.9,
2020-11-29 02:00:00,Parramatta,94765,Bankstown,40.2,18,35.3,997.7,
2020-11-29 03:00:00,Parramatta,94765,Bankstown,39.7,17,33.5,997.8,
2020-11-29 04:00:00,Parramatta,94765,Bankstown,38.2,19,42.5,998.3,
2020-11-29 05:00:00,Parramatta,94765,Bankstown,36.4,22,29.5,998.3,
2020-11-29 06:00:00,Parramatta,94765,Bankstown,35.5,24,25.9,1000.7,
2020-11-29 07:00:00,Parramatta,94765,Bankstown,25.4,56,42.5,1003.5,
2020-11-29 08:00:00,Parramatta,94765,Bankstown,22.5,62,35.3,1006.9,
2020-11-29 09:00:00,Parramatta,94765,Bankstown,21.6,63,33.5,1009.1,
2020-11-29 10:00:00,Parramatta,94765,Bankstown,21.0,59,29.5,1011.2,
2020-11-29 11:00:00,Parramatta,94765,Bankstown,20.6,62,24.1,1013.2,
2020-11-29 12:00:00,Parramatta,94765,Bankstown,19.9,61,22.3,1014.5,
2020-11-29 13:00:00,Parramatta,94765,Bankstown,19.9,61,18.4,1015.1,
2020-11-29 14:00:00,Parramatta,94765,Bankstown,19.7,62,22.3,1015.4,
2020-11-29 15:00:00,Parramatta,94765,Bankstown,18.4,71,25.9,1015.6,
2020-11-29 16:00:00,Parramatta,94765,Bankstown,19.0,64,18.4,1015.4,
2020-11-29 17:00:00,Parramatta,94765,Bankstown,18.8,63,16.6,1015.6,
2020-11-29 18:00:00,Parramatta,94765,Bankstown,18.7,64,20.5,1016.0,
2020-11-29 19:00:00,Parramatta,94765,Bankstown,18.7,63,16.6,1016.7,
2020-11-29 20:00:00,Parramatta,94765,Bankstown,19.0,63,16.6,1017.3,
2020-11-29 21:00:00,Parramatta,94765,Bankstown,19.6,61,16.6,1017.8,
2020-11-29 22:00:00,Parramatta,94765,Bankstown,20.3,54,16.6,1018.2,
2020-11-29 23:00:00,Parramatta,94765,Bankstown,21.0,53,16.6,1018.2,
2020-11-30 00:00:00,Parramatta,94765,Bankstown,22.7,43,14.8,1017.9,
2020-11-30 01:00:00,Parramatta,94765,Bankstown,23.3,47,14.8,1017.3,
2020-11-30 02:00:00,Parramatta,94765,Bankstown,22.6,54,16.6,1017.0,
2020-11-30 03:00:00,Parramatta,94765,Bankstown,23.5,52,18.4,1016.5,
2020-11-30 04:00:00,Parramatta,94765,Bankstown,23.4,55,18.4,1016.1,
2020-11-30 05:00:00,Parramatta,94765,Bankstown,22.4,58,20.5,1015.5,
2020-11-30 06:00:00,Parramatta,94765,Bankstown,22.3,58,18.4,1015.4,
2020-11-30 07:00:00,Parramatta,94765,Bankstown,22.1,57,22.3,1015.1,
2020-11-30 08:00:00,Parramatta,94765,Bankstown,21.3,59,20.5,1015.7,
2020-11-30 09:00:00,Parramatta,94765,Bankstown,20.4,63,18.4,1015.7,
2020-11-30 10:00:00,Parramatta,94765,Bankstown,20.2,64,14.8,1016.4,
2020-11-30 11:00:00,Parramatta,94765,Bankstown,20.3,64,9.4,1017.3,
2020-11-30 12:00:00,Parramatta,94765,Bankstown,20.4,65,13.0,1017.1,
2020-11-30 13:00:00,Parramatta,94765,Bankstown,20.1,65,9.4,1016.7,
2020-11-30 14:00:00,Parramatta,94765,Bankstown,20.2,65,9.4,1016.3,
2020-11-30 15:00:00,Parramatta,94765,Bankstown,20.2,66,7.6,1015.6,
2020-11-30 16:00:00,Parramatta,94765,Bankstown,20.1,67,9.4,1015.0,
2020-11-30 17:00:00,Parramatta,94765,Bankstown,19.8,68,0.0,1014.3,
2020-11-30 18:00:00,Parramatta,94765,Bankstown,19.5,69,1.8,1013.8,
2020-11-30 19:00:00,Parramatta,94765,Bankstown,18.5,73,0.0,1013.8,
2020-11-30 20:00:00,Parramatta,94765,Bankstown,19.9,71,0.0,1013.7,
2020-11-30 21:00:00,Parramatta,94765,Bankstown,21.1,69,9.4,1013.6,
2020-11-30 22:00:00,Parramatta,94765,Bankstown,21.4,68,13.0,1013.5,
2020-11-30 23:00:00,Parramatta,94765,Bankstown,22.8,62,13.0,1012.7,
2020-12-01 00:00:00,Parramatta,94765,Bankstown,25.0,59,9.4,1011.5,
2020-12-01 01:00:00,Parramatta,94765,Bankstown,26.9,54,13.0,1010.1,
2020-12-01 02:00:00,Parramatta,94765,Bankstown,29.1,47,14.8,1008.8,
2020-12-01 03:00:00,Parramatta,94765,Bankstown,31.5,42,14.8,1007.5,
2020-12-01 04:00:00,Parramatta,94765,Bankstown,30.3,49,20.5,1006.2,
2020-12-01 05:00:00,Parramatta,94765,Bankstown,29.7,52,25.9,1005.0,
2020-12-01 06:00:00,Parramatta,94765,Bankstown,29.2,54,22.3,1004.2,
2020-12-01 07:00:00,Parramatta,94765,Bankstown,27.3,59,22.3,1004.2,
2020-12-01 08:00:00,Parramatta,94765,Bankstown,25.8,73,13.0,1010.4,
2020-12-01 09:00:00,Parramatta,94765,Bankstown,23.9,85,25.9,1007.0,
2020-12-01 10:00:00,Parramatta,94765,Bankstown,23.8,83,11.2,1008.6,
2020-12-01 11:00:00,Parramatta,94765,Bankstown,23.9,82,13.0,1009.9,
2020-12-01 12:00:00,Parramatta,94765,Bankstown,23.1,85,0.0,1010.4,
2020-12-01 13:00:00,Parramatta,94765,Bankstown,22.6,88,0.0,1010.7,
2020-12-01 14:00:00,Parramatta,94765,Bankstown,22.1,90,7.6,1010.2,
2020-12-01 15:00:00,Parramatta,94765,Bankstown,22.1,92,5.4,1010.6,
2020-12-01 16:00:00,Parramatta,94765,Bankstown,21.5,90,7.6,1011.2,
2020-12-01 17:00:00,Parramatta,94765,Bankstown,19.3,83,20.5,1012.7,
2020-12-01 18:00:00,Parramatta,94765,Bankstown,18.9,82,20.5,1013.5,
2020-12-01 19:00:00,Parramatta,94765,Bankstown,18.7,82,20.5,1014.7,
2020-12-01 20:00:00,Parramatta,94765,Bankstown,19.7,77,18.4,1016.3,
2020-12-01 21:00:00,Parramatta,94765,Bankstown,21.4,71,24.1,1017.4,
2020-12-01 22:00:00,Parramatta,94765,Bankstown,21.2,68,24.1,1018.7,
2020-12-01 23:00:00,Parramatta,94765,Bankstown,22.0,64,20.5,1019.1,
2020-12-02 00:00:00,Parramatta,94765,Bankstown,23.4,58,24.1,1019.1,
2020-12-02 01:00:00,Parramatta,94765,Bankstown,22.7,59,20.5,1019.5,
2020-12-02 02:00:00,Parramatta,94765,Bankstown,22.9,57,22.3,1019.5,
2020-12-02 03:00:00,Parramatta,94765,Bankstown,22.5,59,20.5,1019.7,
2020-12-02 04:00:00,Parramatta,94765,Bankstown,22.5,58,24.1,1019.4,
2020-12-02 05:00:00,Parramatta,94765,Bankstown,22.0,60,20.5,1020.0,
2020-12-02 06:00:00,Parramatta,94765,Bankstown,21.7,61,24.1,1020.7,
2020-12-02 07:00:00,Parramatta,94765,Bankstown,20.8,64,24.1,1020.7,
2020-12-02 08:00:00,Parramatta,94765,Bankstown,20.4,66,18.4,1022.0,
2020-12-02 09:00:00,Parramatta,94765,Bankstown,19.7,69,18.4,1022.8,
2020-12-02 10:00:00,Parramatta,94765,Bankstown,18.3,79,20.5,1024.0,
2020-12-02 11:00:00,Parramatta,94765,Bankstown,18.3,80,16.6,1024.8,
2020-12-02 12:00:00,Parramatta,94765,Bankstown,17.3,92,13.0,1025.6,
2020-12-02 13:00:00,Parramatta,94765,Bankstown,17.2,92,13.0,1025.2,
2020-12-02 14:00:00,Parramatta,94765,Bankstown,17.4,89,9.4,1024.7,
2020-12-02 15:00:00,Parramatta,94765,Bankstown,17.7,89,9.4,1023.4,
2020-12-02 16:00:00,Parramatta,94765,Bankstown,17.4,91,5.4,1022.8,
2020-12-02 17:00:00,Parramatta,94765,Bankstown,17.6,88,9.4,1022.5,
2020-12-02 18:00:00,Parramatta,94765,Bankstown,18.2,85,3.6,1022.4,
2020-12-02 19:00:00,Parramatta,94765,Bankstown,18.2,85,5.4,1022.5,
2020-12-02 20:00:00,Parramatta,94765,Bankstown,18.5,85,0.0,1022.7,
2020-12-02 21:00:00,Parramatta,94765,Bankstown,19.0,80,0.0,1023.0,
2020-12-02 22:00:00,Parramatta,94765,Bankstown,20.4,69,5.4,1023.0,
2020-12-02 23:00:00,Parramatta,94765,Bankstown,20.7,66,11.2,1022.9,
2020-12-03 00:00:00,Parramatta,94765,Bankstown,21.2,65,13.0,1022.0,
2020-12-03 01:00:00,Parramatta,94765,Bankstown,21.8,65,9.4,1021.8,
2020-12-03 02:00:00,Parramatta,94765,Bankstown,21.2,71,16.6,1021.1,
2020-12-03 03:00:00,Parramatta,94765,Bankstown,21.0,73,18.4,1019.9,
2020-12-03 04:00:00,Parramatta,94765,Bankstown,21.6,71,18.4,1019.5,
2020-12-03 05:00:00,Parramatta,94765,Bankstown,21.2,72,16.6,1019.0,
2020-12-03 06:00:00,Parramatta,94765,Bankstown,21.5,72,16.6,1017.9,
2020-12-03 07:00:00,Parramatta,94765,Bankstown,21.7,70,14.8,1017.9,
2020-12-03 08:00:00,Parramatta,94765,Bankstown,21.2,73,13.0,1017.8,
2020-12-03 09:00:00,Parramatta,94765,Bankstown,21.0,75,16.6,1018.0,
2020-12-03 10:00:00,Parramatta,94765,Bankstown,21.0,76,11.2,1017.9,
2020-12-03 11:00:00,Parramatta,94765,Bankstown,20.6,78,0.0,1017.5,
2020-12-03 12:00:00,Parramatta,94765,Bankstown,20.7,80,0.0,1017.3,
2020-12-03 13:00:00,Parramatta,94765,Bankstown,19.9,82,5.4,1016.8,
2020-12-03 14:00:00,Parramatta,94765,Bankstown,19.4,87,0.0,1016.2,
2020-12-03 15:00:00,Parramatta,94765,Bankstown,19.0,88,0.0,1015.3,
2020-12-03 16:00:00,Parramatta,94765,Bankstown,19.3,88,0.0,1014.3,
2020-12-03 17:00:00,Parramatta,94765,Bankstown,19.4,87,0.0,1014.1,
2020-12-03 18:00:00,Parramatta,94765,Bankstown,19.6,86,7.6,1013.9,
2020-12-03 19:00:00,Parramatta,94765,Bankstown,18.9,87,5.4,1014.1,
2020-12-03 20:00:00,Parramatta,94765,Bankstown,20.0,81,9.4,1014.7,
2020-12-03 21:00:00,Parramatta,94765,Bankstown,22.0,69,7.6,1015.3,
2020-12-03 22:00:00,Parramatta,94765,Bankstown,24.0,61,9.4,1015.0,
2020-12-03 23:00:00,Parramatta,94765,Bankstown,26.1,49,7.6,1014.6,
2020-12-04 00:00:00,Parramatta,94765,Bankstown,28.7,34,14.8,1013.8,
2020-12-04 01:00:00,Parramatta,94765,Bankstown,31.1,27,18.4,1012.8,
2020-12-04 02:00:00,Parramatta,94765,Bankstown,32.7,23,20.5,1011.6,
2020-12-04 03:00:00,Parramatta,94765,Bankstown,33.5,20,18.4,1010.6,
2020-12-04 04:00:00,Parramatta,94765,Bankstown,34.5,13,14.8,1010.0,
2020-12-04 05:00:00,Parramatta,94765,Bankstown,30.6,31,25.9,1009.7,
2020-12-04 06:00:00,Parramatta,94765,Bankstown,30.3,22,24.1,1009.6,
2020-12-04 07:00:00,Parramatta,94765,Bankstown,29.5,26,18.4,1009.7,
2020-12-04 08:00:00,Parramatta,94765,Bankstown,27.6,25,16.6,1010.4,
2020-12-04 09:00:00,Parramatta,94765,Bankstown,25.9,28,9.4,1010.9,
2020-12-04 10:00:00,Parramatta,94765,Bankstown,23.9,38,16.6,1012.7,
2020-12-04 11:00:00,Parramatta,94765,Bankstown,21.1,78,25.9,1014.3,
2020-12-04 12:00:00,Parramatta,94765,Bankstown,19.8,77,16.6,1015.4,
2020-12-04 13:00:00,Parramatta,94765,Bankstown,20.0,77,13.0,1015.6,
2020-12-04 14:00:00,Parramatta,94765,Bankstown,19.3,79,13.0,1015.0,
2020-12-04 15:00:00,Parramatta,94765,Bankstown,18.5,79,11.2,1014.7,
2020-12-04 16:00:00,Parramatta,94765,Bankstown,17.6,81,7.6,1013.7,
2020-12-04 17:00:00,Parramatta,94765,Bankstown,17.0,85,7.6,1013.6,
2020-12-04 18:00:00,Parramatta,94765,Bankstown,16.8,84,7.6,1013.4,
2020-12-04 19:00:00,Parramatta,94765,Bankstown,17.7,82,7.6,1013.4,
2020-12-04 20:00:00,Parramatta,94765,Bankstown,18.5,77,9.4,1013.7,
2020-12-04 21:00:00,Parramatta,94765,Bankstown,19.1,74,5.4,1013.5,
2020-12-04 22:00:00,Parramatta,94765,Bankstown,20.2,71,3.6,1013.3,
2020-12-04 23:00:00,Parramatta,94765,Bankstown,21.0,70,9.4,1012.3,
2020-12-05 00:00:00,Parramatta,94765,Bankstown,22.1,68,9.4,1011.3,
2020-12-05 01:00:00,Parramatta,94765,Bankstown,22.6,69,13.0,1010.2,
2020-12-05 02:00:00,Parramatta,94765,Bankstown,23.3,67,13.0,1008.4,
2020-12-05 03:00:00,Parramatta,94765,Bankstown,24.0,66,13.0,1007.9,
2020-12-05 04:00:00,Parramatta,94765,Bankstown,24.0,65,11.2,1006.3,
2020-12-05 05:00:00,Parramatta,94765,Bankstown,24.5,66,13.0,1004.6,
2020-12-05 06:00:00,Parramatta,94765,Bankstown,24.9,68,9.4,1002.6,
2020-12-05 07:00:00,Parramatta,94765,Bankstown,25.9,60,11.2,1000.7,
2020-12-05 08:00:00,Parramatta,94765,Bankstown,26.0,58,13.0,1001.0,
2020-12-05 09:00:00,Parramatta,94765,Bankstown,24.6,68,11.2,1001.4,
2020-12-05 10:00:00,Parramatta,94765,Bankstown,22.4,86,9.4,1003.2,
2020-12-05 11:00:00,Parramatta,94765,Bankstown,21.5,90,9.4,1000.2,
2020-12-05 12:00:00,Parramatta,94765,Bankstown,21.7,91,11.2,1003.5,
2020-12-05 13:00:00,Parramatta,94765,Bankstown,22.2,83,14.8,1000.4,
2020-12-05 14:00:00,Parramatta,94765,Bankstown,21.9,84,14.8,999.6,
2020-12-05 15:00:00,Parramatta,94765,Bankstown,22.5,78,16.6,998.7,
2020-12-05 16:00:00,Parramatta,94765,Bankstown,22.0,77,13.0,998.2,
2020-12-05 17:00:00,Parramatta,94765,Bankstown,22.8,66,13.0,998.0,
2020-12-05 18:00:00,Parramatta,94765,Bankstown,21.2,70,9.4,998.9,
2020-12-05 19:00:00,Parramatta,94765,Bankstown,21.1,61,9.4,1000.0,
2020-12-05 20:00:00,Parramatta,94765,Bankstown,22.6,53,13.0,1000.6,
2020-12-05 21:00:00,Parramatta,94765,Bankstown,23.8,40,20.5,1001.5,
2020-12-05 22:00:00,Parramatta,94765,Bankstown,24.9,40,18.4,1002.1,
2020-12-05 23:00:00,Parramatta,94765,Bankstown,25.8,37,13.0,1002.4,
2020-12-06 00:00:00,Parramatta,94765,Bankstown,26.4,33,16.6,1002.3,
2020-12-06 01:00:00,Parramatta,94765,Bankstown,27.9,27,20.5,1002.0,
2020-12-06 02:00:00,Parramatta,94765,Bankstown,28.2,29,20.5,1001.6,
2020-12-06 03:00:00,Parramatta,94765,Bankstown,28.7,25,24.1,1001.1,
2020-12-06 04:00:00,Parramatta,94765,Bankstown,30.0,22,20.5,1000.9,
2020-12-06 05:00:00,Parramatta,94765,Bankstown,29.8,19,22.3,1000.7,
2020-12-06 06:00:00,Parramatta,94765,Bankstown,29.7,19,16.6,1001.0,
2020-12-06 07:00:00,Parramatta,94765,Bankstown,29.2,19,22.3,1001.8,
2020-12-06 08:00:00,Parramatta,94765,Bankstown,27.9,20,20.5,1003.0,
2020-12-06 09:00:00,Parramatta,94765,Bankstown,25.6,24,14.8,1004.3,
2020-12-06 10:00:00,Parramatta,94765,Bankstown,24.5,27,20.5,1005.3,
2020-12-06 11:00:00,Parramatta,94765,Bankstown,22.9,30,11.2,1006.4,
2020-12-06 12:00:00,Parramatta,94765,Bankstown,21.3,36,7.6,1007.0,
2020-12-06 13:00:00,Parramatta,94765,Bankstown,19.4,45,7.6,1006.6,
2020-12-06 14:00:00,Parramatta,94765,Bankstown,18.0,51,9.4,1006.2,
2020-12-06 15:00:00,Parramatta,94765,Bankstown,16.6,54,0.0,1005.5,
2020-12-06 16:00:00,Parramatta,94765,Bankstown,15.5,63,1.8,1004.6,
2020-12-06 17:00:00,Parramatta,94765,Bankstown,15.2,64,0.0,1004.5,
2020-12-06 18:00:00,Parramatta,94765,Bankstown,14.8,66,0.0,1004.9,
2020-12-06 19:00:00,Parramatta,94765,Bankstown,14.2,69,3.6,1005.1,
2020-12-06 20:00:00,Parramatta,94765,Bankstown,19.7,45,11.2,1005.2,
2020-12-06 21:00:00,Parramatta,94765,Bankstown,22.8,33,11.2,1005.3,
2020-12-06 22:00:00,Parramatta,94765,Bankstown,24.4,28,16.6,1005.2,
2020-12-06 23:00:00,Parramatta,94765,Bankstown,25.7,27,16.6,1004.9,
2020-12-07 00:00:00,Parramatta,94765,Bankstown,26.7,24,20.5,1004.7,
2020-12-07 01:00:00,Parramatta,94765,Bankstown,27.9,24,16.6,1004.3,
2020-12-07 02:00:00,Parramatta,94765,Bankstown,28.5,23,22.3,1003.6,
2020-12-07 03:00:00,Parramatta,94765,Bankstown,28.8,21,22.3,1002.9,
2020-12-07 04:00:00,Parramatta,94765,Bankstown,29.5,19,27.7,1002.6,
2020-12-07 05:00:00,Parramatta,94765,Bankstown,29.5,18,27.7,1002.0,
2020-12-07 06:00:00,Parramatta,94765,Bankstown,29.7,19,24.1,1001.6,
2020-12-07 07:00:00,Parramatta,94765,Bankstown,29.0,20,14.8,1001.7,
2020-12-07 08:00:00,Parramatta,94765,Bankstown,27.7,20,22.3,1002.9,
2020-12-07 09:00:00,Parramatta,94765,Bankstown,26.1,22,18.4,1004.0,
2020-12-07 10:00:00,Parramatta,94765,Bankstown,24.4,26,9.4,1004.6,
2020-12-07 11:00:00,Parramatta,94765,Bankstown,22.8,29,11.2,1005.3,
2020-12-07 12:00:00,Parramatta,94765,Bankstown,21.6,33,9.4,1005.7,
2020-12-07 13:00:00,Parramatta,94765,Bankstown,20.8,35,25.9,1006.8,
2020-12-07 14:00:00,Parramatta,94765,Bankstown,18.5,45,25.9,1007.3,
2020-12-07 15:00:00,Parramatta,94765,Bankstown,17.3,51,13.0,1007.7,
2020-12-07 16:00:00,Parramatta,94765,Bankstown,16.8,46,20.5,1008.2,
2020-12-07 17:00:00,Parramatta,94765,Bankstown,16.5,46,20.5,1008.4,
2020-12-07 18:00:00,Parramatta,94765,Bankstown,15.8,49,13.0,1009.0,
2020-12-07 19:00:00,Parramatta,94765,Bankstown,15.5,47,13.0,1009.6,
2020-12-07 20:00:00,Parramatta,94765,Bankstown,16.1,45,18.4,1011.0,
2020-12-07 21:00:00,Parramatta,94765,Bankstown,16.8,43,18.4,1012.2,
2020-12-07 22:00:00,Parramatta,94765,Bankstown,18.8,38,20.5,1013.1,
2020-12-07 23:00:00,Parramatta,94765,Bankstown,20.2,35,16.6,1013.4,
2020-12-08 00:00:00,Parramatta,94765,Bankstown,22.2,31,14.8,1013.4,
2020-12-08 01:00:00,Parramatta,94765,Bankstown,21.4,29,14.8,1013.2,
2020-12-08 02:00:00,Parramatta,94765,Bankstown,22.9,34,9.4,1012.9,
2020-12-08 03:00:00,Parramatta,94765,Bankstown,21.2,37,27.7,1013.0,
2020-12-08 04:00:00,Parramatta,94765,Bankstown,22.3,39,25.9,1013.4,
2020-12-08 05:00:00,Parramatta,94765,Bankstown,21.5,42,24.1,1013.6,
2020-12-08 06:00:00,Parramatta,94765,Bankstown,20.6,43,24.1,1014.0,
2020-12-08 07:00:00,Parramatta,94765,Bankstown,20.2,46,24.1,1014.6,
2020-12-08 08:00:00,Parramatta,94765,Bankstown,19.1,47,22.3,1015.7,
2020-12-08 09:00:00,Parramatta,94765,Bankstown,18.0,51,18.4,1016.9,
2020-12-08 10:00:00,Parramatta,94765,Bankstown,17.0,56,9.4,1017.9,
2020-12-08 11:00:00,Parramatta,94765,Bankstown,15.7,64,7.6,1018.5,
2020-12-08 12:00:00,Parramatta,94765,Bankstown,15.0,67,0.0,1018.8,
2020-12-08 13:00:00,Parramatta,94765,Bankstown,14.9,69,0.0,1018.9,
2020-12-08 14:00:00,Parramatta,94765,Bankstown,14.4,72,0.0,1018.7,
2020-12-08 15:00:00,Parramatta,94765,Bankstown,14.2,71,0.0,1018.2,
2020-12-08 16:00:00,Parramatta,94765,Bankstown,13.4,74,1.8,1017.9,
2020-12-08 17:00:00,Parramatta,94765,Bankstown,13.3,76,0.0,1017.8,
2020-12-08 18:00:00,Parramatta,94765,Bankstown,13.4,77,0.0,1018.1,
2020-12-08 19:00:00,Parramatta,94765,Bankstown,13.0,76,0.0,1018.6,
2020-12-08 20:00:00,Parramatta,94765,Bankstown,15.3,70,3.6,1019.1,
2020-12-08 21:00:00,Parramatta,94765,Bankstown,17.6,60,3.6,1019.8,
2020-12-08 22:00:00,Parramatta,94765,Bankstown,19.6,53,11.2,1020.2,
2020-12-08 23:00:00,Parramatta,94765,Bankstown,21.6,46,13.0,1019.8,
2020-12-09 00:00:00,Parramatta,94765,Bankstown,23.1,44,9.4,1019.5,
2020-12-09 01:00:00,Parramatta,94765,Bankstown,23.8,35,11.2,1018.8,
2020-12-09 02:00:00,Parramatta,94765,Bankstown,24.8,31,11.2,1017.7,
2020-12-09 03:00:00,Parramatta,94765,Bankstown,26.0,27,13.0,1017.0,
2020-12-09 04:00:00,Parramatta,94765,Bankstown,27.0,37,22.3,1015.9,
2020-12-09 05:00:00,Parramatta,94765,Bankstown,24.9,42,24.1,1015.5,
2020-12-09 06:00:00,Parramatta,94765,Bankstown,24.1,44,27.7,1015.1,
2020-12-09 07:00:00,Parramatta,94765,Bankstown,24.1,46,25.9,1015.2,
2020-12-09 08:00:00,Parramatta,94765,Bankstown,22.7,50,20.5,1016.0,
2020-12-09 09:00:00,Parramatta,94765,Bankstown,21.4,56,16.6,1016.9,
2020-12-09 10:00:00,Parramatta,94765,Bankstown,20.6,60,13.0,1017.7,
2020-12-09 11:00:00,Parramatta,94765,Bankstown,20.1,64,9.4,1018.6,
2020-12-09 12:00:00,Parramatta,94765,Bankstown,19.7,65,9.4,1018.5,
2020-12-09 13:00:00,Parramatta,94765,Bankstown,18.3,70,0.0,1018.0,
2020-12-09 14:00:00,Parramatta,94765,Bankstown,17.7,74,0.0,1017.3,
2020-12-09 15:00:00,Parramatta,94765,Bankstown,16.9,79,0.0,1016.7,
2020-12-09 16:00:00,Parramatta,94765,Bankstown,16.7,78,0.0,1015.9,
2020-12-09 17:00:00,Parramatta,94765,Bankstown,15.9,87,5.4,1016.0,
2020-12-09 18:00:00,Parramatta,94765,Bankstown,15.7,86,1.8,1015.6,
2020-12-09 19:00:00,Parramatta,94765,Bankstown,15.7,83,0.0,1016.5,
2020-12-09 20:00:00,Parramatta,94765,Bankstown,17.2,79,0.0,1017.2,
2020-12-09 21:00:00,Parramatta,94765,Bankstown,20.0,64,3.6,1017.7,
2020-12-09 22:00:00,Parramatta,94765,Bankstown,22.4,53,5.4,1017.8,
2020-12-09 23:00:00,Parramatta,94765,Bankstown,24.9,45,9.4,,
2020-12-10 00:00:00,Parramatta,94765,Bankstown,27.4,39,7.6,1017.2,
2020-12-10 01:00:00,Parramatta,94765,Bankstown,25.6,50,37.1,1018.1,
2020-12-10 02:00:00,Parramatta,94765,Bankstown,25.4,54,38.9,1018.1,
2020-12-10 03:00:00,Parramatta,94765,Bankstown,23.7,56,37.1,1018.6,
2020-12-10 04:00:00,Parramatta,94765,Bankstown,22.0,62,40.7,1019.4,
2020-12-10 05:00:00,Parramatta,94765,Bankstown,22.0,59,35.3,1020.1,
2020-12-10 06:00:00,Parramatta,94765,Bankstown,21.7,59,27.7,1020.3,
2020-12-10 07:00:00,Parramatta,94765,Bankstown,20.5,62,31.7,1021.5,
2020-12-10 08:00:00,Parramatta,94765,Bankstown,20.3,63,25.9,1022.8,
2020-12-10 09:00:00,Parramatta,94765,Bankstown,19.8,63,29.5,1023.6,
2020-12-10 10:00:00,Parramatta,94765,Bankstown,17.9,69,20.5,1025.0,
2020-12-10 11:00:00,Parramatta,94765,Bankstown,18.1,49,18.4,1025.6,
2020-12-10 12:00:00,Parramatta,94765,Bankstown,17.9,53,11.2,1026.1,
2020-12-10 13:00:00,Parramatta,94765,Bankstown,17.0,77,18.4,1026.3,
2020-12-10 14:00:00,Parramatta,94765,Bankstown,17.3,72,20.5,1026.4,
2020-12-10 15:00:00,Parramatta,94765,Bankstown,17.1,68,16.6,1025.9,
2020-12-10 16:00:00,Parramatta,94765,Bankstown,17.1,65,13.0,1025.9,
2020-12-10 17:00:00,Parramatta,94765,Bankstown,18.0,55,20.5,1025.8,
2020-12-10 18:00:00,Parramatta,94765,Bankstown,17.9,54,22.3,1026.0,
2020-12-10 19:00:00,Parramatta,94765,Bankstown,17.6,51,16.6,1026.4,
2020-12-10 20:00:00,Parramatta,94765,Bankstown,17.9,54,22.3,1027.3,
2020-12-10 21:00:00,Parramatta,94765,Bankstown,19.5,46,20.5,1027.9,
2020-12-10 22:00:00,Parramatta,94765,Bankstown,19.6,42,25.9,1028.7,
2020-12-10 23:00:00,Parramatta,94765,Bankstown,21.3,38,24.1,1028.8,
2020-12-11 00:00:00,Parramatta,94765,Bankstown,22.1,40,24.1,1028.8,
2020-12-11 01:00:00,Parramatta,94765,Bankstown,21.4,42,27.7,1028.7,
2020-12-11 02:00:00,Parramatta,94765,Bankstown,20.0,50,24.1,1028.4,
2020-12-11 03:00:00,Parramatta,94765,Bankstown,20.4,47,25.9,1027.8,
2020-12-11 04:00:00,Parramatta,94765,Bankstown,21.1,47,27.7,1027.6,
2020-12-11 05:00:00,Parramatta,94765,Bankstown,20.9,44,29.5,1027.4,
2020-12-11 06:00:00,Parramatta,94765,Bankstown,20.5,46,27.7,1027.3,
2020-12-11 07:00:00,Parramatta,94765,Bankstown,19.9,48,25.9,1027.5,
2020-12-11 08:00:00,Parramatta,94765,Bankstown,19.4,52,27.7,1028.1,
2020-12-11 09:00:00,Parramatta,94765,Bankstown,18.9,55,24.1,1028.7,
2020-12-11 10:00:00,Parramatta,94765,Bankstown,18.7,58,20.5,1029.1,
2020-12-11 11:00:00,Parramatta,94765,Bankstown,18.4,59,16.6,1029.7,
2020-12-11 12:00:00,Parramatta,94765,Bankstown,18.8,56,14.8,1029.7,
2020-12-11 13:00:00,Parramatta,94765,Bankstown,17.6,62,9.4,1029.6,
2020-12-11 14:00:00,Parramatta,94765,Bankstown,17.2,59,9.4,1029.2,
2020-12-11 15:00:00,Parramatta,94765,Bankstown,16.0,64,0.0,1028.7,
2020-12-11 16:00:00,Parramatta,94765,Bankstown,16.3,64,7.6,1028.0,
2020-12-11 17:00:00,Parramatta,94765,Bankstown,18.2,57,22.3,1027.9,
2020-12-11 18:00:00,Parramatta,94765,Bankstown,17.8,57,7.6,1028.1,
2020-12-11 19:00:00,Parramatta,94765,Bankstown,17.7,65,20.5,1028.5,
2020-12-11 20:00:00,Parramatta,94765,Bankstown,17.8,66,7.6,1029.1,
2020-12-11 21:00:00,Parramatta,94765,Bankstown,18.4,65,7.6,1030.2,
2020-12-11 22:00:00,Parramatta,94765,Bankstown,18.7,68,9.4,1030.6,
2020-12-11 23:00:00,Parramatta,94765,Bankstown,22.0,35,22.3,1030.2,
2020-12-12 00:00:00,Parramatta,94765,Bankstown,23.1,36,27.7,1030.1,
2020-12-12 01:00:00,Parramatta,94765,Bankstown,23.5,36,25.9,1029.5,
2020-12-12 02:00:00,Parramatta,94765,Bankstown,23.0,40,25.9,1029.3,
2020-12-12 03:00:00,Parramatta,94765,Bankstown,22.5,47,25.9,1028.8,
2020-12-12 04:00:00,Parramatta,94765,Bankstown,23.4,44,31.7,1028.0,
2020-12-12 05:00:00,Parramatta,94765,Bankstown,22.8,50,31.7,1027.5,
2020-12-12 06:00:00,Parramatta,94765,Bankstown,21.1,52,25.9,1027.1,
2020-12-12 07:00:00,Parramatta,94765,Bankstown,20.4,60,20.5,1027.2,
2020-12-12 08:00:00,Parramatta,94765,Bankstown,20.2,56,20.5,1027.4,
2020-12-12 09:00:00,Parramatta,94765,Bankstown,19.2,68,22.3,1027.6,
2020-12-12 10:00:00,Parramatta,94765,Bankstown,18.6,71,13.0,1028.0,
2020-12-12 11:00:00,Parramatta,94765,Bankstown,16.7,88,7.6,1028.2,
2020-12-12 12:00:00,Parramatta,94765,Bankstown,16.2,91,0.0,1027.8,
2020-12-12 13:00:00,Parramatta,94765,Bankstown,15.8,89,7.6,1027.3,
2020-12-12 14:00:00,Parramatta,94765,Bankstown,16.1,90,0.0,1026.8,
2020-12-12 15:00:00,Parramatta,94765,Bankstown,16.0,91,1.8,1025.9,
2020-12-12 16:00:00,Parramatta,94765,Bankstown,15.4,93,1.8,1025.5,
2020-12-12 17:00:00,Parramatta,94765,Bankstown,14.7,92,1.8,1025.5,
2020-12-12 18:00:00,Parramatta,94765,Bankstown,15.0,93,0.0,1025.4,
2020-12-12 19:00:00,Parramatta,94765,Bankstown,15.6,93,0.0,1025.6,
2020-12-12 20:00:00,Parramatta,94765,Bankstown,16.2,91,0.0,1025.7,
2020-12-12 21:00:00,Parramatta,94765,Bankstown,18.5,80,0.0,1026.0,
2020-12-12 22:00:00,Parramatta,94765,Bankstown,21.7,60,9.4,1026.0,
2020-12-12 23:00:00,Parramatta,94765,Bankstown,22.2,51,16.6,1025.6,
2020-12-13 00:00:00,Parramatta,94765,Bankstown,22.3,52,18.4,1025.3,
2020-12-13 01:00:00,Parramatta,94765,Bankstown,23.3,49,20.5,1024.8,
2020-12-13 02:00:00,Parramatta,94765,Bankstown,24.0,45,20.5,1024.3,
2020-12-13 03:00:00,Parramatta,94765,Bankstown,23.9,48,20.5,1023.8,
2020-12-13 04:00:00,Parramatta,94765,Bankstown,23.5,46,22.3,1023.3,
2020-12-13 05:00:00,Parramatta,94765,Bankstown,23.8,52,16.6,1022.5,
2020-12-13 06:00:00,Parramatta,94765,Bankstown,24.3,50,22.3,1021.9,
2020-12-13 07:00:00,Parramatta,94765,Bankstown,23.0,52,24.1,1022.0,
2020-12-13 08:00:00,Parramatta,94765,Bankstown,22.3,56,20.5,1022.6,
2020-12-13 09:00:00,Parramatta,94765,Bankstown,21.3,63,16.6,1023.0,
2020-12-13 10:00:00,Parramatta,94765,Bankstown,20.7,67,16.6,1023.2,
2020-12-13 11:00:00,Parramatta,94765,Bankstown,20.1,74,11.2,1023.6,
2020-12-13 12:00:00,Parramatta,94765,Bankstown,19.4,82,13.0,1023.4,
2020-12-13 13:00:00,Parramatta,94765,Bankstown,18.2,89,0.0,1022.7,
2020-12-13 14:00:00,Parramatta,94765,Bankstown,18.1,92,0.0,1022.1,
2020-12-13 15:00:00,Parramatta,94765,Bankstown,17.9,93,0.0,1021.5,
2020-12-13 16:00:00,Parramatta,94765,Bankstown,18.2,93,7.6,1020.9,
2020-12-13 17:00:00,Parramatta,94765,Bankstown,18.2,88,5.4,1020.3,
2020-12-13 18:00:00,Parramatta,94765,Bankstown,18.0,89,7.6,1020.2,
2020-12-13 19:00:00,Parramatta,94765,Bankstown,18.2,91,3.6,1020.3,
2020-12-13 20:00:00,Parramatta,94765,Bankstown,18.4,92,7.6,1020.6,
2020-12-13 21:00:00,Parramatta,94765,Bankstown,19.4,93,9.4,1020.9,
2020-12-13 22:00:00,Parramatta,94765,Bankstown,21.1,77,11.2,1021.1,
2020-12-13 23:00:00,Parramatta,94765,Bankstown,19.8,81,20.5,1021.2,
2020-12-14 00:00:00,Parramatta,94765,Bankstown,21.4,76,16.6,1020.9,
2020-12-14 01:00:00,Parramatta,94765,Bankstown,22.1,68,16.6,1020.7,
2020-12-14 02:00:00,Parramatta,94765,Bankstown,23.9,51,22.3,1020.1,
2020-12-14 03:00:00,Parramatta,94765,Bankstown,23.9,56,16.6,1019.5,
2020-12-14 04:00:00,Parramatta,94765,Bankstown,23.4,60,20.5,1019.1,
2020-12-14 05:00:00,Parramatta,94765,Bankstown,24.0,60,20.5,1018.5,
2020-12-14 06:00:00,Parramatta,94765,Bankstown,23.1,60,22.3,1018.2,
2020-12-14 07:00:00,Parramatta,94765,Bankstown,23.4,57,20.5,1018.2,
2020-12-14 08:00:00,Parramatta,94765,Bankstown,22.4,66,16.6,1018.4,
2020-12-14 09:00:00,Parramatta,94765,Bankstown,22.0,64,16.6,1018.5,
2020-12-14 10:00:00,Parramatta,94765,Bankstown,21.8,69,13.0,1018.7,
2020-12-14 11:00:00,Parramatta,94765,Bankstown,19.7,90,7.6,1018.9,
2020-12-14 12:00:00,Parramatta,94765,Bankstown,19.4,91,0.0,1018.9,
2020-12-14 13:00:00,Parramatta,94765,Bankstown,19.3,92,0.0,1018.7,
2020-12-14 14:00:00,Parramatta,94765,Bankstown,19.3,91,9.4,1018.2,
2020-12-14 15:00:00,Parramatta,94765,Bankstown,19.3,91,5.4,1017.6,
2020-12-14 16:00:00,Parramatta,94765,Bankstown,19.2,92,0.0,1017.0,
2020-12-14 17:00:00,Parramatta,94765,Bankstown,19.0,94,0.0,1016.9,
2020-12-14 18:00:00,Parramatta,94765,Bankstown,19.0,95,7.6,1016.7,
2020-12-14 19:00:00,Parramatta,94765,Bankstown,19.0,95,11.2,1016.9,
2020-12-14 20:00:00,Parramatta,94765,Bankstown,19.6,96,9.4,1016.9,
2020-12-14 21:00:00,Parramatta,94765,Bankstown,20.5,95,9.4,1017.1,
2020-12-14 22:00:00,Parramatta,94765,Bankstown,20.8,94,11.2,1017.1,
2020-12-14 23:00:00,Parramatta,94765,Bankstown,21.2,95,13.0,1016.7,
2020-12-15 00:00:00,Parramatta,94765,Bankstown,21.8,93,14.8,1016.4,
2020-12-15 01:00:00,Parramatta,94765,Bankstown,22.9,85,18.4,1015.9,
2020-12-15 02:00:00,Parramatta,94765,Bankstown,24.4,76,22.3,1015.1,
2020-12-15 03:00:00,Parramatta,94765,Bankstown,24.8,74,20.5,1014.5,
2020-12-15 04:00:00,Parramatta,94765,Bankstown,24.4,75,24.1,1014.2,
2020-12-15 05:00:00,Parramatta,94765,Bankstown,24.0,79,22.3,1013.8,
2020-12-15 06:00:00,Parramatta,94765,Bankstown,24.5,77,24.1,1013.4,
2020-12-15 07:00:00,Parramatta,94765,Bankstown,23.8,79,18.4,1013.2,
2020-12-15 08:00:00,Parramatta,94765,Bankstown,23.4,81,22.3,1013.2,
2020-12-15 09:00:00,Parramatta,94765,Bankstown,22.8,85,20.5,1013.4,
2020-12-15 10:00:00,Parramatta,94765,Bankstown,22.4,87,16.6,1013.7,
2020-12-15 11:00:00,Parramatta,94765,Bankstown,22.1,91,13.0,1014.1,
2020-12-15 12:00:00,Parramatta,94765,Bankstown,22.1,93,13.0,1014.0,
2020-12-15 13:00:00,Parramatta,94765,Bankstown,22.3,91,18.4,1013.4,
2020-12-15 14:00:00,Parramatta,94765,Bankstown,22.2,92,16.6,1012.6,
2020-12-15 15:00:00,Parramatta,94765,Bankstown,22.2,92,16.6,1011.9,
2020-12-15 16:00:00,Parramatta,94765,Bankstown,22.2,93,13.0,1011.5,
2020-12-15 17:00:00,Parramatta,94765,Bankstown,22.3,94,13.0,1011.3,
2020-12-15 18:00:00,Parramatta,94765,Bankstown,22.3,93,11.2,1011.4,
2020-12-15 19:00:00,Parramatta,94765,Bankstown,22.0,91,5.4,1011.8,
2020-12-15 20:00:00,Parramatta,94765,Bankstown,22.4,94,5.4,1011.9,
2020-12-15 21:00:00,Parramatta,94765,Bankstown,23.0,94,11.2,1012.1,
2020-12-15 22:00:00,Parramatta,94765,Bankstown,24.6,85,14.8,1012.0,
2020-12-15 23:00:00,Parramatta,94765,Bankstown,25.6,81,16.6,1011.7,
2020-12-16 00:00:00,Parramatta,94765,Bankstown,26.7,70,14.8,1011.2,
2020-12-16 01:00:00,Parramatta,94765,Bankstown,28.5,61,11.2,1010.5,
2020-12-16 02:00:00,Parramatta,94765,Bankstown,29.2,66,16.6,1009.5,
2020-12-16 03:00:00,Parramatta,94765,Bankstown,28.0,66,24.1,1008.9,
2020-12-16 04:00:00,Parramatta,94765,Bankstown,27.2,68,29.5,1008.3,
2020-12-16 05:00:00,Parramatta,94765,Bankstown,26.3,73,24.1,1007.5,
2020-12-16 06:00:00,Parramatta,94765,Bankstown,25.0,77,27.7,1007.1,
2020-12-16 07:00:00,Parramatta,94765,Bankstown,24.5,83,5.4,1007.6,
2020-12-16 08:00:00,Parramatta,94765,Bankstown,23.8,83,13.0,1008.4,
2020-12-16 09:00:00,Parramatta,94765,Bankstown,23.0,85,9.4,1008.8,
2020-12-16 10:00:00,Parramatta,94765,Bankstown,22.9,86,7.6,1008.9,
2020-12-16 11:00:00,Parramatta,94765,Bankstown,23.1,86,9.4,1008.5,
2020-12-16 12:00:00,Parramatta,94765,Bankstown,22.9,86,9.4,1008.3,
2020-12-16 13:00:00,Parramatta,94765,Bankstown,23.1,87,0.0,1008.3,
2020-12-16 14:00:00,Parramatta,94765,Bankstown,22.9,86,7.6,1007.3,
2020-12-16 15:00:00,Parramatta,94765,Bankstown,22.4,87,7.6,1007.1,
2020-12-16 16:00:00,Parramatta,94765,Bankstown,22.5,90,3.6,1006.4,
2020-12-16 17:00:00,Parramatta,94765,Bankstown,22.2,92,0.0,1006.3,
2020-12-16 18:00:00,Parramatta,94765,Bankstown,21.7,84,9.4,1006.6,
2020-12-16 19:00:00,Parramatta,94765,Bankstown,21.7,85,0.0,1006.5,
2020-12-16 20:00:00,Parramatta,94765,Bankstown,22.4,84,9.4,1006.7,
2020-12-16 21:00:00,Parramatta,94765,Bankstown,23.5,80,7.6,1006.8,
2020-12-16 22:00:00,Parramatta,94765,Bankstown,25.6,73,7.6,1006.7,
2020-12-16 23:00:00,Parramatta,94765,Bankstown,27.5,66,11.2,1006.4,
2020-12-17 00:00:00,Parramatta,94765,Bankstown,28.9,59,11.2,1006.3,
2020-12-17 01:00:00,Parramatta,94765,Bankstown,30.6,55,11.2,1005.7,
2020-12-17 02:00:00,Parramatta,94765,Bankstown,32.0,46,16.6,1005.1,
2020-12-17 03:00:00,Parramatta,94765,Bankstown,32.2,42,9.4,1004.2,
2020-12-17 04:00:00,Parramatta,94765,Bankstown,32.8,43,5.4,1003.4,
2020-12-17 05:00:00,Parramatta,94765,Bankstown,31.8,53,22.3,1003.1,
2020-12-17 06:00:00,Parramatta,94765,Bankstown,31.1,54,25.9,1002.7,
2020-12-17 07:00:00,Parramatta,94765,Bankstown,30.6,54,18.4,1003.2,
2020-12-17 08:00:00,Parramatta,94765,Bankstown,29.8,58,13.0,1004.4,
2020-12-17 09:00:00,Parramatta,94765,Bankstown,25.2,85,3.6,1004.4,
2020-12-17 10:00:00,Parramatta,94765,Bankstown,24.8,91,0.0,1005.3,
2020-12-17 11:00:00,Parramatta,94765,Bankstown,24.8,84,9.4,1005.5,
2020-12-17 12:00:00,Parramatta,94765,Bankstown,24.2,90,7.6,1005.1,
2020-12-17 13:00:00,Parramatta,94765,Bankstown,23.6,91,1.8,1005.1,
2020-12-17 14:00:00,Parramatta,94765,Bankstown,23.3,91,0.0,1004.6,
2020-12-17 15:00:00,Parramatta,94765,Bankstown,22.7,93,0.0,1004.2,
2020-12-17 16:00:00,Parramatta,94765,Bankstown,22.4,94,0.0,1004.1,
2020-12-17 17:00:00,Parramatta,94765,Bankstown,22.0,95,0.0,1003.9,
2020-12-17 18:00:00,Parramatta,94765,Bankstown,21.5,95,0.0,1004.5,
2020-12-17 19:00:00,Parramatta,94765,Bankstown,21.5,93,1.8,1004.8,
2020-12-17 20:00:00,Parramatta,94765,Bankstown,23.2,85,1.8,1004.8,
2020-12-17 21:00:00,Parramatta,94765,Bankstown,25.7,72,9.4,1005.0,
2020-12-17 22:00:00,Parramatta,94765,Bankstown,27.4,68,7.6,1005.4,
2020-12-17 23:00:00,Parramatta,94765,Bankstown,29.5,65,7.6,1006.1,
2020-12-18 00:00:00,Parramatta,94765,Bankstown,27.1,71,13.0,1007.5,
2020-12-18 01:00:00,Parramatta,94765,Bankstown,26.8,64,11.2,1007.7,
2020-12-18 02:00:00,Parramatta,94765,Bankstown,28.6,57,13.0,1006.4,
2020-12-18 03:00:00,Parramatta,94765,Bankstown,30.7,53,9.4,1005.8,
2020-12-18 04:00:00,Parramatta,94765,Bankstown,32.3,42,11.2,1005.2,
2020-12-18 05:00:00,Parramatta,94765,Bankstown,30.8,47,9.4,1005.3,
2020-12-18 06:00:00,Parramatta,94765,Bankstown,28.7,60,20.5,1006.2,
2020-12-18 07:00:00,Parramatta,94765,Bankstown,24.4,73,29.5,1007.2,
2020-12-18 08:00:00,Parramatta,94765,Bankstown,23.6,80,22.3,1008.5,
2020-12-18 09:00:00,Parramatta,94765,Bankstown,22.8,82,18.4,1010.3,
2020-12-18 10:00:00,Parramatta,94765,Bankstown,22.0,81,20.5,1011.7,
2020-12-18 11:00:00,Parramatta,94765,Bankstown,21.7,80,20.5,1012.7,
2020-12-18 12:00:00,Parramatta,94765,Bankstown,21.3,78,16.6,1013.6,
2020-12-18 13:00:00,Parramatta,94765,Bankstown,20.4,80,20.5,1013.9,
2020-12-18 14:00:00,Parramatta,94765,Bankstown,19.9,79,20.5,1013.8,
2020-12-18 15:00:00,Parramatta,94765,Bankstown,19.4,82,18.4,1013.8,
2020-12-18 16:00:00,Parramatta,94765,Bankstown,19.7,79,16.6,1014.3,
2020-12-18 17:00:00,Parramatta,94765,Bankstown,19.7,76,14.8,1014.4,
2020-12-18 18:00:00,Parramatta,94765,Bankstown,19.2,79,13.0,1014.8,
2020-12-18 19:00:00,Parramatta,94765,Bankstown,19.2,78,9.4,1015.5,
2020-12-18 20:00:00,Parramatta,94765,Bankstown,19.0,77,16.6,1016.5,
2020-12-18 21:00:00,Parramatta,94765,Bankstown,19.6,71,18.4,1016.9,
2020-12-18 22:00:00,Parramatta,94765,Bankstown,19.3,72,16.6,1017.5,
2020-12-18 23:00:00,Parramatta,94765,Bankstown,19.7,68,14.8,1017.3,
2020-12-19 00:00:00,Parramatta,94765,Bankstown,20.0,67,14.8,1017.9,
2020-12-19 01:00:00,Parramatta,94765,Bankstown,20.2,64,18.4,1017.4,
2020-12-19 02:00:00,Parramatta,94765,Bankstown,19.9,67,14.8,1017.2,
2020-12-19 03:00:00,Parramatta,94765,Bankstown,18.5,81,13.0,1017.7,
2020-12-19 04:00:00,Parramatta,94765,Bankstown,19.3,77,14.8,1017.2,
2020-12-19 05:00:00,Parramatta,94765,Bankstown,18.4,82,13.0,1016.7,
2020-12-19 06:00:00,Parramatta,94765,Bankstown,19.1,79,16.6,1016.3,
2020-12-19 07:00:00,Parramatta,94765,Bankstown,18.2,88,11.2,1016.3,
2020-12-19 08:00:00,Parramatta,94765,Bankstown,19.0,83,11.2,1016.3,
2020-12-19 09:00:00,Parramatta,94765,Bankstown,18.2,89,0.0,1016.3,
2020-12-19 10:00:00,Parramatta,94765,Bankstown,18.3,89,0.0,1016.4,
2020-12-19 11:00:00,Parramatta,94765,Bankstown,18.2,89,9.4,1016.5,
2020-12-19 12:00:00,Parramatta,94765,Bankstown,18.1,89,9.4,1016.0,
2020-12-19 13:00:00,Parramatta,94765,Bankstown,18.1,89,7.6,1015.9,
2020-12-19 14:00:00,Parramatta,94765,Bankstown,18.1,88,9.4,1015.5,
2020-12-19 15:00:00,Parramatta,94765,Bankstown,18.0,88,7.6,1014.1,
2020-12-19 16:00:00,Parramatta,94765,Bankstown,17.9,91,1.8,1013.6,
2020-12-19 17:00:00,Parramatta,94765,Bankstown,17.8,91,7.6,1012.6,
2020-12-19 18:00:00,Parramatta,94765,Bankstown,17.9,91,9.4,1012.7,
2020-12-19 19:00:00,Parramatta,94765,Bankstown,17.8,93,7.6,1013.0,
2020-12-19 20:00:00,Parramatta,94765,Bankstown,17.8,95,9.4,1013.0,
2020-12-19 21:00:00,Parramatta,94765,Bankstown,18.1,95,7.6,1013.5,
2020-12-19 22:00:00,Parramatta,94765,Bankstown,18.6,95,7.6,1013.7,
2020-12-19 23:00:00,Parramatta,94765,Bankstown,19.1,95,7.6,1013.9,
2020-12-20 00:00:00,Parramatta,94765,Bankstown,19.5,89,1.8,1014.1,
2020-12-20 01:00:00,Parramatta,94765,Bankstown,21.9,79,7.6,1013.4,
2020-12-20 02:00:00,Parramatta,94765,Bankstown,22.9,72,5.4,1012.7,
2020-12-20 03:00:00,Parramatta,94765,Bankstown,24.2,66,7.6,1011.8,
2020-12-20 04:00:00,Parramatta,94765,Bankstown,23.8,65,11.2,1011.3,
2020-12-20 05:00:00,Parramatta,94765,Bankstown,23.4,66,14.8,1011.2,
2020-12-20 06:00:00,Parramatta,94765,Bankstown,23.9,67,18.4,1010.7,
2020-12-20 07:00:00,Parramatta,94765,Bankstown,23.7,67,13.0,1010.6,
2020-12-20 08:00:00,Parramatta,94765,Bankstown,22.9,69,13.0,1010.9,
2020-12-20 09:00:00,Parramatta,94765,Bankstown,21.8,75,14.8,1011.5,
2020-12-20 10:00:00,Parramatta,94765,Bankstown,21.2,77,7.6,1012.1,
2020-12-20 11:00:00,Parramatta,94765,Bankstown,20.9,80,7.6,1012.4,
2020-12-20 12:00:00,Parramatta,94765,Bankstown,20.2,85,7.6,1012.4,
2020-12-20 13:00:00,Parramatta,94765,Bankstown,19.3,88,0.0,1012.4,
2020-12-20 14:00:00,Parramatta,94765,Bankstown,19.6,90,0.0,1012.0,
2020-12-20 15:00:00,Parramatta,94765,Bankstown,19.1,90,0.0,1011.5,
2020-12-20 16:00:00,Parramatta,94765,Bankstown,18.6,93,0.0,1011.3,
2020-12-20 17:00:00,Parramatta,94765,Bankstown,18.4,93,0.0,1010.9,
2020-12-20 18:00:00,Parramatta,94765,Bankstown,18.2,94,0.0,1011.2,
2020-12-20 19:00:00,Parramatta,94765,Bankstown,18.0,94,1.8,1011.7,
2020-12-20 20:00:00,Parramatta,94765,Bankstown,18.7,95,0.0,1012.1,
2020-12-20 21:00:00,Parramatta,94765,Bankstown,20.0,91,0.0,1012.9,
2020-12-20 22:00:00,Parramatta,94765,Bankstown,21.3,84,0.0,1012.9,
2020-12-20 23:00:00,Parramatta,94765,Bankstown,22.8,77,3.6,1012.3,
2020-12-21 00:00:00,Parramatta,94765,Bankstown,23.7,73,1.8,1012.1,
2020-12-21 01:00:00,Parramatta,94765,Bankstown,23.7,68,11.2,1011.2,
2020-12-21 02:00:00,Parramatta,94765,Bankstown,24.0,69,16.6,1010.3,
2020-12-21 03:00:00,Parramatta,94765,Bankstown,22.8,77,18.4,1009.8,
2020-12-21 04:00:00,Parramatta,94765,Bankstown,22.2,83,16.6,1009.6,
2020-12-21 05:00:00,Parramatta,94765,Bankstown,21.2,87,13.0,1008.9,
2020-12-21 06:00:00,Parramatta,94765,Bankstown,20.3,88,13.0,1008.5,
2020-12-21 07:00:00,Parramatta,94765,Bankstown,19.7,89,3.6,1008.0,
2020-12-21 08:00:00,Parramatta,94765,Bankstown,19.3,88,9.4,1007.8,
2020-12-21 09:00:00,Parramatta,94765,Bankstown,19.2,92,9.4,1007.7,
2020-12-21 10:00:00,Parramatta,94765,Bankstown,18.8,93,11.2,1007.4,
2020-12-21 11:00:00,Parramatta,94765,Bankstown,18.6,94,7.6,1007.2,
2020-12-21 12:00:00,Parramatta,94765,Bankstown,18.5,95,1.8,1006.3,
2020-12-21 13:00:00,Parramatta,94765,Bankstown,18.4,95,0.0,1005.2,
2020-12-21 14:00:00,Parramatta,94765,Bankstown,18.4,95,0.0,1004.2,
2020-12-21 15:00:00,Parramatta,94765,Bankstown,18.1,95,7.6,1002.5,
2020-12-21 16:00:00,Parramatta,94765,Bankstown,17.8,95,9.4,1001.9,
2020-12-21 17:00:00,Parramatta,94765,Bankstown,17.7,95,9.4,1000.9,
2020-12-21 18:00:00,Parramatta,94765,Bankstown,17.8,95,3.6,1000.2,
2020-12-21 19:00:00,Parramatta,94765,Bankstown,17.8,95,7.6,1000.2,
2020-12-21 20:00:00,Parramatta,94765,Bankstown,18.3,95,7.6,1000.8,
2020-12-21 21:00:00,Parramatta,94765,Bankstown,18.9,93,7.6,1001.1,
2020-12-21 22:00:00,Parramatta,94765,Bankstown,19.9,90,9.4,1001.6,
2020-12-21 23:00:00,Parramatta,94765,Bankstown,21.4,81,5.4,1002.5,
2020-12-22 00:00:00,Parramatta,94765,Bankstown,22.6,73,5.4,1002.7,
2020-12-22 01:00:00,Parramatta,94765,Bankstown,23.8,64,5.4,1002.9,
2020-12-22 02:00:00,Parramatta,94765,Bankstown,24.7,58,7.6,1003.0,
2020-12-22 03:00:00,Parramatta,94765,Bankstown,26.0,52,14.8,1002.7,
2020-12-22 04:00:00,Parramatta,94765,Bankstown,26.6,41,18.4,1002.6,
2020-12-22 05:00:00,Parramatta,94765,Bankstown,27.9,37,24.1,1001.9,
2020-12-22 06:00:00,Parramatta,94765,Bankstown,26.9,34,20.5,1002.0,
2020-12-22 07:00:00,Parramatta,94765,Bankstown,25.8,35,16.6,1002.6,
2020-12-22 08:00:00,Parramatta,94765,Bankstown,25.2,30,20.5,1003.7,
2020-12-22 09:00:00,Parramatta,94765,Bankstown,24.3,33,18.4,1004.8,
2020-12-22 10:00:00,Parramatta,94765,Bankstown,23.0,35,18.4,1006.1,
2020-12-22 11:00:00,Parramatta,94765,Bankstown,21.9,33,18.4,1007.2,
2020-12-22 12:00:00,Parramatta,94765,Bankstown,20.6,36,16.6,1007.8,
2020-12-22 13:00:00,Parramatta,94765,Bankstown,19.1,45,14.8,1008.1,
2020-12-22 14:00:00,Parramatta,94765,Bankstown,18.2,48,9.4,1008.6,
2020-12-22 15:00:00,Parramatta,94765,Bankstown,17.7,53,13.0,1008.5,
2020-12-22 16:00:00,Parramatta,94765,Bankstown,17.4,55,16.6,1008.5,
2020-12-22 17:00:00,Parramatta,94765,Bankstown,17.1,56,14.8,1009.4,
2020-12-22 18:00:00,Parramatta,94765,Bankstown,16.5,59,11.2,1009.9,
2020-12-22 19:00:00,Parramatta,94765,Bankstown,15.6,64,9.4,1011.1,
2020-12-22 20:00:00,Parramatta,94765,Bankstown,17.3,60,7.6,1011.8,
2020-12-22 21:00:00,Parramatta,94765,Bankstown,19.6,52,13.0,1012.9,
2020-12-22 22:00:00,Parramatta,94765,Bankstown,21.2,47,16.6,1013.8,
2020-12-22 23:00:00,Parramatta,94765,Bankstown,22.9,43,16.6,1014.1,
2020-12-23 00:00:00,Parramatta,94765,Bankstown,24.4,42,18.4,1014.4,
2020-12-23 01:00:00,Parramatta,94765,Bankstown,24.3,41,14.8,1014.8,
2020-12-23 02:00:00,Parramatta,94765,Bankstown,25.4,44,20.5,1014.9,
2020-12-23 03:00:00,Parramatta,94765,Bankstown,25.8,49,24.1,1014.6,
2020-12-23 04:00:00,Parramatta,94765,Bankstown,24.7,47,27.7,1014.7,
2020-12-23 05:00:00,Parramatta,94765,Bankstown,24.4,45,31.7,1015.1,
2020-12-23 06:00:00,Parramatta,94765,Bankstown,23.8,45,25.9,1015.1,
2020-12-23 07:00:00,Parramatta,94765,Bankstown,22.8,50,24.1,1015.6,
2020-12-23 08:00:00,Parramatta,94765,Bankstown,21.6,60,20.5,1016.3,
2020-12-23 09:00:00,Parramatta,94765,Bankstown,20.7,63,16.6,1016.7,
2020-12-23 10:00:00,Parramatta,94765,Bankstown,20.4,68,9.4,1017.2,
2020-12-23 11:00:00,Parramatta,94765,Bankstown,20.2,67,9.4,1017.9,
2020-12-23 12:00:00,Parramatta,94765,Bankstown,18.9,76,0.0,1018.4,
2020-12-23 13:00:00,Parramatta,94765,Bankstown,18.3,79,0.0,1018.2,
2020-12-23 14:00:00,Parramatta,94765,Bankstown,17.8,83,0.0,1017.8,
2020-12-23 15:00:00,Parramatta,94765,Bankstown,17.3,86,0.0,1017.1,
2020-12-23 16:00:00,Parramatta,94765,Bankstown,16.9,88,0.0,1016.4,
2020-12-23 17:00:00,Parramatta,94765,Bankstown,16.5,90,0.0,1016.4,
2020-12-23 18:00:00,Parramatta,94765,Bankstown,16.2,91,0.0,1016.2,
2020-12-23 19:00:00,Parramatta,94765,Bankstown,15.7,92,0.0,1016.4,
2020-12-23 20:00:00,Parramatta,94765,Bankstown,16.9,91,0.0,1016.5,
2020-12-23 21:00:00,Parramatta,94765,Bankstown,19.6,78,0.0,1016.9,
2020-12-23 22:00:00,Parramatta,94765,Bankstown,21.6,61,13.0,1017.0,
2020-12-23 23:00:00,Parramatta,94765,Bankstown,22.7,57,14.8,1016.7,
2020-12-24 00:00:00,Parramatta,94765,Bankstown,23.8,53,13.0,1016.1,
2020-12-24 01:00:00,Parramatta,94765,Bankstown,25.5,42,16.6,1015.3,
2020-12-24 02:00:00,Parramatta,94765,Bankstown,26.5,41,11.2,1014.5,
2020-12-24 03:00:00,Parramatta,94765,Bankstown,27.5,41,11.2,1013.3,
2020-12-24 04:00:00,Parramatta,94765,Bankstown,28.3,46,18.4,1012.5,
2020-12-24 05:00:00,Parramatta,94765,Bankstown,28.1,49,25.9,1011.5,
2020-12-24 06:00:00,Parramatta,94765,Bankstown,28.4,44,24.1,1010.7,
2020-12-24 07:00:00,Parramatta,94765,Bankstown,28.1,46,24.1,1010.7,
2020-12-24 08:00:00,Parramatta,94765,Bankstown,27.0,51,20.5,1011.2,
2020-12-24 09:00:00,Parramatta,94765,Bankstown,23.9,63,20.5,1012.7,
2020-12-24 10:00:00,Parramatta,94765,Bankstown,22.7,69,18.4,1013.8,
2020-12-24 11:00:00,Parramatta,94765,Bankstown,22.3,75,18.4,1015.1,
2020-12-24 12:00:00,Parramatta,94765,Bankstown,21.8,75,20.5,1015.8,
2020-12-24 13:00:00,Parramatta,94765,Bankstown,21.4,78,14.8,1015.8,
2020-12-24 14:00:00,Parramatta,94765,Bankstown,21.1,80,13.0,1015.7,
2020-12-24 15:00:00,Parramatta,94765,Bankstown,20.0,78,22.3,1015.9,
2020-12-24 16:00:00,Parramatta,94765,Bankstown,19.4,79,20.5,1016.0,
2020-12-24 17:00:00,Parramatta,94765,Bankstown,18.7,79,22.3,1016.4,
2020-12-24 18:00:00,Parramatta,94765,Bankstown,18.5,80,22.3,1016.9,
2020-12-24 19:00:00,Parramatta,94765,Bankstown,18.3,80,18.4,1017.6,
2020-12-24 20:00:00,Parramatta,94765,Bankstown,18.0,78,16.6,1018.0,
2020-12-24 21:00:00,Parramatta,94765,Bankstown,18.9,74,18.4,1018.8,
2020-12-24 22:00:00,Parramatta,94765,Bankstown,19.0,74,18.4,1019.7,
2020-12-24 23:00:00,Parramatta,94765,Bankstown,19.3,71,14.8,1020.1,
2020-12-25 00:00:00,Parramatta,94765,Bankstown,19.5,73,18.4,1020.3,
2020-12-25 01:00:00,Parramatta,94765,Bankstown,20.7,67,20.5,1020.2,
2020-12-25 02:00:00,Parramatta,94765,Bankstown,20.0,67,22.3,1020.2,
2020-12-25 03:00:00,Parramatta,94765,Bankstown,19.9,67,22.3,1020.1,
2020-12-25 04:00:00,Parramatta,94765,Bankstown,21.1,66,24.1,1019.7,
2020-12-25 05:00:00,Parramatta,94765,Bankstown,20.4,64,20.5,1019.4,
2020-12-25 06:00:00,Parramatta,94765,Bankstown,20.0,64,24.1,1019.5,
2020-12-25 07:00:00,Parramatta,94765,Bankstown,19.7,64,22.3,1019.6,
2020-12-25 08:00:00,Parramatta,94765,Bankstown,19.6,65,20.5,1020.4,
2020-12-25 09:00:00,Parramatta,94765,Bankstown,19.5,67,14.8,1020.9,
2020-12-25 10:00:00,Parramatta,94765,Bankstown,18.8,76,16.6,1021.4,
2020-12-25 11:00:00,Parramatta,94765,Bankstown,18.3,80,13.0,1021.6,
2020-12-25 12:00:00,Parramatta,94765,Bankstown,18.0,80,5.4,1021.4,
2020-12-25 13:00:00,Parramatta,94765,Bankstown,17.9,81,7.6,1021.4,
2020-12-25 14:00:00,Parramatta,94765,Bankstown,17.1,90,7.6,1021.0,
2020-12-25 15:00:00,Parramatta,94765,Bankstown,16.8,92,1.8,1020.2,
2020-12-25 16:00:00,Parramatta,94765,Bankstown,16.7,93,9.4,1019.8,
2020-12-25 17:00:00,Parramatta,94765,Bankstown,16.9,93,3.6,1019.5,
2020-12-25 18:00:00,Parramatta,94765,Bankstown,17.0,92,0.0,1019.4,
2020-12-25 19:00:00,Parramatta,94765,Bankstown,17.2,91,0.0,1019.7,
2020-12-25 20:00:00,Parramatta,94765,Bankstown,17.2,92,0.0,1020.3,
2020-12-25 21:00:00,Parramatta,94765,Bankstown,17.4,94,0.0,1020.5,
2020-12-25 22:00:00,Parramatta,94765,Bankstown,18.9,87,5.4,1020.5,
2020-12-25 23:00:00,Parramatta,94765,Bankstown,21.9,75,11.2,1020.3,
2020-12-26 00:00:00,Parramatta,94765,Bankstown,20.7,76,14.8,1019.9,
2020-12-26 01:00:00,Parramatta,94765,Bankstown,20.0,76,18.4,1019.6,
2020-12-26 02:00:00,Parramatta,94765,Bankstown,23.3,69,16.6,1018.8,
2020-12-26 03:00:00,Parramatta,94765,Bankstown,23.7,60,20.5,1017.8,
2020-12-26 04:00:00,Parramatta,94765,Bankstown,24.1,58,24.1,1016.7,
2020-12-26 05:00:00,Parramatta,94765,Bankstown,22.9,61,20.5,1015.8,
2020-12-26 06:00:00,Parramatta,94765,Bankstown,21.9,63,20.5,1015.1,
2020-12-26 07:00:00,Parramatta,94765,Bankstown,21.6,67,16.6,1015.3,
2020-12-26 08:00:00,Parramatta,94765,Bankstown,21.5,67,16.6,1015.3,
2020-12-26 09:00:00,Parramatta,94765,Bankstown,21.2,69,11.2,1016.6,
2020-12-26 10:00:00,Parramatta,94765,Bankstown,19.7,81,7.6,1016.2,
2020-12-26 11:00:00,Parramatta,94765,Bankstown,18.5,87,0.0,1015.9,
2020-12-26 12:00:00,Parramatta,94765,Bankstown,18.6,91,0.0,1016.1,
2020-12-26 13:00:00,Parramatta,94765,Bankstown,18.8,90,1.8,1015.8,
2020-12-26 14:00:00,Parramatta,94765,Bankstown,18.8,90,5.4,1015.2,
2020-12-26 15:00:00,Parramatta,94765,Bankstown,18.2,90,0.0,1014.2,
2020-12-26 16:00:00,Parramatta,94765,Bankstown,17.5,93,0.0,1013.2,
2020-12-26 17:00:00,Parramatta,94765,Bankstown,17.2,94,0.0,1012.7,
2020-12-26 18:00:00,Parramatta,94765,Bankstown,16.8,95,0.0,1012.6,
2020-12-26 19:00:00,Parramatta,94765,Bankstown,16.6,95,0.0,1013.1,
2020-12-26 20:00:00,Parramatta,94765,Bankstown,17.4,95,0.0,1013.5,
2020-12-26 21:00:00,Parramatta,94765,Bankstown,18.8,89,5.4,1013.8,
2020-12-26 22:00:00,Parramatta,94765,Bankstown,20.3,78,11.2,1013.6,
2020-12-26 23:00:00,Parramatta,94765,Bankstown,22.3,72,9.4,1013.0,
2020-12-27 00:00:00,Parramatta,94765,Bankstown,24.3,62,5.4,1012.5,
2020-12-27 01:00:00,Parramatta,94765,Bankstown,26.3,60,9.4,1011.4,
2020-12-27 02:00:00,Parramatta,94765,Bankstown,28.6,56,5.4,1010.3,
2020-12-27 03:00:00,Parramatta,94765,Bankstown,30.6,45,5.4,1009.3,
2020-12-27 04:00:00,Parramatta,94765,Bankstown,32.5,28,11.2,1008.2,
2020-12-27 05:00:00,Parramatta,94765,Bankstown,30.0,49,24.1,1007.5,
2020-12-27 06:00:00,Parramatta,94765,Bankstown,29.3,48,22.3,1006.6,
2020-12-27 07:00:00,Parramatta,94765,Bankstown,28.3,52,22.3,1006.5,
2020-12-27 08:00:00,Parramatta,94765,Bankstown,26.7,57,16.6,1006.8,
2020-12-27 09:00:00,Parramatta,94765,Bankstown,25.8,59,14.8,1007.0,
2020-12-27 10:00:00,Parramatta,94765,Bankstown,25.2,61,9.4,1007.2,
2020-12-27 11:00:00,Parramatta,94765,Bankstown,25.1,61,1.8,1007.3,
2020-12-27 12:00:00,Parramatta,94765,Bankstown,23.5,69,0.0,1006.8,
2020-12-27 13:00:00,Parramatta,94765,Bankstown,22.5,75,0.0,1006.1,
2020-12-27 14:00:00,Parramatta,94765,Bankstown,21.7,79,0.0,1005.4,
2020-12-27 15:00:00,Parramatta,94765,Bankstown,20.9,84,0.0,1005.0,
2020-12-27 16:00:00,Parramatta,94765,Bankstown,20.6,85,0.0,1004.2,
2020-12-27 17:00:00,Parramatta,94765,Bankstown,20.4,86,0.0,1003.9,
2020-12-27 18:00:00,Parramatta,94765,Bankstown,19.8,88,0.0,1004.2,
2020-12-27 19:00:00,Parramatta,94765,Bankstown,20.0,89,0.0,1004.8,
2020-12-27 20:00:00,Parramatta,94765,Bankstown,20.5,88,0.0,1005.8,
2020-12-27 21:00:00,Parramatta,94765,Bankstown,21.5,87,0.0,1006.4,
2020-12-27 22:00:00,Parramatta,94765,Bankstown,24.6,70,5.4,1007.2,
2020-12-27 23:00:00,Parramatta,94765,Bankstown,29.4,44,9.4,1006.7,
2020-12-28 00:00:00,Parramatta,94765,Bankstown,30.8,40,13.0,1007.0,
2020-12-28 01:00:00,Parramatta,94765,Bankstown,25.8,62,31.7,1007.7,
2020-12-28 02:00:00,Parramatta,94765,Bankstown,24.6,65,35.3,1008.0,
2020-12-28 03:00:00,Parramatta,94765,Bankstown,23.0,64,38.9,1008.5,
2020-12-28 04:00:00,Parramatta,94765,Bankstown,21.9,68,29.5,1009.2,
2020-12-28 05:00:00,Parramatta,94765,Bankstown,20.6,67,33.5,1008.9,
2020-12-28 06:00:00,Parramatta,94765,Bankstown,19.0,76,31.7,1009.9,
2020-12-28 07:00:00,Parramatta,94765,Bankstown,17.1,89,18.4,1010.1,
2020-12-28 08:00:00,Parramatta,94765,Bankstown,17.0,91,9.4,1011.6,
2020-12-28 09:00:00,Parramatta,94765,Bankstown,17.2,90,7.6,1012.8,
2020-12-28 10:00:00,Parramatta,94765,Bankstown,17.2,91,11.2,1013.1,
2020-12-28 11:00:00,Parramatta,94765,Bankstown,17.0,91,9.4,1013.5,
2020-12-28 12:00:00,Parramatta,94765,Bankstown,16.8,89,9.4,1013.7,
2020-12-28 13:00:00,Parramatta,94765,Bankstown,16.7,86,5.4,1013.7,
2020-12-28 14:00:00,Parramatta,94765,Bankstown,16.9,84,5.4,1013.5,
2020-12-28 15:00:00,Parramatta,94765,Bankstown,17.0,86,0.0,1012.5,
2020-12-28 16:00:00,Parramatta,94765,Bankstown,16.8,89,7.6,1011.8,
2020-12-28 17:00:00,Parramatta,94765,Bankstown,16.7,89,0.0,1010.9,
2020-12-28 18:00:00,Parramatta,94765,Bankstown,16.8,89,0.0,1010.8,
2020-12-28 19:00:00,Parramatta,94765,Bankstown,17.5,86,5.4,1011.7,
2020-12-28 20:00:00,Parramatta,94765,Bankstown,17.5,87,7.6,1013.9,
2020-12-28 21:00:00,Parramatta,94765,Bankstown,17.0,91,7.6,1014.3,
2020-12-28 22:00:00,Parramatta,94765,Bankstown,17.2,92,3.6,1014.8,
2020-12-28 23:00:00,Parramatta,94765,Bankstown,18.6,88,9.4,1014.5,
2020-12-29 00:00:00,Parramatta,94765,Bankstown,19.4,81,5.4,1015.1,
2020-12-29 01:00:00,Parramatta,94765,Bankstown,19.6,81,9.4,1015.1,
2020-12-29 02:00:00,Parramatta,94765,Bankstown,19.7,80,7.6,1014.7,
2020-12-29 03:00:00,Parramatta,94765,Bankstown,18.8,84,11.2,1014.8,
2020-12-29 04:00:00,Parramatta,94765,Bankstown,19.6,81,14.8,1014.2,
2020-12-29 05:00:00,Parramatta,94765,Bankstown,19.7,79,13.0,1014.1,
2020-12-29 06:00:00,Parramatta,94765,Bankstown,20.9,73,13.0,1014.1,
2020-12-29 07:00:00,Parramatta,94765,Bankstown,20.3,74,18.4,1014.5,
2020-12-29 08:00:00,Parramatta,94765,Bankstown,19.6,76,22.3,1015.8,
2020-12-29 09:00:00,Parramatta,94765,Bankstown,19.2,80,18.4,1016.5,
2020-12-29 10:00:00,Parramatta,94765,Bankstown,19.0,83,13.0,1017.0,
2020-12-29 11:00:00,Parramatta,94765,Bankstown,18.8,86,16.6,1017.2,
2020-12-29 12:00:00,Parramatta,94765,Bankstown,18.5,91,9.4,1017.7,
2020-12-29 13:00:00,Parramatta,94765,Bankstown,18.5,89,16.6,1017.5,
2020-12-29 14:00:00,Parramatta,94765,Bankstown,18.6,85,18.4,1017.5,
2020-12-29 15:00:00,Parramatta,94765,Bankstown,18.5,84,14.8,1017.1,
2020-12-29 16:00:00,Parramatta,94765,Bankstown,17.8,88,16.6,1016.7,
2020-12-29 17:00:00,Parramatta,94765,Bankstown,17.5,91,13.0,1016.8,
2020-12-29 18:00:00,Parramatta,94765,Bankstown,17.2,92,11.2,1016.8,
2020-12-29 19:00:00,Parramatta,94765,Bankstown,17.4,95,9.4,1017.2,
2020-12-29 20:00:00,Parramatta,94765,Bankstown,18.3,96,13.0,1017.8,
2020-12-29 21:00:00,Parramatta,94765,Bankstown,18.5,94,20.5,1018.5,
2020-12-29 22:00:00,Parramatta,94765,Bankstown,19.8,88,18.4,1018.9,
2020-12-29 23:00:00,Parramatta,94765,Bankstown,19.9,86,16.6,1019.0,
2020-12-30 00:00:00,Parramatta,94765,Bankstown,21.5,74,20.5,1019.2,
2020-12-30 01:00:00,Parramatta,94765,Bankstown,22.3,61,22.3,1019.2,
2020-12-30 02:00:00,Parramatta,94765,Bankstown,23.2,58,22.3,1018.8,
2020-12-30 03:00:00,Parramatta,94765,Bankstown,23.5,52,20.5,1018.6,
2020-12-30 04:00:00,Parramatta,94765,Bankstown,22.9,55,22.3,1018.6,
2020-12-30 05:00:00,Parramatta,94765,Bankstown,22.3,59,20.5,1018.4,
2020-12-30 06:00:00,Parramatta,94765,Bankstown,22.1,59,18.4,1018.5,
2020-12-30 07:00:00,Parramatta,94765,Bankstown,21.9,61,18.4,1018.5,
2020-12-30 08:00:00,Parramatta,94765,Bankstown,21.7,64,18.4,1018.9,
2020-12-30 09:00:00,Parramatta,94765,Bankstown,20.6,68,16.6,1019.3,
2020-12-30 10:00:00,Parramatta,94765,Bankstown,20.0,71,11.2,1019.7,
2020-12-30 11:00:00,Parramatta,94765,Bankstown,19.0,77,9.4,1019.9,
2020-12-30 12:00:00,Parramatta,94765,Bankstown,18.2,82,5.4,1019.7,
2020-12-30 13:00:00,Parramatta,94765,Bankstown,17.1,88,5.4,1019.5,
2020-12-30 14:00:00,Parramatta,94765,Bankstown,16.8,89,0.0,1019.0,
2020-12-30 15:00:00,Parramatta,94765,Bankstown,17.3,90,1.8,1018.5,
2020-12-30 16:00:00,Parramatta,94765,Bankstown,17.0,87,0.0,1017.8,
2020-12-30 17:00:00,Parramatta,94765,Bankstown,16.8,89,0.0,1017.6,
2020-12-30 18:00:00,Parramatta,94765,Bankstown,17.2,88,0.0,1017.9,
2020-12-30 19:00:00,Parramatta,94765,Bankstown,17.4,87,0.0,1018.3,
2020-12-30 20:00:00,Parramatta,94765,Bankstown,18.2,84,1.8,1019.4,
2020-12-30 21:00:00,Parramatta,94765,Bankstown,19.9,78,0.0,1019.9,
2020-12-30 22:00:00,Parramatta,94765,Bankstown,22.0,63,20.5,1020.3,
2020-12-30 23:00:00,Parramatta,94765,Bankstown,22.6,59,20.5,1020.3,
2020-12-31 00:00:00,Parramatta,94765,Bankstown,23.3,60,18.4,1020.4,
2020-12-31 01:00:00,Parramatta,94765,Bankstown,23.6,59,18.4,1020.2,
2020-12-31 02:00:00,Parramatta,94765,Bankstown,23.4,61,20.5,1020.0,
2020-12-31 03:00:00,Parramatta,94765,Bankstown,23.4,62,20.5,1019.8,
2020-12-31 04:00:00,Parramatta,94765,Bankstown,22.8,64,22.3,1019.6,
2020-12-31 05:00:00,Parramatta,94765,Bankstown,22.6,67,24.1,1019.4,
2020-12-31 06:00:00,Parramatta,94765,Bankstown,22.0,68,25.9,1019.0,
2020-12-31 07:00:00,Parramatta,94765,Bankstown,21.3,71,22.3,1019.3,
2020-12-31 08:00:00,Parramatta,94765,Bankstown,21.4,69,18.4,1019.9,
2020-12-31 09:00:00,Parramatta,94765,Bankstown,21.0,67,18.4,1020.7,
2020-12-31 10:00:00,Parramatta,94765,Bankstown,20.7,69,14.8,1021.0,
2020-12-31 11:00:00,Parramatta,94765,Bankstown,20.3,67,18.4,1021.4,
2020-12-31 12:00:00,Parramatta,94765,Bankstown,19.9,68,14.8,1021.1,
2020-12-31 13:00:00,Parramatta,94765,Bankstown,19.5,68,9.4,1021.0,
2020-12-31 14:00:00,Parramatta,94765,Bankstown,18.1,74,5.4,1020.9,
2020-12-31 15:00:00,Parramatta,94765,Bankstown,18.6,79,16.6,1020.5,
2020-12-31 16:00:00,Parramatta,94765,Bankstown,17.9,86,9.4,1019.9,
2020-12-31 17:00:00,Parramatta,94765,Bankstown,18.9,79,11.2,1019.8,
2020-12-31 18:00:00,Parramatta,94765,Bankstown,19.3,74,13.0,1020.0,
2020-12-31 19:00:00,Parramatta,94765,Bankstown,19.5,71,13.0,1020.5,
2020-12-31 20:00:00,Parramatta,94765,Bankstown,19.7,70,11.2,1021.0,
2020-12-31 21:00:00,Parramatta,94765,Bankstown,20.3,69,9.4,1021.6,
2020-12-31 22:00:00,Parramatta,94765,Bankstown,20.2,65,11.2,1021.8,
2020-12-31 23:00:00,Parramatta,94765,Bankstown,21.3,58,20.5,1021.6,
